-- phpMyAdmin SQL Dump
-- version 5.2.2
-- https://www.phpmyadmin.net/
--
-- مضيف: 127.0.0.1:3306
-- وقت الجيل: 12 فبراير 2026 الساعة 19:54
-- إصدار الخادم: 11.8.3-MariaDB-log
-- نسخة PHP: 7.2.34

SET SQL_MODE = "NO_AUTO_VALUE_ON_ZERO";
START TRANSACTION;
SET time_zone = "+00:00";


/*!40101 SET @OLD_CHARACTER_SET_CLIENT=@@CHARACTER_SET_CLIENT */;
/*!40101 SET @OLD_CHARACTER_SET_RESULTS=@@CHARACTER_SET_RESULTS */;
/*!40101 SET @OLD_COLLATION_CONNECTION=@@COLLATION_CONNECTION */;
/*!40101 SET NAMES utf8mb4 */;

--
-- قاعدة بيانات: `u715355537_bill_api`
--

-- --------------------------------------------------------

--
-- بنية الجدول `activity_logs`
--

CREATE TABLE `activity_logs` (
  `id` bigint(20) UNSIGNED NOT NULL,
  `action` varchar(255) NOT NULL,
  `model` varchar(255) NOT NULL,
  `row_id` varchar(255) NOT NULL,
  `data_old` text DEFAULT NULL,
  `data_new` text DEFAULT NULL,
  `description` text DEFAULT NULL,
  `old_values` longtext CHARACTER SET utf8mb4 COLLATE utf8mb4_bin DEFAULT NULL CHECK (json_valid(`old_values`)),
  `new_values` longtext CHARACTER SET utf8mb4 COLLATE utf8mb4_bin DEFAULT NULL CHECK (json_valid(`new_values`)),
  `user_id` bigint(20) UNSIGNED DEFAULT NULL,
  `created_by` bigint(20) UNSIGNED DEFAULT NULL,
  `company_id` bigint(20) UNSIGNED DEFAULT NULL,
  `user_agent` varchar(255) DEFAULT NULL,
  `ip_address` varchar(45) DEFAULT NULL,
  `url` varchar(255) DEFAULT NULL,
  `metadata` longtext CHARACTER SET utf8mb4 COLLATE utf8mb4_bin DEFAULT NULL CHECK (json_valid(`metadata`)),
  `created_at` timestamp NULL DEFAULT NULL,
  `updated_at` timestamp NULL DEFAULT NULL
) ENGINE=InnoDB DEFAULT CHARSET=utf8mb4 COLLATE=utf8mb4_unicode_ci;

--
-- إرجاع أو استيراد بيانات الجدول `activity_logs`
--

INSERT INTO `activity_logs` (`id`, `action`, `model`, `row_id`, `data_old`, `data_new`, `description`, `old_values`, `new_values`, `user_id`, `created_by`, `company_id`, `user_agent`, `ip_address`, `url`, `metadata`, `created_at`, `updated_at`) VALUES
(1, 'تعديل', 'App\\Models\\User', '4', '\"{\\\"id\\\":4,\\\"phone\\\":\\\"01070475028\\\",\\\"password\\\":\\\"$2y$12$Srzws.esmxtE\\\\\\/igqc0BAh.TMIB4lDG7R.IdfwtH2J\\\\\\/8QxGZ\\\\\\/j.lE2\\\",\\\"email\\\":null,\\\"username\\\":null,\\\"nickname\\\":\\\"\\\\u0627\\\\u0628\\\\u0648 \\\\u0646\\\\u062f\\\\u064a\\\",\\\"full_name\\\":\\\"\\\\u0648\\\\u0627\\\\u0626\\\\u0644 \\\\u0645\\\\u062d\\\\u0645\\\\u062f \\\\u0627\\\\u062d\\\\u0645\\\\u062f\\\",\\\"position\\\":null,\\\"settings\\\":null,\\\"last_login_at\\\":null,\\\"email_verified_at\\\":null,\\\"balance\\\":\\\"0.00\\\",\\\"status\\\":\\\"1\\\",\\\"customer_type\\\":\\\"retail\\\",\\\"created_by\\\":null,\\\"company_id\\\":\\\"1\\\",\\\"remember_token\\\":null,\\\"created_at\\\":\\\"2025-07-09T06:26:27.000000Z\\\",\\\"updated_at\\\":\\\"2025-07-09T06:33:51.000000Z\\\"}\"', '\"{\\\"password\\\":\\\"$2y$12$Srzws.esmxtE\\\\\\/igqc0BAh.TMIB4lDG7R.IdfwtH2J\\\\\\/8QxGZ\\\\\\/j.lE2\\\",\\\"updated_at\\\":\\\"2025-07-09 06:33:51\\\"}\"', 'قام المستخدم System Owner بتعديل المستخدم ابو ندي', NULL, NULL, 1, 1, 1, 'Mozilla/5.0 (Windows NT 10.0; Win64; x64) AppleWebKit/537.36 (KHTML, like Gecko) Chrome/135.0.0.0 Safari/537.36', '154.190.162.247', '/api/user/4', NULL, '2025-07-09 06:33:51', '2025-07-09 06:33:51'),
(2, 'انشاء', 'App\\Models\\User', '5', NULL, '\"{\\\"phone\\\":\\\"02255447444\\\",\\\"password\\\":\\\"$2y$12$ReyAWN4vd9DYc\\\\\\/KEtzaxS.voYXQxA1I3ip7WiHrrXCBNxHihDA3JC\\\",\\\"email\\\":null,\\\"full_name\\\":\\\"\\\\u0644\\\\u0644\\\\u0627\\\\u062a\\\\u0644\\\\u0627\\\\u0644\\\\u0627\\\",\\\"nickname\\\":\\\"\\\\u0646\\\\u0629\\\\u0629\\\\u0646\\\\u0629\\\\u0629\\\\u0629\\\\u0629\\\\u0629\\\",\\\"username\\\":null,\\\"company_id\\\":\\\"1\\\",\\\"customer_type\\\":\\\"retail\\\",\\\"created_by\\\":1,\\\"updated_at\\\":\\\"2025-07-09 06:43:59\\\",\\\"created_at\\\":\\\"2025-07-09 06:43:59\\\",\\\"id\\\":5}\"', ' قام المستخدم  System Ownerبانشاء المستخدم نةةنةةةةة', NULL, NULL, 1, 1, 1, 'Mozilla/5.0 (Windows NT 10.0; Win64; x64) AppleWebKit/537.36 (KHTML, like Gecko) Chrome/135.0.0.0 Safari/537.36', '154.190.162.247', '/api/user', NULL, '2025-07-09 06:43:59', '2025-07-09 06:43:59'),
(3, 'تعديل', 'App\\Models\\User', '4', '\"{\\\"id\\\":4,\\\"phone\\\":\\\"01070475028\\\",\\\"password\\\":\\\"$2y$12$Srzws.esmxtE\\\\\\/igqc0BAh.TMIB4lDG7R.IdfwtH2J\\\\\\/8QxGZ\\\\\\/j.lE2\\\",\\\"email\\\":null,\\\"username\\\":null,\\\"nickname\\\":\\\"\\\\u0627\\\\u0628\\\\u0648 \\\\u0646\\\\u062f\\\\u064a\\\",\\\"full_name\\\":\\\"\\\\u0648\\\\u0627\\\\u0626\\\\u0644 \\\\u0645\\\\u062d\\\\u0645\\\\u062f \\\\u0627\\\\u062d\\\\u0645\\\\u062f\\\",\\\"position\\\":null,\\\"settings\\\":null,\\\"last_login_at\\\":null,\\\"email_verified_at\\\":null,\\\"balance\\\":\\\"0.00\\\",\\\"status\\\":\\\"1\\\",\\\"customer_type\\\":\\\"retail\\\",\\\"created_by\\\":null,\\\"company_id\\\":\\\"1\\\",\\\"remember_token\\\":null,\\\"created_at\\\":\\\"2025-07-09T06:26:27.000000Z\\\",\\\"updated_at\\\":\\\"2025-07-09T06:33:51.000000Z\\\"}\"', '\"[]\"', 'قام المستخدم System Owner بتعديل المستخدم ابو ندي', NULL, NULL, 1, 1, 1, 'Mozilla/5.0 (Windows NT 10.0; Win64; x64) AppleWebKit/537.36 (KHTML, like Gecko) Chrome/135.0.0.0 Safari/537.36', '156.211.32.47', '/api/user/4', NULL, '2025-07-09 08:35:20', '2025-07-09 08:35:20'),
(6, 'تعديل', 'App\\Models\\Company', '1', '\"{\\\"id\\\":1,\\\"name\\\":\\\"\\\\u0627\\\\u0642\\\\u0633\\\\u0627\\\\u0637\\\",\\\"description\\\":null,\\\"field\\\":\\\"\\\\u0627\\\\u0642\\\\u0633\\\\u0627\\\\u0637\\\",\\\"owner_name\\\":\\\"System Owner\\\",\\\"address\\\":\\\"\\\\u0627\\\\u0644\\\\u0635\\\\u0627\\\\u0644\\\\u062d\\\\u064a\\\\u0647 \\\\u0627\\\\u0644\\\\u062c\\\\u062f\\\\u064a\\\\u062f\\\\u0647\\\\\\/\\\\u0627\\\\u0644\\\\u0643\\\\u0648\\\\u062b\\\\u0631 \\\\\\/\\\\u063410\\\",\\\"phone\\\":\\\"01070475028\\\",\\\"email\\\":null,\\\"created_by\\\":null,\\\"company_id\\\":null,\\\"created_at\\\":\\\"2025-07-09T06:15:49.000000Z\\\",\\\"updated_at\\\":\\\"2025-07-09T11:40:22.000000Z\\\"}\"', '\"{\\\"name\\\":\\\"\\\\u0627\\\\u0642\\\\u0633\\\\u0627\\\\u0637\\\",\\\"description\\\":null,\\\"field\\\":\\\"\\\\u0627\\\\u0642\\\\u0633\\\\u0627\\\\u0637\\\",\\\"address\\\":\\\"\\\\u0627\\\\u0644\\\\u0635\\\\u0627\\\\u0644\\\\u062d\\\\u064a\\\\u0647 \\\\u0627\\\\u0644\\\\u062c\\\\u062f\\\\u064a\\\\u062f\\\\u0647\\\\\\/\\\\u0627\\\\u0644\\\\u0643\\\\u0648\\\\u062b\\\\u0631 \\\\\\/\\\\u063410\\\",\\\"phone\\\":\\\"01070475028\\\",\\\"email\\\":null,\\\"updated_at\\\":\\\"2025-07-09 11:40:22\\\"}\"', 'قام المستخدم System Owner بتعديل الشركة اقساط', NULL, NULL, 1, 1, 1, 'Mozilla/5.0 (Windows NT 10.0; Win64; x64) AppleWebKit/537.36 (KHTML, like Gecko) Chrome/137.0.0.0 Safari/537.36', '156.211.32.47', '/api/company/1', NULL, '2025-07-09 11:40:22', '2025-07-09 11:40:22'),
(7, 'تعديل', 'App\\Models\\Company', '1', '\"{\\\"id\\\":1,\\\"name\\\":\\\"\\\\u0627\\\\u0642\\\\u0633\\\\u0627\\\\u0637\\\",\\\"description\\\":null,\\\"field\\\":\\\"\\\\u0627\\\\u0642\\\\u0633\\\\u0627\\\\u0637\\\",\\\"owner_name\\\":\\\"System Owner\\\",\\\"address\\\":\\\"\\\\u0627\\\\u0644\\\\u0635\\\\u0627\\\\u0644\\\\u062d\\\\u064a\\\\u0647 \\\\u0627\\\\u0644\\\\u062c\\\\u062f\\\\u064a\\\\u062f\\\\u0647\\\\\\/\\\\u0627\\\\u0644\\\\u0643\\\\u0648\\\\u062b\\\\u0631 \\\\\\/\\\\u063410\\\",\\\"phone\\\":\\\"01070475028\\\",\\\"email\\\":null,\\\"created_by\\\":null,\\\"company_id\\\":null,\\\"created_at\\\":\\\"2025-07-09T06:15:49.000000Z\\\",\\\"updated_at\\\":\\\"2025-07-09T11:40:22.000000Z\\\"}\"', '\"[]\"', 'قام المستخدم System Owner بتعديل الشركة اقساط', NULL, NULL, 1, 1, 1, 'Mozilla/5.0 (Windows NT 10.0; Win64; x64) AppleWebKit/537.36 (KHTML, like Gecko) Chrome/137.0.0.0 Safari/537.36', '156.211.32.47', '/api/company/1', NULL, '2025-07-09 19:52:45', '2025-07-09 19:52:45'),
(8, 'تعديل', 'App\\Models\\User', '5', '\"{\\\"id\\\":5,\\\"phone\\\":\\\"01030598815\\\",\\\"password\\\":\\\"$2y$12$BlbRI13JMkCsRRLa8LrQhO1i750LBwxaNgZSdI5ayvidsU17.8\\\\\\/9i\\\",\\\"email\\\":null,\\\"username\\\":null,\\\"nickname\\\":\\\"\\\\u0627\\\\u0645 \\\\u0628\\\\u0631\\\\u0627\\\\u0621\\\",\\\"full_name\\\":\\\"\\\\u0627\\\\u0645 \\\\u0628\\\\u0631\\\\u0627\\\\u0621\\\",\\\"position\\\":null,\\\"settings\\\":null,\\\"last_login_at\\\":null,\\\"email_verified_at\\\":null,\\\"balance\\\":\\\"0.00\\\",\\\"status\\\":\\\"1\\\",\\\"customer_type\\\":\\\"retail\\\",\\\"created_by\\\":\\\"1\\\",\\\"company_id\\\":\\\"1\\\",\\\"remember_token\\\":null,\\\"created_at\\\":\\\"2025-07-09T06:43:59.000000Z\\\",\\\"updated_at\\\":\\\"2025-07-09T20:09:30.000000Z\\\"}\"', '\"{\\\"phone\\\":\\\"01030598815\\\",\\\"password\\\":\\\"$2y$12$BlbRI13JMkCsRRLa8LrQhO1i750LBwxaNgZSdI5ayvidsU17.8\\\\\\/9i\\\",\\\"nickname\\\":\\\"\\\\u0627\\\\u0645 \\\\u0628\\\\u0631\\\\u0627\\\\u0621\\\",\\\"full_name\\\":\\\"\\\\u0627\\\\u0645 \\\\u0628\\\\u0631\\\\u0627\\\\u0621\\\",\\\"updated_at\\\":\\\"2025-07-09 20:09:30\\\"}\"', 'قام المستخدم System Owner بتعديل المستخدم ام براء', NULL, NULL, 1, 1, 1, 'Mozilla/5.0 (Windows NT 10.0; Win64; x64) AppleWebKit/537.36 (KHTML, like Gecko) Chrome/137.0.0.0 Safari/537.36', '156.211.32.47', '/api/user/5', NULL, '2025-07-09 20:09:30', '2025-07-09 20:09:30'),
(9, 'حذف نهائي', 'App\\Models\\User', '4', '\"{\\\"id\\\":4,\\\"phone\\\":\\\"01070475028\\\",\\\"password\\\":\\\"$2y$12$Srzws.esmxtE\\\\\\/igqc0BAh.TMIB4lDG7R.IdfwtH2J\\\\\\/8QxGZ\\\\\\/j.lE2\\\",\\\"email\\\":null,\\\"username\\\":null,\\\"nickname\\\":\\\"\\\\u0627\\\\u0628\\\\u0648 \\\\u0646\\\\u062f\\\\u064a\\\",\\\"full_name\\\":\\\"\\\\u0648\\\\u0627\\\\u0626\\\\u0644 \\\\u0645\\\\u062d\\\\u0645\\\\u062f \\\\u0627\\\\u062d\\\\u0645\\\\u062f\\\",\\\"position\\\":null,\\\"settings\\\":null,\\\"last_login_at\\\":null,\\\"email_verified_at\\\":null,\\\"balance\\\":\\\"0.00\\\",\\\"status\\\":\\\"1\\\",\\\"customer_type\\\":\\\"retail\\\",\\\"created_by\\\":null,\\\"company_id\\\":1,\\\"remember_token\\\":null,\\\"created_at\\\":\\\"2025-07-09 06:26:27\\\",\\\"updated_at\\\":\\\"2025-07-09 06:33:51\\\"}\"', NULL, 'قام المستخدم System Owner  بحذف  المستخدم ابو ندي حذف نهائي ', NULL, NULL, 1, 1, 1, 'Mozilla/5.0 (Windows NT 10.0; Win64; x64) AppleWebKit/537.36 (KHTML, like Gecko) Chrome/137.0.0.0 Safari/537.36', '156.211.32.47', '/api/users/delete', NULL, '2025-07-09 20:09:42', '2025-07-09 20:09:42'),
(10, 'تعديل', 'App\\Models\\User', '5', '\"{\\\"id\\\":5,\\\"phone\\\":\\\"01070475028\\\",\\\"password\\\":\\\"$2y$12$Eb7Gi\\\\\\/94E9cobc3u9R\\\\\\/PFeqRyP2a0uyb7.09Jr79JLrf0KP8MjtTO\\\",\\\"email\\\":null,\\\"username\\\":null,\\\"nickname\\\":\\\"\\\\u0627\\\\u0628\\\\u0648 \\\\u0646\\\\u062f\\\\u064a\\\",\\\"full_name\\\":\\\"\\\\u0648\\\\u0627\\\\u0626\\\\u0644 \\\\u0645\\\\u062d\\\\u0645\\\\u062f \\\\u0627\\\\u062d\\\\u0645\\\\u062f\\\",\\\"position\\\":null,\\\"settings\\\":null,\\\"last_login_at\\\":null,\\\"email_verified_at\\\":null,\\\"balance\\\":\\\"0.00\\\",\\\"status\\\":\\\"1\\\",\\\"customer_type\\\":\\\"retail\\\",\\\"created_by\\\":\\\"1\\\",\\\"company_id\\\":\\\"1\\\",\\\"remember_token\\\":null,\\\"created_at\\\":\\\"2025-07-09T06:43:59.000000Z\\\",\\\"updated_at\\\":\\\"2025-07-09T20:26:24.000000Z\\\"}\"', '\"{\\\"phone\\\":\\\"01070475028\\\",\\\"password\\\":\\\"$2y$12$Eb7Gi\\\\\\/94E9cobc3u9R\\\\\\/PFeqRyP2a0uyb7.09Jr79JLrf0KP8MjtTO\\\",\\\"nickname\\\":\\\"\\\\u0627\\\\u0628\\\\u0648 \\\\u0646\\\\u062f\\\\u064a\\\",\\\"full_name\\\":\\\"\\\\u0648\\\\u0627\\\\u0626\\\\u0644 \\\\u0645\\\\u062d\\\\u0645\\\\u062f \\\\u0627\\\\u062d\\\\u0645\\\\u062f\\\",\\\"updated_at\\\":\\\"2025-07-09 20:26:24\\\"}\"', 'قام المستخدم System Owner بتعديل المستخدم ابو ندي', NULL, NULL, 1, 1, 1, 'Mozilla/5.0 (Linux; Android 10; K) AppleWebKit/537.36 (KHTML, like Gecko) Chrome/138.0.0.0 Mobile Safari/537.36', '154.181.220.204', '/api/user/5', NULL, '2025-07-09 20:26:24', '2025-07-09 20:26:24'),
(11, 'تعديل', 'App\\Models\\User', '1', '\"{\\\"id\\\":1,\\\"phone\\\":\\\"1234567890\\\",\\\"password\\\":\\\"$2y$12$1xLibliCq1gj0cEsHLSNWOjeamNIjbo2YEk0hOZimQaOiYYYTx0oK\\\",\\\"email\\\":\\\"admin@admin.com\\\",\\\"username\\\":\\\"system_owner\\\",\\\"nickname\\\":\\\"System Owner\\\",\\\"full_name\\\":\\\"Admin\\\",\\\"position\\\":null,\\\"settings\\\":null,\\\"last_login_at\\\":null,\\\"email_verified_at\\\":null,\\\"balance\\\":\\\"0.00\\\",\\\"status\\\":\\\"1\\\",\\\"customer_type\\\":\\\"retail\\\",\\\"created_by\\\":null,\\\"company_id\\\":1,\\\"remember_token\\\":null,\\\"created_at\\\":\\\"2025-07-09T06:15:49.000000Z\\\",\\\"updated_at\\\":\\\"2025-07-09T20:26:51.000000Z\\\"}\"', '\"{\\\"password\\\":\\\"$2y$12$1xLibliCq1gj0cEsHLSNWOjeamNIjbo2YEk0hOZimQaOiYYYTx0oK\\\",\\\"updated_at\\\":\\\"2025-07-09 20:26:51\\\"}\"', 'قام المستخدم System Owner بتعديل المستخدم System Owner', NULL, NULL, 1, 1, 1, 'Mozilla/5.0 (Linux; Android 10; K) AppleWebKit/537.36 (KHTML, like Gecko) Chrome/138.0.0.0 Mobile Safari/537.36', '154.181.220.204', '/api/user/1', NULL, '2025-07-09 20:26:51', '2025-07-09 20:26:51'),
(12, 'تعديل', 'App\\Models\\Company', '1', '\"{\\\"id\\\":1,\\\"name\\\":\\\"\\\\u0627\\\\u0644\\\\u0634\\\\u0631\\\\u0643\\\\u0629 \\\\u0627\\\\u0644\\\\u0627\\\\u0641\\\\u062a\\\\u0631\\\\u0627\\\\u0636\\\\u064a\\\\u0629\\\",\\\"description\\\":null,\\\"field\\\":\\\"\\\\u0627\\\\u0644\\\\u0627\\\\u0641\\\\u062a\\\\u0631\\\\u0627\\\\u0636\\\\u064a\\\\u0629\\\",\\\"owner_name\\\":\\\"System Owner\\\",\\\"address\\\":\\\"\\\\u0627\\\\u0644\\\\u0635\\\\u0627\\\\u0644\\\\u062d\\\\u064a\\\\u0647 \\\\u0627\\\\u0644\\\\u062c\\\\u062f\\\\u064a\\\\u062f\\\\u0647\\\\\\/\\\\u0627\\\\u0644\\\\u0643\\\\u0648\\\\u062b\\\\u0631 \\\\\\/\\\\u063410\\\",\\\"phone\\\":null,\\\"email\\\":\\\"atssh.phone@gmail.com\\\",\\\"created_by\\\":null,\\\"company_id\\\":null,\\\"created_at\\\":\\\"2025-07-09T06:15:49.000000Z\\\",\\\"updated_at\\\":\\\"2025-07-09T20:29:41.000000Z\\\"}\"', '\"{\\\"name\\\":\\\"\\\\u0627\\\\u0644\\\\u0634\\\\u0631\\\\u0643\\\\u0629 \\\\u0627\\\\u0644\\\\u0627\\\\u0641\\\\u062a\\\\u0631\\\\u0627\\\\u0636\\\\u064a\\\\u0629\\\",\\\"field\\\":\\\"\\\\u0627\\\\u0644\\\\u0627\\\\u0641\\\\u062a\\\\u0631\\\\u0627\\\\u0636\\\\u064a\\\\u0629\\\",\\\"phone\\\":null,\\\"email\\\":\\\"atssh.phone@gmail.com\\\",\\\"updated_at\\\":\\\"2025-07-09 20:29:41\\\"}\"', 'قام المستخدم System Owner بتعديل الشركة الشركة الافتراضية', NULL, NULL, 1, 1, 1, 'Mozilla/5.0 (Linux; Android 10; K) AppleWebKit/537.36 (KHTML, like Gecko) Chrome/138.0.0.0 Mobile Safari/537.36', '154.181.220.204', '/api/company/1', NULL, '2025-07-09 20:29:41', '2025-07-09 20:29:41'),
(13, 'انشاء', 'App\\Models\\Company', '2', NULL, '\"{\\\"name\\\":\\\"\\\\u0627\\\\u0642\\\\u0633\\\\u0627\\\\u0637\\\",\\\"field\\\":\\\"\\\\u0627\\\\u0642\\\\u0633\\\\u0627\\\\u0637\\\",\\\"address\\\":\\\"\\\\u0627\\\\u0644\\\\u0635\\\\u0627\\\\u0644\\\\u062d\\\\u064a\\\\u0647 \\\\u0627\\\\u0644\\\\u062c\\\\u062f\\\\u064a\\\\u062f\\\\u0647\\\\\\/\\\\u0627\\\\u0644\\\\u0643\\\\u0648\\\\u062b\\\\u0631 \\\\\\/\\\\u063410\\\",\\\"phone\\\":\\\"01032447644\\\",\\\"company_id\\\":1,\\\"created_by\\\":1,\\\"updated_at\\\":\\\"2025-07-09 20:31:05\\\",\\\"created_at\\\":\\\"2025-07-09 20:31:05\\\",\\\"id\\\":2}\"', ' قام المستخدم  System Ownerبإنشاء شركة باسم اقساط', NULL, NULL, 1, 1, 2, 'Mozilla/5.0 (Linux; Android 10; K) AppleWebKit/537.36 (KHTML, like Gecko) Chrome/138.0.0.0 Mobile Safari/537.36', '154.181.220.204', '/api/company', NULL, '2025-07-09 20:31:05', '2025-07-09 20:31:05'),
(14, 'تعديل', 'App\\Models\\User', '5', '\"{\\\"id\\\":5,\\\"phone\\\":\\\"01070475028\\\",\\\"password\\\":\\\"$2y$12$Eb7Gi\\\\\\/94E9cobc3u9R\\\\\\/PFeqRyP2a0uyb7.09Jr79JLrf0KP8MjtTO\\\",\\\"email\\\":null,\\\"username\\\":null,\\\"nickname\\\":\\\"\\\\u0627\\\\u0628\\\\u0648 \\\\u0646\\\\u062f\\\\u064a\\\",\\\"full_name\\\":\\\"\\\\u0648\\\\u0627\\\\u0626\\\\u0644 \\\\u0645\\\\u062d\\\\u0645\\\\u062f \\\\u0627\\\\u062d\\\\u0645\\\\u062f\\\",\\\"position\\\":null,\\\"settings\\\":null,\\\"last_login_at\\\":null,\\\"email_verified_at\\\":null,\\\"balance\\\":\\\"0\\\",\\\"status\\\":\\\"1\\\",\\\"customer_type\\\":\\\"retail\\\",\\\"created_by\\\":\\\"1\\\",\\\"company_id\\\":\\\"2\\\",\\\"remember_token\\\":null,\\\"created_at\\\":\\\"2025-07-09T06:43:59.000000Z\\\",\\\"updated_at\\\":\\\"2025-07-09T20:31:45.000000Z\\\"}\"', '\"{\\\"balance\\\":\\\"0\\\",\\\"company_id\\\":\\\"2\\\",\\\"updated_at\\\":\\\"2025-07-09 20:31:45\\\"}\"', 'قام المستخدم System Owner بتعديل المستخدم ابو ندي', NULL, NULL, 1, 1, 2, 'Mozilla/5.0 (Linux; Android 10; K) AppleWebKit/537.36 (KHTML, like Gecko) Chrome/138.0.0.0 Mobile Safari/537.36', '154.181.220.204', '/api/user/5', NULL, '2025-07-09 20:31:45', '2025-07-09 20:31:45'),
(15, 'تعديل', 'App\\Models\\User', '1', '\"{\\\"id\\\":1,\\\"phone\\\":\\\"1234567890\\\",\\\"password\\\":\\\"$2y$12$1xLibliCq1gj0cEsHLSNWOjeamNIjbo2YEk0hOZimQaOiYYYTx0oK\\\",\\\"email\\\":\\\"admin@admin.com\\\",\\\"username\\\":\\\"system_owner\\\",\\\"nickname\\\":\\\"System Owner\\\",\\\"full_name\\\":\\\"Admin\\\",\\\"position\\\":null,\\\"settings\\\":null,\\\"last_login_at\\\":null,\\\"email_verified_at\\\":null,\\\"balance\\\":\\\"0.00\\\",\\\"status\\\":\\\"1\\\",\\\"customer_type\\\":\\\"retail\\\",\\\"created_by\\\":null,\\\"company_id\\\":\\\"1\\\",\\\"remember_token\\\":null,\\\"created_at\\\":\\\"2025-07-09T06:15:49.000000Z\\\",\\\"updated_at\\\":\\\"2025-07-09T20:36:15.000000Z\\\"}\"', '\"[]\"', 'قام المستخدم System Owner بتعديل المستخدم System Owner', NULL, NULL, 1, 1, 1, 'Mozilla/5.0 (Linux; Android 10; K) AppleWebKit/537.36 (KHTML, like Gecko) Chrome/138.0.0.0 Mobile Safari/537.36', '154.181.220.204', '/api/user/1', NULL, '2025-07-09 20:39:45', '2025-07-09 20:39:45'),
(16, 'تعديل', 'App\\Models\\User', '1', '\"{\\\"id\\\":1,\\\"phone\\\":\\\"1234567890\\\",\\\"password\\\":\\\"$2y$12$1xLibliCq1gj0cEsHLSNWOjeamNIjbo2YEk0hOZimQaOiYYYTx0oK\\\",\\\"email\\\":\\\"admin@admin.com\\\",\\\"username\\\":\\\"system_owner\\\",\\\"nickname\\\":\\\"System Owner\\\",\\\"full_name\\\":\\\"Admin\\\",\\\"position\\\":null,\\\"settings\\\":null,\\\"last_login_at\\\":null,\\\"email_verified_at\\\":null,\\\"balance\\\":\\\"0.00\\\",\\\"status\\\":\\\"1\\\",\\\"customer_type\\\":\\\"retail\\\",\\\"created_by\\\":null,\\\"company_id\\\":\\\"1\\\",\\\"remember_token\\\":null,\\\"created_at\\\":\\\"2025-07-09T06:15:49.000000Z\\\",\\\"updated_at\\\":\\\"2025-07-09T20:36:15.000000Z\\\"}\"', '\"[]\"', 'قام المستخدم System Owner بتعديل المستخدم System Owner', NULL, NULL, 1, 1, 1, 'Mozilla/5.0 (Linux; Android 10; K) AppleWebKit/537.36 (KHTML, like Gecko) Chrome/138.0.0.0 Mobile Safari/537.36', '154.181.220.204', '/api/user/1', NULL, '2025-07-09 20:39:58', '2025-07-09 20:39:58'),
(17, 'انشاء', 'App\\Models\\User', '6', NULL, '\"{\\\"phone\\\":\\\"01234567890\\\",\\\"password\\\":\\\"$2y$12$4LvFFEErVLsDWomDxqywGuMviT3q0rOfRmpM7dU.WAxli9NmCI9VG\\\",\\\"email\\\":null,\\\"full_name\\\":\\\"\\\\u0647\\\\u0634\\\\u0627\\\\u0645 \\\\u0645\\\\u062d\\\\u0645\\\\u062f \\\\u0627\\\\u062d\\\\u0645\\\\u062f\\\",\\\"nickname\\\":\\\"\\\\u0627\\\\u0628\\\\u0648 \\\\u062d\\\\u0628\\\\u064a\\\\u0628\\\\u0629\\\",\\\"username\\\":null,\\\"company_id\\\":\\\"1\\\",\\\"customer_type\\\":\\\"retail\\\",\\\"created_by\\\":1,\\\"updated_at\\\":\\\"2025-07-09 20:47:12\\\",\\\"created_at\\\":\\\"2025-07-09 20:47:12\\\",\\\"id\\\":6}\"', ' قام المستخدم  System Ownerبانشاء المستخدم ابو حبيبة', NULL, NULL, 1, 1, 1, 'Mozilla/5.0 (Linux; Android 10; K) AppleWebKit/537.36 (KHTML, like Gecko) Chrome/138.0.0.0 Mobile Safari/537.36', '154.189.207.186', '/api/user', NULL, '2025-07-09 20:47:12', '2025-07-09 20:47:12'),
(18, 'انشاء', 'App\\Models\\Company', '3', NULL, '\"{\\\"name\\\":\\\"\\\\u062a\\\\u064a\\\\u0633\\\\u062a \\\\u0634\\\\u0631\\\\u0643\\\\u0629\\\",\\\"field\\\":\\\"\\\\u062a\\\\u064a\\\\u0633\\\\u062a\\\",\\\"phone\\\":\\\"123456789\\\",\\\"email\\\":\\\"atsh.ephone@gmail.com\\\",\\\"company_id\\\":1,\\\"created_by\\\":1,\\\"updated_at\\\":\\\"2025-07-09 20:50:13\\\",\\\"created_at\\\":\\\"2025-07-09 20:50:13\\\",\\\"id\\\":3}\"', ' قام المستخدم  System Ownerبإنشاء شركة باسم تيست شركة', NULL, NULL, 1, 1, 3, 'Mozilla/5.0 (Linux; Android 10; K) AppleWebKit/537.36 (KHTML, like Gecko) Chrome/138.0.0.0 Mobile Safari/537.36', '154.189.207.186', '/api/company', NULL, '2025-07-09 20:50:13', '2025-07-09 20:50:13'),
(19, 'تعديل', 'App\\Models\\User', '6', '\"{\\\"id\\\":6,\\\"phone\\\":\\\"01234567890\\\",\\\"password\\\":\\\"$2y$12$4LvFFEErVLsDWomDxqywGuMviT3q0rOfRmpM7dU.WAxli9NmCI9VG\\\",\\\"email\\\":null,\\\"username\\\":null,\\\"nickname\\\":\\\"\\\\u0627\\\\u0628\\\\u0648 \\\\u062d\\\\u0628\\\\u064a\\\\u0628\\\\u0629\\\",\\\"full_name\\\":\\\"\\\\u0647\\\\u0634\\\\u0627\\\\u0645 \\\\u0645\\\\u062d\\\\u0645\\\\u062f \\\\u0627\\\\u062d\\\\u0645\\\\u062f\\\",\\\"position\\\":null,\\\"settings\\\":null,\\\"last_login_at\\\":null,\\\"email_verified_at\\\":null,\\\"balance\\\":\\\"0\\\",\\\"status\\\":\\\"1\\\",\\\"customer_type\\\":\\\"retail\\\",\\\"created_by\\\":\\\"1\\\",\\\"company_id\\\":\\\"3\\\",\\\"remember_token\\\":null,\\\"created_at\\\":\\\"2025-07-09T20:47:12.000000Z\\\",\\\"updated_at\\\":\\\"2025-07-09T20:58:14.000000Z\\\"}\"', '\"{\\\"balance\\\":\\\"0\\\",\\\"company_id\\\":\\\"3\\\",\\\"updated_at\\\":\\\"2025-07-09 20:58:14\\\"}\"', 'قام المستخدم System Owner بتعديل المستخدم ابو حبيبة', NULL, NULL, 1, 1, 3, 'Mozilla/5.0 (Linux; Android 10; K) AppleWebKit/537.36 (KHTML, like Gecko) Chrome/138.0.0.0 Mobile Safari/537.36', '154.189.207.186', '/api/user/6', NULL, '2025-07-09 20:58:14', '2025-07-09 20:58:14'),
(20, 'انشاء', 'App\\Models\\User', '7', NULL, '\"{\\\"phone\\\":\\\"01030598815\\\",\\\"password\\\":\\\"$2y$12$M3iLwqeMzG\\\\\\/9HO0D6Z1qqOCxHV1FJBY1z\\\\\\/sY3kZpCsIGgSnf9NeJK\\\",\\\"email\\\":null,\\\"full_name\\\":\\\"\\\\u0627\\\\u0645 \\\\u0628\\\\u0631\\\\u0627\\\\u0621\\\",\\\"nickname\\\":\\\"\\\\u0627\\\\u0645 \\\\u0628\\\\u0631\\\\u0627\\\\u0621\\\",\\\"username\\\":null,\\\"company_id\\\":2,\\\"customer_type\\\":\\\"retail\\\",\\\"created_by\\\":5,\\\"updated_at\\\":\\\"2025-07-09 21:04:44\\\",\\\"created_at\\\":\\\"2025-07-09 21:04:44\\\",\\\"id\\\":7}\"', ' قام المستخدم  ابو نديبانشاء المستخدم ام براء', NULL, NULL, 5, 5, 2, 'Mozilla/5.0 (Windows NT 10.0; Win64; x64) AppleWebKit/537.36 (KHTML, like Gecko) Chrome/137.0.0.0 Safari/537.36', '156.211.32.47', '/api/user', NULL, '2025-07-09 21:04:44', '2025-07-09 21:04:44'),
(21, 'تعديل', 'App\\Models\\User', '6', '\"{\\\"id\\\":6,\\\"phone\\\":\\\"01007888009\\\",\\\"password\\\":\\\"$2y$12$4LvFFEErVLsDWomDxqywGuMviT3q0rOfRmpM7dU.WAxli9NmCI9VG\\\",\\\"email\\\":null,\\\"username\\\":null,\\\"nickname\\\":\\\"\\\\u0627\\\\u0628\\\\u0648 \\\\u062d\\\\u0628\\\\u064a\\\\u0628\\\\u0629\\\",\\\"full_name\\\":\\\"\\\\u0647\\\\u0634\\\\u0627\\\\u0645 \\\\u0645\\\\u062d\\\\u0645\\\\u062f \\\\u0627\\\\u062d\\\\u0645\\\\u062f\\\",\\\"position\\\":null,\\\"settings\\\":null,\\\"last_login_at\\\":null,\\\"email_verified_at\\\":null,\\\"balance\\\":\\\"0.00\\\",\\\"status\\\":\\\"1\\\",\\\"customer_type\\\":\\\"retail\\\",\\\"created_by\\\":\\\"1\\\",\\\"company_id\\\":\\\"3\\\",\\\"remember_token\\\":null,\\\"created_at\\\":\\\"2025-07-09T20:47:12.000000Z\\\",\\\"updated_at\\\":\\\"2025-07-10T02:17:20.000000Z\\\"}\"', '\"{\\\"phone\\\":\\\"01007888009\\\",\\\"updated_at\\\":\\\"2025-07-10 02:17:20\\\"}\"', 'قام المستخدم System Owner بتعديل المستخدم ابو حبيبة', NULL, NULL, 1, 1, 3, 'Mozilla/5.0 (Windows NT 10.0; Win64; x64) AppleWebKit/537.36 (KHTML, like Gecko) Chrome/135.0.0.0 Safari/537.36', '154.189.207.186', '/api/user/6', NULL, '2025-07-10 02:17:20', '2025-07-10 02:17:20'),
(22, 'انشاء', 'App\\Models\\Invoice', '1', NULL, '\"{\\\"invoice_type_id\\\":\\\"1\\\",\\\"invoice_type_code\\\":\\\"installment_sale\\\",\\\"due_date\\\":null,\\\"status\\\":\\\"confirmed\\\",\\\"user_id\\\":\\\"7\\\",\\\"gross_amount\\\":\\\"3000\\\",\\\"total_discount\\\":\\\"0\\\",\\\"net_amount\\\":\\\"3000\\\",\\\"paid_amount\\\":\\\"0\\\",\\\"remaining_amount\\\":\\\"3000\\\",\\\"round_step\\\":null,\\\"company_id\\\":2,\\\"created_by\\\":5,\\\"invoice_number\\\":\\\"INS_SAL-250710-2-000001\\\",\\\"updated_at\\\":\\\"2025-07-10 18:04:10\\\",\\\"created_at\\\":\\\"2025-07-10 18:04:10\\\",\\\"id\\\":1}\"', ' قام المستخدم  ابو نديإنشاء فاتورة بيع بالتقسيط رقم INS_SAL-250710-2-000001', NULL, NULL, 5, 5, 2, 'Mozilla/5.0 (Windows NT 10.0; Win64; x64) AppleWebKit/537.36 (KHTML, like Gecko) Chrome/137.0.0.0 Safari/537.36', '156.211.52.39', '/api/invoice', NULL, '2025-07-10 18:04:11', '2025-07-10 18:04:11'),
(23, 'انشاء', 'App\\Models\\Installment', '1', NULL, '\"{\\\"id\\\":1,\\\"installment_plan_id\\\":1,\\\"user_id\\\":7,\\\"created_by\\\":5,\\\"installment_number\\\":\\\"1\\\",\\\"due_date\\\":\\\"2024-11-05\\\",\\\"amount\\\":\\\"300.00\\\",\\\"status\\\":\\\"\\\\u062a\\\\u0645 \\\\u0627\\\\u0644\\\\u062f\\\\u0641\\\\u0639\\\",\\\"paid_at\\\":\\\"2025-07-10\\\",\\\"remaining\\\":0,\\\"created_at\\\":\\\"2025-07-10 18:04:10\\\",\\\"updated_at\\\":\\\"2025-07-10 18:38:26\\\",\\\"company_id\\\":2}\"', ' قام المستخدم  ابو نديتم دفع مبلغ 300 لهذا القسط.', NULL, NULL, 5, 5, 2, 'Mozilla/5.0 (Windows NT 10.0; Win64; x64) AppleWebKit/537.36 (KHTML, like Gecko) Chrome/137.0.0.0 Safari/537.36', '156.211.52.39', '/api/installment-payment/pay', NULL, '2025-07-10 18:38:26', '2025-07-10 18:38:26'),
(24, 'تعديل', 'App\\Models\\User', '5', '\"{\\\"id\\\":5,\\\"phone\\\":\\\"01070475028\\\",\\\"password\\\":\\\"$2y$12$Eb7Gi\\\\\\/94E9cobc3u9R\\\\\\/PFeqRyP2a0uyb7.09Jr79JLrf0KP8MjtTO\\\",\\\"email\\\":null,\\\"username\\\":null,\\\"nickname\\\":\\\"\\\\u0627\\\\u0628\\\\u0648 \\\\u0646\\\\u062f\\\\u064a\\\",\\\"full_name\\\":\\\"\\\\u0648\\\\u0627\\\\u0626\\\\u0644 \\\\u0645\\\\u062d\\\\u0645\\\\u062f \\\\u0627\\\\u062d\\\\u0645\\\\u062f\\\",\\\"position\\\":null,\\\"settings\\\":null,\\\"last_login_at\\\":null,\\\"email_verified_at\\\":null,\\\"balance\\\":\\\"0.00\\\",\\\"status\\\":\\\"1\\\",\\\"customer_type\\\":\\\"retail\\\",\\\"created_by\\\":1,\\\"company_id\\\":2,\\\"remember_token\\\":null,\\\"created_at\\\":\\\"2025-07-09T06:43:59.000000Z\\\",\\\"updated_at\\\":\\\"2025-07-09T20:31:45.000000Z\\\"}\"', '\"[]\"', 'قام المستخدم ابو ندي بتعديل زيادة الرصيد بقيمة 300 نتيجة دفع أقساط عن مستخدم آخر.', NULL, NULL, 5, 5, 2, 'Mozilla/5.0 (Windows NT 10.0; Win64; x64) AppleWebKit/537.36 (KHTML, like Gecko) Chrome/137.0.0.0 Safari/537.36', '156.211.52.39', '/api/installment-payment/pay', NULL, '2025-07-10 18:38:26', '2025-07-10 18:38:26'),
(25, 'انشاء', 'App\\Models\\Installment', '2', NULL, '\"{\\\"id\\\":2,\\\"installment_plan_id\\\":1,\\\"user_id\\\":7,\\\"created_by\\\":5,\\\"installment_number\\\":\\\"2\\\",\\\"due_date\\\":\\\"2024-12-05\\\",\\\"amount\\\":\\\"300.00\\\",\\\"status\\\":\\\"\\\\u062a\\\\u0645 \\\\u0627\\\\u0644\\\\u062f\\\\u0641\\\\u0639\\\",\\\"paid_at\\\":\\\"2025-07-10\\\",\\\"remaining\\\":0,\\\"created_at\\\":\\\"2025-07-10 18:04:10\\\",\\\"updated_at\\\":\\\"2025-07-10 18:44:38\\\",\\\"company_id\\\":2}\"', ' قام المستخدم  ابو نديتم دفع مبلغ 300 لهذا القسط.', NULL, NULL, 5, 5, 2, 'Mozilla/5.0 (Windows NT 10.0; Win64; x64) AppleWebKit/537.36 (KHTML, like Gecko) Chrome/137.0.0.0 Safari/537.36', '156.211.52.39', '/api/installment-payment/pay', NULL, '2025-07-10 18:44:38', '2025-07-10 18:44:38'),
(26, 'تعديل', 'App\\Models\\User', '5', '\"{\\\"id\\\":5,\\\"phone\\\":\\\"01070475028\\\",\\\"password\\\":\\\"$2y$12$Eb7Gi\\\\\\/94E9cobc3u9R\\\\\\/PFeqRyP2a0uyb7.09Jr79JLrf0KP8MjtTO\\\",\\\"email\\\":null,\\\"username\\\":null,\\\"nickname\\\":\\\"\\\\u0627\\\\u0628\\\\u0648 \\\\u0646\\\\u062f\\\\u064a\\\",\\\"full_name\\\":\\\"\\\\u0648\\\\u0627\\\\u0626\\\\u0644 \\\\u0645\\\\u062d\\\\u0645\\\\u062f \\\\u0627\\\\u062d\\\\u0645\\\\u062f\\\",\\\"position\\\":null,\\\"settings\\\":null,\\\"last_login_at\\\":null,\\\"email_verified_at\\\":null,\\\"balance\\\":\\\"0.00\\\",\\\"status\\\":\\\"1\\\",\\\"customer_type\\\":\\\"retail\\\",\\\"created_by\\\":1,\\\"company_id\\\":2,\\\"remember_token\\\":null,\\\"created_at\\\":\\\"2025-07-09T06:43:59.000000Z\\\",\\\"updated_at\\\":\\\"2025-07-09T20:31:45.000000Z\\\"}\"', '\"[]\"', 'قام المستخدم ابو ندي بتعديل زيادة الرصيد بقيمة 300 نتيجة دفع أقساط عن مستخدم آخر.', NULL, NULL, 5, 5, 2, 'Mozilla/5.0 (Windows NT 10.0; Win64; x64) AppleWebKit/537.36 (KHTML, like Gecko) Chrome/137.0.0.0 Safari/537.36', '156.211.52.39', '/api/installment-payment/pay', NULL, '2025-07-10 18:44:38', '2025-07-10 18:44:38'),
(27, 'انشاء', 'App\\Models\\Installment', '3', NULL, '\"{\\\"id\\\":3,\\\"installment_plan_id\\\":1,\\\"user_id\\\":7,\\\"created_by\\\":5,\\\"installment_number\\\":\\\"3\\\",\\\"due_date\\\":\\\"2025-01-05\\\",\\\"amount\\\":\\\"300.00\\\",\\\"status\\\":\\\"\\\\u062a\\\\u0645 \\\\u0627\\\\u0644\\\\u062f\\\\u0641\\\\u0639\\\",\\\"paid_at\\\":\\\"2025-07-10\\\",\\\"remaining\\\":0,\\\"created_at\\\":\\\"2025-07-10 18:04:10\\\",\\\"updated_at\\\":\\\"2025-07-10 18:46:56\\\",\\\"company_id\\\":2}\"', ' قام المستخدم  ابو نديتم دفع مبلغ 300.00 لهذا القسط.', NULL, NULL, 5, 5, 2, 'Mozilla/5.0 (Windows NT 10.0; Win64; x64) AppleWebKit/537.36 (KHTML, like Gecko) Chrome/137.0.0.0 Safari/537.36', '156.211.52.39', '/api/installment-payment/pay', NULL, '2025-07-10 18:46:56', '2025-07-10 18:46:56'),
(28, 'تعديل', 'App\\Models\\User', '5', '\"{\\\"id\\\":5,\\\"phone\\\":\\\"01070475028\\\",\\\"password\\\":\\\"$2y$12$Eb7Gi\\\\\\/94E9cobc3u9R\\\\\\/PFeqRyP2a0uyb7.09Jr79JLrf0KP8MjtTO\\\",\\\"email\\\":null,\\\"username\\\":null,\\\"nickname\\\":\\\"\\\\u0627\\\\u0628\\\\u0648 \\\\u0646\\\\u062f\\\\u064a\\\",\\\"full_name\\\":\\\"\\\\u0648\\\\u0627\\\\u0626\\\\u0644 \\\\u0645\\\\u062d\\\\u0645\\\\u062f \\\\u0627\\\\u062d\\\\u0645\\\\u062f\\\",\\\"position\\\":null,\\\"settings\\\":null,\\\"last_login_at\\\":null,\\\"email_verified_at\\\":null,\\\"balance\\\":\\\"0.00\\\",\\\"status\\\":\\\"1\\\",\\\"customer_type\\\":\\\"retail\\\",\\\"created_by\\\":1,\\\"company_id\\\":2,\\\"remember_token\\\":null,\\\"created_at\\\":\\\"2025-07-09T06:43:59.000000Z\\\",\\\"updated_at\\\":\\\"2025-07-09T20:31:45.000000Z\\\"}\"', '\"[]\"', 'قام المستخدم ابو ندي بتعديل زيادة الرصيد بقيمة 400 نتيجة دفع أقساط عن مستخدم آخر.', NULL, NULL, 5, 5, 2, 'Mozilla/5.0 (Windows NT 10.0; Win64; x64) AppleWebKit/537.36 (KHTML, like Gecko) Chrome/137.0.0.0 Safari/537.36', '156.211.52.39', '/api/installment-payment/pay', NULL, '2025-07-10 18:46:56', '2025-07-10 18:46:56'),
(29, 'انشاء', 'App\\Models\\Installment', '4', NULL, '\"{\\\"id\\\":4,\\\"installment_plan_id\\\":1,\\\"user_id\\\":7,\\\"created_by\\\":5,\\\"installment_number\\\":\\\"4\\\",\\\"due_date\\\":\\\"2025-02-05\\\",\\\"amount\\\":\\\"300.00\\\",\\\"status\\\":\\\"\\\\u062a\\\\u0645 \\\\u0627\\\\u0644\\\\u062f\\\\u0641\\\\u0639\\\",\\\"paid_at\\\":\\\"2025-07-11\\\",\\\"remaining\\\":0,\\\"created_at\\\":\\\"2025-07-10 18:04:10\\\",\\\"updated_at\\\":\\\"2025-07-11 08:18:40\\\",\\\"company_id\\\":2}\"', ' قام المستخدم  ابو نديتم دفع مبلغ 300 لهذا القسط.', NULL, NULL, 5, 5, 2, 'Mozilla/5.0 (Windows NT 10.0; Win64; x64) AppleWebKit/537.36 (KHTML, like Gecko) Chrome/137.0.0.0 Safari/537.36', '156.211.52.39', '/api/installment-payment/pay', NULL, '2025-07-11 08:18:40', '2025-07-11 08:18:40'),
(30, 'تعديل', 'App\\Models\\User', '5', '\"{\\\"id\\\":5,\\\"phone\\\":\\\"01070475028\\\",\\\"password\\\":\\\"$2y$12$Eb7Gi\\\\\\/94E9cobc3u9R\\\\\\/PFeqRyP2a0uyb7.09Jr79JLrf0KP8MjtTO\\\",\\\"email\\\":null,\\\"username\\\":null,\\\"nickname\\\":\\\"\\\\u0627\\\\u0628\\\\u0648 \\\\u0646\\\\u062f\\\\u064a\\\",\\\"full_name\\\":\\\"\\\\u0648\\\\u0627\\\\u0626\\\\u0644 \\\\u0645\\\\u062d\\\\u0645\\\\u062f \\\\u0627\\\\u062d\\\\u0645\\\\u062f\\\",\\\"position\\\":null,\\\"settings\\\":null,\\\"last_login_at\\\":null,\\\"email_verified_at\\\":null,\\\"balance\\\":\\\"0.00\\\",\\\"status\\\":\\\"1\\\",\\\"customer_type\\\":\\\"retail\\\",\\\"created_by\\\":1,\\\"company_id\\\":2,\\\"remember_token\\\":null,\\\"created_at\\\":\\\"2025-07-09T06:43:59.000000Z\\\",\\\"updated_at\\\":\\\"2025-07-09T20:31:45.000000Z\\\"}\"', '\"[]\"', 'قام المستخدم ابو ندي بتعديل زيادة الرصيد بقيمة 300 نتيجة دفع أقساط عن مستخدم آخر.', NULL, NULL, 5, 5, 2, 'Mozilla/5.0 (Windows NT 10.0; Win64; x64) AppleWebKit/537.36 (KHTML, like Gecko) Chrome/137.0.0.0 Safari/537.36', '156.211.52.39', '/api/installment-payment/pay', NULL, '2025-07-11 08:18:40', '2025-07-11 08:18:40'),
(31, 'انشاء', 'App\\Models\\Installment', '5', NULL, '\"{\\\"id\\\":5,\\\"installment_plan_id\\\":1,\\\"user_id\\\":7,\\\"created_by\\\":5,\\\"installment_number\\\":\\\"5\\\",\\\"due_date\\\":\\\"2025-03-05\\\",\\\"amount\\\":\\\"300.00\\\",\\\"status\\\":\\\"\\\\u062a\\\\u0645 \\\\u0627\\\\u0644\\\\u062f\\\\u0641\\\\u0639\\\",\\\"paid_at\\\":\\\"2025-07-11\\\",\\\"remaining\\\":0,\\\"created_at\\\":\\\"2025-07-10 18:04:10\\\",\\\"updated_at\\\":\\\"2025-07-11 08:19:28\\\",\\\"company_id\\\":2}\"', ' قام المستخدم  ابو نديتم دفع مبلغ 300 لهذا القسط.', NULL, NULL, 5, 5, 2, 'Mozilla/5.0 (Windows NT 10.0; Win64; x64) AppleWebKit/537.36 (KHTML, like Gecko) Chrome/137.0.0.0 Safari/537.36', '156.211.52.39', '/api/installment-payment/pay', NULL, '2025-07-11 08:19:28', '2025-07-11 08:19:28'),
(32, 'تعديل', 'App\\Models\\User', '5', '\"{\\\"id\\\":5,\\\"phone\\\":\\\"01070475028\\\",\\\"password\\\":\\\"$2y$12$Eb7Gi\\\\\\/94E9cobc3u9R\\\\\\/PFeqRyP2a0uyb7.09Jr79JLrf0KP8MjtTO\\\",\\\"email\\\":null,\\\"username\\\":null,\\\"nickname\\\":\\\"\\\\u0627\\\\u0628\\\\u0648 \\\\u0646\\\\u062f\\\\u064a\\\",\\\"full_name\\\":\\\"\\\\u0648\\\\u0627\\\\u0626\\\\u0644 \\\\u0645\\\\u062d\\\\u0645\\\\u062f \\\\u0627\\\\u062d\\\\u0645\\\\u062f\\\",\\\"position\\\":null,\\\"settings\\\":null,\\\"last_login_at\\\":null,\\\"email_verified_at\\\":null,\\\"balance\\\":\\\"0.00\\\",\\\"status\\\":\\\"1\\\",\\\"customer_type\\\":\\\"retail\\\",\\\"created_by\\\":1,\\\"company_id\\\":2,\\\"remember_token\\\":null,\\\"created_at\\\":\\\"2025-07-09T06:43:59.000000Z\\\",\\\"updated_at\\\":\\\"2025-07-09T20:31:45.000000Z\\\"}\"', '\"[]\"', 'قام المستخدم ابو ندي بتعديل زيادة الرصيد بقيمة 300 نتيجة دفع أقساط عن مستخدم آخر.', NULL, NULL, 5, 5, 2, 'Mozilla/5.0 (Windows NT 10.0; Win64; x64) AppleWebKit/537.36 (KHTML, like Gecko) Chrome/137.0.0.0 Safari/537.36', '156.211.52.39', '/api/installment-payment/pay', NULL, '2025-07-11 08:19:28', '2025-07-11 08:19:28'),
(33, 'انشاء', 'App\\Models\\Installment', '6', NULL, '\"{\\\"id\\\":6,\\\"installment_plan_id\\\":1,\\\"user_id\\\":7,\\\"created_by\\\":5,\\\"installment_number\\\":\\\"6\\\",\\\"due_date\\\":\\\"2025-04-05\\\",\\\"amount\\\":\\\"300.00\\\",\\\"status\\\":\\\"\\\\u062a\\\\u0645 \\\\u0627\\\\u0644\\\\u062f\\\\u0641\\\\u0639\\\",\\\"paid_at\\\":\\\"2025-07-11\\\",\\\"remaining\\\":0,\\\"created_at\\\":\\\"2025-07-10 18:04:11\\\",\\\"updated_at\\\":\\\"2025-07-11 08:19:47\\\",\\\"company_id\\\":2}\"', ' قام المستخدم  ابو نديتم دفع مبلغ 300 لهذا القسط.', NULL, NULL, 5, 5, 2, 'Mozilla/5.0 (Windows NT 10.0; Win64; x64) AppleWebKit/537.36 (KHTML, like Gecko) Chrome/137.0.0.0 Safari/537.36', '156.211.52.39', '/api/installment-payment/pay', NULL, '2025-07-11 08:19:47', '2025-07-11 08:19:47'),
(34, 'تعديل', 'App\\Models\\User', '5', '\"{\\\"id\\\":5,\\\"phone\\\":\\\"01070475028\\\",\\\"password\\\":\\\"$2y$12$Eb7Gi\\\\\\/94E9cobc3u9R\\\\\\/PFeqRyP2a0uyb7.09Jr79JLrf0KP8MjtTO\\\",\\\"email\\\":null,\\\"username\\\":null,\\\"nickname\\\":\\\"\\\\u0627\\\\u0628\\\\u0648 \\\\u0646\\\\u062f\\\\u064a\\\",\\\"full_name\\\":\\\"\\\\u0648\\\\u0627\\\\u0626\\\\u0644 \\\\u0645\\\\u062d\\\\u0645\\\\u062f \\\\u0627\\\\u062d\\\\u0645\\\\u062f\\\",\\\"position\\\":null,\\\"settings\\\":null,\\\"last_login_at\\\":null,\\\"email_verified_at\\\":null,\\\"balance\\\":\\\"0.00\\\",\\\"status\\\":\\\"1\\\",\\\"customer_type\\\":\\\"retail\\\",\\\"created_by\\\":1,\\\"company_id\\\":2,\\\"remember_token\\\":null,\\\"created_at\\\":\\\"2025-07-09T06:43:59.000000Z\\\",\\\"updated_at\\\":\\\"2025-07-09T20:31:45.000000Z\\\"}\"', '\"[]\"', 'قام المستخدم ابو ندي بتعديل زيادة الرصيد بقيمة 300 نتيجة دفع أقساط عن مستخدم آخر.', NULL, NULL, 5, 5, 2, 'Mozilla/5.0 (Windows NT 10.0; Win64; x64) AppleWebKit/537.36 (KHTML, like Gecko) Chrome/137.0.0.0 Safari/537.36', '156.211.52.39', '/api/installment-payment/pay', NULL, '2025-07-11 08:19:47', '2025-07-11 08:19:47'),
(35, 'انشاء', 'App\\Models\\Installment', '7', NULL, '\"{\\\"id\\\":7,\\\"installment_plan_id\\\":1,\\\"user_id\\\":7,\\\"created_by\\\":5,\\\"installment_number\\\":\\\"7\\\",\\\"due_date\\\":\\\"2025-05-05\\\",\\\"amount\\\":\\\"300.00\\\",\\\"status\\\":\\\"\\\\u062a\\\\u0645 \\\\u0627\\\\u0644\\\\u062f\\\\u0641\\\\u0639\\\",\\\"paid_at\\\":\\\"2025-07-11\\\",\\\"remaining\\\":0,\\\"created_at\\\":\\\"2025-07-10 18:04:11\\\",\\\"updated_at\\\":\\\"2025-07-11 08:20:22\\\",\\\"company_id\\\":2}\"', ' قام المستخدم  ابو نديتم دفع مبلغ 300 لهذا القسط.', NULL, NULL, 5, 5, 2, 'Mozilla/5.0 (Windows NT 10.0; Win64; x64) AppleWebKit/537.36 (KHTML, like Gecko) Chrome/137.0.0.0 Safari/537.36', '156.211.52.39', '/api/installment-payment/pay', NULL, '2025-07-11 08:20:22', '2025-07-11 08:20:22'),
(36, 'تعديل', 'App\\Models\\User', '5', '\"{\\\"id\\\":5,\\\"phone\\\":\\\"01070475028\\\",\\\"password\\\":\\\"$2y$12$Eb7Gi\\\\\\/94E9cobc3u9R\\\\\\/PFeqRyP2a0uyb7.09Jr79JLrf0KP8MjtTO\\\",\\\"email\\\":null,\\\"username\\\":null,\\\"nickname\\\":\\\"\\\\u0627\\\\u0628\\\\u0648 \\\\u0646\\\\u062f\\\\u064a\\\",\\\"full_name\\\":\\\"\\\\u0648\\\\u0627\\\\u0626\\\\u0644 \\\\u0645\\\\u062d\\\\u0645\\\\u062f \\\\u0627\\\\u062d\\\\u0645\\\\u062f\\\",\\\"position\\\":null,\\\"settings\\\":null,\\\"last_login_at\\\":null,\\\"email_verified_at\\\":null,\\\"balance\\\":\\\"0.00\\\",\\\"status\\\":\\\"1\\\",\\\"customer_type\\\":\\\"retail\\\",\\\"created_by\\\":1,\\\"company_id\\\":2,\\\"remember_token\\\":null,\\\"created_at\\\":\\\"2025-07-09T06:43:59.000000Z\\\",\\\"updated_at\\\":\\\"2025-07-09T20:31:45.000000Z\\\"}\"', '\"[]\"', 'قام المستخدم ابو ندي بتعديل زيادة الرصيد بقيمة 300 نتيجة دفع أقساط عن مستخدم آخر.', NULL, NULL, 5, 5, 2, 'Mozilla/5.0 (Windows NT 10.0; Win64; x64) AppleWebKit/537.36 (KHTML, like Gecko) Chrome/137.0.0.0 Safari/537.36', '156.211.52.39', '/api/installment-payment/pay', NULL, '2025-07-11 08:20:22', '2025-07-11 08:20:22'),
(37, 'انشاء', 'App\\Models\\Installment', '8', NULL, '\"{\\\"id\\\":8,\\\"installment_plan_id\\\":1,\\\"user_id\\\":7,\\\"created_by\\\":5,\\\"installment_number\\\":\\\"8\\\",\\\"due_date\\\":\\\"2025-06-05\\\",\\\"amount\\\":\\\"300.00\\\",\\\"status\\\":\\\"\\\\u062a\\\\u0645 \\\\u0627\\\\u0644\\\\u062f\\\\u0641\\\\u0639\\\",\\\"paid_at\\\":\\\"2025-07-11\\\",\\\"remaining\\\":0,\\\"created_at\\\":\\\"2025-07-10 18:04:11\\\",\\\"updated_at\\\":\\\"2025-07-11 08:20:41\\\",\\\"company_id\\\":2}\"', ' قام المستخدم  ابو نديتم دفع مبلغ 300 لهذا القسط.', NULL, NULL, 5, 5, 2, 'Mozilla/5.0 (Windows NT 10.0; Win64; x64) AppleWebKit/537.36 (KHTML, like Gecko) Chrome/137.0.0.0 Safari/537.36', '156.211.52.39', '/api/installment-payment/pay', NULL, '2025-07-11 08:20:41', '2025-07-11 08:20:41'),
(38, 'تعديل', 'App\\Models\\User', '5', '\"{\\\"id\\\":5,\\\"phone\\\":\\\"01070475028\\\",\\\"password\\\":\\\"$2y$12$Eb7Gi\\\\\\/94E9cobc3u9R\\\\\\/PFeqRyP2a0uyb7.09Jr79JLrf0KP8MjtTO\\\",\\\"email\\\":null,\\\"username\\\":null,\\\"nickname\\\":\\\"\\\\u0627\\\\u0628\\\\u0648 \\\\u0646\\\\u062f\\\\u064a\\\",\\\"full_name\\\":\\\"\\\\u0648\\\\u0627\\\\u0626\\\\u0644 \\\\u0645\\\\u062d\\\\u0645\\\\u062f \\\\u0627\\\\u062d\\\\u0645\\\\u062f\\\",\\\"position\\\":null,\\\"settings\\\":null,\\\"last_login_at\\\":null,\\\"email_verified_at\\\":null,\\\"balance\\\":\\\"0.00\\\",\\\"status\\\":\\\"1\\\",\\\"customer_type\\\":\\\"retail\\\",\\\"created_by\\\":1,\\\"company_id\\\":2,\\\"remember_token\\\":null,\\\"created_at\\\":\\\"2025-07-09T06:43:59.000000Z\\\",\\\"updated_at\\\":\\\"2025-07-09T20:31:45.000000Z\\\"}\"', '\"[]\"', 'قام المستخدم ابو ندي بتعديل زيادة الرصيد بقيمة 300 نتيجة دفع أقساط عن مستخدم آخر.', NULL, NULL, 5, 5, 2, 'Mozilla/5.0 (Windows NT 10.0; Win64; x64) AppleWebKit/537.36 (KHTML, like Gecko) Chrome/137.0.0.0 Safari/537.36', '156.211.52.39', '/api/installment-payment/pay', NULL, '2025-07-11 08:20:41', '2025-07-11 08:20:41'),
(39, 'انشاء', 'App\\Models\\Installment', '9', NULL, '\"{\\\"id\\\":9,\\\"installment_plan_id\\\":1,\\\"user_id\\\":7,\\\"created_by\\\":5,\\\"installment_number\\\":\\\"9\\\",\\\"due_date\\\":\\\"2025-07-05\\\",\\\"amount\\\":\\\"300.00\\\",\\\"status\\\":\\\"\\\\u062a\\\\u0645 \\\\u0627\\\\u0644\\\\u062f\\\\u0641\\\\u0639\\\",\\\"paid_at\\\":\\\"2025-07-11\\\",\\\"remaining\\\":0,\\\"created_at\\\":\\\"2025-07-10 18:04:11\\\",\\\"updated_at\\\":\\\"2025-07-11 08:20:57\\\",\\\"company_id\\\":2}\"', ' قام المستخدم  ابو نديتم دفع مبلغ 300 لهذا القسط.', NULL, NULL, 5, 5, 2, 'Mozilla/5.0 (Windows NT 10.0; Win64; x64) AppleWebKit/537.36 (KHTML, like Gecko) Chrome/137.0.0.0 Safari/537.36', '156.211.52.39', '/api/installment-payment/pay', NULL, '2025-07-11 08:20:57', '2025-07-11 08:20:57'),
(40, 'تعديل', 'App\\Models\\User', '5', '\"{\\\"id\\\":5,\\\"phone\\\":\\\"01070475028\\\",\\\"password\\\":\\\"$2y$12$Eb7Gi\\\\\\/94E9cobc3u9R\\\\\\/PFeqRyP2a0uyb7.09Jr79JLrf0KP8MjtTO\\\",\\\"email\\\":null,\\\"username\\\":null,\\\"nickname\\\":\\\"\\\\u0627\\\\u0628\\\\u0648 \\\\u0646\\\\u062f\\\\u064a\\\",\\\"full_name\\\":\\\"\\\\u0648\\\\u0627\\\\u0626\\\\u0644 \\\\u0645\\\\u062d\\\\u0645\\\\u062f \\\\u0627\\\\u062d\\\\u0645\\\\u062f\\\",\\\"position\\\":null,\\\"settings\\\":null,\\\"last_login_at\\\":null,\\\"email_verified_at\\\":null,\\\"balance\\\":\\\"0.00\\\",\\\"status\\\":\\\"1\\\",\\\"customer_type\\\":\\\"retail\\\",\\\"created_by\\\":1,\\\"company_id\\\":2,\\\"remember_token\\\":null,\\\"created_at\\\":\\\"2025-07-09T06:43:59.000000Z\\\",\\\"updated_at\\\":\\\"2025-07-09T20:31:45.000000Z\\\"}\"', '\"[]\"', 'قام المستخدم ابو ندي بتعديل زيادة الرصيد بقيمة 300 نتيجة دفع أقساط عن مستخدم آخر.', NULL, NULL, 5, 5, 2, 'Mozilla/5.0 (Windows NT 10.0; Win64; x64) AppleWebKit/537.36 (KHTML, like Gecko) Chrome/137.0.0.0 Safari/537.36', '156.211.52.39', '/api/installment-payment/pay', NULL, '2025-07-11 08:20:57', '2025-07-11 08:20:57'),
(41, 'انشاء', 'App\\Models\\User', '10', NULL, '\"{\\\"phone\\\":\\\"01033340622\\\",\\\"password\\\":\\\"$2y$12$\\\\\\/RZTbyAB5HWey454OJ6oZ.krgNMY4buu.6b\\\\\\/0LrlUk6EzzDJ5jXfS\\\",\\\"email\\\":null,\\\"full_name\\\":\\\"\\\\u0631\\\\u0636\\\\u0627 \\\\u0646\\\\u062c\\\\u0627\\\\u062d \\\\u0635\\\\u0642\\\\u0631\\\",\\\"nickname\\\":\\\"\\\\u0631\\\\u0636\\\\u0627 \\\\u0635\\\\u0642\\\\u0631\\\",\\\"username\\\":null,\\\"company_id\\\":2,\\\"customer_type\\\":\\\"retail\\\",\\\"created_by\\\":5,\\\"updated_at\\\":\\\"2025-07-11 08:35:15\\\",\\\"created_at\\\":\\\"2025-07-11 08:35:15\\\",\\\"id\\\":10}\"', ' قام المستخدم  ابو نديبانشاء المستخدم رضا صقر', NULL, NULL, 5, 5, 2, 'Mozilla/5.0 (Windows NT 10.0; Win64; x64) AppleWebKit/537.36 (KHTML, like Gecko) Chrome/137.0.0.0 Safari/537.36', '156.211.52.39', '/api/user', NULL, '2025-07-11 08:35:15', '2025-07-11 08:35:15'),
(42, 'انشاء', 'App\\Models\\Invoice', '2', NULL, '\"{\\\"invoice_type_id\\\":\\\"1\\\",\\\"invoice_type_code\\\":\\\"installment_sale\\\",\\\"due_date\\\":null,\\\"status\\\":\\\"confirmed\\\",\\\"user_id\\\":\\\"10\\\",\\\"gross_amount\\\":\\\"13000\\\",\\\"total_discount\\\":\\\"0\\\",\\\"net_amount\\\":\\\"13000\\\",\\\"paid_amount\\\":\\\"3800\\\",\\\"remaining_amount\\\":\\\"9200\\\",\\\"round_step\\\":null,\\\"company_id\\\":2,\\\"created_by\\\":5,\\\"invoice_number\\\":\\\"INS_SAL-250711-2-000002\\\",\\\"updated_at\\\":\\\"2025-07-11 09:12:31\\\",\\\"created_at\\\":\\\"2025-07-11 09:12:31\\\",\\\"id\\\":2}\"', ' قام المستخدم  ابو نديإنشاء فاتورة بيع بالتقسيط رقم INS_SAL-250711-2-000002', NULL, NULL, 5, 5, 2, 'Mozilla/5.0 (Windows NT 10.0; Win64; x64) AppleWebKit/537.36 (KHTML, like Gecko) Chrome/137.0.0.0 Safari/537.36', '156.211.52.39', '/api/invoice', NULL, '2025-07-11 09:12:31', '2025-07-11 09:12:31'),
(43, 'انشاء', 'App\\Models\\Invoice', '3', NULL, '\"{\\\"invoice_type_id\\\":\\\"1\\\",\\\"invoice_type_code\\\":\\\"installment_sale\\\",\\\"due_date\\\":null,\\\"status\\\":\\\"confirmed\\\",\\\"user_id\\\":\\\"10\\\",\\\"gross_amount\\\":\\\"13000\\\",\\\"total_discount\\\":\\\"0\\\",\\\"net_amount\\\":\\\"13000\\\",\\\"paid_amount\\\":\\\"3800\\\",\\\"remaining_amount\\\":\\\"9200\\\",\\\"round_step\\\":null,\\\"company_id\\\":2,\\\"created_by\\\":5,\\\"invoice_number\\\":\\\"INS_SAL-250711-2-000002\\\",\\\"updated_at\\\":\\\"2025-07-11 10:49:13\\\",\\\"created_at\\\":\\\"2025-07-11 10:49:13\\\",\\\"id\\\":3}\"', ' قام المستخدم  ابو نديإنشاء فاتورة بيع بالتقسيط رقم INS_SAL-250711-2-000002', NULL, NULL, 5, 5, 2, 'Mozilla/5.0 (Windows NT 10.0; Win64; x64) AppleWebKit/537.36 (KHTML, like Gecko) Chrome/137.0.0.0 Safari/537.36', '156.211.52.39', '/api/invoice', NULL, '2025-07-11 10:49:13', '2025-07-11 10:49:13'),
(44, 'انشاء', 'App\\Models\\Installment', '25', NULL, '\"{\\\"id\\\":25,\\\"installment_plan_id\\\":3,\\\"user_id\\\":10,\\\"created_by\\\":5,\\\"installment_number\\\":\\\"1\\\",\\\"due_date\\\":\\\"2024-11-01\\\",\\\"amount\\\":\\\"1000.00\\\",\\\"status\\\":\\\"\\\\u062a\\\\u0645 \\\\u0627\\\\u0644\\\\u062f\\\\u0641\\\\u0639\\\",\\\"paid_at\\\":\\\"2025-07-11\\\",\\\"remaining\\\":0,\\\"created_at\\\":\\\"2025-07-11 10:49:13\\\",\\\"updated_at\\\":\\\"2025-07-11 10:49:51\\\",\\\"company_id\\\":2}\"', ' قام المستخدم  ابو نديتم دفع مبلغ 1000 لهذا القسط.', NULL, NULL, 5, 5, 2, 'Mozilla/5.0 (Windows NT 10.0; Win64; x64) AppleWebKit/537.36 (KHTML, like Gecko) Chrome/137.0.0.0 Safari/537.36', '156.211.52.39', '/api/installment-payment/pay', NULL, '2025-07-11 10:49:51', '2025-07-11 10:49:51'),
(45, 'تعديل', 'App\\Models\\User', '5', '\"{\\\"id\\\":5,\\\"phone\\\":\\\"01070475028\\\",\\\"password\\\":\\\"$2y$12$Eb7Gi\\\\\\/94E9cobc3u9R\\\\\\/PFeqRyP2a0uyb7.09Jr79JLrf0KP8MjtTO\\\",\\\"email\\\":null,\\\"username\\\":null,\\\"nickname\\\":\\\"\\\\u0627\\\\u0628\\\\u0648 \\\\u0646\\\\u062f\\\\u064a\\\",\\\"full_name\\\":\\\"\\\\u0648\\\\u0627\\\\u0626\\\\u0644 \\\\u0645\\\\u062d\\\\u0645\\\\u062f \\\\u0627\\\\u062d\\\\u0645\\\\u062f\\\",\\\"position\\\":null,\\\"settings\\\":null,\\\"last_login_at\\\":null,\\\"email_verified_at\\\":null,\\\"balance\\\":\\\"0.00\\\",\\\"status\\\":\\\"1\\\",\\\"customer_type\\\":\\\"retail\\\",\\\"created_by\\\":1,\\\"company_id\\\":2,\\\"remember_token\\\":null,\\\"created_at\\\":\\\"2025-07-09T06:43:59.000000Z\\\",\\\"updated_at\\\":\\\"2025-07-09T20:31:45.000000Z\\\"}\"', '\"[]\"', 'قام المستخدم ابو ندي بتعديل زيادة الرصيد بقيمة 1000 نتيجة دفع أقساط عن مستخدم آخر.', NULL, NULL, 5, 5, 2, 'Mozilla/5.0 (Windows NT 10.0; Win64; x64) AppleWebKit/537.36 (KHTML, like Gecko) Chrome/137.0.0.0 Safari/537.36', '156.211.52.39', '/api/installment-payment/pay', NULL, '2025-07-11 10:49:51', '2025-07-11 10:49:51'),
(46, 'انشاء', 'App\\Models\\Installment', '26', NULL, '\"{\\\"id\\\":26,\\\"installment_plan_id\\\":3,\\\"user_id\\\":10,\\\"created_by\\\":5,\\\"installment_number\\\":\\\"2\\\",\\\"due_date\\\":\\\"2024-12-01\\\",\\\"amount\\\":\\\"1000.00\\\",\\\"status\\\":\\\"\\\\u062a\\\\u0645 \\\\u0627\\\\u0644\\\\u062f\\\\u0641\\\\u0639\\\",\\\"paid_at\\\":\\\"2025-07-11\\\",\\\"remaining\\\":0,\\\"created_at\\\":\\\"2025-07-11 10:49:13\\\",\\\"updated_at\\\":\\\"2025-07-11 10:51:02\\\",\\\"company_id\\\":2}\"', ' قام المستخدم  ابو نديتم دفع مبلغ 1000 لهذا القسط.', NULL, NULL, 5, 5, 2, 'Mozilla/5.0 (Windows NT 10.0; Win64; x64) AppleWebKit/537.36 (KHTML, like Gecko) Chrome/137.0.0.0 Safari/537.36', '156.211.52.39', '/api/installment-payment/pay', NULL, '2025-07-11 10:51:02', '2025-07-11 10:51:02'),
(47, 'تعديل', 'App\\Models\\User', '5', '\"{\\\"id\\\":5,\\\"phone\\\":\\\"01070475028\\\",\\\"password\\\":\\\"$2y$12$Eb7Gi\\\\\\/94E9cobc3u9R\\\\\\/PFeqRyP2a0uyb7.09Jr79JLrf0KP8MjtTO\\\",\\\"email\\\":null,\\\"username\\\":null,\\\"nickname\\\":\\\"\\\\u0627\\\\u0628\\\\u0648 \\\\u0646\\\\u062f\\\\u064a\\\",\\\"full_name\\\":\\\"\\\\u0648\\\\u0627\\\\u0626\\\\u0644 \\\\u0645\\\\u062d\\\\u0645\\\\u062f \\\\u0627\\\\u062d\\\\u0645\\\\u062f\\\",\\\"position\\\":null,\\\"settings\\\":null,\\\"last_login_at\\\":null,\\\"email_verified_at\\\":null,\\\"balance\\\":\\\"0.00\\\",\\\"status\\\":\\\"1\\\",\\\"customer_type\\\":\\\"retail\\\",\\\"created_by\\\":1,\\\"company_id\\\":2,\\\"remember_token\\\":null,\\\"created_at\\\":\\\"2025-07-09T06:43:59.000000Z\\\",\\\"updated_at\\\":\\\"2025-07-09T20:31:45.000000Z\\\"}\"', '\"[]\"', 'قام المستخدم ابو ندي بتعديل زيادة الرصيد بقيمة 1000 نتيجة دفع أقساط عن مستخدم آخر.', NULL, NULL, 5, 5, 2, 'Mozilla/5.0 (Windows NT 10.0; Win64; x64) AppleWebKit/537.36 (KHTML, like Gecko) Chrome/137.0.0.0 Safari/537.36', '156.211.52.39', '/api/installment-payment/pay', NULL, '2025-07-11 10:51:02', '2025-07-11 10:51:02'),
(48, 'انشاء', 'App\\Models\\Installment', '27', NULL, '\"{\\\"id\\\":27,\\\"installment_plan_id\\\":3,\\\"user_id\\\":10,\\\"created_by\\\":5,\\\"installment_number\\\":\\\"3\\\",\\\"due_date\\\":\\\"2025-01-01\\\",\\\"amount\\\":\\\"1000.00\\\",\\\"status\\\":\\\"\\\\u062a\\\\u0645 \\\\u0627\\\\u0644\\\\u062f\\\\u0641\\\\u0639\\\",\\\"paid_at\\\":\\\"2025-07-11\\\",\\\"remaining\\\":0,\\\"created_at\\\":\\\"2025-07-11 10:49:13\\\",\\\"updated_at\\\":\\\"2025-07-11 10:51:14\\\",\\\"company_id\\\":2}\"', ' قام المستخدم  ابو نديتم دفع مبلغ 1000 لهذا القسط.', NULL, NULL, 5, 5, 2, 'Mozilla/5.0 (Windows NT 10.0; Win64; x64) AppleWebKit/537.36 (KHTML, like Gecko) Chrome/137.0.0.0 Safari/537.36', '156.211.52.39', '/api/installment-payment/pay', NULL, '2025-07-11 10:51:14', '2025-07-11 10:51:14'),
(49, 'تعديل', 'App\\Models\\User', '5', '\"{\\\"id\\\":5,\\\"phone\\\":\\\"01070475028\\\",\\\"password\\\":\\\"$2y$12$Eb7Gi\\\\\\/94E9cobc3u9R\\\\\\/PFeqRyP2a0uyb7.09Jr79JLrf0KP8MjtTO\\\",\\\"email\\\":null,\\\"username\\\":null,\\\"nickname\\\":\\\"\\\\u0627\\\\u0628\\\\u0648 \\\\u0646\\\\u062f\\\\u064a\\\",\\\"full_name\\\":\\\"\\\\u0648\\\\u0627\\\\u0626\\\\u0644 \\\\u0645\\\\u062d\\\\u0645\\\\u062f \\\\u0627\\\\u062d\\\\u0645\\\\u062f\\\",\\\"position\\\":null,\\\"settings\\\":null,\\\"last_login_at\\\":null,\\\"email_verified_at\\\":null,\\\"balance\\\":\\\"0.00\\\",\\\"status\\\":\\\"1\\\",\\\"customer_type\\\":\\\"retail\\\",\\\"created_by\\\":1,\\\"company_id\\\":2,\\\"remember_token\\\":null,\\\"created_at\\\":\\\"2025-07-09T06:43:59.000000Z\\\",\\\"updated_at\\\":\\\"2025-07-09T20:31:45.000000Z\\\"}\"', '\"[]\"', 'قام المستخدم ابو ندي بتعديل زيادة الرصيد بقيمة 1000 نتيجة دفع أقساط عن مستخدم آخر.', NULL, NULL, 5, 5, 2, 'Mozilla/5.0 (Windows NT 10.0; Win64; x64) AppleWebKit/537.36 (KHTML, like Gecko) Chrome/137.0.0.0 Safari/537.36', '156.211.52.39', '/api/installment-payment/pay', NULL, '2025-07-11 10:51:14', '2025-07-11 10:51:14'),
(50, 'انشاء', 'App\\Models\\Installment', '28', NULL, '\"{\\\"id\\\":28,\\\"installment_plan_id\\\":3,\\\"user_id\\\":10,\\\"created_by\\\":5,\\\"installment_number\\\":\\\"4\\\",\\\"due_date\\\":\\\"2025-02-01\\\",\\\"amount\\\":\\\"1000.00\\\",\\\"status\\\":\\\"\\\\u062a\\\\u0645 \\\\u0627\\\\u0644\\\\u062f\\\\u0641\\\\u0639\\\",\\\"paid_at\\\":\\\"2025-07-11\\\",\\\"remaining\\\":0,\\\"created_at\\\":\\\"2025-07-11 10:49:13\\\",\\\"updated_at\\\":\\\"2025-07-11 10:51:24\\\",\\\"company_id\\\":2}\"', ' قام المستخدم  ابو نديتم دفع مبلغ 1000 لهذا القسط.', NULL, NULL, 5, 5, 2, 'Mozilla/5.0 (Windows NT 10.0; Win64; x64) AppleWebKit/537.36 (KHTML, like Gecko) Chrome/137.0.0.0 Safari/537.36', '156.211.52.39', '/api/installment-payment/pay', NULL, '2025-07-11 10:51:24', '2025-07-11 10:51:24');
INSERT INTO `activity_logs` (`id`, `action`, `model`, `row_id`, `data_old`, `data_new`, `description`, `old_values`, `new_values`, `user_id`, `created_by`, `company_id`, `user_agent`, `ip_address`, `url`, `metadata`, `created_at`, `updated_at`) VALUES
(51, 'تعديل', 'App\\Models\\User', '5', '\"{\\\"id\\\":5,\\\"phone\\\":\\\"01070475028\\\",\\\"password\\\":\\\"$2y$12$Eb7Gi\\\\\\/94E9cobc3u9R\\\\\\/PFeqRyP2a0uyb7.09Jr79JLrf0KP8MjtTO\\\",\\\"email\\\":null,\\\"username\\\":null,\\\"nickname\\\":\\\"\\\\u0627\\\\u0628\\\\u0648 \\\\u0646\\\\u062f\\\\u064a\\\",\\\"full_name\\\":\\\"\\\\u0648\\\\u0627\\\\u0626\\\\u0644 \\\\u0645\\\\u062d\\\\u0645\\\\u062f \\\\u0627\\\\u062d\\\\u0645\\\\u062f\\\",\\\"position\\\":null,\\\"settings\\\":null,\\\"last_login_at\\\":null,\\\"email_verified_at\\\":null,\\\"balance\\\":\\\"0.00\\\",\\\"status\\\":\\\"1\\\",\\\"customer_type\\\":\\\"retail\\\",\\\"created_by\\\":1,\\\"company_id\\\":2,\\\"remember_token\\\":null,\\\"created_at\\\":\\\"2025-07-09T06:43:59.000000Z\\\",\\\"updated_at\\\":\\\"2025-07-09T20:31:45.000000Z\\\"}\"', '\"[]\"', 'قام المستخدم ابو ندي بتعديل زيادة الرصيد بقيمة 1000 نتيجة دفع أقساط عن مستخدم آخر.', NULL, NULL, 5, 5, 2, 'Mozilla/5.0 (Windows NT 10.0; Win64; x64) AppleWebKit/537.36 (KHTML, like Gecko) Chrome/137.0.0.0 Safari/537.36', '156.211.52.39', '/api/installment-payment/pay', NULL, '2025-07-11 10:51:24', '2025-07-11 10:51:24'),
(52, 'انشاء', 'App\\Models\\Installment', '29', NULL, '\"{\\\"id\\\":29,\\\"installment_plan_id\\\":3,\\\"user_id\\\":10,\\\"created_by\\\":5,\\\"installment_number\\\":\\\"5\\\",\\\"due_date\\\":\\\"2025-03-01\\\",\\\"amount\\\":\\\"1000.00\\\",\\\"status\\\":\\\"\\\\u062a\\\\u0645 \\\\u0627\\\\u0644\\\\u062f\\\\u0641\\\\u0639\\\",\\\"paid_at\\\":\\\"2025-07-11\\\",\\\"remaining\\\":0,\\\"created_at\\\":\\\"2025-07-11 10:49:13\\\",\\\"updated_at\\\":\\\"2025-07-11 10:51:36\\\",\\\"company_id\\\":2}\"', ' قام المستخدم  ابو نديتم دفع مبلغ 1000 لهذا القسط.', NULL, NULL, 5, 5, 2, 'Mozilla/5.0 (Windows NT 10.0; Win64; x64) AppleWebKit/537.36 (KHTML, like Gecko) Chrome/137.0.0.0 Safari/537.36', '156.211.52.39', '/api/installment-payment/pay', NULL, '2025-07-11 10:51:36', '2025-07-11 10:51:36'),
(53, 'تعديل', 'App\\Models\\User', '5', '\"{\\\"id\\\":5,\\\"phone\\\":\\\"01070475028\\\",\\\"password\\\":\\\"$2y$12$Eb7Gi\\\\\\/94E9cobc3u9R\\\\\\/PFeqRyP2a0uyb7.09Jr79JLrf0KP8MjtTO\\\",\\\"email\\\":null,\\\"username\\\":null,\\\"nickname\\\":\\\"\\\\u0627\\\\u0628\\\\u0648 \\\\u0646\\\\u062f\\\\u064a\\\",\\\"full_name\\\":\\\"\\\\u0648\\\\u0627\\\\u0626\\\\u0644 \\\\u0645\\\\u062d\\\\u0645\\\\u062f \\\\u0627\\\\u062d\\\\u0645\\\\u062f\\\",\\\"position\\\":null,\\\"settings\\\":null,\\\"last_login_at\\\":null,\\\"email_verified_at\\\":null,\\\"balance\\\":\\\"0.00\\\",\\\"status\\\":\\\"1\\\",\\\"customer_type\\\":\\\"retail\\\",\\\"created_by\\\":1,\\\"company_id\\\":2,\\\"remember_token\\\":null,\\\"created_at\\\":\\\"2025-07-09T06:43:59.000000Z\\\",\\\"updated_at\\\":\\\"2025-07-09T20:31:45.000000Z\\\"}\"', '\"[]\"', 'قام المستخدم ابو ندي بتعديل زيادة الرصيد بقيمة 1000 نتيجة دفع أقساط عن مستخدم آخر.', NULL, NULL, 5, 5, 2, 'Mozilla/5.0 (Windows NT 10.0; Win64; x64) AppleWebKit/537.36 (KHTML, like Gecko) Chrome/137.0.0.0 Safari/537.36', '156.211.52.39', '/api/installment-payment/pay', NULL, '2025-07-11 10:51:36', '2025-07-11 10:51:36'),
(54, 'انشاء', 'App\\Models\\Installment', '30', NULL, '\"{\\\"id\\\":30,\\\"installment_plan_id\\\":3,\\\"user_id\\\":10,\\\"created_by\\\":5,\\\"installment_number\\\":\\\"6\\\",\\\"due_date\\\":\\\"2025-04-01\\\",\\\"amount\\\":\\\"1000.00\\\",\\\"status\\\":\\\"\\\\u062a\\\\u0645 \\\\u0627\\\\u0644\\\\u062f\\\\u0641\\\\u0639\\\",\\\"paid_at\\\":\\\"2025-07-11\\\",\\\"remaining\\\":0,\\\"created_at\\\":\\\"2025-07-11 10:49:13\\\",\\\"updated_at\\\":\\\"2025-07-11 10:51:49\\\",\\\"company_id\\\":2}\"', ' قام المستخدم  ابو نديتم دفع مبلغ 1000 لهذا القسط.', NULL, NULL, 5, 5, 2, 'Mozilla/5.0 (Windows NT 10.0; Win64; x64) AppleWebKit/537.36 (KHTML, like Gecko) Chrome/137.0.0.0 Safari/537.36', '156.211.52.39', '/api/installment-payment/pay', NULL, '2025-07-11 10:51:49', '2025-07-11 10:51:49'),
(55, 'تعديل', 'App\\Models\\User', '5', '\"{\\\"id\\\":5,\\\"phone\\\":\\\"01070475028\\\",\\\"password\\\":\\\"$2y$12$Eb7Gi\\\\\\/94E9cobc3u9R\\\\\\/PFeqRyP2a0uyb7.09Jr79JLrf0KP8MjtTO\\\",\\\"email\\\":null,\\\"username\\\":null,\\\"nickname\\\":\\\"\\\\u0627\\\\u0628\\\\u0648 \\\\u0646\\\\u062f\\\\u064a\\\",\\\"full_name\\\":\\\"\\\\u0648\\\\u0627\\\\u0626\\\\u0644 \\\\u0645\\\\u062d\\\\u0645\\\\u062f \\\\u0627\\\\u062d\\\\u0645\\\\u062f\\\",\\\"position\\\":null,\\\"settings\\\":null,\\\"last_login_at\\\":null,\\\"email_verified_at\\\":null,\\\"balance\\\":\\\"0.00\\\",\\\"status\\\":\\\"1\\\",\\\"customer_type\\\":\\\"retail\\\",\\\"created_by\\\":1,\\\"company_id\\\":2,\\\"remember_token\\\":null,\\\"created_at\\\":\\\"2025-07-09T06:43:59.000000Z\\\",\\\"updated_at\\\":\\\"2025-07-09T20:31:45.000000Z\\\"}\"', '\"[]\"', 'قام المستخدم ابو ندي بتعديل زيادة الرصيد بقيمة 1000 نتيجة دفع أقساط عن مستخدم آخر.', NULL, NULL, 5, 5, 2, 'Mozilla/5.0 (Windows NT 10.0; Win64; x64) AppleWebKit/537.36 (KHTML, like Gecko) Chrome/137.0.0.0 Safari/537.36', '156.211.52.39', '/api/installment-payment/pay', NULL, '2025-07-11 10:51:49', '2025-07-11 10:51:49'),
(56, 'انشاء', 'App\\Models\\Installment', '31', NULL, '\"{\\\"id\\\":31,\\\"installment_plan_id\\\":3,\\\"user_id\\\":10,\\\"created_by\\\":5,\\\"installment_number\\\":\\\"7\\\",\\\"due_date\\\":\\\"2025-05-01\\\",\\\"amount\\\":\\\"1000.00\\\",\\\"status\\\":\\\"\\\\u062a\\\\u0645 \\\\u0627\\\\u0644\\\\u062f\\\\u0641\\\\u0639\\\",\\\"paid_at\\\":\\\"2025-07-11\\\",\\\"remaining\\\":0,\\\"created_at\\\":\\\"2025-07-11 10:49:13\\\",\\\"updated_at\\\":\\\"2025-07-11 10:51:59\\\",\\\"company_id\\\":2}\"', ' قام المستخدم  ابو نديتم دفع مبلغ 1000 لهذا القسط.', NULL, NULL, 5, 5, 2, 'Mozilla/5.0 (Windows NT 10.0; Win64; x64) AppleWebKit/537.36 (KHTML, like Gecko) Chrome/137.0.0.0 Safari/537.36', '156.211.52.39', '/api/installment-payment/pay', NULL, '2025-07-11 10:51:59', '2025-07-11 10:51:59'),
(57, 'تعديل', 'App\\Models\\User', '5', '\"{\\\"id\\\":5,\\\"phone\\\":\\\"01070475028\\\",\\\"password\\\":\\\"$2y$12$Eb7Gi\\\\\\/94E9cobc3u9R\\\\\\/PFeqRyP2a0uyb7.09Jr79JLrf0KP8MjtTO\\\",\\\"email\\\":null,\\\"username\\\":null,\\\"nickname\\\":\\\"\\\\u0627\\\\u0628\\\\u0648 \\\\u0646\\\\u062f\\\\u064a\\\",\\\"full_name\\\":\\\"\\\\u0648\\\\u0627\\\\u0626\\\\u0644 \\\\u0645\\\\u062d\\\\u0645\\\\u062f \\\\u0627\\\\u062d\\\\u0645\\\\u062f\\\",\\\"position\\\":null,\\\"settings\\\":null,\\\"last_login_at\\\":null,\\\"email_verified_at\\\":null,\\\"balance\\\":\\\"0.00\\\",\\\"status\\\":\\\"1\\\",\\\"customer_type\\\":\\\"retail\\\",\\\"created_by\\\":1,\\\"company_id\\\":2,\\\"remember_token\\\":null,\\\"created_at\\\":\\\"2025-07-09T06:43:59.000000Z\\\",\\\"updated_at\\\":\\\"2025-07-09T20:31:45.000000Z\\\"}\"', '\"[]\"', 'قام المستخدم ابو ندي بتعديل زيادة الرصيد بقيمة 1000 نتيجة دفع أقساط عن مستخدم آخر.', NULL, NULL, 5, 5, 2, 'Mozilla/5.0 (Windows NT 10.0; Win64; x64) AppleWebKit/537.36 (KHTML, like Gecko) Chrome/137.0.0.0 Safari/537.36', '156.211.52.39', '/api/installment-payment/pay', NULL, '2025-07-11 10:51:59', '2025-07-11 10:51:59'),
(58, 'انشاء', 'App\\Models\\Installment', '32', NULL, '\"{\\\"id\\\":32,\\\"installment_plan_id\\\":3,\\\"user_id\\\":10,\\\"created_by\\\":5,\\\"installment_number\\\":\\\"8\\\",\\\"due_date\\\":\\\"2025-06-01\\\",\\\"amount\\\":\\\"1000.00\\\",\\\"status\\\":\\\"\\\\u062a\\\\u0645 \\\\u0627\\\\u0644\\\\u062f\\\\u0641\\\\u0639\\\",\\\"paid_at\\\":\\\"2025-07-11\\\",\\\"remaining\\\":0,\\\"created_at\\\":\\\"2025-07-11 10:49:13\\\",\\\"updated_at\\\":\\\"2025-07-11 10:52:13\\\",\\\"company_id\\\":2}\"', ' قام المستخدم  ابو نديتم دفع مبلغ 1000 لهذا القسط.', NULL, NULL, 5, 5, 2, 'Mozilla/5.0 (Windows NT 10.0; Win64; x64) AppleWebKit/537.36 (KHTML, like Gecko) Chrome/137.0.0.0 Safari/537.36', '156.211.52.39', '/api/installment-payment/pay', NULL, '2025-07-11 10:52:13', '2025-07-11 10:52:13'),
(59, 'تعديل', 'App\\Models\\User', '5', '\"{\\\"id\\\":5,\\\"phone\\\":\\\"01070475028\\\",\\\"password\\\":\\\"$2y$12$Eb7Gi\\\\\\/94E9cobc3u9R\\\\\\/PFeqRyP2a0uyb7.09Jr79JLrf0KP8MjtTO\\\",\\\"email\\\":null,\\\"username\\\":null,\\\"nickname\\\":\\\"\\\\u0627\\\\u0628\\\\u0648 \\\\u0646\\\\u062f\\\\u064a\\\",\\\"full_name\\\":\\\"\\\\u0648\\\\u0627\\\\u0626\\\\u0644 \\\\u0645\\\\u062d\\\\u0645\\\\u062f \\\\u0627\\\\u062d\\\\u0645\\\\u062f\\\",\\\"position\\\":null,\\\"settings\\\":null,\\\"last_login_at\\\":null,\\\"email_verified_at\\\":null,\\\"balance\\\":\\\"0.00\\\",\\\"status\\\":\\\"1\\\",\\\"customer_type\\\":\\\"retail\\\",\\\"created_by\\\":1,\\\"company_id\\\":2,\\\"remember_token\\\":null,\\\"created_at\\\":\\\"2025-07-09T06:43:59.000000Z\\\",\\\"updated_at\\\":\\\"2025-07-09T20:31:45.000000Z\\\"}\"', '\"[]\"', 'قام المستخدم ابو ندي بتعديل زيادة الرصيد بقيمة 1000 نتيجة دفع أقساط عن مستخدم آخر.', NULL, NULL, 5, 5, 2, 'Mozilla/5.0 (Windows NT 10.0; Win64; x64) AppleWebKit/537.36 (KHTML, like Gecko) Chrome/137.0.0.0 Safari/537.36', '156.211.52.39', '/api/installment-payment/pay', NULL, '2025-07-11 10:52:13', '2025-07-11 10:52:13'),
(60, 'انشاء', 'App\\Models\\Installment', '33', NULL, '\"{\\\"id\\\":33,\\\"installment_plan_id\\\":3,\\\"user_id\\\":10,\\\"created_by\\\":5,\\\"installment_number\\\":\\\"9\\\",\\\"due_date\\\":\\\"2025-07-01\\\",\\\"amount\\\":\\\"1000.00\\\",\\\"status\\\":\\\"\\\\u062a\\\\u0645 \\\\u0627\\\\u0644\\\\u062f\\\\u0641\\\\u0639\\\",\\\"paid_at\\\":\\\"2025-07-11\\\",\\\"remaining\\\":0,\\\"created_at\\\":\\\"2025-07-11 10:49:13\\\",\\\"updated_at\\\":\\\"2025-07-11 10:52:27\\\",\\\"company_id\\\":2}\"', ' قام المستخدم  ابو نديتم دفع مبلغ 1000 لهذا القسط.', NULL, NULL, 5, 5, 2, 'Mozilla/5.0 (Windows NT 10.0; Win64; x64) AppleWebKit/537.36 (KHTML, like Gecko) Chrome/137.0.0.0 Safari/537.36', '156.211.52.39', '/api/installment-payment/pay', NULL, '2025-07-11 10:52:27', '2025-07-11 10:52:27'),
(61, 'تعديل', 'App\\Models\\User', '5', '\"{\\\"id\\\":5,\\\"phone\\\":\\\"01070475028\\\",\\\"password\\\":\\\"$2y$12$Eb7Gi\\\\\\/94E9cobc3u9R\\\\\\/PFeqRyP2a0uyb7.09Jr79JLrf0KP8MjtTO\\\",\\\"email\\\":null,\\\"username\\\":null,\\\"nickname\\\":\\\"\\\\u0627\\\\u0628\\\\u0648 \\\\u0646\\\\u062f\\\\u064a\\\",\\\"full_name\\\":\\\"\\\\u0648\\\\u0627\\\\u0626\\\\u0644 \\\\u0645\\\\u062d\\\\u0645\\\\u062f \\\\u0627\\\\u062d\\\\u0645\\\\u062f\\\",\\\"position\\\":null,\\\"settings\\\":null,\\\"last_login_at\\\":null,\\\"email_verified_at\\\":null,\\\"balance\\\":\\\"0.00\\\",\\\"status\\\":\\\"1\\\",\\\"customer_type\\\":\\\"retail\\\",\\\"created_by\\\":1,\\\"company_id\\\":2,\\\"remember_token\\\":null,\\\"created_at\\\":\\\"2025-07-09T06:43:59.000000Z\\\",\\\"updated_at\\\":\\\"2025-07-09T20:31:45.000000Z\\\"}\"', '\"[]\"', 'قام المستخدم ابو ندي بتعديل زيادة الرصيد بقيمة 1000 نتيجة دفع أقساط عن مستخدم آخر.', NULL, NULL, 5, 5, 2, 'Mozilla/5.0 (Windows NT 10.0; Win64; x64) AppleWebKit/537.36 (KHTML, like Gecko) Chrome/137.0.0.0 Safari/537.36', '156.211.52.39', '/api/installment-payment/pay', NULL, '2025-07-11 10:52:27', '2025-07-11 10:52:27'),
(62, 'تعديل', 'App\\Models\\Company', '1', '\"{\\\"id\\\":1,\\\"name\\\":\\\"\\\\u0627\\\\u0644\\\\u0634\\\\u0631\\\\u0643\\\\u0629 \\\\u0627\\\\u0644\\\\u0627\\\\u0641\\\\u062a\\\\u0631\\\\u0627\\\\u0636\\\\u064a\\\\u0629\\\",\\\"description\\\":null,\\\"field\\\":\\\"\\\\u0627\\\\u0644\\\\u0627\\\\u0641\\\\u062a\\\\u0631\\\\u0627\\\\u0636\\\\u064a\\\\u0629\\\",\\\"owner_name\\\":\\\"System Owner\\\",\\\"address\\\":\\\"\\\\u0627\\\\u0644\\\\u0635\\\\u0627\\\\u0644\\\\u062d\\\\u064a\\\\u0647 \\\\u0627\\\\u0644\\\\u062c\\\\u062f\\\\u064a\\\\u062f\\\\u0647\\\\\\/\\\\u0627\\\\u0644\\\\u0643\\\\u0648\\\\u062b\\\\u0631 \\\\\\/\\\\u063410\\\",\\\"phone\\\":null,\\\"email\\\":\\\"atssh.phone@gmail.com\\\",\\\"created_by\\\":null,\\\"company_id\\\":null,\\\"created_at\\\":\\\"2025-07-09T06:15:49.000000Z\\\",\\\"updated_at\\\":\\\"2025-07-09T20:29:41.000000Z\\\"}\"', '\"[]\"', 'قام المستخدم System Owner بتعديل الشركة الشركة الافتراضية', NULL, NULL, 1, 1, 1, 'Mozilla/5.0 (Windows NT 10.0; Win64; x64) AppleWebKit/537.36 (KHTML, like Gecko) Chrome/135.0.0.0 Safari/537.36', '156.211.52.39', '/api/company/1', NULL, '2025-07-11 11:01:14', '2025-07-11 11:01:14'),
(63, 'تعديل', 'App\\Models\\Company', '1', '\"{\\\"id\\\":1,\\\"name\\\":\\\"\\\\u0627\\\\u0644\\\\u0634\\\\u0631\\\\u0643\\\\u0629 \\\\u0627\\\\u0644\\\\u0627\\\\u0641\\\\u062a\\\\u0631\\\\u0627\\\\u0636\\\\u064a\\\\u0629\\\",\\\"description\\\":null,\\\"field\\\":\\\"\\\\u0627\\\\u0644\\\\u0627\\\\u0641\\\\u062a\\\\u0631\\\\u0627\\\\u0636\\\\u064a\\\\u0629\\\",\\\"owner_name\\\":\\\"System Owner\\\",\\\"address\\\":\\\"\\\\u0627\\\\u0644\\\\u0635\\\\u0627\\\\u0644\\\\u062d\\\\u064a\\\\u0647 \\\\u0627\\\\u0644\\\\u062c\\\\u062f\\\\u064a\\\\u062f\\\\u0647\\\\\\/\\\\u0627\\\\u0644\\\\u0643\\\\u0648\\\\u062b\\\\u0631 \\\\\\/\\\\u063410\\\",\\\"phone\\\":null,\\\"email\\\":\\\"atssh.phone@gmail.com\\\",\\\"created_by\\\":null,\\\"company_id\\\":null,\\\"created_at\\\":\\\"2025-07-09T06:15:49.000000Z\\\",\\\"updated_at\\\":\\\"2025-07-09T20:29:41.000000Z\\\"}\"', '\"[]\"', 'قام المستخدم System Owner بتعديل الشركة الشركة الافتراضية', NULL, NULL, 1, 1, 1, 'Mozilla/5.0 (Windows NT 10.0; Win64; x64) AppleWebKit/537.36 (KHTML, like Gecko) Chrome/135.0.0.0 Safari/537.36', '156.211.52.39', '/api/company/1', NULL, '2025-07-11 11:01:31', '2025-07-11 11:01:31'),
(64, 'تعديل', 'App\\Models\\Company', '1', '\"{\\\"id\\\":1,\\\"name\\\":\\\"\\\\u0627\\\\u0644\\\\u0634\\\\u0631\\\\u0643\\\\u0629 \\\\u0627\\\\u0644\\\\u0627\\\\u0641\\\\u062a\\\\u0631\\\\u0627\\\\u0636\\\\u064a\\\\u0629\\\",\\\"description\\\":null,\\\"field\\\":\\\"\\\\u0627\\\\u0644\\\\u0627\\\\u0641\\\\u062a\\\\u0631\\\\u0627\\\\u0636\\\\u064a\\\\u0629\\\",\\\"owner_name\\\":\\\"System Owner\\\",\\\"address\\\":\\\"\\\\u0627\\\\u0644\\\\u0635\\\\u0627\\\\u0644\\\\u062d\\\\u064a\\\\u0647 \\\\u0627\\\\u0644\\\\u062c\\\\u062f\\\\u064a\\\\u062f\\\\u0647\\\\\\/\\\\u0627\\\\u0644\\\\u0643\\\\u0648\\\\u062b\\\\u0631 \\\\\\/\\\\u063410\\\",\\\"phone\\\":null,\\\"email\\\":\\\"atssh.phone@gmail.com\\\",\\\"created_by\\\":null,\\\"company_id\\\":null,\\\"created_at\\\":\\\"2025-07-09T06:15:49.000000Z\\\",\\\"updated_at\\\":\\\"2025-07-09T20:29:41.000000Z\\\"}\"', '\"[]\"', 'قام المستخدم System Owner بتعديل الشركة الشركة الافتراضية', NULL, NULL, 1, 1, 1, 'Mozilla/5.0 (Windows NT 10.0; Win64; x64) AppleWebKit/537.36 (KHTML, like Gecko) Chrome/135.0.0.0 Safari/537.36', '156.211.52.39', '/api/company/1', NULL, '2025-07-11 11:17:07', '2025-07-11 11:17:07'),
(65, 'انشاء', 'App\\Models\\User', '11', NULL, '\"{\\\"phone\\\":\\\"01032446744\\\",\\\"password\\\":\\\"$2y$12$73afvwgHHKGkYTNlAyc5H.WFWK60.5HRhv2bEZdWy0H5M4wz\\\\\\/cJg.\\\",\\\"email\\\":null,\\\"full_name\\\":\\\"\\\\u0627\\\\u0645 \\\\u0645\\\\u062d\\\\u0645\\\\u062f \\\\u0628\\\\u064a\\\\u062a \\\\u0639\\\\u0645\\\\u064a \\\\u0627\\\\u0644\\\\u0633\\\\u064a\\\\u062f\\\",\\\"nickname\\\":\\\"\\\\u0627\\\\u0645 \\\\u0645\\\\u062d\\\\u0645\\\\u062f\\\",\\\"username\\\":null,\\\"company_id\\\":2,\\\"customer_type\\\":\\\"retail\\\",\\\"created_by\\\":5,\\\"updated_at\\\":\\\"2025-07-11 11:27:30\\\",\\\"created_at\\\":\\\"2025-07-11 11:27:30\\\",\\\"id\\\":11}\"', ' قام المستخدم  ابو نديبانشاء المستخدم ام محمد', NULL, NULL, 5, 5, 2, 'Mozilla/5.0 (Windows NT 10.0; Win64; x64) AppleWebKit/537.36 (KHTML, like Gecko) Chrome/137.0.0.0 Safari/537.36', '156.211.52.39', '/api/user', NULL, '2025-07-11 11:27:30', '2025-07-11 11:27:30'),
(66, 'انشاء', 'App\\Models\\Invoice', '4', NULL, '\"{\\\"invoice_type_id\\\":1,\\\"invoice_type_code\\\":\\\"installment_sale\\\",\\\"due_date\\\":null,\\\"status\\\":\\\"confirmed\\\",\\\"user_id\\\":11,\\\"gross_amount\\\":5600,\\\"total_discount\\\":0,\\\"net_amount\\\":5600,\\\"paid_amount\\\":1350,\\\"remaining_amount\\\":4250,\\\"round_step\\\":null,\\\"company_id\\\":2,\\\"created_by\\\":5,\\\"invoice_number\\\":\\\"INS_SAL-250711-2-000003\\\",\\\"updated_at\\\":\\\"2025-07-11 11:50:15\\\",\\\"created_at\\\":\\\"2025-07-11 11:50:15\\\",\\\"id\\\":4}\"', ' قام المستخدم  ابو نديإنشاء فاتورة بيع بالتقسيط رقم INS_SAL-250711-2-000003', NULL, NULL, 5, 5, 2, 'Mozilla/5.0 (Windows NT 10.0; Win64; x64) AppleWebKit/537.36 (KHTML, like Gecko) Chrome/137.0.0.0 Safari/537.36', '156.211.52.39', '/api/invoice', NULL, '2025-07-11 11:50:15', '2025-07-11 11:50:15'),
(67, 'تعديل', 'App\\Models\\Company', '2', '\"{\\\"id\\\":2,\\\"name\\\":\\\"\\\\u0627\\\\u0642\\\\u0633\\\\u0627\\\\u0637\\\",\\\"description\\\":null,\\\"field\\\":\\\"\\\\u0627\\\\u0642\\\\u0633\\\\u0627\\\\u0637\\\",\\\"owner_name\\\":null,\\\"address\\\":\\\"\\\\u0627\\\\u0644\\\\u0635\\\\u0627\\\\u0644\\\\u062d\\\\u064a\\\\u0647 \\\\u0627\\\\u0644\\\\u062c\\\\u062f\\\\u064a\\\\u062f\\\\u0647\\\\\\/\\\\u0627\\\\u0644\\\\u0643\\\\u0648\\\\u062b\\\\u0631 \\\\\\/\\\\u063410\\\",\\\"phone\\\":\\\"01032447644\\\",\\\"email\\\":null,\\\"created_by\\\":1,\\\"company_id\\\":\\\"1\\\",\\\"created_at\\\":\\\"2025-07-09T20:31:05.000000Z\\\",\\\"updated_at\\\":\\\"2025-07-09T20:31:05.000000Z\\\"}\"', '\"[]\"', 'قام المستخدم ابو ندي بتعديل الشركة اقساط', NULL, NULL, 5, 5, 2, 'Mozilla/5.0 (Windows NT 10.0; Win64; x64) AppleWebKit/537.36 (KHTML, like Gecko) Chrome/137.0.0.0 Safari/537.36', '156.211.52.39', '/api/company/2', NULL, '2025-07-11 11:52:48', '2025-07-11 11:52:48'),
(68, 'تعديل', 'App\\Models\\Company', '2', '\"{\\\"id\\\":2,\\\"name\\\":\\\"\\\\u0627\\\\u0642\\\\u0633\\\\u0627\\\\u0637\\\",\\\"description\\\":null,\\\"field\\\":\\\"\\\\u0627\\\\u0642\\\\u0633\\\\u0627\\\\u0637\\\",\\\"owner_name\\\":null,\\\"address\\\":\\\"\\\\u0627\\\\u0644\\\\u0635\\\\u0627\\\\u0644\\\\u062d\\\\u064a\\\\u0647 \\\\u0627\\\\u0644\\\\u062c\\\\u062f\\\\u064a\\\\u062f\\\\u0647\\\\\\/\\\\u0627\\\\u0644\\\\u0643\\\\u0648\\\\u062b\\\\u0631 \\\\\\/\\\\u063410\\\",\\\"phone\\\":\\\"01032447644\\\",\\\"email\\\":null,\\\"created_by\\\":1,\\\"company_id\\\":\\\"1\\\",\\\"created_at\\\":\\\"2025-07-09T20:31:05.000000Z\\\",\\\"updated_at\\\":\\\"2025-07-09T20:31:05.000000Z\\\"}\"', '\"[]\"', 'قام المستخدم ابو ندي بتعديل الشركة اقساط', NULL, NULL, 5, 5, 2, 'Mozilla/5.0 (Windows NT 10.0; Win64; x64) AppleWebKit/537.36 (KHTML, like Gecko) Chrome/137.0.0.0 Safari/537.36', '156.211.52.39', '/api/company/2', NULL, '2025-07-11 11:58:23', '2025-07-11 11:58:23'),
(69, 'انشاء', 'App\\Models\\Installment', '37', NULL, '\"{\\\"id\\\":37,\\\"installment_plan_id\\\":4,\\\"user_id\\\":11,\\\"created_by\\\":5,\\\"installment_number\\\":\\\"1\\\",\\\"due_date\\\":\\\"2025-01-01\\\",\\\"amount\\\":\\\"460.00\\\",\\\"status\\\":\\\"\\\\u062a\\\\u0645 \\\\u0627\\\\u0644\\\\u062f\\\\u0641\\\\u0639\\\",\\\"paid_at\\\":\\\"2025-07-11\\\",\\\"remaining\\\":0,\\\"created_at\\\":\\\"2025-07-11 11:50:15\\\",\\\"updated_at\\\":\\\"2025-07-11 11:59:20\\\",\\\"company_id\\\":2}\"', ' قام المستخدم  ابو نديتم دفع مبلغ 460 لهذا القسط.', NULL, NULL, 5, 5, 2, 'Mozilla/5.0 (Windows NT 10.0; Win64; x64) AppleWebKit/537.36 (KHTML, like Gecko) Chrome/137.0.0.0 Safari/537.36', '156.211.52.39', '/api/installment-payment/pay', NULL, '2025-07-11 11:59:20', '2025-07-11 11:59:20'),
(70, 'تعديل', 'App\\Models\\User', '5', '\"{\\\"id\\\":5,\\\"phone\\\":\\\"01070475028\\\",\\\"password\\\":\\\"$2y$12$Eb7Gi\\\\\\/94E9cobc3u9R\\\\\\/PFeqRyP2a0uyb7.09Jr79JLrf0KP8MjtTO\\\",\\\"email\\\":null,\\\"username\\\":null,\\\"nickname\\\":\\\"\\\\u0627\\\\u0628\\\\u0648 \\\\u0646\\\\u062f\\\\u064a\\\",\\\"full_name\\\":\\\"\\\\u0648\\\\u0627\\\\u0626\\\\u0644 \\\\u0645\\\\u062d\\\\u0645\\\\u062f \\\\u0627\\\\u062d\\\\u0645\\\\u062f\\\",\\\"position\\\":null,\\\"settings\\\":null,\\\"last_login_at\\\":null,\\\"email_verified_at\\\":null,\\\"balance\\\":\\\"0.00\\\",\\\"status\\\":\\\"1\\\",\\\"customer_type\\\":\\\"retail\\\",\\\"created_by\\\":1,\\\"company_id\\\":2,\\\"remember_token\\\":null,\\\"created_at\\\":\\\"2025-07-09T06:43:59.000000Z\\\",\\\"updated_at\\\":\\\"2025-07-09T20:31:45.000000Z\\\"}\"', '\"[]\"', 'قام المستخدم ابو ندي بتعديل زيادة الرصيد بقيمة 460 نتيجة دفع أقساط عن مستخدم آخر.', NULL, NULL, 5, 5, 2, 'Mozilla/5.0 (Windows NT 10.0; Win64; x64) AppleWebKit/537.36 (KHTML, like Gecko) Chrome/137.0.0.0 Safari/537.36', '156.211.52.39', '/api/installment-payment/pay', NULL, '2025-07-11 11:59:20', '2025-07-11 11:59:20'),
(71, 'انشاء', 'App\\Models\\Installment', '38', NULL, '\"{\\\"id\\\":38,\\\"installment_plan_id\\\":4,\\\"user_id\\\":11,\\\"created_by\\\":5,\\\"installment_number\\\":\\\"2\\\",\\\"due_date\\\":\\\"2025-02-01\\\",\\\"amount\\\":\\\"460.00\\\",\\\"status\\\":\\\"\\\\u062a\\\\u0645 \\\\u0627\\\\u0644\\\\u062f\\\\u0641\\\\u0639\\\",\\\"paid_at\\\":\\\"2025-07-11\\\",\\\"remaining\\\":0,\\\"created_at\\\":\\\"2025-07-11 11:50:15\\\",\\\"updated_at\\\":\\\"2025-07-11 11:59:25\\\",\\\"company_id\\\":2}\"', ' قام المستخدم  ابو نديتم دفع مبلغ 460 لهذا القسط.', NULL, NULL, 5, 5, 2, 'Mozilla/5.0 (Windows NT 10.0; Win64; x64) AppleWebKit/537.36 (KHTML, like Gecko) Chrome/137.0.0.0 Safari/537.36', '156.211.52.39', '/api/installment-payment/pay', NULL, '2025-07-11 11:59:25', '2025-07-11 11:59:25'),
(72, 'تعديل', 'App\\Models\\User', '5', '\"{\\\"id\\\":5,\\\"phone\\\":\\\"01070475028\\\",\\\"password\\\":\\\"$2y$12$Eb7Gi\\\\\\/94E9cobc3u9R\\\\\\/PFeqRyP2a0uyb7.09Jr79JLrf0KP8MjtTO\\\",\\\"email\\\":null,\\\"username\\\":null,\\\"nickname\\\":\\\"\\\\u0627\\\\u0628\\\\u0648 \\\\u0646\\\\u062f\\\\u064a\\\",\\\"full_name\\\":\\\"\\\\u0648\\\\u0627\\\\u0626\\\\u0644 \\\\u0645\\\\u062d\\\\u0645\\\\u062f \\\\u0627\\\\u062d\\\\u0645\\\\u062f\\\",\\\"position\\\":null,\\\"settings\\\":null,\\\"last_login_at\\\":null,\\\"email_verified_at\\\":null,\\\"balance\\\":\\\"0.00\\\",\\\"status\\\":\\\"1\\\",\\\"customer_type\\\":\\\"retail\\\",\\\"created_by\\\":1,\\\"company_id\\\":2,\\\"remember_token\\\":null,\\\"created_at\\\":\\\"2025-07-09T06:43:59.000000Z\\\",\\\"updated_at\\\":\\\"2025-07-09T20:31:45.000000Z\\\"}\"', '\"[]\"', 'قام المستخدم ابو ندي بتعديل زيادة الرصيد بقيمة 460 نتيجة دفع أقساط عن مستخدم آخر.', NULL, NULL, 5, 5, 2, 'Mozilla/5.0 (Windows NT 10.0; Win64; x64) AppleWebKit/537.36 (KHTML, like Gecko) Chrome/137.0.0.0 Safari/537.36', '156.211.52.39', '/api/installment-payment/pay', NULL, '2025-07-11 11:59:25', '2025-07-11 11:59:25'),
(73, 'انشاء', 'App\\Models\\Installment', '39', NULL, '\"{\\\"id\\\":39,\\\"installment_plan_id\\\":4,\\\"user_id\\\":11,\\\"created_by\\\":5,\\\"installment_number\\\":\\\"3\\\",\\\"due_date\\\":\\\"2025-03-01\\\",\\\"amount\\\":\\\"460.00\\\",\\\"status\\\":\\\"\\\\u062a\\\\u0645 \\\\u0627\\\\u0644\\\\u062f\\\\u0641\\\\u0639\\\",\\\"paid_at\\\":\\\"2025-07-11\\\",\\\"remaining\\\":0,\\\"created_at\\\":\\\"2025-07-11 11:50:15\\\",\\\"updated_at\\\":\\\"2025-07-11 11:59:41\\\",\\\"company_id\\\":2}\"', ' قام المستخدم  ابو نديتم دفع مبلغ 460 لهذا القسط.', NULL, NULL, 5, 5, 2, 'Mozilla/5.0 (Windows NT 10.0; Win64; x64) AppleWebKit/537.36 (KHTML, like Gecko) Chrome/137.0.0.0 Safari/537.36', '156.211.52.39', '/api/installment-payment/pay', NULL, '2025-07-11 11:59:41', '2025-07-11 11:59:41'),
(74, 'تعديل', 'App\\Models\\User', '5', '\"{\\\"id\\\":5,\\\"phone\\\":\\\"01070475028\\\",\\\"password\\\":\\\"$2y$12$Eb7Gi\\\\\\/94E9cobc3u9R\\\\\\/PFeqRyP2a0uyb7.09Jr79JLrf0KP8MjtTO\\\",\\\"email\\\":null,\\\"username\\\":null,\\\"nickname\\\":\\\"\\\\u0627\\\\u0628\\\\u0648 \\\\u0646\\\\u062f\\\\u064a\\\",\\\"full_name\\\":\\\"\\\\u0648\\\\u0627\\\\u0626\\\\u0644 \\\\u0645\\\\u062d\\\\u0645\\\\u062f \\\\u0627\\\\u062d\\\\u0645\\\\u062f\\\",\\\"position\\\":null,\\\"settings\\\":null,\\\"last_login_at\\\":null,\\\"email_verified_at\\\":null,\\\"balance\\\":\\\"0.00\\\",\\\"status\\\":\\\"1\\\",\\\"customer_type\\\":\\\"retail\\\",\\\"created_by\\\":1,\\\"company_id\\\":2,\\\"remember_token\\\":null,\\\"created_at\\\":\\\"2025-07-09T06:43:59.000000Z\\\",\\\"updated_at\\\":\\\"2025-07-09T20:31:45.000000Z\\\"}\"', '\"[]\"', 'قام المستخدم ابو ندي بتعديل زيادة الرصيد بقيمة 460 نتيجة دفع أقساط عن مستخدم آخر.', NULL, NULL, 5, 5, 2, 'Mozilla/5.0 (Windows NT 10.0; Win64; x64) AppleWebKit/537.36 (KHTML, like Gecko) Chrome/137.0.0.0 Safari/537.36', '156.211.52.39', '/api/installment-payment/pay', NULL, '2025-07-11 11:59:41', '2025-07-11 11:59:41'),
(75, 'انشاء', 'App\\Models\\Installment', '40', NULL, '\"{\\\"id\\\":40,\\\"installment_plan_id\\\":4,\\\"user_id\\\":11,\\\"created_by\\\":5,\\\"installment_number\\\":\\\"4\\\",\\\"due_date\\\":\\\"2025-04-01\\\",\\\"amount\\\":\\\"460.00\\\",\\\"status\\\":\\\"\\\\u062a\\\\u0645 \\\\u0627\\\\u0644\\\\u062f\\\\u0641\\\\u0639\\\",\\\"paid_at\\\":\\\"2025-07-11\\\",\\\"remaining\\\":0,\\\"created_at\\\":\\\"2025-07-11 11:50:15\\\",\\\"updated_at\\\":\\\"2025-07-11 12:00:10\\\",\\\"company_id\\\":2}\"', ' قام المستخدم  ابو نديتم دفع مبلغ 460 لهذا القسط.', NULL, NULL, 5, 5, 2, 'Mozilla/5.0 (Windows NT 10.0; Win64; x64) AppleWebKit/537.36 (KHTML, like Gecko) Chrome/137.0.0.0 Safari/537.36', '156.211.52.39', '/api/installment-payment/pay', NULL, '2025-07-11 12:00:10', '2025-07-11 12:00:10'),
(76, 'تعديل', 'App\\Models\\User', '5', '\"{\\\"id\\\":5,\\\"phone\\\":\\\"01070475028\\\",\\\"password\\\":\\\"$2y$12$Eb7Gi\\\\\\/94E9cobc3u9R\\\\\\/PFeqRyP2a0uyb7.09Jr79JLrf0KP8MjtTO\\\",\\\"email\\\":null,\\\"username\\\":null,\\\"nickname\\\":\\\"\\\\u0627\\\\u0628\\\\u0648 \\\\u0646\\\\u062f\\\\u064a\\\",\\\"full_name\\\":\\\"\\\\u0648\\\\u0627\\\\u0626\\\\u0644 \\\\u0645\\\\u062d\\\\u0645\\\\u062f \\\\u0627\\\\u062d\\\\u0645\\\\u062f\\\",\\\"position\\\":null,\\\"settings\\\":null,\\\"last_login_at\\\":null,\\\"email_verified_at\\\":null,\\\"balance\\\":\\\"0.00\\\",\\\"status\\\":\\\"1\\\",\\\"customer_type\\\":\\\"retail\\\",\\\"created_by\\\":1,\\\"company_id\\\":2,\\\"remember_token\\\":null,\\\"created_at\\\":\\\"2025-07-09T06:43:59.000000Z\\\",\\\"updated_at\\\":\\\"2025-07-09T20:31:45.000000Z\\\"}\"', '\"[]\"', 'قام المستخدم ابو ندي بتعديل زيادة الرصيد بقيمة 460 نتيجة دفع أقساط عن مستخدم آخر.', NULL, NULL, 5, 5, 2, 'Mozilla/5.0 (Windows NT 10.0; Win64; x64) AppleWebKit/537.36 (KHTML, like Gecko) Chrome/137.0.0.0 Safari/537.36', '156.211.52.39', '/api/installment-payment/pay', NULL, '2025-07-11 12:00:10', '2025-07-11 12:00:10'),
(77, 'انشاء', 'App\\Models\\Installment', '41', NULL, '\"{\\\"id\\\":41,\\\"installment_plan_id\\\":4,\\\"user_id\\\":11,\\\"created_by\\\":5,\\\"installment_number\\\":\\\"5\\\",\\\"due_date\\\":\\\"2025-05-01\\\",\\\"amount\\\":\\\"460.00\\\",\\\"status\\\":\\\"\\\\u062a\\\\u0645 \\\\u0627\\\\u0644\\\\u062f\\\\u0641\\\\u0639\\\",\\\"paid_at\\\":\\\"2025-07-11\\\",\\\"remaining\\\":0,\\\"created_at\\\":\\\"2025-07-11 11:50:15\\\",\\\"updated_at\\\":\\\"2025-07-11 12:00:20\\\",\\\"company_id\\\":2}\"', ' قام المستخدم  ابو نديتم دفع مبلغ 460 لهذا القسط.', NULL, NULL, 5, 5, 2, 'Mozilla/5.0 (Windows NT 10.0; Win64; x64) AppleWebKit/537.36 (KHTML, like Gecko) Chrome/137.0.0.0 Safari/537.36', '156.211.52.39', '/api/installment-payment/pay', NULL, '2025-07-11 12:00:20', '2025-07-11 12:00:20'),
(78, 'تعديل', 'App\\Models\\User', '5', '\"{\\\"id\\\":5,\\\"phone\\\":\\\"01070475028\\\",\\\"password\\\":\\\"$2y$12$Eb7Gi\\\\\\/94E9cobc3u9R\\\\\\/PFeqRyP2a0uyb7.09Jr79JLrf0KP8MjtTO\\\",\\\"email\\\":null,\\\"username\\\":null,\\\"nickname\\\":\\\"\\\\u0627\\\\u0628\\\\u0648 \\\\u0646\\\\u062f\\\\u064a\\\",\\\"full_name\\\":\\\"\\\\u0648\\\\u0627\\\\u0626\\\\u0644 \\\\u0645\\\\u062d\\\\u0645\\\\u062f \\\\u0627\\\\u062d\\\\u0645\\\\u062f\\\",\\\"position\\\":null,\\\"settings\\\":null,\\\"last_login_at\\\":null,\\\"email_verified_at\\\":null,\\\"balance\\\":\\\"0.00\\\",\\\"status\\\":\\\"1\\\",\\\"customer_type\\\":\\\"retail\\\",\\\"created_by\\\":1,\\\"company_id\\\":2,\\\"remember_token\\\":null,\\\"created_at\\\":\\\"2025-07-09T06:43:59.000000Z\\\",\\\"updated_at\\\":\\\"2025-07-09T20:31:45.000000Z\\\"}\"', '\"[]\"', 'قام المستخدم ابو ندي بتعديل زيادة الرصيد بقيمة 460 نتيجة دفع أقساط عن مستخدم آخر.', NULL, NULL, 5, 5, 2, 'Mozilla/5.0 (Windows NT 10.0; Win64; x64) AppleWebKit/537.36 (KHTML, like Gecko) Chrome/137.0.0.0 Safari/537.36', '156.211.52.39', '/api/installment-payment/pay', NULL, '2025-07-11 12:00:20', '2025-07-11 12:00:20'),
(79, 'انشاء', 'App\\Models\\Installment', '42', NULL, '\"{\\\"id\\\":42,\\\"installment_plan_id\\\":4,\\\"user_id\\\":11,\\\"created_by\\\":5,\\\"installment_number\\\":\\\"6\\\",\\\"due_date\\\":\\\"2025-06-01\\\",\\\"amount\\\":\\\"460.00\\\",\\\"status\\\":\\\"\\\\u062a\\\\u0645 \\\\u0627\\\\u0644\\\\u062f\\\\u0641\\\\u0639\\\",\\\"paid_at\\\":\\\"2025-07-11\\\",\\\"remaining\\\":0,\\\"created_at\\\":\\\"2025-07-11 11:50:15\\\",\\\"updated_at\\\":\\\"2025-07-11 12:00:30\\\",\\\"company_id\\\":2}\"', ' قام المستخدم  ابو نديتم دفع مبلغ 460 لهذا القسط.', NULL, NULL, 5, 5, 2, 'Mozilla/5.0 (Windows NT 10.0; Win64; x64) AppleWebKit/537.36 (KHTML, like Gecko) Chrome/137.0.0.0 Safari/537.36', '156.211.52.39', '/api/installment-payment/pay', NULL, '2025-07-11 12:00:30', '2025-07-11 12:00:30'),
(80, 'تعديل', 'App\\Models\\User', '5', '\"{\\\"id\\\":5,\\\"phone\\\":\\\"01070475028\\\",\\\"password\\\":\\\"$2y$12$Eb7Gi\\\\\\/94E9cobc3u9R\\\\\\/PFeqRyP2a0uyb7.09Jr79JLrf0KP8MjtTO\\\",\\\"email\\\":null,\\\"username\\\":null,\\\"nickname\\\":\\\"\\\\u0627\\\\u0628\\\\u0648 \\\\u0646\\\\u062f\\\\u064a\\\",\\\"full_name\\\":\\\"\\\\u0648\\\\u0627\\\\u0626\\\\u0644 \\\\u0645\\\\u062d\\\\u0645\\\\u062f \\\\u0627\\\\u062d\\\\u0645\\\\u062f\\\",\\\"position\\\":null,\\\"settings\\\":null,\\\"last_login_at\\\":null,\\\"email_verified_at\\\":null,\\\"balance\\\":\\\"0.00\\\",\\\"status\\\":\\\"1\\\",\\\"customer_type\\\":\\\"retail\\\",\\\"created_by\\\":1,\\\"company_id\\\":2,\\\"remember_token\\\":null,\\\"created_at\\\":\\\"2025-07-09T06:43:59.000000Z\\\",\\\"updated_at\\\":\\\"2025-07-09T20:31:45.000000Z\\\"}\"', '\"[]\"', 'قام المستخدم ابو ندي بتعديل زيادة الرصيد بقيمة 460 نتيجة دفع أقساط عن مستخدم آخر.', NULL, NULL, 5, 5, 2, 'Mozilla/5.0 (Windows NT 10.0; Win64; x64) AppleWebKit/537.36 (KHTML, like Gecko) Chrome/137.0.0.0 Safari/537.36', '156.211.52.39', '/api/installment-payment/pay', NULL, '2025-07-11 12:00:30', '2025-07-11 12:00:30'),
(81, 'انشاء', 'App\\Models\\Installment', '43', NULL, '\"{\\\"id\\\":43,\\\"installment_plan_id\\\":4,\\\"user_id\\\":11,\\\"created_by\\\":5,\\\"installment_number\\\":\\\"7\\\",\\\"due_date\\\":\\\"2025-07-01\\\",\\\"amount\\\":\\\"460.00\\\",\\\"status\\\":\\\"\\\\u062a\\\\u0645 \\\\u0627\\\\u0644\\\\u062f\\\\u0641\\\\u0639\\\",\\\"paid_at\\\":\\\"2025-07-11\\\",\\\"remaining\\\":0,\\\"created_at\\\":\\\"2025-07-11 11:50:15\\\",\\\"updated_at\\\":\\\"2025-07-11 12:00:42\\\",\\\"company_id\\\":2}\"', ' قام المستخدم  ابو نديتم دفع مبلغ 460 لهذا القسط.', NULL, NULL, 5, 5, 2, 'Mozilla/5.0 (Windows NT 10.0; Win64; x64) AppleWebKit/537.36 (KHTML, like Gecko) Chrome/137.0.0.0 Safari/537.36', '156.211.52.39', '/api/installment-payment/pay', NULL, '2025-07-11 12:00:42', '2025-07-11 12:00:42'),
(82, 'تعديل', 'App\\Models\\User', '5', '\"{\\\"id\\\":5,\\\"phone\\\":\\\"01070475028\\\",\\\"password\\\":\\\"$2y$12$Eb7Gi\\\\\\/94E9cobc3u9R\\\\\\/PFeqRyP2a0uyb7.09Jr79JLrf0KP8MjtTO\\\",\\\"email\\\":null,\\\"username\\\":null,\\\"nickname\\\":\\\"\\\\u0627\\\\u0628\\\\u0648 \\\\u0646\\\\u062f\\\\u064a\\\",\\\"full_name\\\":\\\"\\\\u0648\\\\u0627\\\\u0626\\\\u0644 \\\\u0645\\\\u062d\\\\u0645\\\\u062f \\\\u0627\\\\u062d\\\\u0645\\\\u062f\\\",\\\"position\\\":null,\\\"settings\\\":null,\\\"last_login_at\\\":null,\\\"email_verified_at\\\":null,\\\"balance\\\":\\\"0.00\\\",\\\"status\\\":\\\"1\\\",\\\"customer_type\\\":\\\"retail\\\",\\\"created_by\\\":1,\\\"company_id\\\":2,\\\"remember_token\\\":null,\\\"created_at\\\":\\\"2025-07-09T06:43:59.000000Z\\\",\\\"updated_at\\\":\\\"2025-07-09T20:31:45.000000Z\\\"}\"', '\"[]\"', 'قام المستخدم ابو ندي بتعديل زيادة الرصيد بقيمة 460 نتيجة دفع أقساط عن مستخدم آخر.', NULL, NULL, 5, 5, 2, 'Mozilla/5.0 (Windows NT 10.0; Win64; x64) AppleWebKit/537.36 (KHTML, like Gecko) Chrome/137.0.0.0 Safari/537.36', '156.211.52.39', '/api/installment-payment/pay', NULL, '2025-07-11 12:00:42', '2025-07-11 12:00:42'),
(83, 'تعديل', 'App\\Models\\User', '6', '\"{\\\"id\\\":6,\\\"phone\\\":\\\"01007888009\\\",\\\"password\\\":\\\"$2y$12$4LvFFEErVLsDWomDxqywGuMviT3q0rOfRmpM7dU.WAxli9NmCI9VG\\\",\\\"email\\\":null,\\\"username\\\":null,\\\"nickname\\\":\\\"\\\\u0627\\\\u0628\\\\u0648 \\\\u062d\\\\u0628\\\\u064a\\\\u0628\\\\u0629\\\",\\\"full_name\\\":\\\"\\\\u0647\\\\u0634\\\\u0627\\\\u0645 \\\\u0645\\\\u062d\\\\u0645\\\\u062f \\\\u0627\\\\u062d\\\\u0645\\\\u062f\\\",\\\"position\\\":null,\\\"settings\\\":null,\\\"last_login_at\\\":null,\\\"email_verified_at\\\":null,\\\"balance\\\":\\\"0.00\\\",\\\"status\\\":\\\"1\\\",\\\"customer_type\\\":\\\"retail\\\",\\\"created_by\\\":1,\\\"company_id\\\":3,\\\"remember_token\\\":null,\\\"created_at\\\":\\\"2025-07-09T20:47:12.000000Z\\\",\\\"updated_at\\\":\\\"2025-07-10T02:17:20.000000Z\\\"}\"', '\"[]\"', 'قام المستخدم ابو حبيبة بتعديل المستخدم ابو حبيبة', NULL, NULL, 6, 6, 3, 'Mozilla/5.0 (Linux; U; Android 13; ar-SA; SM-A226B Build/TP1A.220624.014) AppleWebKit/537.36 (KHTML, like Gecko) Version/4.0 Chrome/123.0.6312.80 UCBrowser/14.7.2.1365 Mobile Safari/537.36', '154.188.201.96', '/api/user/6', NULL, '2025-07-11 12:46:26', '2025-07-11 12:46:26'),
(84, 'انشاء', 'App\\Models\\User', '12', NULL, '\"{\\\"phone\\\":\\\"0542756163\\\",\\\"password\\\":\\\"$2y$12$LsYfKrbbQOsBDaVISMuf2ORpYpdqxB1NgjQjskYv\\\\\\/6q\\\\\\/fDQLYmvM6\\\",\\\"email\\\":null,\\\"full_name\\\":\\\"\\\\u0645\\\\u062d\\\\u0645\\\\u062f \\\\u0641\\\\u0624\\\\u0627\\\\u062f \\\\u0627\\\\u0628\\\\u0648\\\\u0627\\\\u0644\\\\u064a\\\\u0632\\\\u064a\\\\u062f\\\",\\\"nickname\\\":\\\"\\\\u0641\\\\u0624\\\\u0627\\\\u062f\\\",\\\"username\\\":null,\\\"company_id\\\":2,\\\"customer_type\\\":\\\"retail\\\",\\\"created_by\\\":5,\\\"updated_at\\\":\\\"2025-07-11 14:08:59\\\",\\\"created_at\\\":\\\"2025-07-11 14:08:59\\\",\\\"id\\\":12}\"', ' قام المستخدم  ابو نديبانشاء المستخدم فؤاد', NULL, NULL, 5, 5, 2, 'Mozilla/5.0 (Windows NT 10.0; Win64; x64) AppleWebKit/537.36 (KHTML, like Gecko) Chrome/137.0.0.0 Safari/537.36', '156.211.52.39', '/api/user', NULL, '2025-07-11 14:08:59', '2025-07-11 14:08:59'),
(85, 'انشاء', 'App\\Models\\Invoice', '5', NULL, '\"{\\\"invoice_type_id\\\":1,\\\"invoice_type_code\\\":\\\"installment_sale\\\",\\\"due_date\\\":null,\\\"status\\\":\\\"confirmed\\\",\\\"user_id\\\":12,\\\"gross_amount\\\":9000,\\\"total_discount\\\":0,\\\"net_amount\\\":9000,\\\"paid_amount\\\":1500,\\\"remaining_amount\\\":7500,\\\"round_step\\\":null,\\\"company_id\\\":2,\\\"created_by\\\":5,\\\"invoice_number\\\":\\\"INS_SAL-250711-2-000004\\\",\\\"updated_at\\\":\\\"2025-07-11 14:14:35\\\",\\\"created_at\\\":\\\"2025-07-11 14:14:35\\\",\\\"id\\\":5}\"', ' قام المستخدم  ابو نديإنشاء فاتورة بيع بالتقسيط رقم INS_SAL-250711-2-000004', NULL, NULL, 5, 5, 2, 'Mozilla/5.0 (Windows NT 10.0; Win64; x64) AppleWebKit/537.36 (KHTML, like Gecko) Chrome/137.0.0.0 Safari/537.36', '156.211.52.39', '/api/invoice', NULL, '2025-07-11 14:14:35', '2025-07-11 14:14:35'),
(86, 'انشاء', 'App\\Models\\Invoice', '6', NULL, '\"{\\\"invoice_type_id\\\":1,\\\"invoice_type_code\\\":\\\"installment_sale\\\",\\\"due_date\\\":null,\\\"status\\\":\\\"confirmed\\\",\\\"user_id\\\":12,\\\"gross_amount\\\":4600,\\\"total_discount\\\":0,\\\"net_amount\\\":4600,\\\"paid_amount\\\":400,\\\"remaining_amount\\\":4200,\\\"round_step\\\":null,\\\"company_id\\\":2,\\\"created_by\\\":5,\\\"invoice_number\\\":\\\"INS_SAL-250711-2-000005\\\",\\\"updated_at\\\":\\\"2025-07-11 14:19:30\\\",\\\"created_at\\\":\\\"2025-07-11 14:19:30\\\",\\\"id\\\":6}\"', ' قام المستخدم  ابو نديإنشاء فاتورة بيع بالتقسيط رقم INS_SAL-250711-2-000005', NULL, NULL, 5, 5, 2, 'Mozilla/5.0 (Windows NT 10.0; Win64; x64) AppleWebKit/537.36 (KHTML, like Gecko) Chrome/137.0.0.0 Safari/537.36', '156.211.52.39', '/api/invoice', NULL, '2025-07-11 14:19:30', '2025-07-11 14:19:30'),
(87, 'انشاء', 'App\\Models\\Invoice', '7', NULL, '\"{\\\"invoice_type_id\\\":1,\\\"invoice_type_code\\\":\\\"installment_sale\\\",\\\"due_date\\\":null,\\\"status\\\":\\\"confirmed\\\",\\\"user_id\\\":12,\\\"gross_amount\\\":3000,\\\"total_discount\\\":0,\\\"net_amount\\\":3000,\\\"paid_amount\\\":0,\\\"remaining_amount\\\":3000,\\\"round_step\\\":null,\\\"company_id\\\":2,\\\"created_by\\\":5,\\\"invoice_number\\\":\\\"INS_SAL-250711-2-000006\\\",\\\"updated_at\\\":\\\"2025-07-11 14:21:51\\\",\\\"created_at\\\":\\\"2025-07-11 14:21:51\\\",\\\"id\\\":7}\"', ' قام المستخدم  ابو نديإنشاء فاتورة بيع بالتقسيط رقم INS_SAL-250711-2-000006', NULL, NULL, 5, 5, 2, 'Mozilla/5.0 (Windows NT 10.0; Win64; x64) AppleWebKit/537.36 (KHTML, like Gecko) Chrome/137.0.0.0 Safari/537.36', '156.211.52.39', '/api/invoice', NULL, '2025-07-11 14:21:52', '2025-07-11 14:21:52'),
(88, 'انشاء', 'App\\Models\\Installment', '49', NULL, '\"{\\\"id\\\":49,\\\"installment_plan_id\\\":5,\\\"user_id\\\":12,\\\"created_by\\\":5,\\\"installment_number\\\":\\\"1\\\",\\\"due_date\\\":\\\"2025-02-01\\\",\\\"amount\\\":\\\"820.00\\\",\\\"status\\\":\\\"\\\\u062a\\\\u0645 \\\\u0627\\\\u0644\\\\u062f\\\\u0641\\\\u0639\\\",\\\"paid_at\\\":\\\"2025-07-11\\\",\\\"remaining\\\":0,\\\"created_at\\\":\\\"2025-07-11 14:14:35\\\",\\\"updated_at\\\":\\\"2025-07-11 14:22:34\\\",\\\"company_id\\\":2}\"', ' قام المستخدم  ابو نديتم دفع مبلغ 820 لهذا القسط.', NULL, NULL, 5, 5, 2, 'Mozilla/5.0 (Windows NT 10.0; Win64; x64) AppleWebKit/537.36 (KHTML, like Gecko) Chrome/137.0.0.0 Safari/537.36', '156.211.52.39', '/api/installment-payment/pay', NULL, '2025-07-11 14:22:34', '2025-07-11 14:22:34'),
(89, 'تعديل', 'App\\Models\\User', '5', '\"{\\\"id\\\":5,\\\"phone\\\":\\\"01070475028\\\",\\\"password\\\":\\\"$2y$12$Eb7Gi\\\\\\/94E9cobc3u9R\\\\\\/PFeqRyP2a0uyb7.09Jr79JLrf0KP8MjtTO\\\",\\\"email\\\":null,\\\"username\\\":null,\\\"nickname\\\":\\\"\\\\u0627\\\\u0628\\\\u0648 \\\\u0646\\\\u062f\\\\u064a\\\",\\\"full_name\\\":\\\"\\\\u0648\\\\u0627\\\\u0626\\\\u0644 \\\\u0645\\\\u062d\\\\u0645\\\\u062f \\\\u0627\\\\u062d\\\\u0645\\\\u062f\\\",\\\"position\\\":null,\\\"settings\\\":null,\\\"last_login_at\\\":null,\\\"email_verified_at\\\":null,\\\"balance\\\":\\\"0.00\\\",\\\"status\\\":\\\"1\\\",\\\"customer_type\\\":\\\"retail\\\",\\\"created_by\\\":1,\\\"company_id\\\":2,\\\"remember_token\\\":null,\\\"created_at\\\":\\\"2025-07-09T06:43:59.000000Z\\\",\\\"updated_at\\\":\\\"2025-07-09T20:31:45.000000Z\\\"}\"', '\"[]\"', 'قام المستخدم ابو ندي بتعديل زيادة الرصيد بقيمة 820 نتيجة دفع أقساط عن مستخدم آخر.', NULL, NULL, 5, 5, 2, 'Mozilla/5.0 (Windows NT 10.0; Win64; x64) AppleWebKit/537.36 (KHTML, like Gecko) Chrome/137.0.0.0 Safari/537.36', '156.211.52.39', '/api/installment-payment/pay', NULL, '2025-07-11 14:22:34', '2025-07-11 14:22:34'),
(90, 'انشاء', 'App\\Models\\Installment', '61', NULL, '\"{\\\"id\\\":61,\\\"installment_plan_id\\\":6,\\\"user_id\\\":12,\\\"created_by\\\":5,\\\"installment_number\\\":\\\"1\\\",\\\"due_date\\\":\\\"2025-02-01\\\",\\\"amount\\\":\\\"390.00\\\",\\\"status\\\":\\\"\\\\u062a\\\\u0645 \\\\u0627\\\\u0644\\\\u062f\\\\u0641\\\\u0639\\\",\\\"paid_at\\\":\\\"2025-07-11\\\",\\\"remaining\\\":0,\\\"created_at\\\":\\\"2025-07-11 14:19:30\\\",\\\"updated_at\\\":\\\"2025-07-11 14:22:57\\\",\\\"company_id\\\":2}\"', ' قام المستخدم  ابو نديتم دفع مبلغ 390 لهذا القسط.', NULL, NULL, 5, 5, 2, 'Mozilla/5.0 (Windows NT 10.0; Win64; x64) AppleWebKit/537.36 (KHTML, like Gecko) Chrome/137.0.0.0 Safari/537.36', '156.211.52.39', '/api/installment-payment/pay', NULL, '2025-07-11 14:22:57', '2025-07-11 14:22:57'),
(91, 'تعديل', 'App\\Models\\User', '5', '\"{\\\"id\\\":5,\\\"phone\\\":\\\"01070475028\\\",\\\"password\\\":\\\"$2y$12$Eb7Gi\\\\\\/94E9cobc3u9R\\\\\\/PFeqRyP2a0uyb7.09Jr79JLrf0KP8MjtTO\\\",\\\"email\\\":null,\\\"username\\\":null,\\\"nickname\\\":\\\"\\\\u0627\\\\u0628\\\\u0648 \\\\u0646\\\\u062f\\\\u064a\\\",\\\"full_name\\\":\\\"\\\\u0648\\\\u0627\\\\u0626\\\\u0644 \\\\u0645\\\\u062d\\\\u0645\\\\u062f \\\\u0627\\\\u062d\\\\u0645\\\\u062f\\\",\\\"position\\\":null,\\\"settings\\\":null,\\\"last_login_at\\\":null,\\\"email_verified_at\\\":null,\\\"balance\\\":\\\"0.00\\\",\\\"status\\\":\\\"1\\\",\\\"customer_type\\\":\\\"retail\\\",\\\"created_by\\\":1,\\\"company_id\\\":2,\\\"remember_token\\\":null,\\\"created_at\\\":\\\"2025-07-09T06:43:59.000000Z\\\",\\\"updated_at\\\":\\\"2025-07-09T20:31:45.000000Z\\\"}\"', '\"[]\"', 'قام المستخدم ابو ندي بتعديل زيادة الرصيد بقيمة 390 نتيجة دفع أقساط عن مستخدم آخر.', NULL, NULL, 5, 5, 2, 'Mozilla/5.0 (Windows NT 10.0; Win64; x64) AppleWebKit/537.36 (KHTML, like Gecko) Chrome/137.0.0.0 Safari/537.36', '156.211.52.39', '/api/installment-payment/pay', NULL, '2025-07-11 14:22:57', '2025-07-11 14:22:57'),
(92, 'انشاء', 'App\\Models\\Installment', '73', NULL, '\"{\\\"id\\\":73,\\\"installment_plan_id\\\":7,\\\"user_id\\\":12,\\\"created_by\\\":5,\\\"installment_number\\\":\\\"1\\\",\\\"due_date\\\":\\\"2025-02-01\\\",\\\"amount\\\":\\\"200.00\\\",\\\"status\\\":\\\"\\\\u062a\\\\u0645 \\\\u0627\\\\u0644\\\\u062f\\\\u0641\\\\u0639\\\",\\\"paid_at\\\":\\\"2025-07-11\\\",\\\"remaining\\\":0,\\\"created_at\\\":\\\"2025-07-11 14:21:52\\\",\\\"updated_at\\\":\\\"2025-07-11 14:23:08\\\",\\\"company_id\\\":2}\"', ' قام المستخدم  ابو نديتم دفع مبلغ 200 لهذا القسط.', NULL, NULL, 5, 5, 2, 'Mozilla/5.0 (Windows NT 10.0; Win64; x64) AppleWebKit/537.36 (KHTML, like Gecko) Chrome/137.0.0.0 Safari/537.36', '156.211.52.39', '/api/installment-payment/pay', NULL, '2025-07-11 14:23:08', '2025-07-11 14:23:08'),
(93, 'تعديل', 'App\\Models\\User', '5', '\"{\\\"id\\\":5,\\\"phone\\\":\\\"01070475028\\\",\\\"password\\\":\\\"$2y$12$Eb7Gi\\\\\\/94E9cobc3u9R\\\\\\/PFeqRyP2a0uyb7.09Jr79JLrf0KP8MjtTO\\\",\\\"email\\\":null,\\\"username\\\":null,\\\"nickname\\\":\\\"\\\\u0627\\\\u0628\\\\u0648 \\\\u0646\\\\u062f\\\\u064a\\\",\\\"full_name\\\":\\\"\\\\u0648\\\\u0627\\\\u0626\\\\u0644 \\\\u0645\\\\u062d\\\\u0645\\\\u062f \\\\u0627\\\\u062d\\\\u0645\\\\u062f\\\",\\\"position\\\":null,\\\"settings\\\":null,\\\"last_login_at\\\":null,\\\"email_verified_at\\\":null,\\\"balance\\\":\\\"0.00\\\",\\\"status\\\":\\\"1\\\",\\\"customer_type\\\":\\\"retail\\\",\\\"created_by\\\":1,\\\"company_id\\\":2,\\\"remember_token\\\":null,\\\"created_at\\\":\\\"2025-07-09T06:43:59.000000Z\\\",\\\"updated_at\\\":\\\"2025-07-09T20:31:45.000000Z\\\"}\"', '\"[]\"', 'قام المستخدم ابو ندي بتعديل زيادة الرصيد بقيمة 200 نتيجة دفع أقساط عن مستخدم آخر.', NULL, NULL, 5, 5, 2, 'Mozilla/5.0 (Windows NT 10.0; Win64; x64) AppleWebKit/537.36 (KHTML, like Gecko) Chrome/137.0.0.0 Safari/537.36', '156.211.52.39', '/api/installment-payment/pay', NULL, '2025-07-11 14:23:08', '2025-07-11 14:23:08'),
(94, 'انشاء', 'App\\Models\\Installment', '50', NULL, '\"{\\\"id\\\":50,\\\"installment_plan_id\\\":5,\\\"user_id\\\":12,\\\"created_by\\\":5,\\\"installment_number\\\":\\\"2\\\",\\\"due_date\\\":\\\"2025-03-01\\\",\\\"amount\\\":\\\"820.00\\\",\\\"status\\\":\\\"\\\\u062a\\\\u0645 \\\\u0627\\\\u0644\\\\u062f\\\\u0641\\\\u0639\\\",\\\"paid_at\\\":\\\"2025-07-11\\\",\\\"remaining\\\":0,\\\"created_at\\\":\\\"2025-07-11 14:14:35\\\",\\\"updated_at\\\":\\\"2025-07-11 14:23:19\\\",\\\"company_id\\\":2}\"', ' قام المستخدم  ابو نديتم دفع مبلغ 820 لهذا القسط.', NULL, NULL, 5, 5, 2, 'Mozilla/5.0 (Windows NT 10.0; Win64; x64) AppleWebKit/537.36 (KHTML, like Gecko) Chrome/137.0.0.0 Safari/537.36', '156.211.52.39', '/api/installment-payment/pay', NULL, '2025-07-11 14:23:19', '2025-07-11 14:23:19'),
(95, 'تعديل', 'App\\Models\\User', '5', '\"{\\\"id\\\":5,\\\"phone\\\":\\\"01070475028\\\",\\\"password\\\":\\\"$2y$12$Eb7Gi\\\\\\/94E9cobc3u9R\\\\\\/PFeqRyP2a0uyb7.09Jr79JLrf0KP8MjtTO\\\",\\\"email\\\":null,\\\"username\\\":null,\\\"nickname\\\":\\\"\\\\u0627\\\\u0628\\\\u0648 \\\\u0646\\\\u062f\\\\u064a\\\",\\\"full_name\\\":\\\"\\\\u0648\\\\u0627\\\\u0626\\\\u0644 \\\\u0645\\\\u062d\\\\u0645\\\\u062f \\\\u0627\\\\u062d\\\\u0645\\\\u062f\\\",\\\"position\\\":null,\\\"settings\\\":null,\\\"last_login_at\\\":null,\\\"email_verified_at\\\":null,\\\"balance\\\":\\\"0.00\\\",\\\"status\\\":\\\"1\\\",\\\"customer_type\\\":\\\"retail\\\",\\\"created_by\\\":1,\\\"company_id\\\":2,\\\"remember_token\\\":null,\\\"created_at\\\":\\\"2025-07-09T06:43:59.000000Z\\\",\\\"updated_at\\\":\\\"2025-07-09T20:31:45.000000Z\\\"}\"', '\"[]\"', 'قام المستخدم ابو ندي بتعديل زيادة الرصيد بقيمة 820 نتيجة دفع أقساط عن مستخدم آخر.', NULL, NULL, 5, 5, 2, 'Mozilla/5.0 (Windows NT 10.0; Win64; x64) AppleWebKit/537.36 (KHTML, like Gecko) Chrome/137.0.0.0 Safari/537.36', '156.211.52.39', '/api/installment-payment/pay', NULL, '2025-07-11 14:23:19', '2025-07-11 14:23:19'),
(96, 'انشاء', 'App\\Models\\Installment', '74', NULL, '\"{\\\"id\\\":74,\\\"installment_plan_id\\\":7,\\\"user_id\\\":12,\\\"created_by\\\":5,\\\"installment_number\\\":\\\"2\\\",\\\"due_date\\\":\\\"2025-03-01\\\",\\\"amount\\\":\\\"200.00\\\",\\\"status\\\":\\\"\\\\u062a\\\\u0645 \\\\u0627\\\\u0644\\\\u062f\\\\u0641\\\\u0639\\\",\\\"paid_at\\\":\\\"2025-07-11\\\",\\\"remaining\\\":0,\\\"created_at\\\":\\\"2025-07-11 14:21:52\\\",\\\"updated_at\\\":\\\"2025-07-11 14:24:10\\\",\\\"company_id\\\":2}\"', ' قام المستخدم  ابو نديتم دفع مبلغ 200 لهذا القسط.', NULL, NULL, 5, 5, 2, 'Mozilla/5.0 (Windows NT 10.0; Win64; x64) AppleWebKit/537.36 (KHTML, like Gecko) Chrome/137.0.0.0 Safari/537.36', '156.211.52.39', '/api/installment-payment/pay', NULL, '2025-07-11 14:24:10', '2025-07-11 14:24:10'),
(97, 'تعديل', 'App\\Models\\User', '5', '\"{\\\"id\\\":5,\\\"phone\\\":\\\"01070475028\\\",\\\"password\\\":\\\"$2y$12$Eb7Gi\\\\\\/94E9cobc3u9R\\\\\\/PFeqRyP2a0uyb7.09Jr79JLrf0KP8MjtTO\\\",\\\"email\\\":null,\\\"username\\\":null,\\\"nickname\\\":\\\"\\\\u0627\\\\u0628\\\\u0648 \\\\u0646\\\\u062f\\\\u064a\\\",\\\"full_name\\\":\\\"\\\\u0648\\\\u0627\\\\u0626\\\\u0644 \\\\u0645\\\\u062d\\\\u0645\\\\u062f \\\\u0627\\\\u062d\\\\u0645\\\\u062f\\\",\\\"position\\\":null,\\\"settings\\\":null,\\\"last_login_at\\\":null,\\\"email_verified_at\\\":null,\\\"balance\\\":\\\"0.00\\\",\\\"status\\\":\\\"1\\\",\\\"customer_type\\\":\\\"retail\\\",\\\"created_by\\\":1,\\\"company_id\\\":2,\\\"remember_token\\\":null,\\\"created_at\\\":\\\"2025-07-09T06:43:59.000000Z\\\",\\\"updated_at\\\":\\\"2025-07-09T20:31:45.000000Z\\\"}\"', '\"[]\"', 'قام المستخدم ابو ندي بتعديل زيادة الرصيد بقيمة 200 نتيجة دفع أقساط عن مستخدم آخر.', NULL, NULL, 5, 5, 2, 'Mozilla/5.0 (Windows NT 10.0; Win64; x64) AppleWebKit/537.36 (KHTML, like Gecko) Chrome/137.0.0.0 Safari/537.36', '156.211.52.39', '/api/installment-payment/pay', NULL, '2025-07-11 14:24:10', '2025-07-11 14:24:10'),
(98, 'انشاء', 'App\\Models\\Installment', '75', NULL, '\"{\\\"id\\\":75,\\\"installment_plan_id\\\":7,\\\"user_id\\\":12,\\\"created_by\\\":5,\\\"installment_number\\\":\\\"3\\\",\\\"due_date\\\":\\\"2025-04-01\\\",\\\"amount\\\":\\\"200.00\\\",\\\"status\\\":\\\"\\\\u062a\\\\u0645 \\\\u0627\\\\u0644\\\\u062f\\\\u0641\\\\u0639\\\",\\\"paid_at\\\":\\\"2025-07-11\\\",\\\"remaining\\\":0,\\\"created_at\\\":\\\"2025-07-11 14:21:52\\\",\\\"updated_at\\\":\\\"2025-07-11 14:24:20\\\",\\\"company_id\\\":2}\"', ' قام المستخدم  ابو نديتم دفع مبلغ 200 لهذا القسط.', NULL, NULL, 5, 5, 2, 'Mozilla/5.0 (Windows NT 10.0; Win64; x64) AppleWebKit/537.36 (KHTML, like Gecko) Chrome/137.0.0.0 Safari/537.36', '156.211.52.39', '/api/installment-payment/pay', NULL, '2025-07-11 14:24:20', '2025-07-11 14:24:20'),
(99, 'تعديل', 'App\\Models\\User', '5', '\"{\\\"id\\\":5,\\\"phone\\\":\\\"01070475028\\\",\\\"password\\\":\\\"$2y$12$Eb7Gi\\\\\\/94E9cobc3u9R\\\\\\/PFeqRyP2a0uyb7.09Jr79JLrf0KP8MjtTO\\\",\\\"email\\\":null,\\\"username\\\":null,\\\"nickname\\\":\\\"\\\\u0627\\\\u0628\\\\u0648 \\\\u0646\\\\u062f\\\\u064a\\\",\\\"full_name\\\":\\\"\\\\u0648\\\\u0627\\\\u0626\\\\u0644 \\\\u0645\\\\u062d\\\\u0645\\\\u062f \\\\u0627\\\\u062d\\\\u0645\\\\u062f\\\",\\\"position\\\":null,\\\"settings\\\":null,\\\"last_login_at\\\":null,\\\"email_verified_at\\\":null,\\\"balance\\\":\\\"0.00\\\",\\\"status\\\":\\\"1\\\",\\\"customer_type\\\":\\\"retail\\\",\\\"created_by\\\":1,\\\"company_id\\\":2,\\\"remember_token\\\":null,\\\"created_at\\\":\\\"2025-07-09T06:43:59.000000Z\\\",\\\"updated_at\\\":\\\"2025-07-09T20:31:45.000000Z\\\"}\"', '\"[]\"', 'قام المستخدم ابو ندي بتعديل زيادة الرصيد بقيمة 200 نتيجة دفع أقساط عن مستخدم آخر.', NULL, NULL, 5, 5, 2, 'Mozilla/5.0 (Windows NT 10.0; Win64; x64) AppleWebKit/537.36 (KHTML, like Gecko) Chrome/137.0.0.0 Safari/537.36', '156.211.52.39', '/api/installment-payment/pay', NULL, '2025-07-11 14:24:20', '2025-07-11 14:24:20'),
(100, 'انشاء', 'App\\Models\\Installment', '76', NULL, '\"{\\\"id\\\":76,\\\"installment_plan_id\\\":7,\\\"user_id\\\":12,\\\"created_by\\\":5,\\\"installment_number\\\":\\\"4\\\",\\\"due_date\\\":\\\"2025-05-01\\\",\\\"amount\\\":\\\"200.00\\\",\\\"status\\\":\\\"\\\\u062a\\\\u0645 \\\\u0627\\\\u0644\\\\u062f\\\\u0641\\\\u0639\\\",\\\"paid_at\\\":\\\"2025-07-11\\\",\\\"remaining\\\":0,\\\"created_at\\\":\\\"2025-07-11 14:21:52\\\",\\\"updated_at\\\":\\\"2025-07-11 14:24:28\\\",\\\"company_id\\\":2}\"', ' قام المستخدم  ابو نديتم دفع مبلغ 200 لهذا القسط.', NULL, NULL, 5, 5, 2, 'Mozilla/5.0 (Windows NT 10.0; Win64; x64) AppleWebKit/537.36 (KHTML, like Gecko) Chrome/137.0.0.0 Safari/537.36', '156.211.52.39', '/api/installment-payment/pay', NULL, '2025-07-11 14:24:28', '2025-07-11 14:24:28');
INSERT INTO `activity_logs` (`id`, `action`, `model`, `row_id`, `data_old`, `data_new`, `description`, `old_values`, `new_values`, `user_id`, `created_by`, `company_id`, `user_agent`, `ip_address`, `url`, `metadata`, `created_at`, `updated_at`) VALUES
(101, 'تعديل', 'App\\Models\\User', '5', '\"{\\\"id\\\":5,\\\"phone\\\":\\\"01070475028\\\",\\\"password\\\":\\\"$2y$12$Eb7Gi\\\\\\/94E9cobc3u9R\\\\\\/PFeqRyP2a0uyb7.09Jr79JLrf0KP8MjtTO\\\",\\\"email\\\":null,\\\"username\\\":null,\\\"nickname\\\":\\\"\\\\u0627\\\\u0628\\\\u0648 \\\\u0646\\\\u062f\\\\u064a\\\",\\\"full_name\\\":\\\"\\\\u0648\\\\u0627\\\\u0626\\\\u0644 \\\\u0645\\\\u062d\\\\u0645\\\\u062f \\\\u0627\\\\u062d\\\\u0645\\\\u062f\\\",\\\"position\\\":null,\\\"settings\\\":null,\\\"last_login_at\\\":null,\\\"email_verified_at\\\":null,\\\"balance\\\":\\\"0.00\\\",\\\"status\\\":\\\"1\\\",\\\"customer_type\\\":\\\"retail\\\",\\\"created_by\\\":1,\\\"company_id\\\":2,\\\"remember_token\\\":null,\\\"created_at\\\":\\\"2025-07-09T06:43:59.000000Z\\\",\\\"updated_at\\\":\\\"2025-07-09T20:31:45.000000Z\\\"}\"', '\"[]\"', 'قام المستخدم ابو ندي بتعديل زيادة الرصيد بقيمة 200 نتيجة دفع أقساط عن مستخدم آخر.', NULL, NULL, 5, 5, 2, 'Mozilla/5.0 (Windows NT 10.0; Win64; x64) AppleWebKit/537.36 (KHTML, like Gecko) Chrome/137.0.0.0 Safari/537.36', '156.211.52.39', '/api/installment-payment/pay', NULL, '2025-07-11 14:24:28', '2025-07-11 14:24:28'),
(102, 'انشاء', 'App\\Models\\Installment', '77', NULL, '\"{\\\"id\\\":77,\\\"installment_plan_id\\\":7,\\\"user_id\\\":12,\\\"created_by\\\":5,\\\"installment_number\\\":\\\"5\\\",\\\"due_date\\\":\\\"2025-06-01\\\",\\\"amount\\\":\\\"200.00\\\",\\\"status\\\":\\\"\\\\u062a\\\\u0645 \\\\u0627\\\\u0644\\\\u062f\\\\u0641\\\\u0639\\\",\\\"paid_at\\\":\\\"2025-07-11\\\",\\\"remaining\\\":0,\\\"created_at\\\":\\\"2025-07-11 14:21:52\\\",\\\"updated_at\\\":\\\"2025-07-11 14:24:35\\\",\\\"company_id\\\":2}\"', ' قام المستخدم  ابو نديتم دفع مبلغ 200 لهذا القسط.', NULL, NULL, 5, 5, 2, 'Mozilla/5.0 (Windows NT 10.0; Win64; x64) AppleWebKit/537.36 (KHTML, like Gecko) Chrome/137.0.0.0 Safari/537.36', '156.211.52.39', '/api/installment-payment/pay', NULL, '2025-07-11 14:24:35', '2025-07-11 14:24:35'),
(103, 'تعديل', 'App\\Models\\User', '5', '\"{\\\"id\\\":5,\\\"phone\\\":\\\"01070475028\\\",\\\"password\\\":\\\"$2y$12$Eb7Gi\\\\\\/94E9cobc3u9R\\\\\\/PFeqRyP2a0uyb7.09Jr79JLrf0KP8MjtTO\\\",\\\"email\\\":null,\\\"username\\\":null,\\\"nickname\\\":\\\"\\\\u0627\\\\u0628\\\\u0648 \\\\u0646\\\\u062f\\\\u064a\\\",\\\"full_name\\\":\\\"\\\\u0648\\\\u0627\\\\u0626\\\\u0644 \\\\u0645\\\\u062d\\\\u0645\\\\u062f \\\\u0627\\\\u062d\\\\u0645\\\\u062f\\\",\\\"position\\\":null,\\\"settings\\\":null,\\\"last_login_at\\\":null,\\\"email_verified_at\\\":null,\\\"balance\\\":\\\"0.00\\\",\\\"status\\\":\\\"1\\\",\\\"customer_type\\\":\\\"retail\\\",\\\"created_by\\\":1,\\\"company_id\\\":2,\\\"remember_token\\\":null,\\\"created_at\\\":\\\"2025-07-09T06:43:59.000000Z\\\",\\\"updated_at\\\":\\\"2025-07-09T20:31:45.000000Z\\\"}\"', '\"[]\"', 'قام المستخدم ابو ندي بتعديل زيادة الرصيد بقيمة 200 نتيجة دفع أقساط عن مستخدم آخر.', NULL, NULL, 5, 5, 2, 'Mozilla/5.0 (Windows NT 10.0; Win64; x64) AppleWebKit/537.36 (KHTML, like Gecko) Chrome/137.0.0.0 Safari/537.36', '156.211.52.39', '/api/installment-payment/pay', NULL, '2025-07-11 14:24:35', '2025-07-11 14:24:35'),
(104, 'انشاء', 'App\\Models\\Installment', '78', NULL, '\"{\\\"id\\\":78,\\\"installment_plan_id\\\":7,\\\"user_id\\\":12,\\\"created_by\\\":5,\\\"installment_number\\\":\\\"6\\\",\\\"due_date\\\":\\\"2025-07-01\\\",\\\"amount\\\":\\\"200.00\\\",\\\"status\\\":\\\"\\\\u062a\\\\u0645 \\\\u0627\\\\u0644\\\\u062f\\\\u0641\\\\u0639\\\",\\\"paid_at\\\":\\\"2025-07-11\\\",\\\"remaining\\\":0,\\\"created_at\\\":\\\"2025-07-11 14:21:52\\\",\\\"updated_at\\\":\\\"2025-07-11 14:24:44\\\",\\\"company_id\\\":2}\"', ' قام المستخدم  ابو نديتم دفع مبلغ 200 لهذا القسط.', NULL, NULL, 5, 5, 2, 'Mozilla/5.0 (Windows NT 10.0; Win64; x64) AppleWebKit/537.36 (KHTML, like Gecko) Chrome/137.0.0.0 Safari/537.36', '156.211.52.39', '/api/installment-payment/pay', NULL, '2025-07-11 14:24:44', '2025-07-11 14:24:44'),
(105, 'تعديل', 'App\\Models\\User', '5', '\"{\\\"id\\\":5,\\\"phone\\\":\\\"01070475028\\\",\\\"password\\\":\\\"$2y$12$Eb7Gi\\\\\\/94E9cobc3u9R\\\\\\/PFeqRyP2a0uyb7.09Jr79JLrf0KP8MjtTO\\\",\\\"email\\\":null,\\\"username\\\":null,\\\"nickname\\\":\\\"\\\\u0627\\\\u0628\\\\u0648 \\\\u0646\\\\u062f\\\\u064a\\\",\\\"full_name\\\":\\\"\\\\u0648\\\\u0627\\\\u0626\\\\u0644 \\\\u0645\\\\u062d\\\\u0645\\\\u062f \\\\u0627\\\\u062d\\\\u0645\\\\u062f\\\",\\\"position\\\":null,\\\"settings\\\":null,\\\"last_login_at\\\":null,\\\"email_verified_at\\\":null,\\\"balance\\\":\\\"0.00\\\",\\\"status\\\":\\\"1\\\",\\\"customer_type\\\":\\\"retail\\\",\\\"created_by\\\":1,\\\"company_id\\\":2,\\\"remember_token\\\":null,\\\"created_at\\\":\\\"2025-07-09T06:43:59.000000Z\\\",\\\"updated_at\\\":\\\"2025-07-09T20:31:45.000000Z\\\"}\"', '\"[]\"', 'قام المستخدم ابو ندي بتعديل زيادة الرصيد بقيمة 200 نتيجة دفع أقساط عن مستخدم آخر.', NULL, NULL, 5, 5, 2, 'Mozilla/5.0 (Windows NT 10.0; Win64; x64) AppleWebKit/537.36 (KHTML, like Gecko) Chrome/137.0.0.0 Safari/537.36', '156.211.52.39', '/api/installment-payment/pay', NULL, '2025-07-11 14:24:44', '2025-07-11 14:24:44'),
(106, 'انشاء', 'App\\Models\\Installment', '62', NULL, '\"{\\\"id\\\":62,\\\"installment_plan_id\\\":6,\\\"user_id\\\":12,\\\"created_by\\\":5,\\\"installment_number\\\":\\\"2\\\",\\\"due_date\\\":\\\"2025-03-01\\\",\\\"amount\\\":\\\"390.00\\\",\\\"status\\\":\\\"\\\\u062a\\\\u0645 \\\\u0627\\\\u0644\\\\u062f\\\\u0641\\\\u0639\\\",\\\"paid_at\\\":\\\"2025-07-11\\\",\\\"remaining\\\":0,\\\"created_at\\\":\\\"2025-07-11 14:19:30\\\",\\\"updated_at\\\":\\\"2025-07-11 14:25:10\\\",\\\"company_id\\\":2}\"', ' قام المستخدم  ابو نديتم دفع مبلغ 390 لهذا القسط.', NULL, NULL, 5, 5, 2, 'Mozilla/5.0 (Windows NT 10.0; Win64; x64) AppleWebKit/537.36 (KHTML, like Gecko) Chrome/137.0.0.0 Safari/537.36', '156.211.52.39', '/api/installment-payment/pay', NULL, '2025-07-11 14:25:10', '2025-07-11 14:25:10'),
(107, 'تعديل', 'App\\Models\\User', '5', '\"{\\\"id\\\":5,\\\"phone\\\":\\\"01070475028\\\",\\\"password\\\":\\\"$2y$12$Eb7Gi\\\\\\/94E9cobc3u9R\\\\\\/PFeqRyP2a0uyb7.09Jr79JLrf0KP8MjtTO\\\",\\\"email\\\":null,\\\"username\\\":null,\\\"nickname\\\":\\\"\\\\u0627\\\\u0628\\\\u0648 \\\\u0646\\\\u062f\\\\u064a\\\",\\\"full_name\\\":\\\"\\\\u0648\\\\u0627\\\\u0626\\\\u0644 \\\\u0645\\\\u062d\\\\u0645\\\\u062f \\\\u0627\\\\u062d\\\\u0645\\\\u062f\\\",\\\"position\\\":null,\\\"settings\\\":null,\\\"last_login_at\\\":null,\\\"email_verified_at\\\":null,\\\"balance\\\":\\\"0.00\\\",\\\"status\\\":\\\"1\\\",\\\"customer_type\\\":\\\"retail\\\",\\\"created_by\\\":1,\\\"company_id\\\":2,\\\"remember_token\\\":null,\\\"created_at\\\":\\\"2025-07-09T06:43:59.000000Z\\\",\\\"updated_at\\\":\\\"2025-07-09T20:31:45.000000Z\\\"}\"', '\"[]\"', 'قام المستخدم ابو ندي بتعديل زيادة الرصيد بقيمة 390 نتيجة دفع أقساط عن مستخدم آخر.', NULL, NULL, 5, 5, 2, 'Mozilla/5.0 (Windows NT 10.0; Win64; x64) AppleWebKit/537.36 (KHTML, like Gecko) Chrome/137.0.0.0 Safari/537.36', '156.211.52.39', '/api/installment-payment/pay', NULL, '2025-07-11 14:25:10', '2025-07-11 14:25:10'),
(108, 'انشاء', 'App\\Models\\Installment', '63', NULL, '\"{\\\"id\\\":63,\\\"installment_plan_id\\\":6,\\\"user_id\\\":12,\\\"created_by\\\":5,\\\"installment_number\\\":\\\"3\\\",\\\"due_date\\\":\\\"2025-04-01\\\",\\\"amount\\\":\\\"390.00\\\",\\\"status\\\":\\\"\\\\u062a\\\\u0645 \\\\u0627\\\\u0644\\\\u062f\\\\u0641\\\\u0639\\\",\\\"paid_at\\\":\\\"2025-07-11\\\",\\\"remaining\\\":0,\\\"created_at\\\":\\\"2025-07-11 14:19:30\\\",\\\"updated_at\\\":\\\"2025-07-11 14:25:17\\\",\\\"company_id\\\":2}\"', ' قام المستخدم  ابو نديتم دفع مبلغ 390 لهذا القسط.', NULL, NULL, 5, 5, 2, 'Mozilla/5.0 (Windows NT 10.0; Win64; x64) AppleWebKit/537.36 (KHTML, like Gecko) Chrome/137.0.0.0 Safari/537.36', '156.211.52.39', '/api/installment-payment/pay', NULL, '2025-07-11 14:25:17', '2025-07-11 14:25:17'),
(109, 'تعديل', 'App\\Models\\User', '5', '\"{\\\"id\\\":5,\\\"phone\\\":\\\"01070475028\\\",\\\"password\\\":\\\"$2y$12$Eb7Gi\\\\\\/94E9cobc3u9R\\\\\\/PFeqRyP2a0uyb7.09Jr79JLrf0KP8MjtTO\\\",\\\"email\\\":null,\\\"username\\\":null,\\\"nickname\\\":\\\"\\\\u0627\\\\u0628\\\\u0648 \\\\u0646\\\\u062f\\\\u064a\\\",\\\"full_name\\\":\\\"\\\\u0648\\\\u0627\\\\u0626\\\\u0644 \\\\u0645\\\\u062d\\\\u0645\\\\u062f \\\\u0627\\\\u062d\\\\u0645\\\\u062f\\\",\\\"position\\\":null,\\\"settings\\\":null,\\\"last_login_at\\\":null,\\\"email_verified_at\\\":null,\\\"balance\\\":\\\"0.00\\\",\\\"status\\\":\\\"1\\\",\\\"customer_type\\\":\\\"retail\\\",\\\"created_by\\\":1,\\\"company_id\\\":2,\\\"remember_token\\\":null,\\\"created_at\\\":\\\"2025-07-09T06:43:59.000000Z\\\",\\\"updated_at\\\":\\\"2025-07-09T20:31:45.000000Z\\\"}\"', '\"[]\"', 'قام المستخدم ابو ندي بتعديل زيادة الرصيد بقيمة 390 نتيجة دفع أقساط عن مستخدم آخر.', NULL, NULL, 5, 5, 2, 'Mozilla/5.0 (Windows NT 10.0; Win64; x64) AppleWebKit/537.36 (KHTML, like Gecko) Chrome/137.0.0.0 Safari/537.36', '156.211.52.39', '/api/installment-payment/pay', NULL, '2025-07-11 14:25:17', '2025-07-11 14:25:17'),
(110, 'انشاء', 'App\\Models\\Installment', '64', NULL, '\"{\\\"id\\\":64,\\\"installment_plan_id\\\":6,\\\"user_id\\\":12,\\\"created_by\\\":5,\\\"installment_number\\\":\\\"4\\\",\\\"due_date\\\":\\\"2025-05-01\\\",\\\"amount\\\":\\\"390.00\\\",\\\"status\\\":\\\"\\\\u062a\\\\u0645 \\\\u0627\\\\u0644\\\\u062f\\\\u0641\\\\u0639\\\",\\\"paid_at\\\":\\\"2025-07-11\\\",\\\"remaining\\\":0,\\\"created_at\\\":\\\"2025-07-11 14:19:30\\\",\\\"updated_at\\\":\\\"2025-07-11 14:25:24\\\",\\\"company_id\\\":2}\"', ' قام المستخدم  ابو نديتم دفع مبلغ 390 لهذا القسط.', NULL, NULL, 5, 5, 2, 'Mozilla/5.0 (Windows NT 10.0; Win64; x64) AppleWebKit/537.36 (KHTML, like Gecko) Chrome/137.0.0.0 Safari/537.36', '156.211.52.39', '/api/installment-payment/pay', NULL, '2025-07-11 14:25:24', '2025-07-11 14:25:24'),
(111, 'تعديل', 'App\\Models\\User', '5', '\"{\\\"id\\\":5,\\\"phone\\\":\\\"01070475028\\\",\\\"password\\\":\\\"$2y$12$Eb7Gi\\\\\\/94E9cobc3u9R\\\\\\/PFeqRyP2a0uyb7.09Jr79JLrf0KP8MjtTO\\\",\\\"email\\\":null,\\\"username\\\":null,\\\"nickname\\\":\\\"\\\\u0627\\\\u0628\\\\u0648 \\\\u0646\\\\u062f\\\\u064a\\\",\\\"full_name\\\":\\\"\\\\u0648\\\\u0627\\\\u0626\\\\u0644 \\\\u0645\\\\u062d\\\\u0645\\\\u062f \\\\u0627\\\\u062d\\\\u0645\\\\u062f\\\",\\\"position\\\":null,\\\"settings\\\":null,\\\"last_login_at\\\":null,\\\"email_verified_at\\\":null,\\\"balance\\\":\\\"0.00\\\",\\\"status\\\":\\\"1\\\",\\\"customer_type\\\":\\\"retail\\\",\\\"created_by\\\":1,\\\"company_id\\\":2,\\\"remember_token\\\":null,\\\"created_at\\\":\\\"2025-07-09T06:43:59.000000Z\\\",\\\"updated_at\\\":\\\"2025-07-09T20:31:45.000000Z\\\"}\"', '\"[]\"', 'قام المستخدم ابو ندي بتعديل زيادة الرصيد بقيمة 390 نتيجة دفع أقساط عن مستخدم آخر.', NULL, NULL, 5, 5, 2, 'Mozilla/5.0 (Windows NT 10.0; Win64; x64) AppleWebKit/537.36 (KHTML, like Gecko) Chrome/137.0.0.0 Safari/537.36', '156.211.52.39', '/api/installment-payment/pay', NULL, '2025-07-11 14:25:24', '2025-07-11 14:25:24'),
(112, 'انشاء', 'App\\Models\\Installment', '65', NULL, '\"{\\\"id\\\":65,\\\"installment_plan_id\\\":6,\\\"user_id\\\":12,\\\"created_by\\\":5,\\\"installment_number\\\":\\\"5\\\",\\\"due_date\\\":\\\"2025-06-01\\\",\\\"amount\\\":\\\"390.00\\\",\\\"status\\\":\\\"\\\\u062a\\\\u0645 \\\\u0627\\\\u0644\\\\u062f\\\\u0641\\\\u0639\\\",\\\"paid_at\\\":\\\"2025-07-11\\\",\\\"remaining\\\":0,\\\"created_at\\\":\\\"2025-07-11 14:19:30\\\",\\\"updated_at\\\":\\\"2025-07-11 14:25:33\\\",\\\"company_id\\\":2}\"', ' قام المستخدم  ابو نديتم دفع مبلغ 390 لهذا القسط.', NULL, NULL, 5, 5, 2, 'Mozilla/5.0 (Windows NT 10.0; Win64; x64) AppleWebKit/537.36 (KHTML, like Gecko) Chrome/137.0.0.0 Safari/537.36', '156.211.52.39', '/api/installment-payment/pay', NULL, '2025-07-11 14:25:33', '2025-07-11 14:25:33'),
(113, 'تعديل', 'App\\Models\\User', '5', '\"{\\\"id\\\":5,\\\"phone\\\":\\\"01070475028\\\",\\\"password\\\":\\\"$2y$12$Eb7Gi\\\\\\/94E9cobc3u9R\\\\\\/PFeqRyP2a0uyb7.09Jr79JLrf0KP8MjtTO\\\",\\\"email\\\":null,\\\"username\\\":null,\\\"nickname\\\":\\\"\\\\u0627\\\\u0628\\\\u0648 \\\\u0646\\\\u062f\\\\u064a\\\",\\\"full_name\\\":\\\"\\\\u0648\\\\u0627\\\\u0626\\\\u0644 \\\\u0645\\\\u062d\\\\u0645\\\\u062f \\\\u0627\\\\u062d\\\\u0645\\\\u062f\\\",\\\"position\\\":null,\\\"settings\\\":null,\\\"last_login_at\\\":null,\\\"email_verified_at\\\":null,\\\"balance\\\":\\\"0.00\\\",\\\"status\\\":\\\"1\\\",\\\"customer_type\\\":\\\"retail\\\",\\\"created_by\\\":1,\\\"company_id\\\":2,\\\"remember_token\\\":null,\\\"created_at\\\":\\\"2025-07-09T06:43:59.000000Z\\\",\\\"updated_at\\\":\\\"2025-07-09T20:31:45.000000Z\\\"}\"', '\"[]\"', 'قام المستخدم ابو ندي بتعديل زيادة الرصيد بقيمة 390 نتيجة دفع أقساط عن مستخدم آخر.', NULL, NULL, 5, 5, 2, 'Mozilla/5.0 (Windows NT 10.0; Win64; x64) AppleWebKit/537.36 (KHTML, like Gecko) Chrome/137.0.0.0 Safari/537.36', '156.211.52.39', '/api/installment-payment/pay', NULL, '2025-07-11 14:25:33', '2025-07-11 14:25:33'),
(114, 'انشاء', 'App\\Models\\Installment', '66', NULL, '\"{\\\"id\\\":66,\\\"installment_plan_id\\\":6,\\\"user_id\\\":12,\\\"created_by\\\":5,\\\"installment_number\\\":\\\"6\\\",\\\"due_date\\\":\\\"2025-07-01\\\",\\\"amount\\\":\\\"390.00\\\",\\\"status\\\":\\\"\\\\u062a\\\\u0645 \\\\u0627\\\\u0644\\\\u062f\\\\u0641\\\\u0639\\\",\\\"paid_at\\\":\\\"2025-07-11\\\",\\\"remaining\\\":0,\\\"created_at\\\":\\\"2025-07-11 14:19:30\\\",\\\"updated_at\\\":\\\"2025-07-11 14:25:47\\\",\\\"company_id\\\":2}\"', ' قام المستخدم  ابو نديتم دفع مبلغ 390 لهذا القسط.', NULL, NULL, 5, 5, 2, 'Mozilla/5.0 (Windows NT 10.0; Win64; x64) AppleWebKit/537.36 (KHTML, like Gecko) Chrome/137.0.0.0 Safari/537.36', '156.211.52.39', '/api/installment-payment/pay', NULL, '2025-07-11 14:25:47', '2025-07-11 14:25:47'),
(115, 'تعديل', 'App\\Models\\User', '5', '\"{\\\"id\\\":5,\\\"phone\\\":\\\"01070475028\\\",\\\"password\\\":\\\"$2y$12$Eb7Gi\\\\\\/94E9cobc3u9R\\\\\\/PFeqRyP2a0uyb7.09Jr79JLrf0KP8MjtTO\\\",\\\"email\\\":null,\\\"username\\\":null,\\\"nickname\\\":\\\"\\\\u0627\\\\u0628\\\\u0648 \\\\u0646\\\\u062f\\\\u064a\\\",\\\"full_name\\\":\\\"\\\\u0648\\\\u0627\\\\u0626\\\\u0644 \\\\u0645\\\\u062d\\\\u0645\\\\u062f \\\\u0627\\\\u062d\\\\u0645\\\\u062f\\\",\\\"position\\\":null,\\\"settings\\\":null,\\\"last_login_at\\\":null,\\\"email_verified_at\\\":null,\\\"balance\\\":\\\"0.00\\\",\\\"status\\\":\\\"1\\\",\\\"customer_type\\\":\\\"retail\\\",\\\"created_by\\\":1,\\\"company_id\\\":2,\\\"remember_token\\\":null,\\\"created_at\\\":\\\"2025-07-09T06:43:59.000000Z\\\",\\\"updated_at\\\":\\\"2025-07-09T20:31:45.000000Z\\\"}\"', '\"[]\"', 'قام المستخدم ابو ندي بتعديل زيادة الرصيد بقيمة 390 نتيجة دفع أقساط عن مستخدم آخر.', NULL, NULL, 5, 5, 2, 'Mozilla/5.0 (Windows NT 10.0; Win64; x64) AppleWebKit/537.36 (KHTML, like Gecko) Chrome/137.0.0.0 Safari/537.36', '156.211.52.39', '/api/installment-payment/pay', NULL, '2025-07-11 14:25:47', '2025-07-11 14:25:47'),
(116, 'انشاء', 'App\\Models\\Installment', '51', NULL, '\"{\\\"id\\\":51,\\\"installment_plan_id\\\":5,\\\"user_id\\\":12,\\\"created_by\\\":5,\\\"installment_number\\\":\\\"3\\\",\\\"due_date\\\":\\\"2025-04-01\\\",\\\"amount\\\":\\\"820.00\\\",\\\"status\\\":\\\"\\\\u062a\\\\u0645 \\\\u0627\\\\u0644\\\\u062f\\\\u0641\\\\u0639\\\",\\\"paid_at\\\":\\\"2025-07-11\\\",\\\"remaining\\\":0,\\\"created_at\\\":\\\"2025-07-11 14:14:35\\\",\\\"updated_at\\\":\\\"2025-07-11 14:26:01\\\",\\\"company_id\\\":2}\"', ' قام المستخدم  ابو نديتم دفع مبلغ 820 لهذا القسط.', NULL, NULL, 5, 5, 2, 'Mozilla/5.0 (Windows NT 10.0; Win64; x64) AppleWebKit/537.36 (KHTML, like Gecko) Chrome/137.0.0.0 Safari/537.36', '156.211.52.39', '/api/installment-payment/pay', NULL, '2025-07-11 14:26:01', '2025-07-11 14:26:01'),
(117, 'تعديل', 'App\\Models\\User', '5', '\"{\\\"id\\\":5,\\\"phone\\\":\\\"01070475028\\\",\\\"password\\\":\\\"$2y$12$Eb7Gi\\\\\\/94E9cobc3u9R\\\\\\/PFeqRyP2a0uyb7.09Jr79JLrf0KP8MjtTO\\\",\\\"email\\\":null,\\\"username\\\":null,\\\"nickname\\\":\\\"\\\\u0627\\\\u0628\\\\u0648 \\\\u0646\\\\u062f\\\\u064a\\\",\\\"full_name\\\":\\\"\\\\u0648\\\\u0627\\\\u0626\\\\u0644 \\\\u0645\\\\u062d\\\\u0645\\\\u062f \\\\u0627\\\\u062d\\\\u0645\\\\u062f\\\",\\\"position\\\":null,\\\"settings\\\":null,\\\"last_login_at\\\":null,\\\"email_verified_at\\\":null,\\\"balance\\\":\\\"0.00\\\",\\\"status\\\":\\\"1\\\",\\\"customer_type\\\":\\\"retail\\\",\\\"created_by\\\":1,\\\"company_id\\\":2,\\\"remember_token\\\":null,\\\"created_at\\\":\\\"2025-07-09T06:43:59.000000Z\\\",\\\"updated_at\\\":\\\"2025-07-09T20:31:45.000000Z\\\"}\"', '\"[]\"', 'قام المستخدم ابو ندي بتعديل زيادة الرصيد بقيمة 820 نتيجة دفع أقساط عن مستخدم آخر.', NULL, NULL, 5, 5, 2, 'Mozilla/5.0 (Windows NT 10.0; Win64; x64) AppleWebKit/537.36 (KHTML, like Gecko) Chrome/137.0.0.0 Safari/537.36', '156.211.52.39', '/api/installment-payment/pay', NULL, '2025-07-11 14:26:01', '2025-07-11 14:26:01'),
(118, 'انشاء', 'App\\Models\\Installment', '52', NULL, '\"{\\\"id\\\":52,\\\"installment_plan_id\\\":5,\\\"user_id\\\":12,\\\"created_by\\\":5,\\\"installment_number\\\":\\\"4\\\",\\\"due_date\\\":\\\"2025-05-01\\\",\\\"amount\\\":\\\"820.00\\\",\\\"status\\\":\\\"\\\\u062a\\\\u0645 \\\\u0627\\\\u0644\\\\u062f\\\\u0641\\\\u0639\\\",\\\"paid_at\\\":\\\"2025-07-11\\\",\\\"remaining\\\":0,\\\"created_at\\\":\\\"2025-07-11 14:14:35\\\",\\\"updated_at\\\":\\\"2025-07-11 14:26:15\\\",\\\"company_id\\\":2}\"', ' قام المستخدم  ابو نديتم دفع مبلغ 820 لهذا القسط.', NULL, NULL, 5, 5, 2, 'Mozilla/5.0 (Windows NT 10.0; Win64; x64) AppleWebKit/537.36 (KHTML, like Gecko) Chrome/137.0.0.0 Safari/537.36', '156.211.52.39', '/api/installment-payment/pay', NULL, '2025-07-11 14:26:15', '2025-07-11 14:26:15'),
(119, 'تعديل', 'App\\Models\\User', '5', '\"{\\\"id\\\":5,\\\"phone\\\":\\\"01070475028\\\",\\\"password\\\":\\\"$2y$12$Eb7Gi\\\\\\/94E9cobc3u9R\\\\\\/PFeqRyP2a0uyb7.09Jr79JLrf0KP8MjtTO\\\",\\\"email\\\":null,\\\"username\\\":null,\\\"nickname\\\":\\\"\\\\u0627\\\\u0628\\\\u0648 \\\\u0646\\\\u062f\\\\u064a\\\",\\\"full_name\\\":\\\"\\\\u0648\\\\u0627\\\\u0626\\\\u0644 \\\\u0645\\\\u062d\\\\u0645\\\\u062f \\\\u0627\\\\u062d\\\\u0645\\\\u062f\\\",\\\"position\\\":null,\\\"settings\\\":null,\\\"last_login_at\\\":null,\\\"email_verified_at\\\":null,\\\"balance\\\":\\\"0.00\\\",\\\"status\\\":\\\"1\\\",\\\"customer_type\\\":\\\"retail\\\",\\\"created_by\\\":1,\\\"company_id\\\":2,\\\"remember_token\\\":null,\\\"created_at\\\":\\\"2025-07-09T06:43:59.000000Z\\\",\\\"updated_at\\\":\\\"2025-07-09T20:31:45.000000Z\\\"}\"', '\"[]\"', 'قام المستخدم ابو ندي بتعديل زيادة الرصيد بقيمة 820 نتيجة دفع أقساط عن مستخدم آخر.', NULL, NULL, 5, 5, 2, 'Mozilla/5.0 (Windows NT 10.0; Win64; x64) AppleWebKit/537.36 (KHTML, like Gecko) Chrome/137.0.0.0 Safari/537.36', '156.211.52.39', '/api/installment-payment/pay', NULL, '2025-07-11 14:26:15', '2025-07-11 14:26:15'),
(120, 'انشاء', 'App\\Models\\Installment', '53', NULL, '\"{\\\"id\\\":53,\\\"installment_plan_id\\\":5,\\\"user_id\\\":12,\\\"created_by\\\":5,\\\"installment_number\\\":\\\"5\\\",\\\"due_date\\\":\\\"2025-06-01\\\",\\\"amount\\\":\\\"820.00\\\",\\\"status\\\":\\\"\\\\u062a\\\\u0645 \\\\u0627\\\\u0644\\\\u062f\\\\u0641\\\\u0639\\\",\\\"paid_at\\\":\\\"2025-07-11\\\",\\\"remaining\\\":0,\\\"created_at\\\":\\\"2025-07-11 14:14:35\\\",\\\"updated_at\\\":\\\"2025-07-11 14:26:24\\\",\\\"company_id\\\":2}\"', ' قام المستخدم  ابو نديتم دفع مبلغ 820 لهذا القسط.', NULL, NULL, 5, 5, 2, 'Mozilla/5.0 (Windows NT 10.0; Win64; x64) AppleWebKit/537.36 (KHTML, like Gecko) Chrome/137.0.0.0 Safari/537.36', '156.211.52.39', '/api/installment-payment/pay', NULL, '2025-07-11 14:26:24', '2025-07-11 14:26:24'),
(121, 'تعديل', 'App\\Models\\User', '5', '\"{\\\"id\\\":5,\\\"phone\\\":\\\"01070475028\\\",\\\"password\\\":\\\"$2y$12$Eb7Gi\\\\\\/94E9cobc3u9R\\\\\\/PFeqRyP2a0uyb7.09Jr79JLrf0KP8MjtTO\\\",\\\"email\\\":null,\\\"username\\\":null,\\\"nickname\\\":\\\"\\\\u0627\\\\u0628\\\\u0648 \\\\u0646\\\\u062f\\\\u064a\\\",\\\"full_name\\\":\\\"\\\\u0648\\\\u0627\\\\u0626\\\\u0644 \\\\u0645\\\\u062d\\\\u0645\\\\u062f \\\\u0627\\\\u062d\\\\u0645\\\\u062f\\\",\\\"position\\\":null,\\\"settings\\\":null,\\\"last_login_at\\\":null,\\\"email_verified_at\\\":null,\\\"balance\\\":\\\"0.00\\\",\\\"status\\\":\\\"1\\\",\\\"customer_type\\\":\\\"retail\\\",\\\"created_by\\\":1,\\\"company_id\\\":2,\\\"remember_token\\\":null,\\\"created_at\\\":\\\"2025-07-09T06:43:59.000000Z\\\",\\\"updated_at\\\":\\\"2025-07-09T20:31:45.000000Z\\\"}\"', '\"[]\"', 'قام المستخدم ابو ندي بتعديل زيادة الرصيد بقيمة 820 نتيجة دفع أقساط عن مستخدم آخر.', NULL, NULL, 5, 5, 2, 'Mozilla/5.0 (Windows NT 10.0; Win64; x64) AppleWebKit/537.36 (KHTML, like Gecko) Chrome/137.0.0.0 Safari/537.36', '156.211.52.39', '/api/installment-payment/pay', NULL, '2025-07-11 14:26:24', '2025-07-11 14:26:24'),
(122, 'انشاء', 'App\\Models\\Installment', '54', NULL, '\"{\\\"id\\\":54,\\\"installment_plan_id\\\":5,\\\"user_id\\\":12,\\\"created_by\\\":5,\\\"installment_number\\\":\\\"6\\\",\\\"due_date\\\":\\\"2025-07-01\\\",\\\"amount\\\":\\\"820.00\\\",\\\"status\\\":\\\"\\\\u062a\\\\u0645 \\\\u0627\\\\u0644\\\\u062f\\\\u0641\\\\u0639\\\",\\\"paid_at\\\":\\\"2025-07-11\\\",\\\"remaining\\\":0,\\\"created_at\\\":\\\"2025-07-11 14:14:35\\\",\\\"updated_at\\\":\\\"2025-07-11 14:26:32\\\",\\\"company_id\\\":2}\"', ' قام المستخدم  ابو نديتم دفع مبلغ 820 لهذا القسط.', NULL, NULL, 5, 5, 2, 'Mozilla/5.0 (Windows NT 10.0; Win64; x64) AppleWebKit/537.36 (KHTML, like Gecko) Chrome/137.0.0.0 Safari/537.36', '156.211.52.39', '/api/installment-payment/pay', NULL, '2025-07-11 14:26:32', '2025-07-11 14:26:32'),
(123, 'تعديل', 'App\\Models\\User', '5', '\"{\\\"id\\\":5,\\\"phone\\\":\\\"01070475028\\\",\\\"password\\\":\\\"$2y$12$Eb7Gi\\\\\\/94E9cobc3u9R\\\\\\/PFeqRyP2a0uyb7.09Jr79JLrf0KP8MjtTO\\\",\\\"email\\\":null,\\\"username\\\":null,\\\"nickname\\\":\\\"\\\\u0627\\\\u0628\\\\u0648 \\\\u0646\\\\u062f\\\\u064a\\\",\\\"full_name\\\":\\\"\\\\u0648\\\\u0627\\\\u0626\\\\u0644 \\\\u0645\\\\u062d\\\\u0645\\\\u062f \\\\u0627\\\\u062d\\\\u0645\\\\u062f\\\",\\\"position\\\":null,\\\"settings\\\":null,\\\"last_login_at\\\":null,\\\"email_verified_at\\\":null,\\\"balance\\\":\\\"0.00\\\",\\\"status\\\":\\\"1\\\",\\\"customer_type\\\":\\\"retail\\\",\\\"created_by\\\":1,\\\"company_id\\\":2,\\\"remember_token\\\":null,\\\"created_at\\\":\\\"2025-07-09T06:43:59.000000Z\\\",\\\"updated_at\\\":\\\"2025-07-09T20:31:45.000000Z\\\"}\"', '\"[]\"', 'قام المستخدم ابو ندي بتعديل زيادة الرصيد بقيمة 820 نتيجة دفع أقساط عن مستخدم آخر.', NULL, NULL, 5, 5, 2, 'Mozilla/5.0 (Windows NT 10.0; Win64; x64) AppleWebKit/537.36 (KHTML, like Gecko) Chrome/137.0.0.0 Safari/537.36', '156.211.52.39', '/api/installment-payment/pay', NULL, '2025-07-11 14:26:32', '2025-07-11 14:26:32'),
(124, 'انشاء', 'App\\Models\\User', '13', NULL, '\"{\\\"phone\\\":\\\"01062965714\\\",\\\"password\\\":\\\"$2y$12$rCb98lO7sBrcG4X6cLULbeMQQol\\\\\\/iUU1vvGtuCMPcYPoEa3Ek4v1e\\\",\\\"email\\\":null,\\\"full_name\\\":\\\"\\\\u0647\\\\u0648\\\\u064a\\\\u062f\\\\u0647 \\\\u0627\\\\u0644\\\\u0639\\\\u0631\\\\u0628\\\\u064a\\\",\\\"nickname\\\":\\\"\\\\u0627\\\\u062e\\\\u062a \\\\u0648\\\\u062c\\\\u062f\\\\u064a\\\",\\\"username\\\":null,\\\"company_id\\\":2,\\\"customer_type\\\":\\\"retail\\\",\\\"created_by\\\":5,\\\"updated_at\\\":\\\"2025-07-11 14:43:05\\\",\\\"created_at\\\":\\\"2025-07-11 14:43:05\\\",\\\"id\\\":13}\"', ' قام المستخدم  ابو نديبانشاء المستخدم اخت وجدي', NULL, NULL, 5, 5, 2, 'Mozilla/5.0 (Windows NT 10.0; Win64; x64) AppleWebKit/537.36 (KHTML, like Gecko) Chrome/137.0.0.0 Safari/537.36', '156.211.52.39', '/api/user', NULL, '2025-07-11 14:43:05', '2025-07-11 14:43:05'),
(125, 'تعديل', 'App\\Models\\Company', '1', '\"{\\\"id\\\":1,\\\"name\\\":\\\"\\\\u0627\\\\u0644\\\\u0634\\\\u0631\\\\u0643\\\\u0629 \\\\u0627\\\\u0644\\\\u0627\\\\u0641\\\\u062a\\\\u0631\\\\u0627\\\\u0636\\\\u064a\\\\u0629\\\",\\\"description\\\":null,\\\"field\\\":\\\"\\\\u0627\\\\u0644\\\\u0627\\\\u0641\\\\u062a\\\\u0631\\\\u0627\\\\u0636\\\\u064a\\\\u0629\\\",\\\"owner_name\\\":\\\"System Owner\\\",\\\"address\\\":\\\"\\\\u0627\\\\u0644\\\\u0635\\\\u0627\\\\u0644\\\\u062d\\\\u064a\\\\u0647 \\\\u0627\\\\u0644\\\\u062c\\\\u062f\\\\u064a\\\\u062f\\\\u0647\\\\\\/\\\\u0627\\\\u0644\\\\u0643\\\\u0648\\\\u062b\\\\u0631 \\\\\\/\\\\u063410\\\",\\\"phone\\\":null,\\\"email\\\":\\\"atssh.phone@gmail.com\\\",\\\"created_by\\\":null,\\\"company_id\\\":null,\\\"created_at\\\":\\\"2025-07-09T06:15:49.000000Z\\\",\\\"updated_at\\\":\\\"2025-07-09T20:29:41.000000Z\\\"}\"', '\"[]\"', 'قام المستخدم System Owner بتعديل الشركة الشركة الافتراضية', NULL, NULL, 1, 1, 1, 'Mozilla/5.0 (Linux; Android 10; K) AppleWebKit/537.36 (KHTML, like Gecko) Chrome/138.0.0.0 Mobile Safari/537.36', '156.211.52.39', '/api/company/1', NULL, '2025-07-11 15:11:45', '2025-07-11 15:11:45'),
(126, 'انشاء', 'App\\Models\\Company', '9', NULL, '\"{\\\"name\\\":\\\"\\\\u0647\\\\u0648\\\\u0646\\\\u0643\\\\u0633\\\",\\\"description\\\":\\\"\\\\u0634\\\\u0631\\\\u0643\\\\u0629 \\\\u0631\\\\u0627\\\\u0626\\\\u062f \\\\u0641\\\\u064a \\\\u0645\\\\u062c\\\\u0627\\\\u0644 \\\\u0627\\\\u0644\\\\u0645\\\\u0644\\\\u0627\\\\u0628\\\\u0633 \\\\u0627\\\\u0644\\\\u062c\\\\u0627\\\\u0647\\\\u0632\\\\u0629 \\\\u0631\\\\u062c\\\\u0627\\\\u0644\\\\u064a \\\\u0627\\\\u0637\\\\u0641\\\\u0627\\\\u0644\\\\u064a \\\\u062d\\\\u0631\\\\u064a\\\\u0645\\\\u064a\\\",\\\"field\\\":\\\"\\\\u0627\\\\u0644\\\\u0645\\\\u0644\\\\u0627\\\\u0628\\\\u0633 \\\\u0627\\\\u0644\\\\u062c\\\\u0627\\\\u0647\\\\u0632\\\\u0629 \\\\u0648\\\\u0627\\\\u0644\\\\u0645\\\\u0641\\\\u0631\\\\u0648\\\\u0634\\\\u0627\\\\u062a\\\",\\\"address\\\":\\\"\\\\u0627\\\\u0644\\\\u0635\\\\u0627\\\\u0644\\\\u062d\\\\u064a\\\\u0629 \\\\u0627\\\\u0644\\\\u062c\\\\u062f\\\\u064a\\\\u062f\\\\u0629 \\\\u0627\\\\u0644\\\\u0643\\\\u0648\\\\u062b\\\\u0631\\\",\\\"phone\\\":\\\"1021215988\\\",\\\"email\\\":\\\"hwnix.eg@gmail.com\\\",\\\"company_id\\\":1,\\\"created_by\\\":1,\\\"updated_at\\\":\\\"2025-07-11 15:20:13\\\",\\\"created_at\\\":\\\"2025-07-11 15:20:13\\\",\\\"id\\\":9}\"', ' قام المستخدم  System Ownerبإنشاء شركة باسم هونكس', NULL, NULL, 1, 1, 9, 'Mozilla/5.0 (Windows NT 10.0; Win64; x64) AppleWebKit/537.36 (KHTML, like Gecko) Chrome/135.0.0.0 Safari/537.36', '156.211.52.39', '/api/company', NULL, '2025-07-11 15:20:13', '2025-07-11 15:20:13'),
(127, 'انشاء', 'App\\Models\\User', '15', NULL, '\"{\\\"phone\\\":\\\"01554721832\\\",\\\"password\\\":\\\"$2y$12$45RfuhwEEaUA7G3hBGfHieJKGu6jDCC15zBax1sy7LWfYgT5K8kmS\\\",\\\"email\\\":null,\\\"full_name\\\":\\\"\\\\u0634\\\\u064a\\\\u0645\\\\u0627\\\\u0621 \\\\u0645\\\\u062d\\\\u0645\\\\u0648\\\\u062f \\\\u0645\\\\u062d\\\\u0645\\\\u062f \\\\u0627\\\\u062d\\\\u0645\\\\u062f\\\",\\\"nickname\\\":\\\"\\\\u0634\\\\u064a\\\\u0645\\\\u0627 \\\\u0645\\\\u062d\\\\u0645\\\\u0648\\\\u062f\\\",\\\"username\\\":null,\\\"company_id\\\":9,\\\"customer_type\\\":\\\"retail\\\",\\\"created_by\\\":1,\\\"updated_at\\\":\\\"2025-07-11 15:31:12\\\",\\\"created_at\\\":\\\"2025-07-11 15:31:12\\\",\\\"id\\\":15}\"', ' قام المستخدم  System Ownerبانشاء المستخدم شيما محمود', NULL, NULL, 1, 1, 9, 'Mozilla/5.0 (Windows NT 10.0; Win64; x64) AppleWebKit/537.36 (KHTML, like Gecko) Chrome/135.0.0.0 Safari/537.36', '156.211.52.39', '/api/user', NULL, '2025-07-11 15:31:12', '2025-07-11 15:31:12'),
(128, 'انشاء', 'App\\Models\\User', '16', NULL, '\"{\\\"phone\\\":\\\"01018293632\\\",\\\"password\\\":\\\"$2y$12$jpDnDlQEzqBUMpULmGb07.3C.6Ds0XZtpE3k4asBpvzxuNHO35XB6\\\",\\\"email\\\":null,\\\"full_name\\\":\\\"\\\\u0627\\\\u064a\\\\u0647 \\\\u0637\\\\u0644\\\\u0639\\\\u062a\\\",\\\"nickname\\\":\\\"\\\\u0627\\\\u064a\\\\u0647 \\\\u0637\\\\u0644\\\\u0639\\\\u062a\\\",\\\"username\\\":null,\\\"company_id\\\":9,\\\"customer_type\\\":\\\"retail\\\",\\\"created_by\\\":15,\\\"updated_at\\\":\\\"2025-07-11 17:14:31\\\",\\\"created_at\\\":\\\"2025-07-11 17:14:31\\\",\\\"id\\\":16}\"', ' قام المستخدم  شيما محمودبانشاء المستخدم ايه طلعت', NULL, NULL, 15, 15, 9, 'Mozilla/5.0 (Linux; Android 10; K) AppleWebKit/537.36 (KHTML, like Gecko) Chrome/138.0.0.0 Mobile Safari/537.36', '156.211.52.39', '/api/user', NULL, '2025-07-11 17:14:31', '2025-07-11 17:14:31'),
(129, 'انشاء', 'App\\Models\\User', '17', NULL, '\"{\\\"phone\\\":\\\"01099188529\\\",\\\"password\\\":\\\"$2y$12$B1MLuy2NMIKb88yUC.LruOtw9XDWDIL5WpjTKZtwiDYdSdG4prfAe\\\",\\\"email\\\":null,\\\"full_name\\\":\\\"\\\\u0627\\\\u0645 \\\\u062f\\\\u0639\\\\u0627\\\\u0621 \\\\u0646\\\\u0648\\\\u0631\\\\u0647\\\",\\\"nickname\\\":\\\"\\\\u0627\\\\u0645 \\\\u062f\\\\u0639\\\\u0627\\\\u0621 \\\\u0646\\\\u0648\\\\u0631\\\\u0647\\\",\\\"username\\\":null,\\\"company_id\\\":9,\\\"customer_type\\\":\\\"retail\\\",\\\"created_by\\\":15,\\\"updated_at\\\":\\\"2025-07-11 17:20:09\\\",\\\"created_at\\\":\\\"2025-07-11 17:20:09\\\",\\\"id\\\":17}\"', ' قام المستخدم  شيما محمودبانشاء المستخدم ام دعاء نوره', NULL, NULL, 15, 15, 9, 'Mozilla/5.0 (Linux; Android 10; K) AppleWebKit/537.36 (KHTML, like Gecko) Chrome/138.0.0.0 Mobile Safari/537.36', '156.211.52.39', '/api/user', NULL, '2025-07-11 17:20:09', '2025-07-11 17:20:09'),
(130, 'انشاء', 'App\\Models\\User', '18', NULL, '\"{\\\"phone\\\":\\\"01060673967\\\",\\\"password\\\":\\\"$2y$12$j6qg7hG0DDdvBMt5wqICf.CPcprhxgRfYGhKDuw6gO8LZW9O9Nv6.\\\",\\\"email\\\":null,\\\"full_name\\\":\\\"\\\\u0644\\\\u0645\\\\u0649 \\\\u0639\\\\u0637\\\\u064a\\\\u0647\\\",\\\"nickname\\\":\\\"\\\\u0644\\\\u0645\\\\u0649 \\\\u0639\\\\u0637\\\\u064a\\\\u0647\\\",\\\"username\\\":null,\\\"company_id\\\":9,\\\"customer_type\\\":\\\"retail\\\",\\\"created_by\\\":15,\\\"updated_at\\\":\\\"2025-07-11 17:32:09\\\",\\\"created_at\\\":\\\"2025-07-11 17:32:09\\\",\\\"id\\\":18}\"', ' قام المستخدم  شيما محمودبانشاء المستخدم لمى عطيه', NULL, NULL, 15, 15, 9, 'Mozilla/5.0 (Linux; Android 10; K) AppleWebKit/537.36 (KHTML, like Gecko) Chrome/138.0.0.0 Mobile Safari/537.36', '156.211.52.39', '/api/user', NULL, '2025-07-11 17:32:09', '2025-07-11 17:32:09'),
(131, 'انشاء', 'App\\Models\\User', '19', NULL, '\"{\\\"phone\\\":\\\"01070422237\\\",\\\"password\\\":\\\"$2y$12$epshtXFZtTSWqreI3.Hvo.YHlRLqpHvFshYHR6tSUhBAfSVSzL5aa\\\",\\\"email\\\":null,\\\"full_name\\\":\\\"\\\\u0627\\\\u0645 \\\\u0645\\\\u0627\\\\u0644\\\\u0643 \\\\u0627\\\\u0644\\\\u062d\\\\u0644\\\\u0627\\\\u0642\\\",\\\"nickname\\\":\\\"\\\\u0627\\\\u0645 \\\\u0645\\\\u0627\\\\u0644\\\\u0643 \\\\u0627\\\\u0644\\\\u062d\\\\u0644\\\\u0627\\\\u0642\\\",\\\"username\\\":null,\\\"company_id\\\":9,\\\"customer_type\\\":\\\"retail\\\",\\\"created_by\\\":15,\\\"updated_at\\\":\\\"2025-07-11 17:34:43\\\",\\\"created_at\\\":\\\"2025-07-11 17:34:43\\\",\\\"id\\\":19}\"', ' قام المستخدم  شيما محمودبانشاء المستخدم ام مالك الحلاق', NULL, NULL, 15, 15, 9, 'Mozilla/5.0 (Linux; Android 10; K) AppleWebKit/537.36 (KHTML, like Gecko) Chrome/138.0.0.0 Mobile Safari/537.36', '156.211.52.39', '/api/user', NULL, '2025-07-11 17:34:43', '2025-07-11 17:34:43'),
(132, 'انشاء', 'App\\Models\\User', '20', NULL, '\"{\\\"phone\\\":\\\"01016335634\\\",\\\"password\\\":\\\"$2y$12$Ig.KmwVLMXNa9ETqTg\\\\\\/iPenghfRIBY5CNKlruVYa8Dz7Pol5qHByG\\\",\\\"email\\\":null,\\\"full_name\\\":\\\"\\\\u0645\\\\u0631\\\\u0627\\\\u062a \\\\u0645\\\\u062d\\\\u0645\\\\u062f \\\\u0648\\\\u0627\\\\u0639\\\\u0631\\\",\\\"nickname\\\":\\\"\\\\u0645\\\\u0631\\\\u0627\\\\u062a \\\\u0645\\\\u062d\\\\u0645\\\\u062f \\\\u0648\\\\u0627\\\\u0639\\\\u0631\\\",\\\"username\\\":null,\\\"company_id\\\":9,\\\"customer_type\\\":\\\"retail\\\",\\\"created_by\\\":15,\\\"updated_at\\\":\\\"2025-07-11 17:37:34\\\",\\\"created_at\\\":\\\"2025-07-11 17:37:34\\\",\\\"id\\\":20}\"', ' قام المستخدم  شيما محمودبانشاء المستخدم مرات محمد واعر', NULL, NULL, 15, 15, 9, 'Mozilla/5.0 (Linux; Android 10; K) AppleWebKit/537.36 (KHTML, like Gecko) Chrome/138.0.0.0 Mobile Safari/537.36', '156.211.52.39', '/api/user', NULL, '2025-07-11 17:37:34', '2025-07-11 17:37:34'),
(133, 'انشاء', 'App\\Models\\User', '21', NULL, '\"{\\\"phone\\\":\\\"01033910537\\\",\\\"password\\\":\\\"$2y$12$QQ\\\\\\/2urHRx9bMS4uIVF.rnuoIysvvYcVf3AXUOHH8LpXrTZK1YA\\\\\\/ta\\\",\\\"email\\\":null,\\\"full_name\\\":\\\"\\\\u0627\\\\u0645 \\\\u0631\\\\u0648\\\\u0646\\\\u0627\\\\u0621 \\\\u0645\\\\u0631\\\\u0627\\\\u062a \\\\u0639\\\\u0644\\\\u064a \\\\u0645\\\\u0648\\\\u0633\\\\u064a\\\",\\\"nickname\\\":\\\"\\\\u0627\\\\u0645 \\\\u0631\\\\u0648\\\\u0646\\\\u0627\\\\u0621\\\",\\\"username\\\":null,\\\"company_id\\\":9,\\\"customer_type\\\":\\\"retail\\\",\\\"created_by\\\":15,\\\"updated_at\\\":\\\"2025-07-11 17:39:19\\\",\\\"created_at\\\":\\\"2025-07-11 17:39:19\\\",\\\"id\\\":21}\"', ' قام المستخدم  شيما محمودبانشاء المستخدم ام روناء', NULL, NULL, 15, 15, 9, 'Mozilla/5.0 (Linux; Android 10; K) AppleWebKit/537.36 (KHTML, like Gecko) Chrome/138.0.0.0 Mobile Safari/537.36', '156.211.52.39', '/api/user', NULL, '2025-07-11 17:39:19', '2025-07-11 17:39:19'),
(134, 'انشاء', 'App\\Models\\User', '22', NULL, '\"{\\\"phone\\\":\\\"01095777101\\\",\\\"password\\\":\\\"$2y$12$2BIlVANgc8KDor1WpcRIN.OUDVnGXSjr0vpZggyptobFuA0KT0IJm\\\",\\\"email\\\":null,\\\"full_name\\\":\\\"\\\\u0627\\\\u0645 \\\\u0632\\\\u064a\\\\u0646\\\\u0628 \\\\u0639\\\\u0635\\\\u0627\\\\u0645 \\\\u0627\\\\u0644\\\\u0639\\\\u0631\\\\u064a\\\\u0634\\\\u064a\\\\u0647\\\",\\\"nickname\\\":\\\"\\\\u0627\\\\u0645 \\\\u0632\\\\u064a\\\\u0646\\\\u0628 \\\\u0639\\\\u0635\\\\u0627\\\\u0645\\\",\\\"username\\\":null,\\\"company_id\\\":9,\\\"customer_type\\\":\\\"retail\\\",\\\"created_by\\\":15,\\\"updated_at\\\":\\\"2025-07-11 17:41:02\\\",\\\"created_at\\\":\\\"2025-07-11 17:41:02\\\",\\\"id\\\":22}\"', ' قام المستخدم  شيما محمودبانشاء المستخدم ام زينب عصام', NULL, NULL, 15, 15, 9, 'Mozilla/5.0 (Linux; Android 10; K) AppleWebKit/537.36 (KHTML, like Gecko) Chrome/138.0.0.0 Mobile Safari/537.36', '156.211.52.39', '/api/user', NULL, '2025-07-11 17:41:02', '2025-07-11 17:41:02'),
(135, 'انشاء', 'App\\Models\\User', '23', NULL, '\"{\\\"phone\\\":\\\"01061468277\\\",\\\"password\\\":\\\"$2y$12$ADqmu.7N7smGYrOjFlhEs.iHHe3k8lkNfioQMrpzQvsnKOIeOOnZ6\\\",\\\"email\\\":null,\\\"full_name\\\":\\\"\\\\u0627\\\\u0645 \\\\u062d\\\\u0646\\\\u064a\\\\u0646 \\\\u0627\\\\u062d\\\\u0645\\\\u062f \\\\u0627\\\\u0644\\\\u062e\\\\u0631\\\\u062f\\\\u0647\\\",\\\"nickname\\\":\\\"\\\\u0627\\\\u0645 \\\\u062d\\\\u0646\\\\u064a\\\\u0646 \\\\u0627\\\\u062d\\\\u0645\\\\u062f\\\",\\\"username\\\":null,\\\"company_id\\\":9,\\\"customer_type\\\":\\\"retail\\\",\\\"created_by\\\":15,\\\"updated_at\\\":\\\"2025-07-11 17:41:49\\\",\\\"created_at\\\":\\\"2025-07-11 17:41:49\\\",\\\"id\\\":23}\"', ' قام المستخدم  شيما محمودبانشاء المستخدم ام حنين احمد', NULL, NULL, 15, 15, 9, 'Mozilla/5.0 (Linux; Android 10; K) AppleWebKit/537.36 (KHTML, like Gecko) Chrome/138.0.0.0 Mobile Safari/537.36', '156.211.52.39', '/api/user', NULL, '2025-07-11 17:41:49', '2025-07-11 17:41:49'),
(136, 'انشاء', 'App\\Models\\User', '24', NULL, '\"{\\\"phone\\\":\\\"01503295801\\\",\\\"password\\\":\\\"$2y$12$luFTbTVWIWny7EN2sEbG\\\\\\/ebmfls\\\\\\/grhJYtjzYyHcIZ3g9GKcwv75y\\\",\\\"email\\\":null,\\\"full_name\\\":\\\"\\\\u0627\\\\u0645 \\\\u0646\\\\u0627\\\\u0646\\\\u0633\\\\u064a\\\",\\\"nickname\\\":\\\"\\\\u0627\\\\u0645 \\\\u0646\\\\u0627\\\\u0646\\\\u0633\\\\u064a\\\",\\\"username\\\":null,\\\"company_id\\\":9,\\\"customer_type\\\":\\\"retail\\\",\\\"created_by\\\":15,\\\"updated_at\\\":\\\"2025-07-11 17:45:24\\\",\\\"created_at\\\":\\\"2025-07-11 17:45:24\\\",\\\"id\\\":24}\"', ' قام المستخدم  شيما محمودبانشاء المستخدم ام نانسي', NULL, NULL, 15, 15, 9, 'Mozilla/5.0 (Linux; Android 10; K) AppleWebKit/537.36 (KHTML, like Gecko) Chrome/138.0.0.0 Mobile Safari/537.36', '156.211.52.39', '/api/user', NULL, '2025-07-11 17:45:24', '2025-07-11 17:45:24'),
(137, 'انشاء', 'App\\Models\\User', '25', NULL, '\"{\\\"phone\\\":\\\"01012205187\\\",\\\"password\\\":\\\"$2y$12$KEnkv59ndGPdo0vh8WB3JeQABWl0Q6Gr7zlp2IED6QSL2SiR4kOZC\\\",\\\"email\\\":null,\\\"full_name\\\":\\\"\\\\u0627\\\\u0645 \\\\u0634\\\\u064a\\\\u0645\\\\u0627\\\\u0621 \\\\u0633\\\\u0644\\\\u0641\\\\u062a\\\\u064a\\\",\\\"nickname\\\":\\\"\\\\u0627\\\\u0645 \\\\u0634\\\\u064a\\\\u0645\\\\u0627\\\\u0621 \\\\u0633\\\\u0644\\\\u0641\\\\u062a\\\\u064a\\\",\\\"username\\\":null,\\\"company_id\\\":9,\\\"customer_type\\\":\\\"retail\\\",\\\"created_by\\\":15,\\\"updated_at\\\":\\\"2025-07-11 17:46:45\\\",\\\"created_at\\\":\\\"2025-07-11 17:46:45\\\",\\\"id\\\":25}\"', ' قام المستخدم  شيما محمودبانشاء المستخدم ام شيماء سلفتي', NULL, NULL, 15, 15, 9, 'Mozilla/5.0 (Linux; Android 10; K) AppleWebKit/537.36 (KHTML, like Gecko) Chrome/138.0.0.0 Mobile Safari/537.36', '156.211.52.39', '/api/user', NULL, '2025-07-11 17:46:45', '2025-07-11 17:46:45'),
(138, 'انشاء', 'App\\Models\\User', '26', NULL, '\"{\\\"phone\\\":\\\"01011200547\\\",\\\"password\\\":\\\"$2y$12$gYtHKS0ysVSMmK6cMXrmb.xFewUPBn1H0cmnKQhihAnsvsoI275Te\\\",\\\"email\\\":null,\\\"full_name\\\":\\\"\\\\u0627\\\\u0645 \\\\u0627\\\\u0633\\\\u0645\\\\u0627\\\\u0621 \\\\u0648\\\\u0641\\\\u062f\\\\u0627\\\\u0621 \\\\u064a\\\\u0648\\\\u0632\\\\u0631\\\",\\\"nickname\\\":\\\"\\\\u0627\\\\u0645 \\\\u0627\\\\u0633\\\\u0645\\\\u0627\\\\u0621 \\\\u0648\\\\u0641\\\\u062f\\\\u0627\\\\u0621\\\",\\\"username\\\":null,\\\"company_id\\\":9,\\\"customer_type\\\":\\\"retail\\\",\\\"created_by\\\":15,\\\"updated_at\\\":\\\"2025-07-11 17:56:14\\\",\\\"created_at\\\":\\\"2025-07-11 17:56:14\\\",\\\"id\\\":26}\"', ' قام المستخدم  شيما محمودبانشاء المستخدم ام اسماء وفداء', NULL, NULL, 15, 15, 9, 'Mozilla/5.0 (Linux; Android 10; K) AppleWebKit/537.36 (KHTML, like Gecko) Chrome/138.0.0.0 Mobile Safari/537.36', '156.211.52.39', '/api/user', NULL, '2025-07-11 17:56:14', '2025-07-11 17:56:14'),
(139, 'انشاء', 'App\\Models\\User', '27', NULL, '\"{\\\"phone\\\":\\\"01025439932\\\",\\\"password\\\":\\\"$2y$12$tKrfp2RZfvqiya\\\\\\/Bt71GrO2oCifDeEYUOvDADFoA3nonA0sqeXPMO\\\",\\\"email\\\":null,\\\"full_name\\\":\\\"\\\\u0646\\\\u0648\\\\u0631\\\\u0647 \\\\u062a\\\\u0628\\\\u0639 \\\\u0645\\\\u0644\\\\u0643 \\\\u0627\\\\u0634\\\\u0631\\\\u0641\\\",\\\"nickname\\\":\\\"\\\\u0646\\\\u0648\\\\u0631\\\\u0647\\\",\\\"username\\\":null,\\\"company_id\\\":9,\\\"customer_type\\\":\\\"retail\\\",\\\"created_by\\\":15,\\\"updated_at\\\":\\\"2025-07-11 17:58:43\\\",\\\"created_at\\\":\\\"2025-07-11 17:58:43\\\",\\\"id\\\":27}\"', ' قام المستخدم  شيما محمودبانشاء المستخدم نوره', NULL, NULL, 15, 15, 9, 'Mozilla/5.0 (Linux; Android 10; K) AppleWebKit/537.36 (KHTML, like Gecko) Chrome/138.0.0.0 Mobile Safari/537.36', '156.211.52.39', '/api/user', NULL, '2025-07-11 17:58:43', '2025-07-11 17:58:43'),
(140, 'انشاء', 'App\\Models\\User', '28', NULL, '\"{\\\"phone\\\":\\\"01005510846\\\",\\\"password\\\":\\\"$2y$12$HANzorJM812ktMEhNRq7.Oi7XSZzSSJK8p2K8nQQEIjE0OgMg2UxC\\\",\\\"email\\\":null,\\\"full_name\\\":\\\"\\\\u0627\\\\u0645 \\\\u0645\\\\u0627\\\\u0644\\\\u0643 \\\\u0645\\\\u062d\\\\u0645\\\\u062f \\\\u0639\\\\u0628\\\\u062f \\\\u0627\\\\u0644\\\\u0639\\\\u0632\\\\u064a\\\\u0632\\\",\\\"nickname\\\":\\\"\\\\u0627\\\\u0645 \\\\u0645\\\\u0627\\\\u0644\\\\u0643\\\",\\\"username\\\":null,\\\"company_id\\\":9,\\\"customer_type\\\":\\\"retail\\\",\\\"created_by\\\":15,\\\"updated_at\\\":\\\"2025-07-11 18:00:06\\\",\\\"created_at\\\":\\\"2025-07-11 18:00:06\\\",\\\"id\\\":28}\"', ' قام المستخدم  شيما محمودبانشاء المستخدم ام مالك', NULL, NULL, 15, 15, 9, 'Mozilla/5.0 (Linux; Android 10; K) AppleWebKit/537.36 (KHTML, like Gecko) Chrome/138.0.0.0 Mobile Safari/537.36', '156.211.52.39', '/api/user', NULL, '2025-07-11 18:00:06', '2025-07-11 18:00:06'),
(141, 'انشاء', 'App\\Models\\User', '29', NULL, '\"{\\\"phone\\\":\\\"01015400768\\\",\\\"password\\\":\\\"$2y$12$.eD6ECEHaXCF2bfkklYITOPdAhH.XHcwJQ5fUKD\\\\\\/GyTfHw9s3TAQu\\\",\\\"email\\\":null,\\\"full_name\\\":\\\"\\\\u0627\\\\u0645 \\\\u0627\\\\u062d\\\\u0645\\\\u062f \\\\u0645\\\\u062d\\\\u0645\\\\u062f \\\\u0641\\\\u0648\\\\u0632\\\\u064a\\\",\\\"nickname\\\":\\\"\\\\u0627\\\\u0645 \\\\u0627\\\\u062d\\\\u0645\\\\u062f \\\\u0645\\\\u062d\\\\u0645\\\\u062f \\\\u0641\\\\u0648\\\\u0632\\\\u064a\\\",\\\"username\\\":null,\\\"company_id\\\":9,\\\"customer_type\\\":\\\"retail\\\",\\\"created_by\\\":15,\\\"updated_at\\\":\\\"2025-07-11 18:01:24\\\",\\\"created_at\\\":\\\"2025-07-11 18:01:24\\\",\\\"id\\\":29}\"', ' قام المستخدم  شيما محمودبانشاء المستخدم ام احمد محمد فوزي', NULL, NULL, 15, 15, 9, 'Mozilla/5.0 (Linux; Android 10; K) AppleWebKit/537.36 (KHTML, like Gecko) Chrome/138.0.0.0 Mobile Safari/537.36', '156.211.52.39', '/api/user', NULL, '2025-07-11 18:01:24', '2025-07-11 18:01:24'),
(142, 'انشاء', 'App\\Models\\User', '30', NULL, '\"{\\\"phone\\\":\\\"01016225063\\\",\\\"password\\\":\\\"$2y$12$2HZKJ51\\\\\\/BQyxL5fPI7FR0u.b5\\\\\\/ei1KG0UoluaBaryZV.1PEC2pOCi\\\",\\\"email\\\":null,\\\"full_name\\\":\\\"\\\\u0627\\\\u0645 \\\\u0641\\\\u0627\\\\u0631\\\\u0633 \\\\u062a\\\\u0628\\\\u0639 \\\\u0639\\\\u0632\\\\u062a\\\",\\\"nickname\\\":\\\"\\\\u0627\\\\u0645 \\\\u0641\\\\u0627\\\\u0631\\\\u0633 \\\\u062a\\\\u0628\\\\u0639 \\\\u0627\\\\u0645 \\\\u0639\\\\u0632\\\\u062a\\\",\\\"username\\\":null,\\\"company_id\\\":9,\\\"customer_type\\\":\\\"retail\\\",\\\"created_by\\\":15,\\\"updated_at\\\":\\\"2025-07-11 18:03:45\\\",\\\"created_at\\\":\\\"2025-07-11 18:03:45\\\",\\\"id\\\":30}\"', ' قام المستخدم  شيما محمودبانشاء المستخدم ام فارس تبع ام عزت', NULL, NULL, 15, 15, 9, 'Mozilla/5.0 (Linux; Android 10; K) AppleWebKit/537.36 (KHTML, like Gecko) Chrome/138.0.0.0 Mobile Safari/537.36', '156.211.52.39', '/api/user', NULL, '2025-07-11 18:03:45', '2025-07-11 18:03:45'),
(143, 'تعديل', 'App\\Models\\User', '27', '\"{\\\"id\\\":27,\\\"phone\\\":\\\"01025439932\\\",\\\"password\\\":\\\"$2y$12$tKrfp2RZfvqiya\\\\\\/Bt71GrO2oCifDeEYUOvDADFoA3nonA0sqeXPMO\\\",\\\"email\\\":null,\\\"username\\\":null,\\\"nickname\\\":\\\"\\\\u0646\\\\u0648\\\\u0631\\\\u0647 \\\\u062a\\\\u0628\\\\u0639 \\\\u0645\\\\u0644\\\\u0643 \\\\u0627\\\\u0634\\\\u0631\\\\u0641\\\",\\\"full_name\\\":\\\"\\\\u0646\\\\u0648\\\\u0631\\\\u0647 \\\\u062a\\\\u0628\\\\u0639 \\\\u0645\\\\u0644\\\\u0643 \\\\u0627\\\\u0634\\\\u0631\\\\u0641\\\",\\\"position\\\":null,\\\"settings\\\":null,\\\"last_login_at\\\":null,\\\"email_verified_at\\\":null,\\\"balance\\\":\\\"0.00\\\",\\\"status\\\":\\\"1\\\",\\\"customer_type\\\":\\\"retail\\\",\\\"created_by\\\":15,\\\"company_id\\\":9,\\\"remember_token\\\":null,\\\"created_at\\\":\\\"2025-07-11T17:58:43.000000Z\\\",\\\"updated_at\\\":\\\"2025-07-11T18:22:53.000000Z\\\"}\"', '\"{\\\"nickname\\\":\\\"\\\\u0646\\\\u0648\\\\u0631\\\\u0647 \\\\u062a\\\\u0628\\\\u0639 \\\\u0645\\\\u0644\\\\u0643 \\\\u0627\\\\u0634\\\\u0631\\\\u0641\\\",\\\"updated_at\\\":\\\"2025-07-11 18:22:53\\\"}\"', 'قام المستخدم شيما محمود بتعديل المستخدم نوره تبع ملك اشرف', NULL, NULL, 15, 15, 9, 'Mozilla/5.0 (Linux; Android 10; K) AppleWebKit/537.36 (KHTML, like Gecko) Chrome/138.0.0.0 Mobile Safari/537.36', '156.211.86.6', '/api/user/27', NULL, '2025-07-11 18:22:53', '2025-07-11 18:22:53'),
(144, 'انشاء', 'App\\Models\\User', '31', NULL, '\"{\\\"phone\\\":\\\"01044213658\\\",\\\"password\\\":\\\"$2y$12$bNVmeEf6vlfhTX6szb0i.uy7cNMIqa3ZnDZr2Sd\\\\\\/Uw3ORfgFt4Com\\\",\\\"email\\\":null,\\\"full_name\\\":\\\"\\\\u0627\\\\u0645 \\\\u0645\\\\u0644\\\\u0643 \\\\u0627\\\\u0634\\\\u0631\\\\u0641\\\",\\\"nickname\\\":\\\"\\\\u0627\\\\u0645 \\\\u0645\\\\u0644\\\\u0643 \\\\u0627\\\\u0634\\\\u0631\\\\u0641\\\",\\\"username\\\":null,\\\"company_id\\\":9,\\\"customer_type\\\":\\\"retail\\\",\\\"created_by\\\":15,\\\"updated_at\\\":\\\"2025-07-11 18:24:52\\\",\\\"created_at\\\":\\\"2025-07-11 18:24:52\\\",\\\"id\\\":31}\"', ' قام المستخدم  شيما محمودبانشاء المستخدم ام ملك اشرف', NULL, NULL, 15, 15, 9, 'Mozilla/5.0 (Linux; Android 10; K) AppleWebKit/537.36 (KHTML, like Gecko) Chrome/138.0.0.0 Mobile Safari/537.36', '156.211.86.6', '/api/user', NULL, '2025-07-11 18:24:52', '2025-07-11 18:24:52'),
(145, 'انشاء', 'App\\Models\\User', '32', NULL, '\"{\\\"phone\\\":\\\"01006954484\\\",\\\"password\\\":\\\"$2y$12$AfGh5Y0a9NNqtg\\\\\\/ekMFPb.ilSJg1n5jN0G8LYAgCu8lgsL6bjuvLu\\\",\\\"email\\\":null,\\\"full_name\\\":\\\"\\\\u0627\\\\u064a\\\\u0647 \\\\u0627\\\\u0644\\\\u0639\\\\u0631\\\\u0627\\\\u064a\\\\u0634\\\\u064a\\\\u0647 \\\\u0627\\\\u0644\\\\u0633\\\\u0643\\\\u0631\\\",\\\"nickname\\\":\\\"\\\\u0627\\\\u064a\\\\u0647 \\\\u0627\\\\u0644\\\\u0639\\\\u0631\\\\u0627\\\\u064a\\\\u0634\\\\u064a\\\\u0647 \\\\u0627\\\\u0644\\\\u0633\\\\u0643\\\\u0631\\\",\\\"username\\\":null,\\\"company_id\\\":9,\\\"customer_type\\\":\\\"retail\\\",\\\"created_by\\\":15,\\\"updated_at\\\":\\\"2025-07-11 18:27:53\\\",\\\"created_at\\\":\\\"2025-07-11 18:27:53\\\",\\\"id\\\":32}\"', ' قام المستخدم  شيما محمودبانشاء المستخدم ايه العرايشيه السكر', NULL, NULL, 15, 15, 9, 'Mozilla/5.0 (Linux; Android 10; K) AppleWebKit/537.36 (KHTML, like Gecko) Chrome/138.0.0.0 Mobile Safari/537.36', '156.211.86.6', '/api/user', NULL, '2025-07-11 18:27:53', '2025-07-11 18:27:53'),
(146, 'انشاء', 'App\\Models\\User', '33', NULL, '\"{\\\"phone\\\":\\\"01062385165\\\",\\\"password\\\":\\\"$2y$12$JaVYdSm\\\\\\/DEKezmd0gwZGJO\\\\\\/DzTmMw1FLSAx\\\\\\/GaYNYLtJVN\\\\\\/nC0hPm\\\",\\\"email\\\":null,\\\"full_name\\\":\\\"\\\\u0639\\\\u0628\\\\u062f\\\\u0648 \\\\u062d\\\\u0633\\\\u0646 \\\\u0627\\\\u0644\\\\u0633\\\\u064a\\\\u062f\\\",\\\"nickname\\\":\\\"\\\\u0639\\\\u0628\\\\u062f\\\\u0648 \\\\u062d\\\\u0633\\\\u0646 \\\\u0627\\\\u0644\\\\u0633\\\\u064a\\\\u062f\\\",\\\"username\\\":null,\\\"company_id\\\":9,\\\"customer_type\\\":\\\"retail\\\",\\\"created_by\\\":15,\\\"updated_at\\\":\\\"2025-07-11 18:29:38\\\",\\\"created_at\\\":\\\"2025-07-11 18:29:38\\\",\\\"id\\\":33}\"', ' قام المستخدم  شيما محمودبانشاء المستخدم عبدو حسن السيد', NULL, NULL, 15, 15, 9, 'Mozilla/5.0 (Linux; Android 10; K) AppleWebKit/537.36 (KHTML, like Gecko) Chrome/138.0.0.0 Mobile Safari/537.36', '156.211.86.6', '/api/user', NULL, '2025-07-11 18:29:38', '2025-07-11 18:29:38'),
(147, 'تعديل', 'App\\Models\\User', '6', '\"{\\\"id\\\":6,\\\"phone\\\":\\\"01007888009\\\",\\\"password\\\":\\\"$2y$12$4LvFFEErVLsDWomDxqywGuMviT3q0rOfRmpM7dU.WAxli9NmCI9VG\\\",\\\"email\\\":null,\\\"username\\\":null,\\\"nickname\\\":\\\"\\\\u0627\\\\u0628\\\\u0648 \\\\u062d\\\\u0628\\\\u064a\\\\u0628\\\\u0629\\\",\\\"full_name\\\":\\\"\\\\u0647\\\\u0634\\\\u0627\\\\u0645 \\\\u0645\\\\u062d\\\\u0645\\\\u062f \\\\u0627\\\\u062d\\\\u0645\\\\u062f\\\",\\\"position\\\":null,\\\"settings\\\":null,\\\"last_login_at\\\":null,\\\"email_verified_at\\\":null,\\\"balance\\\":0,\\\"status\\\":\\\"1\\\",\\\"customer_type\\\":\\\"retail\\\",\\\"created_by\\\":1,\\\"company_id\\\":3,\\\"remember_token\\\":null,\\\"created_at\\\":\\\"2025-07-09T20:47:12.000000Z\\\",\\\"updated_at\\\":\\\"2025-07-11T18:30:54.000000Z\\\"}\"', '\"{\\\"balance\\\":0,\\\"updated_at\\\":\\\"2025-07-11 18:30:54\\\"}\"', 'قام المستخدم System Owner بتعديل المستخدم ابو حبيبة', NULL, NULL, 1, 1, 9, 'Mozilla/5.0 (Linux; Android 10; K) AppleWebKit/537.36 (KHTML, like Gecko) Chrome/138.0.0.0 Mobile Safari/537.36', '156.211.86.6', '/api/user/6', NULL, '2025-07-11 18:30:54', '2025-07-11 18:30:54'),
(148, 'انشاء', 'App\\Models\\User', '34', NULL, '\"{\\\"phone\\\":\\\"01062321213\\\",\\\"password\\\":\\\"$2y$12$njuYvzUeYZiaTPrHY0fjreeXvVsULTLC7XdgUfikwYwutcz02sWei\\\",\\\"email\\\":null,\\\"full_name\\\":\\\"\\\\u0627\\\\u0645 \\\\u0639\\\\u0632\\\\u062a \\\\u0648\\\\u062c\\\\u0646\\\\u0647\\\",\\\"nickname\\\":\\\"\\\\u0627\\\\u0645 \\\\u0639\\\\u0632\\\\u062a \\\\u0648\\\\u062c\\\\u0646\\\\u0647\\\",\\\"username\\\":null,\\\"company_id\\\":9,\\\"customer_type\\\":\\\"retail\\\",\\\"created_by\\\":15,\\\"updated_at\\\":\\\"2025-07-11 18:30:59\\\",\\\"created_at\\\":\\\"2025-07-11 18:30:59\\\",\\\"id\\\":34}\"', ' قام المستخدم  شيما محمودبانشاء المستخدم ام عزت وجنه', NULL, NULL, 15, 15, 9, 'Mozilla/5.0 (Linux; Android 10; K) AppleWebKit/537.36 (KHTML, like Gecko) Chrome/138.0.0.0 Mobile Safari/537.36', '156.211.86.6', '/api/user', NULL, '2025-07-11 18:30:59', '2025-07-11 18:30:59'),
(149, 'انشاء', 'App\\Models\\User', '35', NULL, '\"{\\\"phone\\\":\\\"01099906427\\\",\\\"password\\\":\\\"$2y$12$OYoelJb7XMBYNv.DhovgrOw0P9i1bNhQsK2F7lKZi3Pvd6qksfq7e\\\",\\\"email\\\":null,\\\"full_name\\\":\\\"\\\\u0631\\\\u0627\\\\u0646\\\\u062f\\\\u0627 \\\\u0627\\\\u0644\\\\u0639\\\\u0631\\\\u0628\\\\u064a\\\",\\\"nickname\\\":\\\"\\\\u0631\\\\u0627\\\\u0646\\\\u062f\\\\u0627 \\\\u0627\\\\u0644\\\\u0639\\\\u0631\\\\u0628\\\\u064a\\\",\\\"username\\\":null,\\\"company_id\\\":9,\\\"customer_type\\\":\\\"retail\\\",\\\"created_by\\\":15,\\\"updated_at\\\":\\\"2025-07-11 18:35:30\\\",\\\"created_at\\\":\\\"2025-07-11 18:35:30\\\",\\\"id\\\":35}\"', ' قام المستخدم  شيما محمودبانشاء المستخدم راندا العربي', NULL, NULL, 15, 15, 9, 'Mozilla/5.0 (Linux; Android 10; K) AppleWebKit/537.36 (KHTML, like Gecko) Chrome/138.0.0.0 Mobile Safari/537.36', '156.211.86.6', '/api/user', NULL, '2025-07-11 18:35:30', '2025-07-11 18:35:30'),
(150, 'انشاء', 'App\\Models\\User', '36', NULL, '\"{\\\"phone\\\":\\\"01067219577\\\",\\\"password\\\":\\\"$2y$12$NILxG1xz.IcDeE2jUlDaH.jb55iI7KuK6K2Atbo4bT01uzkx79IMu\\\",\\\"email\\\":null,\\\"full_name\\\":\\\"\\\\u0627\\\\u0645 \\\\u062f\\\\u0646\\\\u064a\\\\u0627 \\\\u062c\\\\u0648\\\\u064a\\\\u0641\\\\u0644\\\",\\\"nickname\\\":\\\"\\\\u0627\\\\u0645 \\\\u062f\\\\u0646\\\\u064a\\\\u0627 \\\\u062c\\\\u0648\\\\u064a\\\\u0641\\\\u0644\\\",\\\"username\\\":null,\\\"company_id\\\":9,\\\"customer_type\\\":\\\"retail\\\",\\\"created_by\\\":15,\\\"updated_at\\\":\\\"2025-07-11 18:36:51\\\",\\\"created_at\\\":\\\"2025-07-11 18:36:51\\\",\\\"id\\\":36}\"', ' قام المستخدم  شيما محمودبانشاء المستخدم ام دنيا جويفل', NULL, NULL, 15, 15, 9, 'Mozilla/5.0 (Linux; Android 10; K) AppleWebKit/537.36 (KHTML, like Gecko) Chrome/138.0.0.0 Mobile Safari/537.36', '156.211.86.6', '/api/user', NULL, '2025-07-11 18:36:51', '2025-07-11 18:36:51');
INSERT INTO `activity_logs` (`id`, `action`, `model`, `row_id`, `data_old`, `data_new`, `description`, `old_values`, `new_values`, `user_id`, `created_by`, `company_id`, `user_agent`, `ip_address`, `url`, `metadata`, `created_at`, `updated_at`) VALUES
(151, 'انشاء', 'App\\Models\\User', '37', NULL, '\"{\\\"phone\\\":\\\"01022347020\\\",\\\"password\\\":\\\"$2y$12$7QYMCIUngFynlsiNQSFJCudnOe9rvhdlmXIyPbIBxrwnKlyRJ37la\\\",\\\"email\\\":null,\\\"full_name\\\":\\\"\\\\u0627\\\\u0645 \\\\u0646\\\\u062f\\\\u0627 \\\\u062c\\\\u0648\\\\u064a\\\\u0641\\\\u0644\\\",\\\"nickname\\\":\\\"\\\\u0627\\\\u0645 \\\\u0646\\\\u062f\\\\u0627 \\\\u062c\\\\u0648\\\\u064a\\\\u0641\\\\u0644\\\",\\\"username\\\":null,\\\"company_id\\\":9,\\\"customer_type\\\":\\\"retail\\\",\\\"created_by\\\":15,\\\"updated_at\\\":\\\"2025-07-11 18:37:54\\\",\\\"created_at\\\":\\\"2025-07-11 18:37:54\\\",\\\"id\\\":37}\"', ' قام المستخدم  شيما محمودبانشاء المستخدم ام ندا جويفل', NULL, NULL, 15, 15, 9, 'Mozilla/5.0 (Linux; Android 10; K) AppleWebKit/537.36 (KHTML, like Gecko) Chrome/138.0.0.0 Mobile Safari/537.36', '156.211.86.6', '/api/user', NULL, '2025-07-11 18:37:54', '2025-07-11 18:37:54'),
(152, 'انشاء', 'App\\Models\\User', '38', NULL, '\"{\\\"phone\\\":\\\"01097961098\\\",\\\"password\\\":\\\"$2y$12$mH5H.YF\\\\\\/ttVm.q5dsYER2O67JKOxbCmeFQeHne82m9UhVLTeBYqPi\\\",\\\"email\\\":null,\\\"full_name\\\":\\\"\\\\u0627\\\\u0645 \\\\u0645\\\\u062d\\\\u0645\\\\u062f \\\\u062d\\\\u0645\\\\u062f\\\\u064a\\\\u0647\\\",\\\"nickname\\\":\\\"\\\\u0627\\\\u0645 \\\\u0645\\\\u062d\\\\u0645\\\\u062f \\\\u062d\\\\u0645\\\\u062f\\\\u064a\\\\u0647\\\",\\\"username\\\":null,\\\"company_id\\\":9,\\\"customer_type\\\":\\\"retail\\\",\\\"created_by\\\":15,\\\"updated_at\\\":\\\"2025-07-11 18:39:41\\\",\\\"created_at\\\":\\\"2025-07-11 18:39:41\\\",\\\"id\\\":38}\"', ' قام المستخدم  شيما محمودبانشاء المستخدم ام محمد حمديه', NULL, NULL, 15, 15, 9, 'Mozilla/5.0 (Linux; Android 10; K) AppleWebKit/537.36 (KHTML, like Gecko) Chrome/138.0.0.0 Mobile Safari/537.36', '156.211.86.6', '/api/user', NULL, '2025-07-11 18:39:41', '2025-07-11 18:39:41'),
(153, 'انشاء', 'App\\Models\\User', '39', NULL, '\"{\\\"phone\\\":\\\"01068346040\\\",\\\"password\\\":\\\"$2y$12$uAZqYYxksLUNnaeFlj39iu\\\\\\/Tx\\\\\\/VL7enNcDfzLIjfXrO\\\\\\/wP\\\\\\/Dm93he\\\",\\\"email\\\":null,\\\"full_name\\\":\\\"\\\\u0627\\\\u0645 \\\\u0639\\\\u0644\\\\u064a\\\\u0627\\\\u0621\\\",\\\"nickname\\\":\\\"\\\\u0627\\\\u0645 \\\\u0639\\\\u0644\\\\u064a\\\\u0627\\\\u0621\\\",\\\"username\\\":null,\\\"company_id\\\":9,\\\"customer_type\\\":\\\"retail\\\",\\\"created_by\\\":15,\\\"updated_at\\\":\\\"2025-07-11 18:41:55\\\",\\\"created_at\\\":\\\"2025-07-11 18:41:55\\\",\\\"id\\\":39}\"', ' قام المستخدم  شيما محمودبانشاء المستخدم ام علياء', NULL, NULL, 15, 15, 9, 'Mozilla/5.0 (Linux; Android 10; K) AppleWebKit/537.36 (KHTML, like Gecko) Chrome/138.0.0.0 Mobile Safari/537.36', '156.211.86.6', '/api/user', NULL, '2025-07-11 18:41:55', '2025-07-11 18:41:55'),
(154, 'انشاء', 'App\\Models\\User', '40', NULL, '\"{\\\"phone\\\":\\\"01011400479\\\",\\\"password\\\":\\\"$2y$12$4gNF8tyXdgOdFf9L4LefYeUFNwRgVE.YBI0zWUoTBeWFAdi9ql.86\\\",\\\"email\\\":null,\\\"full_name\\\":\\\"\\\\u0641\\\\u0627\\\\u0637\\\\u0645\\\\u0647 \\\\u0635\\\\u0644\\\\u0627\\\\u062d \\\\u0634\\\\u0641\\\\u064a\\\\u0642\\\",\\\"nickname\\\":\\\"\\\\u0641\\\\u0627\\\\u0637\\\\u0645\\\\u0647 \\\\u0635\\\\u0644\\\\u0627\\\\u062d \\\\u0634\\\\u0641\\\\u064a\\\\u0642\\\",\\\"username\\\":null,\\\"company_id\\\":9,\\\"customer_type\\\":\\\"retail\\\",\\\"created_by\\\":15,\\\"updated_at\\\":\\\"2025-07-11 18:44:00\\\",\\\"created_at\\\":\\\"2025-07-11 18:44:00\\\",\\\"id\\\":40}\"', ' قام المستخدم  شيما محمودبانشاء المستخدم فاطمه صلاح شفيق', NULL, NULL, 15, 15, 9, 'Mozilla/5.0 (Linux; Android 10; K) AppleWebKit/537.36 (KHTML, like Gecko) Chrome/138.0.0.0 Mobile Safari/537.36', '156.211.86.6', '/api/user', NULL, '2025-07-11 18:44:00', '2025-07-11 18:44:00'),
(155, 'تعديل', 'App\\Models\\User', '20', '\"{\\\"id\\\":20,\\\"phone\\\":\\\"01016335634\\\",\\\"password\\\":\\\"$2y$12$Ig.KmwVLMXNa9ETqTg\\\\\\/iPenghfRIBY5CNKlruVYa8Dz7Pol5qHByG\\\",\\\"email\\\":null,\\\"username\\\":null,\\\"nickname\\\":\\\"\\\\u0633\\\\u0645\\\\u064a\\\\u062d\\\\u0647 \\\\u0645\\\\u0631\\\\u0627\\\\u062a \\\\u0645\\\\u062d\\\\u0645\\\\u062f \\\\u0648\\\\u0627\\\\u0639\\\\u0631\\\",\\\"full_name\\\":\\\"\\\\u0633\\\\u0645\\\\u064a\\\\u062d\\\\u0647 \\\\u0645\\\\u0631\\\\u0627\\\\u062a \\\\u0645\\\\u062d\\\\u0645\\\\u062f \\\\u0648\\\\u0627\\\\u0639\\\\u0631\\\",\\\"position\\\":null,\\\"settings\\\":null,\\\"last_login_at\\\":null,\\\"email_verified_at\\\":null,\\\"balance\\\":\\\"0.00\\\",\\\"status\\\":\\\"1\\\",\\\"customer_type\\\":\\\"retail\\\",\\\"created_by\\\":15,\\\"company_id\\\":9,\\\"remember_token\\\":null,\\\"created_at\\\":\\\"2025-07-11T17:37:34.000000Z\\\",\\\"updated_at\\\":\\\"2025-07-11T18:48:05.000000Z\\\"}\"', '\"{\\\"nickname\\\":\\\"\\\\u0633\\\\u0645\\\\u064a\\\\u062d\\\\u0647 \\\\u0645\\\\u0631\\\\u0627\\\\u062a \\\\u0645\\\\u062d\\\\u0645\\\\u062f \\\\u0648\\\\u0627\\\\u0639\\\\u0631\\\",\\\"full_name\\\":\\\"\\\\u0633\\\\u0645\\\\u064a\\\\u062d\\\\u0647 \\\\u0645\\\\u0631\\\\u0627\\\\u062a \\\\u0645\\\\u062d\\\\u0645\\\\u062f \\\\u0648\\\\u0627\\\\u0639\\\\u0631\\\",\\\"updated_at\\\":\\\"2025-07-11 18:48:05\\\"}\"', 'قام المستخدم شيما محمود بتعديل المستخدم سميحه مرات محمد واعر', NULL, NULL, 15, 15, 9, 'Mozilla/5.0 (Linux; Android 10; K) AppleWebKit/537.36 (KHTML, like Gecko) Chrome/138.0.0.0 Mobile Safari/537.36', '156.211.86.6', '/api/user/20', NULL, '2025-07-11 18:48:05', '2025-07-11 18:48:05'),
(156, 'انشاء', 'App\\Models\\User', '41', NULL, '\"{\\\"phone\\\":\\\"01017521323\\\",\\\"password\\\":\\\"$2y$12$TTb4Zgbp9IKVNCVFZY4UmeA\\\\\\/sv9Muny7BBbC2zlXZq3XCojl4uRbS\\\",\\\"email\\\":null,\\\"full_name\\\":\\\"\\\\u0627\\\\u0645 \\\\u0634\\\\u0647\\\\u062f \\\\u0635\\\\u0644\\\\u0627\\\\u062d\\\",\\\"nickname\\\":\\\"\\\\u0627\\\\u0645 \\\\u0634\\\\u0647\\\\u062f \\\\u0635\\\\u0644\\\\u0627\\\\u062d\\\",\\\"username\\\":null,\\\"company_id\\\":9,\\\"customer_type\\\":\\\"retail\\\",\\\"created_by\\\":15,\\\"updated_at\\\":\\\"2025-07-11 18:50:44\\\",\\\"created_at\\\":\\\"2025-07-11 18:50:44\\\",\\\"id\\\":41}\"', ' قام المستخدم  شيما محمودبانشاء المستخدم ام شهد صلاح', NULL, NULL, 15, 15, 9, 'Mozilla/5.0 (Linux; Android 10; K) AppleWebKit/537.36 (KHTML, like Gecko) Chrome/138.0.0.0 Mobile Safari/537.36', '197.53.71.112', '/api/user', NULL, '2025-07-11 18:50:44', '2025-07-11 18:50:44'),
(157, 'انشاء', 'App\\Models\\User', '42', NULL, '\"{\\\"phone\\\":\\\"01008723204\\\",\\\"password\\\":\\\"$2y$12$PRFjIPvgVSCIyQUQuhc2GOsDe.6v5b85U.ZXGyQRUZAQ96yWrxkC.\\\",\\\"email\\\":null,\\\"full_name\\\":\\\"\\\\u0627\\\\u0633\\\\u0645\\\\u0627\\\\u0621 \\\\u0645\\\\u0631\\\\u0627\\\\u062a \\\\u0639\\\\u0628\\\\u062f\\\\u0648 \\\\u0639\\\\u0637\\\\u064a\\\\u0647\\\",\\\"nickname\\\":\\\"\\\\u0627\\\\u0633\\\\u0645\\\\u0627\\\\u0621 \\\\u0645\\\\u0631\\\\u0627\\\\u062a \\\\u0639\\\\u0628\\\\u062f\\\\u0648 \\\\u0639\\\\u0637\\\\u064a\\\\u0647\\\",\\\"username\\\":null,\\\"company_id\\\":9,\\\"customer_type\\\":\\\"retail\\\",\\\"created_by\\\":15,\\\"updated_at\\\":\\\"2025-07-11 18:54:49\\\",\\\"created_at\\\":\\\"2025-07-11 18:54:49\\\",\\\"id\\\":42}\"', ' قام المستخدم  شيما محمودبانشاء المستخدم اسماء مرات عبدو عطيه', NULL, NULL, 15, 15, 9, 'Mozilla/5.0 (Linux; Android 10; K) AppleWebKit/537.36 (KHTML, like Gecko) Chrome/138.0.0.0 Mobile Safari/537.36', '154.188.201.96', '/api/user', NULL, '2025-07-11 18:54:49', '2025-07-11 18:54:49'),
(158, 'انشاء', 'App\\Models\\User', '43', NULL, '\"{\\\"phone\\\":\\\"01288162193\\\",\\\"password\\\":\\\"$2y$12$3co2TWD7V7FhcxXWdcgbP.wCDDiqUaY3jGdUICMv6qqDa0dzlXsMe\\\",\\\"email\\\":null,\\\"full_name\\\":\\\"\\\\u0628\\\\u0633\\\\u0645\\\\u0644\\\\u0647 \\\\u0630\\\\u064a\\\\u062f\\\\u0627\\\\u0646\\\",\\\"nickname\\\":\\\"\\\\u0628\\\\u0633\\\\u0645\\\\u0644\\\\u0647 \\\\u0630\\\\u064a\\\\u062f\\\\u0627\\\\u0646\\\",\\\"username\\\":null,\\\"company_id\\\":9,\\\"customer_type\\\":\\\"retail\\\",\\\"created_by\\\":15,\\\"updated_at\\\":\\\"2025-07-11 18:56:01\\\",\\\"created_at\\\":\\\"2025-07-11 18:56:01\\\",\\\"id\\\":43}\"', ' قام المستخدم  شيما محمودبانشاء المستخدم بسمله ذيدان', NULL, NULL, 15, 15, 9, 'Mozilla/5.0 (Linux; Android 10; K) AppleWebKit/537.36 (KHTML, like Gecko) Chrome/138.0.0.0 Mobile Safari/537.36', '154.188.201.96', '/api/user', NULL, '2025-07-11 18:56:01', '2025-07-11 18:56:01'),
(159, 'انشاء', 'App\\Models\\User', '44', NULL, '\"{\\\"phone\\\":\\\"01274214887\\\",\\\"password\\\":\\\"$2y$12$h5z3sqal9X3HGTdLhLhRkOlslAX5EiRV1bJo.sgneDqz.253\\\\\\/K0dW\\\",\\\"email\\\":null,\\\"full_name\\\":\\\"\\\\u0627\\\\u0633\\\\u0645\\\\u0627\\\\u0621 \\\\u0627\\\\u0645 \\\\u0632\\\\u064a\\\\u0627\\\\u062f \\\\u062e\\\\u0627\\\\u0644\\\\u062f\\\",\\\"nickname\\\":\\\"\\\\u0627\\\\u0633\\\\u0645\\\\u0627\\\\u0621 \\\\u0627\\\\u0645 \\\\u0632\\\\u064a\\\\u0627\\\\u062f \\\\u062e\\\\u0627\\\\u0644\\\\u062f\\\",\\\"username\\\":null,\\\"company_id\\\":9,\\\"customer_type\\\":\\\"retail\\\",\\\"created_by\\\":15,\\\"updated_at\\\":\\\"2025-07-11 18:58:14\\\",\\\"created_at\\\":\\\"2025-07-11 18:58:14\\\",\\\"id\\\":44}\"', ' قام المستخدم  شيما محمودبانشاء المستخدم اسماء ام زياد خالد', NULL, NULL, 15, 15, 9, 'Mozilla/5.0 (Linux; Android 10; K) AppleWebKit/537.36 (KHTML, like Gecko) Chrome/138.0.0.0 Mobile Safari/537.36', '154.188.201.96', '/api/user', NULL, '2025-07-11 18:58:14', '2025-07-11 18:58:14'),
(160, 'انشاء', 'App\\Models\\User', '45', NULL, '\"{\\\"phone\\\":\\\"01007545501\\\",\\\"password\\\":\\\"$2y$12$B6vwL1fHZ\\\\\\/gfPdBQaJ1nf..qJuLD.88sjEFnGpSqnPMMq6s2zbhs.\\\",\\\"email\\\":null,\\\"full_name\\\":\\\"\\\\u0627\\\\u0645 \\\\u0645\\\\u062d\\\\u0645\\\\u062f \\\\u0627\\\\u0644\\\\u0633\\\\u064a\\\\u0633\\\\u064a\\\",\\\"nickname\\\":\\\"\\\\u0627\\\\u0645 \\\\u0645\\\\u062d\\\\u0645\\\\u062f \\\\u0627\\\\u0644\\\\u0633\\\\u064a\\\\u0633\\\\u064a\\\",\\\"username\\\":null,\\\"company_id\\\":9,\\\"customer_type\\\":\\\"retail\\\",\\\"created_by\\\":15,\\\"updated_at\\\":\\\"2025-07-11 19:00:25\\\",\\\"created_at\\\":\\\"2025-07-11 19:00:25\\\",\\\"id\\\":45}\"', ' قام المستخدم  شيما محمودبانشاء المستخدم ام محمد السيسي', NULL, NULL, 15, 15, 9, 'Mozilla/5.0 (Linux; Android 10; K) AppleWebKit/537.36 (KHTML, like Gecko) Chrome/138.0.0.0 Mobile Safari/537.36', '154.188.201.96', '/api/user', NULL, '2025-07-11 19:00:25', '2025-07-11 19:00:25'),
(161, 'انشاء', 'App\\Models\\User', '46', NULL, '\"{\\\"phone\\\":\\\"01030179071\\\",\\\"password\\\":\\\"$2y$12$GJKJuuGrnN1Ueb14d\\\\\\/ic5.H\\\\\\/0b9OHDZRT\\\\\\/eqa4FczQosEjyetpFw.\\\",\\\"email\\\":null,\\\"full_name\\\":\\\"\\\\u0627\\\\u0645 \\\\u0645\\\\u0631\\\\u064a\\\\u0645 \\\\u0639\\\\u0644\\\\u064a\\\\u0648\\\\u0647\\\",\\\"nickname\\\":\\\"\\\\u0627\\\\u0645 \\\\u0645\\\\u0631\\\\u064a\\\\u0645 \\\\u0639\\\\u0644\\\\u064a\\\\u0648\\\\u0647\\\",\\\"username\\\":null,\\\"company_id\\\":9,\\\"customer_type\\\":\\\"retail\\\",\\\"created_by\\\":15,\\\"updated_at\\\":\\\"2025-07-11 19:05:32\\\",\\\"created_at\\\":\\\"2025-07-11 19:05:32\\\",\\\"id\\\":46}\"', ' قام المستخدم  شيما محمودبانشاء المستخدم ام مريم عليوه', NULL, NULL, 15, 15, 9, 'Mozilla/5.0 (Linux; Android 10; K) AppleWebKit/537.36 (KHTML, like Gecko) Chrome/138.0.0.0 Mobile Safari/537.36', '154.188.201.96', '/api/user', NULL, '2025-07-11 19:05:32', '2025-07-11 19:05:32'),
(162, 'انشاء', 'App\\Models\\User', '47', NULL, '\"{\\\"phone\\\":\\\"01007466244\\\",\\\"password\\\":\\\"$2y$12$wKEiCkNlGe70cexDfxUbme1NvznDGGuWxDmPRlzNk6iejQIK1U1pG\\\",\\\"email\\\":null,\\\"full_name\\\":\\\"\\\\u0627\\\\u0645 \\\\u0633\\\\u0627\\\\u0631\\\\u0647\\\",\\\"nickname\\\":\\\"\\\\u0627\\\\u0645 \\\\u0633\\\\u0627\\\\u0631\\\\u0647\\\",\\\"username\\\":null,\\\"company_id\\\":9,\\\"customer_type\\\":\\\"retail\\\",\\\"created_by\\\":15,\\\"updated_at\\\":\\\"2025-07-11 19:07:18\\\",\\\"created_at\\\":\\\"2025-07-11 19:07:18\\\",\\\"id\\\":47}\"', ' قام المستخدم  شيما محمودبانشاء المستخدم ام ساره', NULL, NULL, 15, 15, 9, 'Mozilla/5.0 (Linux; Android 10; K) AppleWebKit/537.36 (KHTML, like Gecko) Chrome/138.0.0.0 Mobile Safari/537.36', '154.188.201.96', '/api/user', NULL, '2025-07-11 19:07:18', '2025-07-11 19:07:18'),
(163, 'انشاء', 'App\\Models\\Invoice', '8', NULL, '\"{\\\"invoice_type_id\\\":1,\\\"invoice_type_code\\\":\\\"installment_sale\\\",\\\"due_date\\\":null,\\\"status\\\":\\\"confirmed\\\",\\\"user_id\\\":13,\\\"gross_amount\\\":4900,\\\"total_discount\\\":0,\\\"net_amount\\\":4900,\\\"paid_amount\\\":0,\\\"remaining_amount\\\":4900,\\\"round_step\\\":null,\\\"company_id\\\":2,\\\"created_by\\\":5,\\\"invoice_number\\\":\\\"INS_SAL-250711-2-000007\\\",\\\"updated_at\\\":\\\"2025-07-11 19:07:36\\\",\\\"created_at\\\":\\\"2025-07-11 19:07:36\\\",\\\"id\\\":8}\"', ' قام المستخدم  ابو نديإنشاء فاتورة بيع بالتقسيط رقم INS_SAL-250711-2-000007', NULL, NULL, 5, 5, 2, 'Mozilla/5.0 (Windows NT 10.0; Win64; x64) AppleWebKit/537.36 (KHTML, like Gecko) Chrome/137.0.0.0 Safari/537.36', '156.211.22.52', '/api/invoice', NULL, '2025-07-11 19:07:36', '2025-07-11 19:07:36'),
(164, 'انشاء', 'App\\Models\\Installment', '85', NULL, '\"{\\\"id\\\":85,\\\"installment_plan_id\\\":8,\\\"user_id\\\":13,\\\"created_by\\\":5,\\\"installment_number\\\":\\\"1\\\",\\\"due_date\\\":\\\"2025-08-11\\\",\\\"amount\\\":\\\"530.00\\\",\\\"status\\\":\\\"\\\\u062a\\\\u0645 \\\\u0627\\\\u0644\\\\u062f\\\\u0641\\\\u0639\\\",\\\"paid_at\\\":\\\"2025-07-11\\\",\\\"remaining\\\":0,\\\"created_at\\\":\\\"2025-07-11 19:07:36\\\",\\\"updated_at\\\":\\\"2025-07-11 19:08:20\\\",\\\"company_id\\\":2}\"', ' قام المستخدم  ابو نديتم دفع مبلغ 530 لهذا القسط.', NULL, NULL, 5, 5, 2, 'Mozilla/5.0 (Windows NT 10.0; Win64; x64) AppleWebKit/537.36 (KHTML, like Gecko) Chrome/137.0.0.0 Safari/537.36', '156.211.22.52', '/api/installment-payment/pay', NULL, '2025-07-11 19:08:20', '2025-07-11 19:08:20'),
(165, 'تعديل', 'App\\Models\\User', '5', '\"{\\\"id\\\":5,\\\"phone\\\":\\\"01070475028\\\",\\\"password\\\":\\\"$2y$12$Eb7Gi\\\\\\/94E9cobc3u9R\\\\\\/PFeqRyP2a0uyb7.09Jr79JLrf0KP8MjtTO\\\",\\\"email\\\":null,\\\"username\\\":null,\\\"nickname\\\":\\\"\\\\u0627\\\\u0628\\\\u0648 \\\\u0646\\\\u062f\\\\u064a\\\",\\\"full_name\\\":\\\"\\\\u0648\\\\u0627\\\\u0626\\\\u0644 \\\\u0645\\\\u062d\\\\u0645\\\\u062f \\\\u0627\\\\u062d\\\\u0645\\\\u062f\\\",\\\"position\\\":null,\\\"settings\\\":null,\\\"last_login_at\\\":null,\\\"email_verified_at\\\":null,\\\"balance\\\":\\\"0.00\\\",\\\"status\\\":\\\"1\\\",\\\"customer_type\\\":\\\"retail\\\",\\\"created_by\\\":1,\\\"company_id\\\":2,\\\"remember_token\\\":null,\\\"created_at\\\":\\\"2025-07-09T06:43:59.000000Z\\\",\\\"updated_at\\\":\\\"2025-07-09T20:31:45.000000Z\\\"}\"', '\"[]\"', 'قام المستخدم ابو ندي بتعديل زيادة الرصيد بقيمة 530 نتيجة دفع أقساط عن مستخدم آخر.', NULL, NULL, 5, 5, 2, 'Mozilla/5.0 (Windows NT 10.0; Win64; x64) AppleWebKit/537.36 (KHTML, like Gecko) Chrome/137.0.0.0 Safari/537.36', '156.211.22.52', '/api/installment-payment/pay', NULL, '2025-07-11 19:08:20', '2025-07-11 19:08:20'),
(166, 'انشاء', 'App\\Models\\Installment', '86', NULL, '\"{\\\"id\\\":86,\\\"installment_plan_id\\\":8,\\\"user_id\\\":13,\\\"created_by\\\":5,\\\"installment_number\\\":\\\"2\\\",\\\"due_date\\\":\\\"2025-09-11\\\",\\\"amount\\\":\\\"530.00\\\",\\\"status\\\":\\\"\\\\u062a\\\\u0645 \\\\u0627\\\\u0644\\\\u062f\\\\u0641\\\\u0639\\\",\\\"paid_at\\\":\\\"2025-07-11\\\",\\\"remaining\\\":0,\\\"created_at\\\":\\\"2025-07-11 19:07:36\\\",\\\"updated_at\\\":\\\"2025-07-11 19:08:32\\\",\\\"company_id\\\":2}\"', ' قام المستخدم  ابو نديتم دفع مبلغ 530 لهذا القسط.', NULL, NULL, 5, 5, 2, 'Mozilla/5.0 (Windows NT 10.0; Win64; x64) AppleWebKit/537.36 (KHTML, like Gecko) Chrome/137.0.0.0 Safari/537.36', '156.211.22.52', '/api/installment-payment/pay', NULL, '2025-07-11 19:08:32', '2025-07-11 19:08:32'),
(167, 'تعديل', 'App\\Models\\User', '5', '\"{\\\"id\\\":5,\\\"phone\\\":\\\"01070475028\\\",\\\"password\\\":\\\"$2y$12$Eb7Gi\\\\\\/94E9cobc3u9R\\\\\\/PFeqRyP2a0uyb7.09Jr79JLrf0KP8MjtTO\\\",\\\"email\\\":null,\\\"username\\\":null,\\\"nickname\\\":\\\"\\\\u0627\\\\u0628\\\\u0648 \\\\u0646\\\\u062f\\\\u064a\\\",\\\"full_name\\\":\\\"\\\\u0648\\\\u0627\\\\u0626\\\\u0644 \\\\u0645\\\\u062d\\\\u0645\\\\u062f \\\\u0627\\\\u062d\\\\u0645\\\\u062f\\\",\\\"position\\\":null,\\\"settings\\\":null,\\\"last_login_at\\\":null,\\\"email_verified_at\\\":null,\\\"balance\\\":\\\"0.00\\\",\\\"status\\\":\\\"1\\\",\\\"customer_type\\\":\\\"retail\\\",\\\"created_by\\\":1,\\\"company_id\\\":2,\\\"remember_token\\\":null,\\\"created_at\\\":\\\"2025-07-09T06:43:59.000000Z\\\",\\\"updated_at\\\":\\\"2025-07-09T20:31:45.000000Z\\\"}\"', '\"[]\"', 'قام المستخدم ابو ندي بتعديل زيادة الرصيد بقيمة 530 نتيجة دفع أقساط عن مستخدم آخر.', NULL, NULL, 5, 5, 2, 'Mozilla/5.0 (Windows NT 10.0; Win64; x64) AppleWebKit/537.36 (KHTML, like Gecko) Chrome/137.0.0.0 Safari/537.36', '156.211.22.52', '/api/installment-payment/pay', NULL, '2025-07-11 19:08:32', '2025-07-11 19:08:32'),
(168, 'انشاء', 'App\\Models\\User', '48', NULL, '\"{\\\"phone\\\":\\\"01003029063\\\",\\\"password\\\":\\\"$2y$12$XUoboz.ZO2jMmdQ.NciBX.Ant3c2HUR7jG6hTNdPTdEKWgvoiVMOu\\\",\\\"email\\\":null,\\\"full_name\\\":\\\"\\\\u0627\\\\u0645 \\\\u0633\\\\u062d\\\\u0627\\\\u0628\\\",\\\"nickname\\\":\\\"\\\\u0627\\\\u0645 \\\\u0633\\\\u062d\\\\u0627\\\\u0628\\\",\\\"username\\\":null,\\\"company_id\\\":9,\\\"customer_type\\\":\\\"retail\\\",\\\"created_by\\\":15,\\\"updated_at\\\":\\\"2025-07-11 19:08:33\\\",\\\"created_at\\\":\\\"2025-07-11 19:08:33\\\",\\\"id\\\":48}\"', ' قام المستخدم  شيما محمودبانشاء المستخدم ام سحاب', NULL, NULL, 15, 15, 9, 'Mozilla/5.0 (Linux; Android 10; K) AppleWebKit/537.36 (KHTML, like Gecko) Chrome/138.0.0.0 Mobile Safari/537.36', '154.188.201.96', '/api/user', NULL, '2025-07-11 19:08:33', '2025-07-11 19:08:33'),
(169, 'انشاء', 'App\\Models\\Installment', '87', NULL, '\"{\\\"id\\\":87,\\\"installment_plan_id\\\":8,\\\"user_id\\\":13,\\\"created_by\\\":5,\\\"installment_number\\\":\\\"3\\\",\\\"due_date\\\":\\\"2025-10-11\\\",\\\"amount\\\":\\\"530.00\\\",\\\"status\\\":\\\"\\\\u062a\\\\u0645 \\\\u0627\\\\u0644\\\\u062f\\\\u0641\\\\u0639\\\",\\\"paid_at\\\":\\\"2025-07-11\\\",\\\"remaining\\\":0,\\\"created_at\\\":\\\"2025-07-11 19:07:36\\\",\\\"updated_at\\\":\\\"2025-07-11 19:08:41\\\",\\\"company_id\\\":2}\"', ' قام المستخدم  ابو نديتم دفع مبلغ 530 لهذا القسط.', NULL, NULL, 5, 5, 2, 'Mozilla/5.0 (Windows NT 10.0; Win64; x64) AppleWebKit/537.36 (KHTML, like Gecko) Chrome/137.0.0.0 Safari/537.36', '156.211.22.52', '/api/installment-payment/pay', NULL, '2025-07-11 19:08:41', '2025-07-11 19:08:41'),
(170, 'تعديل', 'App\\Models\\User', '5', '\"{\\\"id\\\":5,\\\"phone\\\":\\\"01070475028\\\",\\\"password\\\":\\\"$2y$12$Eb7Gi\\\\\\/94E9cobc3u9R\\\\\\/PFeqRyP2a0uyb7.09Jr79JLrf0KP8MjtTO\\\",\\\"email\\\":null,\\\"username\\\":null,\\\"nickname\\\":\\\"\\\\u0627\\\\u0628\\\\u0648 \\\\u0646\\\\u062f\\\\u064a\\\",\\\"full_name\\\":\\\"\\\\u0648\\\\u0627\\\\u0626\\\\u0644 \\\\u0645\\\\u062d\\\\u0645\\\\u062f \\\\u0627\\\\u062d\\\\u0645\\\\u062f\\\",\\\"position\\\":null,\\\"settings\\\":null,\\\"last_login_at\\\":null,\\\"email_verified_at\\\":null,\\\"balance\\\":\\\"0.00\\\",\\\"status\\\":\\\"1\\\",\\\"customer_type\\\":\\\"retail\\\",\\\"created_by\\\":1,\\\"company_id\\\":2,\\\"remember_token\\\":null,\\\"created_at\\\":\\\"2025-07-09T06:43:59.000000Z\\\",\\\"updated_at\\\":\\\"2025-07-09T20:31:45.000000Z\\\"}\"', '\"[]\"', 'قام المستخدم ابو ندي بتعديل زيادة الرصيد بقيمة 530 نتيجة دفع أقساط عن مستخدم آخر.', NULL, NULL, 5, 5, 2, 'Mozilla/5.0 (Windows NT 10.0; Win64; x64) AppleWebKit/537.36 (KHTML, like Gecko) Chrome/137.0.0.0 Safari/537.36', '156.211.22.52', '/api/installment-payment/pay', NULL, '2025-07-11 19:08:41', '2025-07-11 19:08:41'),
(171, 'انشاء', 'App\\Models\\Installment', '88', NULL, '\"{\\\"id\\\":88,\\\"installment_plan_id\\\":8,\\\"user_id\\\":13,\\\"created_by\\\":5,\\\"installment_number\\\":\\\"4\\\",\\\"due_date\\\":\\\"2025-11-11\\\",\\\"amount\\\":\\\"530.00\\\",\\\"status\\\":\\\"\\\\u062a\\\\u0645 \\\\u0627\\\\u0644\\\\u062f\\\\u0641\\\\u0639\\\",\\\"paid_at\\\":\\\"2025-07-11\\\",\\\"remaining\\\":0,\\\"created_at\\\":\\\"2025-07-11 19:07:36\\\",\\\"updated_at\\\":\\\"2025-07-11 19:08:49\\\",\\\"company_id\\\":2}\"', ' قام المستخدم  ابو نديتم دفع مبلغ 530 لهذا القسط.', NULL, NULL, 5, 5, 2, 'Mozilla/5.0 (Windows NT 10.0; Win64; x64) AppleWebKit/537.36 (KHTML, like Gecko) Chrome/137.0.0.0 Safari/537.36', '156.211.22.52', '/api/installment-payment/pay', NULL, '2025-07-11 19:08:49', '2025-07-11 19:08:49'),
(172, 'تعديل', 'App\\Models\\User', '5', '\"{\\\"id\\\":5,\\\"phone\\\":\\\"01070475028\\\",\\\"password\\\":\\\"$2y$12$Eb7Gi\\\\\\/94E9cobc3u9R\\\\\\/PFeqRyP2a0uyb7.09Jr79JLrf0KP8MjtTO\\\",\\\"email\\\":null,\\\"username\\\":null,\\\"nickname\\\":\\\"\\\\u0627\\\\u0628\\\\u0648 \\\\u0646\\\\u062f\\\\u064a\\\",\\\"full_name\\\":\\\"\\\\u0648\\\\u0627\\\\u0626\\\\u0644 \\\\u0645\\\\u062d\\\\u0645\\\\u062f \\\\u0627\\\\u062d\\\\u0645\\\\u062f\\\",\\\"position\\\":null,\\\"settings\\\":null,\\\"last_login_at\\\":null,\\\"email_verified_at\\\":null,\\\"balance\\\":\\\"0.00\\\",\\\"status\\\":\\\"1\\\",\\\"customer_type\\\":\\\"retail\\\",\\\"created_by\\\":1,\\\"company_id\\\":2,\\\"remember_token\\\":null,\\\"created_at\\\":\\\"2025-07-09T06:43:59.000000Z\\\",\\\"updated_at\\\":\\\"2025-07-09T20:31:45.000000Z\\\"}\"', '\"[]\"', 'قام المستخدم ابو ندي بتعديل زيادة الرصيد بقيمة 530 نتيجة دفع أقساط عن مستخدم آخر.', NULL, NULL, 5, 5, 2, 'Mozilla/5.0 (Windows NT 10.0; Win64; x64) AppleWebKit/537.36 (KHTML, like Gecko) Chrome/137.0.0.0 Safari/537.36', '156.211.22.52', '/api/installment-payment/pay', NULL, '2025-07-11 19:08:49', '2025-07-11 19:08:49'),
(173, 'انشاء', 'App\\Models\\Installment', '89', NULL, '\"{\\\"id\\\":89,\\\"installment_plan_id\\\":8,\\\"user_id\\\":13,\\\"created_by\\\":5,\\\"installment_number\\\":\\\"5\\\",\\\"due_date\\\":\\\"2025-12-11\\\",\\\"amount\\\":\\\"530.00\\\",\\\"status\\\":\\\"\\\\u062a\\\\u0645 \\\\u0627\\\\u0644\\\\u062f\\\\u0641\\\\u0639\\\",\\\"paid_at\\\":\\\"2025-07-11\\\",\\\"remaining\\\":0,\\\"created_at\\\":\\\"2025-07-11 19:07:36\\\",\\\"updated_at\\\":\\\"2025-07-11 19:08:59\\\",\\\"company_id\\\":2}\"', ' قام المستخدم  ابو نديتم دفع مبلغ 530 لهذا القسط.', NULL, NULL, 5, 5, 2, 'Mozilla/5.0 (Windows NT 10.0; Win64; x64) AppleWebKit/537.36 (KHTML, like Gecko) Chrome/137.0.0.0 Safari/537.36', '156.211.22.52', '/api/installment-payment/pay', NULL, '2025-07-11 19:08:59', '2025-07-11 19:08:59'),
(174, 'تعديل', 'App\\Models\\User', '5', '\"{\\\"id\\\":5,\\\"phone\\\":\\\"01070475028\\\",\\\"password\\\":\\\"$2y$12$Eb7Gi\\\\\\/94E9cobc3u9R\\\\\\/PFeqRyP2a0uyb7.09Jr79JLrf0KP8MjtTO\\\",\\\"email\\\":null,\\\"username\\\":null,\\\"nickname\\\":\\\"\\\\u0627\\\\u0628\\\\u0648 \\\\u0646\\\\u062f\\\\u064a\\\",\\\"full_name\\\":\\\"\\\\u0648\\\\u0627\\\\u0626\\\\u0644 \\\\u0645\\\\u062d\\\\u0645\\\\u062f \\\\u0627\\\\u062d\\\\u0645\\\\u062f\\\",\\\"position\\\":null,\\\"settings\\\":null,\\\"last_login_at\\\":null,\\\"email_verified_at\\\":null,\\\"balance\\\":\\\"0.00\\\",\\\"status\\\":\\\"1\\\",\\\"customer_type\\\":\\\"retail\\\",\\\"created_by\\\":1,\\\"company_id\\\":2,\\\"remember_token\\\":null,\\\"created_at\\\":\\\"2025-07-09T06:43:59.000000Z\\\",\\\"updated_at\\\":\\\"2025-07-09T20:31:45.000000Z\\\"}\"', '\"[]\"', 'قام المستخدم ابو ندي بتعديل زيادة الرصيد بقيمة 530 نتيجة دفع أقساط عن مستخدم آخر.', NULL, NULL, 5, 5, 2, 'Mozilla/5.0 (Windows NT 10.0; Win64; x64) AppleWebKit/537.36 (KHTML, like Gecko) Chrome/137.0.0.0 Safari/537.36', '156.211.22.52', '/api/installment-payment/pay', NULL, '2025-07-11 19:08:59', '2025-07-11 19:08:59'),
(175, 'انشاء', 'App\\Models\\Installment', '90', NULL, '\"{\\\"id\\\":90,\\\"installment_plan_id\\\":8,\\\"user_id\\\":13,\\\"created_by\\\":5,\\\"installment_number\\\":\\\"6\\\",\\\"due_date\\\":\\\"2026-01-11\\\",\\\"amount\\\":\\\"530.00\\\",\\\"status\\\":\\\"\\\\u062a\\\\u0645 \\\\u0627\\\\u0644\\\\u062f\\\\u0641\\\\u0639\\\",\\\"paid_at\\\":\\\"2025-07-11\\\",\\\"remaining\\\":0,\\\"created_at\\\":\\\"2025-07-11 19:07:36\\\",\\\"updated_at\\\":\\\"2025-07-11 19:09:07\\\",\\\"company_id\\\":2}\"', ' قام المستخدم  ابو نديتم دفع مبلغ 530 لهذا القسط.', NULL, NULL, 5, 5, 2, 'Mozilla/5.0 (Windows NT 10.0; Win64; x64) AppleWebKit/537.36 (KHTML, like Gecko) Chrome/137.0.0.0 Safari/537.36', '156.211.22.52', '/api/installment-payment/pay', NULL, '2025-07-11 19:09:07', '2025-07-11 19:09:07'),
(176, 'تعديل', 'App\\Models\\User', '5', '\"{\\\"id\\\":5,\\\"phone\\\":\\\"01070475028\\\",\\\"password\\\":\\\"$2y$12$Eb7Gi\\\\\\/94E9cobc3u9R\\\\\\/PFeqRyP2a0uyb7.09Jr79JLrf0KP8MjtTO\\\",\\\"email\\\":null,\\\"username\\\":null,\\\"nickname\\\":\\\"\\\\u0627\\\\u0628\\\\u0648 \\\\u0646\\\\u062f\\\\u064a\\\",\\\"full_name\\\":\\\"\\\\u0648\\\\u0627\\\\u0626\\\\u0644 \\\\u0645\\\\u062d\\\\u0645\\\\u062f \\\\u0627\\\\u062d\\\\u0645\\\\u062f\\\",\\\"position\\\":null,\\\"settings\\\":null,\\\"last_login_at\\\":null,\\\"email_verified_at\\\":null,\\\"balance\\\":\\\"0.00\\\",\\\"status\\\":\\\"1\\\",\\\"customer_type\\\":\\\"retail\\\",\\\"created_by\\\":1,\\\"company_id\\\":2,\\\"remember_token\\\":null,\\\"created_at\\\":\\\"2025-07-09T06:43:59.000000Z\\\",\\\"updated_at\\\":\\\"2025-07-09T20:31:45.000000Z\\\"}\"', '\"[]\"', 'قام المستخدم ابو ندي بتعديل زيادة الرصيد بقيمة 530 نتيجة دفع أقساط عن مستخدم آخر.', NULL, NULL, 5, 5, 2, 'Mozilla/5.0 (Windows NT 10.0; Win64; x64) AppleWebKit/537.36 (KHTML, like Gecko) Chrome/137.0.0.0 Safari/537.36', '156.211.22.52', '/api/installment-payment/pay', NULL, '2025-07-11 19:09:07', '2025-07-11 19:09:07'),
(177, 'انشاء', 'App\\Models\\Installment', '91', NULL, '\"{\\\"id\\\":91,\\\"installment_plan_id\\\":8,\\\"user_id\\\":13,\\\"created_by\\\":5,\\\"installment_number\\\":\\\"7\\\",\\\"due_date\\\":\\\"2026-02-11\\\",\\\"amount\\\":\\\"530.00\\\",\\\"status\\\":\\\"\\\\u062a\\\\u0645 \\\\u0627\\\\u0644\\\\u062f\\\\u0641\\\\u0639\\\",\\\"paid_at\\\":\\\"2025-07-11\\\",\\\"remaining\\\":0,\\\"created_at\\\":\\\"2025-07-11 19:07:36\\\",\\\"updated_at\\\":\\\"2025-07-11 19:09:15\\\",\\\"company_id\\\":2}\"', ' قام المستخدم  ابو نديتم دفع مبلغ 530 لهذا القسط.', NULL, NULL, 5, 5, 2, 'Mozilla/5.0 (Windows NT 10.0; Win64; x64) AppleWebKit/537.36 (KHTML, like Gecko) Chrome/137.0.0.0 Safari/537.36', '156.211.22.52', '/api/installment-payment/pay', NULL, '2025-07-11 19:09:15', '2025-07-11 19:09:15'),
(178, 'تعديل', 'App\\Models\\User', '5', '\"{\\\"id\\\":5,\\\"phone\\\":\\\"01070475028\\\",\\\"password\\\":\\\"$2y$12$Eb7Gi\\\\\\/94E9cobc3u9R\\\\\\/PFeqRyP2a0uyb7.09Jr79JLrf0KP8MjtTO\\\",\\\"email\\\":null,\\\"username\\\":null,\\\"nickname\\\":\\\"\\\\u0627\\\\u0628\\\\u0648 \\\\u0646\\\\u062f\\\\u064a\\\",\\\"full_name\\\":\\\"\\\\u0648\\\\u0627\\\\u0626\\\\u0644 \\\\u0645\\\\u062d\\\\u0645\\\\u062f \\\\u0627\\\\u062d\\\\u0645\\\\u062f\\\",\\\"position\\\":null,\\\"settings\\\":null,\\\"last_login_at\\\":null,\\\"email_verified_at\\\":null,\\\"balance\\\":\\\"0.00\\\",\\\"status\\\":\\\"1\\\",\\\"customer_type\\\":\\\"retail\\\",\\\"created_by\\\":1,\\\"company_id\\\":2,\\\"remember_token\\\":null,\\\"created_at\\\":\\\"2025-07-09T06:43:59.000000Z\\\",\\\"updated_at\\\":\\\"2025-07-09T20:31:45.000000Z\\\"}\"', '\"[]\"', 'قام المستخدم ابو ندي بتعديل زيادة الرصيد بقيمة 530 نتيجة دفع أقساط عن مستخدم آخر.', NULL, NULL, 5, 5, 2, 'Mozilla/5.0 (Windows NT 10.0; Win64; x64) AppleWebKit/537.36 (KHTML, like Gecko) Chrome/137.0.0.0 Safari/537.36', '156.211.22.52', '/api/installment-payment/pay', NULL, '2025-07-11 19:09:15', '2025-07-11 19:09:15'),
(179, 'انشاء', 'App\\Models\\User', '49', NULL, '\"{\\\"phone\\\":\\\"01002884066\\\",\\\"password\\\":\\\"$2y$12$MKVCwzECPCZAjBwkHVg3MeiSMJ0Y4I6Rk9BRGZIWiAED51fu5Xj1i\\\",\\\"email\\\":null,\\\"full_name\\\":\\\"\\\\u0627\\\\u0645 \\\\u0631\\\\u064a\\\\u0645\\\\u0627\\\\u0633 \\\\u0639\\\\u0637\\\\u064a\\\\u0647\\\",\\\"nickname\\\":\\\"\\\\u0627\\\\u0645 \\\\u0631\\\\u064a\\\\u0645\\\\u0627\\\\u0633 \\\\u0639\\\\u0637\\\\u064a\\\\u0647\\\",\\\"username\\\":null,\\\"company_id\\\":9,\\\"customer_type\\\":\\\"retail\\\",\\\"created_by\\\":15,\\\"updated_at\\\":\\\"2025-07-11 19:10:38\\\",\\\"created_at\\\":\\\"2025-07-11 19:10:38\\\",\\\"id\\\":49}\"', ' قام المستخدم  شيما محمودبانشاء المستخدم ام ريماس عطيه', NULL, NULL, 15, 15, 9, 'Mozilla/5.0 (Linux; Android 10; K) AppleWebKit/537.36 (KHTML, like Gecko) Chrome/138.0.0.0 Mobile Safari/537.36', '154.188.201.96', '/api/user', NULL, '2025-07-11 19:10:38', '2025-07-11 19:10:38'),
(180, 'انشاء', 'App\\Models\\User', '50', NULL, '\"{\\\"phone\\\":\\\"01111724038\\\",\\\"password\\\":\\\"$2y$12$3xZsZAIl\\\\\\/grtMZfnadCe4uNZFv9Fzjakid6TVWA1wMmmlXl3CJkD.\\\",\\\"email\\\":null,\\\"full_name\\\":\\\"\\\\u0627\\\\u0645 \\\\u0646\\\\u062f\\\\u064a\\\\u0646 \\\\u0627\\\\u0644\\\\u0633\\\\u064a\\\\u0633\\\\u064a\\\",\\\"nickname\\\":\\\"\\\\u0627\\\\u0645 \\\\u0646\\\\u062f\\\\u064a\\\\u0646 \\\\u0627\\\\u0644\\\\u0633\\\\u064a\\\\u0633\\\\u064a\\\",\\\"username\\\":null,\\\"company_id\\\":9,\\\"customer_type\\\":\\\"retail\\\",\\\"created_by\\\":15,\\\"updated_at\\\":\\\"2025-07-11 19:14:53\\\",\\\"created_at\\\":\\\"2025-07-11 19:14:53\\\",\\\"id\\\":50}\"', ' قام المستخدم  شيما محمودبانشاء المستخدم ام ندين السيسي', NULL, NULL, 15, 15, 9, 'Mozilla/5.0 (Linux; Android 10; K) AppleWebKit/537.36 (KHTML, like Gecko) Chrome/138.0.0.0 Mobile Safari/537.36', '154.188.201.96', '/api/user', NULL, '2025-07-11 19:14:53', '2025-07-11 19:14:53'),
(181, 'انشاء', 'App\\Models\\User', '51', NULL, '\"{\\\"phone\\\":\\\"01030136565\\\",\\\"password\\\":\\\"$2y$12$1NbMtgrc15ENEVNkp.Ix8OBfmbC6M5m\\\\\\/LxZigWYQflPh7EaUsnrmO\\\",\\\"email\\\":null,\\\"full_name\\\":\\\"\\\\u0627\\\\u0645 \\\\u0633\\\\u0645\\\\u0627\\\",\\\"nickname\\\":\\\"\\\\u0627\\\\u0645 \\\\u0633\\\\u0645\\\\u0627\\\",\\\"username\\\":null,\\\"company_id\\\":9,\\\"customer_type\\\":\\\"retail\\\",\\\"created_by\\\":15,\\\"updated_at\\\":\\\"2025-07-11 19:17:00\\\",\\\"created_at\\\":\\\"2025-07-11 19:17:00\\\",\\\"id\\\":51}\"', ' قام المستخدم  شيما محمودبانشاء المستخدم ام سما', NULL, NULL, 15, 15, 9, 'Mozilla/5.0 (Linux; Android 10; K) AppleWebKit/537.36 (KHTML, like Gecko) Chrome/138.0.0.0 Mobile Safari/537.36', '154.188.201.96', '/api/user', NULL, '2025-07-11 19:17:00', '2025-07-11 19:17:00'),
(182, 'انشاء', 'App\\Models\\User', '52', NULL, '\"{\\\"phone\\\":\\\"01011783306\\\",\\\"password\\\":\\\"$2y$12$M3zYI2xgDUd0tg8IAvlDDeBZ.JDtoYwMH8a0B1e\\\\\\/YOKgzP0dSWBUG\\\",\\\"email\\\":null,\\\"full_name\\\":\\\"\\\\u0627\\\\u0645 \\\\u0627\\\\u062d\\\\u0645\\\\u062f \\\\u062e\\\\u0627\\\\u0644\\\\u062f \\\\u0630\\\\u064a\\\\u062f\\\\u0627\\\\u0646\\\",\\\"nickname\\\":\\\"\\\\u0627\\\\u0645 \\\\u0627\\\\u062d\\\\u0645\\\\u062f \\\\u062e\\\\u0627\\\\u0644\\\\u062f \\\\u0630\\\\u064a\\\\u062f\\\\u0627\\\\u0646\\\",\\\"username\\\":null,\\\"company_id\\\":9,\\\"customer_type\\\":\\\"retail\\\",\\\"created_by\\\":15,\\\"updated_at\\\":\\\"2025-07-11 19:20:35\\\",\\\"created_at\\\":\\\"2025-07-11 19:20:35\\\",\\\"id\\\":52}\"', ' قام المستخدم  شيما محمودبانشاء المستخدم ام احمد خالد ذيدان', NULL, NULL, 15, 15, 9, 'Mozilla/5.0 (Linux; Android 10; K) AppleWebKit/537.36 (KHTML, like Gecko) Chrome/138.0.0.0 Mobile Safari/537.36', '154.188.201.96', '/api/user', NULL, '2025-07-11 19:20:35', '2025-07-11 19:20:35'),
(183, 'انشاء', 'App\\Models\\User', '53', NULL, '\"{\\\"phone\\\":\\\"01004782967\\\",\\\"password\\\":\\\"$2y$12$AvCh5DT67hO0jTasbrg8CeE\\\\\\/I2.IsKbLbhDYz4klIityzxc58BOv.\\\",\\\"email\\\":null,\\\"full_name\\\":\\\"\\\\u0627\\\\u0645 \\\\u0627\\\\u0645\\\\u0627\\\\u0646\\\\u064a \\\\u0627\\\\u0644\\\\u0639\\\\u0631\\\\u064a\\\\u0634\\\\u064a\\\\u0647\\\",\\\"nickname\\\":\\\"\\\\u0627\\\\u0645 \\\\u0627\\\\u0645\\\\u0627\\\\u0646\\\\u064a \\\\u0627\\\\u0644\\\\u0639\\\\u0631\\\\u064a\\\\u0634\\\\u064a\\\\u0647\\\",\\\"username\\\":null,\\\"company_id\\\":9,\\\"customer_type\\\":\\\"retail\\\",\\\"created_by\\\":15,\\\"updated_at\\\":\\\"2025-07-11 19:23:33\\\",\\\"created_at\\\":\\\"2025-07-11 19:23:33\\\",\\\"id\\\":53}\"', ' قام المستخدم  شيما محمودبانشاء المستخدم ام اماني العريشيه', NULL, NULL, 15, 15, 9, 'Mozilla/5.0 (Linux; Android 10; K) AppleWebKit/537.36 (KHTML, like Gecko) Chrome/138.0.0.0 Mobile Safari/537.36', '154.188.201.96', '/api/user', NULL, '2025-07-11 19:23:33', '2025-07-11 19:23:33'),
(184, 'انشاء', 'App\\Models\\User', '54', NULL, '\"{\\\"phone\\\":\\\"01067671661\\\",\\\"password\\\":\\\"$2y$12$\\\\\\/LGuWRpbHsmUMVZ3qQMH..6QFZSQ93uGJZhIZeX0fJEOyBm9.Q69O\\\",\\\"email\\\":null,\\\"full_name\\\":\\\"\\\\u0627\\\\u0645 \\\\u0627\\\\u062d\\\\u0645\\\\u062f \\\\u062a\\\\u0646\\\\u0627\\\\u062a\\\\u064a\\\\u0634\\\",\\\"nickname\\\":\\\"\\\\u0627\\\\u0645 \\\\u0627\\\\u062d\\\\u0645\\\\u062f \\\\u062a\\\\u0646\\\\u0627\\\\u062a\\\\u064a\\\\u0634\\\",\\\"username\\\":null,\\\"company_id\\\":9,\\\"customer_type\\\":\\\"retail\\\",\\\"created_by\\\":15,\\\"updated_at\\\":\\\"2025-07-11 19:25:20\\\",\\\"created_at\\\":\\\"2025-07-11 19:25:20\\\",\\\"id\\\":54}\"', ' قام المستخدم  شيما محمودبانشاء المستخدم ام احمد تناتيش', NULL, NULL, 15, 15, 9, 'Mozilla/5.0 (Linux; Android 10; K) AppleWebKit/537.36 (KHTML, like Gecko) Chrome/138.0.0.0 Mobile Safari/537.36', '154.188.201.96', '/api/user', NULL, '2025-07-11 19:25:20', '2025-07-11 19:25:20'),
(185, 'انشاء', 'App\\Models\\User', '55', NULL, '\"{\\\"phone\\\":\\\"01553249708\\\",\\\"password\\\":\\\"$2y$12$Uns1WY26FLDETwhxQ9r1NeyapKLdbN\\\\\\/raYJ9b1ETJbHIcge8L1fLy\\\",\\\"email\\\":null,\\\"full_name\\\":\\\"\\\\u0627\\\\u064a\\\\u0645\\\\u0627\\\\u0646 \\\\u0631\\\\u0645\\\\u0636\\\\u0627\\\\u0646\\\",\\\"nickname\\\":\\\"\\\\u0627\\\\u064a\\\\u0645\\\\u0627\\\\u0646 \\\\u0631\\\\u0645\\\\u0636\\\\u0627\\\\u0646\\\",\\\"username\\\":null,\\\"company_id\\\":9,\\\"customer_type\\\":\\\"retail\\\",\\\"created_by\\\":15,\\\"updated_at\\\":\\\"2025-07-11 19:27:19\\\",\\\"created_at\\\":\\\"2025-07-11 19:27:19\\\",\\\"id\\\":55}\"', ' قام المستخدم  شيما محمودبانشاء المستخدم ايمان رمضان', NULL, NULL, 15, 15, 9, 'Mozilla/5.0 (Linux; Android 10; K) AppleWebKit/537.36 (KHTML, like Gecko) Chrome/138.0.0.0 Mobile Safari/537.36', '154.188.201.96', '/api/user', NULL, '2025-07-11 19:27:19', '2025-07-11 19:27:19'),
(186, 'انشاء', 'App\\Models\\User', '56', NULL, '\"{\\\"phone\\\":\\\"01023953146\\\",\\\"password\\\":\\\"$2y$12$87zuUhEI4SDs0lfMZLViiusZb2evgvEkiPYMlTIeq8ZbjDhEwo0ua\\\",\\\"email\\\":null,\\\"full_name\\\":\\\"\\\\u0627\\\\u0645 \\\\u0641\\\\u0627\\\\u0631\\\\u0633 \\\\u062c\\\\u0627\\\\u0631\\\\u062a \\\\u0627\\\\u0645 \\\\u0645\\\\u0627\\\\u0644\\\\u0643\\\",\\\"nickname\\\":\\\"\\\\u0627\\\\u0645 \\\\u0641\\\\u0627\\\\u0631\\\\u0633 \\\\u062c\\\\u0627\\\\u0631\\\\u062a \\\\u0627\\\\u0645 \\\\u0645\\\\u0627\\\\u0644\\\\u0643\\\",\\\"username\\\":null,\\\"company_id\\\":9,\\\"customer_type\\\":\\\"retail\\\",\\\"created_by\\\":15,\\\"updated_at\\\":\\\"2025-07-11 19:30:06\\\",\\\"created_at\\\":\\\"2025-07-11 19:30:06\\\",\\\"id\\\":56}\"', ' قام المستخدم  شيما محمودبانشاء المستخدم ام فارس جارت ام مالك', NULL, NULL, 15, 15, 9, 'Mozilla/5.0 (Linux; Android 10; K) AppleWebKit/537.36 (KHTML, like Gecko) Chrome/138.0.0.0 Mobile Safari/537.36', '154.188.201.96', '/api/user', NULL, '2025-07-11 19:30:06', '2025-07-11 19:30:06'),
(187, 'انشاء', 'App\\Models\\User', '57', NULL, '\"{\\\"phone\\\":\\\"01070422234\\\",\\\"password\\\":\\\"$2y$12$J3tnsqw\\\\\\/DU1MaPVCJ7iilexRUxvuntcibwSLNach26J91NXcmTopu\\\",\\\"email\\\":null,\\\"full_name\\\":\\\"\\\\u0627\\\\u0645 \\\\u0643\\\\u0631\\\\u064a\\\\u0645 \\\\u0633\\\\u0627\\\\u0645\\\\u064a\\\",\\\"nickname\\\":\\\"\\\\u0627\\\\u0645 \\\\u0643\\\\u0631\\\\u064a\\\\u0645 \\\\u0633\\\\u0627\\\\u0645\\\\u064a\\\",\\\"username\\\":null,\\\"company_id\\\":9,\\\"customer_type\\\":\\\"retail\\\",\\\"created_by\\\":15,\\\"updated_at\\\":\\\"2025-07-11 19:30:54\\\",\\\"created_at\\\":\\\"2025-07-11 19:30:54\\\",\\\"id\\\":57}\"', ' قام المستخدم  شيما محمودبانشاء المستخدم ام كريم سامي', NULL, NULL, 15, 15, 9, 'Mozilla/5.0 (Linux; Android 10; K) AppleWebKit/537.36 (KHTML, like Gecko) Chrome/138.0.0.0 Mobile Safari/537.36', '154.188.201.96', '/api/user', NULL, '2025-07-11 19:30:54', '2025-07-11 19:30:54'),
(188, 'انشاء', 'App\\Models\\User', '58', NULL, '\"{\\\"phone\\\":\\\"01145768560\\\",\\\"password\\\":\\\"$2y$12$sNDZCukG\\\\\\/Rj2TDfMsgTEROGBtWmLK8f\\\\\\/GZpII3XjJ581gvcmVYyU.\\\",\\\"email\\\":null,\\\"full_name\\\":\\\"\\\\u0627\\\\u0645 \\\\u064a\\\\u0627\\\\u0633\\\\u064a\\\\u0646 \\\\u0627\\\\u0644\\\\u062f\\\\u064a\\\\u0633\\\\u0648\\\\u0642\\\\u064a\\\",\\\"nickname\\\":\\\"\\\\u0627\\\\u0645 \\\\u064a\\\\u0627\\\\u0633\\\\u064a\\\\u0646 \\\\u0627\\\\u0644\\\\u062f\\\\u064a\\\\u0633\\\\u0648\\\\u0642\\\\u064a\\\",\\\"username\\\":null,\\\"company_id\\\":9,\\\"customer_type\\\":\\\"retail\\\",\\\"created_by\\\":15,\\\"updated_at\\\":\\\"2025-07-11 19:33:45\\\",\\\"created_at\\\":\\\"2025-07-11 19:33:45\\\",\\\"id\\\":58}\"', ' قام المستخدم  شيما محمودبانشاء المستخدم ام ياسين الديسوقي', NULL, NULL, 15, 15, 9, 'Mozilla/5.0 (Linux; Android 10; K) AppleWebKit/537.36 (KHTML, like Gecko) Chrome/138.0.0.0 Mobile Safari/537.36', '154.188.201.96', '/api/user', NULL, '2025-07-11 19:33:45', '2025-07-11 19:33:45'),
(189, 'انشاء', 'App\\Models\\User', '59', NULL, '\"{\\\"phone\\\":\\\"01093734674\\\",\\\"password\\\":\\\"$2y$12$nVm1ZqbEMhc7rcrj1pPHsOAafzS7K0jXkU1kefcTWr3Ni5T4dUbiG\\\",\\\"email\\\":null,\\\"full_name\\\":\\\"\\\\u0627\\\\u0645 \\\\u0627\\\\u062d\\\\u0645\\\\u062f \\\\u0627\\\\u0644\\\\u0635\\\\u0639\\\\u064a\\\\u062f\\\\u064a\\\\u0647\\\",\\\"nickname\\\":\\\"\\\\u0627\\\\u0645 \\\\u0627\\\\u062d\\\\u0645\\\\u062f \\\\u0627\\\\u0644\\\\u0635\\\\u0639\\\\u064a\\\\u062f\\\\u064a\\\\u0647\\\",\\\"username\\\":null,\\\"company_id\\\":9,\\\"customer_type\\\":\\\"retail\\\",\\\"created_by\\\":15,\\\"updated_at\\\":\\\"2025-07-11 19:36:23\\\",\\\"created_at\\\":\\\"2025-07-11 19:36:23\\\",\\\"id\\\":59}\"', ' قام المستخدم  شيما محمودبانشاء المستخدم ام احمد الصعيديه', NULL, NULL, 15, 15, 9, 'Mozilla/5.0 (Linux; Android 10; K) AppleWebKit/537.36 (KHTML, like Gecko) Chrome/138.0.0.0 Mobile Safari/537.36', '154.188.201.96', '/api/user', NULL, '2025-07-11 19:36:23', '2025-07-11 19:36:23'),
(190, 'انشاء', 'App\\Models\\User', '60', NULL, '\"{\\\"phone\\\":\\\"01001848569\\\",\\\"password\\\":\\\"$2y$12$YZftbFWfclwZSd\\\\\\/c6dEIeOZNPI5ceQqDnKdOAspLqiwkh45Zp0ADm\\\",\\\"email\\\":null,\\\"full_name\\\":\\\"\\\\u0645\\\\u0631\\\\u0627\\\\u062a \\\\u0627\\\\u0644\\\\u062d\\\\u062c \\\\u0645\\\\u0648\\\\u0633\\\\u064a \\\\u0627\\\\u0644\\\\u0628\\\\u0643\\\\u0631\\\\u0634\\\\u064a\\\",\\\"nickname\\\":\\\"\\\\u0645\\\\u0631\\\\u0627\\\\u062a \\\\u0627\\\\u0644\\\\u062d\\\\u062c \\\\u0645\\\\u0648\\\\u0633\\\\u064a \\\\u0627\\\\u0644\\\\u0628\\\\u0643\\\\u0631\\\\u0634\\\\u064a\\\",\\\"username\\\":null,\\\"company_id\\\":9,\\\"customer_type\\\":\\\"retail\\\",\\\"created_by\\\":15,\\\"updated_at\\\":\\\"2025-07-11 19:38:20\\\",\\\"created_at\\\":\\\"2025-07-11 19:38:20\\\",\\\"id\\\":60}\"', ' قام المستخدم  شيما محمودبانشاء المستخدم مرات الحج موسي البكرشي', NULL, NULL, 15, 15, 9, 'Mozilla/5.0 (Linux; Android 10; K) AppleWebKit/537.36 (KHTML, like Gecko) Chrome/138.0.0.0 Mobile Safari/537.36', '154.188.201.96', '/api/user', NULL, '2025-07-11 19:38:20', '2025-07-11 19:38:20'),
(191, 'انشاء', 'App\\Models\\User', '61', NULL, '\"{\\\"phone\\\":\\\"01017710894\\\",\\\"password\\\":\\\"$2y$12$f34peLOhRronxl.E9TB8ueGqMuQ1u2I5CWDMpMdIpqG258EYSjYwm\\\",\\\"email\\\":null,\\\"full_name\\\":\\\"\\\\u0627\\\\u0645 \\\\u0627\\\\u0633\\\\u0645\\\\u0627\\\\u0639\\\\u064a\\\\u0644\\\",\\\"nickname\\\":\\\"\\\\u0627\\\\u0645 \\\\u0627\\\\u0633\\\\u0645\\\\u0627\\\\u0639\\\\u064a\\\\u0644\\\",\\\"username\\\":null,\\\"company_id\\\":9,\\\"customer_type\\\":\\\"retail\\\",\\\"created_by\\\":15,\\\"updated_at\\\":\\\"2025-07-11 19:41:00\\\",\\\"created_at\\\":\\\"2025-07-11 19:41:00\\\",\\\"id\\\":61}\"', ' قام المستخدم  شيما محمودبانشاء المستخدم ام اسماعيل', NULL, NULL, 15, 15, 9, 'Mozilla/5.0 (Linux; Android 10; K) AppleWebKit/537.36 (KHTML, like Gecko) Chrome/138.0.0.0 Mobile Safari/537.36', '154.188.201.96', '/api/user', NULL, '2025-07-11 19:41:00', '2025-07-11 19:41:00'),
(192, 'انشاء', 'App\\Models\\User', '62', NULL, '\"{\\\"phone\\\":\\\"01026013349\\\",\\\"password\\\":\\\"$2y$12$WLapP0Cd6n5l6xpkq0Wq9.sqmwioagcbxxaC2gNZp\\\\\\/sQ1FT3D\\\\\\/vr.\\\",\\\"email\\\":null,\\\"full_name\\\":\\\"\\\\u0627\\\\u0645 \\\\u062f\\\\u0646\\\\u064a\\\\u0627 \\\\u062c\\\\u0627\\\\u0631\\\\u062a \\\\u0627\\\\u0645 \\\\u0627\\\\u0633\\\\u0645\\\\u0627\\\\u0639\\\\u064a\\\\u0644\\\",\\\"nickname\\\":\\\"\\\\u0627\\\\u0645 \\\\u062f\\\\u0646\\\\u064a\\\\u0627 \\\\u062c\\\\u0627\\\\u0631\\\\u062a \\\\u0627\\\\u0645 \\\\u0627\\\\u0633\\\\u0645\\\\u0627\\\\u0639\\\\u064a\\\\u0644\\\",\\\"username\\\":null,\\\"company_id\\\":9,\\\"customer_type\\\":\\\"retail\\\",\\\"created_by\\\":15,\\\"updated_at\\\":\\\"2025-07-11 19:43:33\\\",\\\"created_at\\\":\\\"2025-07-11 19:43:33\\\",\\\"id\\\":62}\"', ' قام المستخدم  شيما محمودبانشاء المستخدم ام دنيا جارت ام اسماعيل', NULL, NULL, 15, 15, 9, 'Mozilla/5.0 (Linux; Android 10; K) AppleWebKit/537.36 (KHTML, like Gecko) Chrome/138.0.0.0 Mobile Safari/537.36', '154.188.201.96', '/api/user', NULL, '2025-07-11 19:43:33', '2025-07-11 19:43:33'),
(193, 'انشاء', 'App\\Models\\Company', '10', NULL, '\"{\\\"name\\\":\\\"\\\\u0645\\\\u0643\\\\u062a\\\\u0628\\\\u0647 \\\\u0627\\\\u0628\\\\u0648\\\\u0646\\\\u062f\\\\u064a\\\",\\\"field\\\":\\\"\\\\u0627\\\\u062f\\\\u0648\\\\u0627\\\\u062a \\\\u0645\\\\u062f\\\\u0631\\\\u0633\\\\u0647 \\\\u0648\\\\u062e\\\\u0631\\\\u062f\\\\u0648\\\\u0627\\\\u062a\\\",\\\"address\\\":\\\"\\\\u0627\\\\u0644\\\\u0635\\\\u0627\\\\u0644\\\\u062d\\\\u064a\\\\u0647 \\\\u0627\\\\u0644\\\\u062c\\\\u062f\\\\u064a\\\\u062f\\\\u0647 \\\\\\/\\\\u0627\\\\u0644\\\\u0643\\\\u0648\\\\u062b\\\\u0631 \\\\\\/\\\\u063410\\\",\\\"phone\\\":\\\"01070475028\\\",\\\"company_id\\\":2,\\\"created_by\\\":5,\\\"updated_at\\\":\\\"2025-07-11 20:37:20\\\",\\\"created_at\\\":\\\"2025-07-11 20:37:20\\\",\\\"id\\\":10}\"', ' قام المستخدم  ابو نديبإنشاء شركة باسم مكتبه ابوندي', NULL, NULL, 5, 5, 10, 'Mozilla/5.0 (Windows NT 10.0; Win64; x64) AppleWebKit/537.36 (KHTML, like Gecko) Chrome/137.0.0.0 Safari/537.36', '197.53.65.86', '/api/company', NULL, '2025-07-11 20:37:21', '2025-07-11 20:37:21'),
(194, 'انشاء', 'App\\Models\\User', '63', NULL, '\"{\\\"phone\\\":\\\"01092787711\\\",\\\"password\\\":\\\"$2y$12$JdGt12GxSauAuwekVYycsexcc7RJfr4n3.zDrhDzEKxPlmnbEn3VS\\\",\\\"email\\\":null,\\\"full_name\\\":\\\"\\\\u0627\\\\u062d\\\\u0645\\\\u062f \\\\u0627\\\\u0644\\\\u0628\\\\u0631\\\\u0648\\\\u0645\\\\u064a\\\",\\\"nickname\\\":\\\"\\\\u0627\\\\u0644\\\\u0628\\\\u0631\\\\u0648\\\\u0645\\\\u064a\\\",\\\"username\\\":null,\\\"company_id\\\":10,\\\"customer_type\\\":\\\"wholesale\\\",\\\"created_by\\\":5,\\\"updated_at\\\":\\\"2025-07-11 20:43:39\\\",\\\"created_at\\\":\\\"2025-07-11 20:43:39\\\",\\\"id\\\":63}\"', ' قام المستخدم  ابو نديبانشاء المستخدم البرومي', NULL, NULL, 5, 5, 10, 'Mozilla/5.0 (Windows NT 10.0; Win64; x64) AppleWebKit/537.36 (KHTML, like Gecko) Chrome/137.0.0.0 Safari/537.36', '197.53.65.86', '/api/user', NULL, '2025-07-11 20:43:39', '2025-07-11 20:43:39'),
(195, 'انشاء', 'App\\Models\\User', '64', NULL, '\"{\\\"phone\\\":\\\"01061327606\\\",\\\"password\\\":\\\"$2y$12$6XO\\\\\\/GHyLyHWyAxtqWYRNTu7i5\\\\\\/mnpUI6iBOSTGXc7c\\\\\\/8Z8Lm87.P2\\\",\\\"email\\\":null,\\\"full_name\\\":\\\"\\\\u0645\\\\u0635\\\\u0637\\\\u0641\\\\u064a \\\\u0627\\\\u0644\\\\u0633\\\\u064a\\\\u062f \\\\u0627\\\\u062d\\\\u0645\\\\u062f\\\",\\\"nickname\\\":\\\"\\\\u0627\\\\u0628\\\\u0648\\\\u0643\\\\u064a\\\\u0627\\\\u0646\\\",\\\"username\\\":null,\\\"company_id\\\":10,\\\"customer_type\\\":\\\"retail\\\",\\\"created_by\\\":5,\\\"updated_at\\\":\\\"2025-07-12 11:13:52\\\",\\\"created_at\\\":\\\"2025-07-12 11:13:52\\\",\\\"id\\\":64}\"', ' قام المستخدم  ابو نديبانشاء المستخدم ابوكيان', NULL, NULL, 5, 5, 10, 'Mozilla/5.0 (Windows NT 10.0; Win64; x64) AppleWebKit/537.36 (KHTML, like Gecko) Chrome/138.0.0.0 Safari/537.36', '197.53.89.116', '/api/user', NULL, '2025-07-12 11:13:52', '2025-07-12 11:13:52'),
(196, 'تعديل', 'App\\Models\\User', '6', '\"{\\\"id\\\":6,\\\"phone\\\":\\\"01007888009\\\",\\\"password\\\":\\\"$2y$12$4LvFFEErVLsDWomDxqywGuMviT3q0rOfRmpM7dU.WAxli9NmCI9VG\\\",\\\"email\\\":null,\\\"username\\\":null,\\\"nickname\\\":\\\"\\\\u0627\\\\u0628\\\\u0648 \\\\u062d\\\\u0628\\\\u064a\\\\u0628\\\\u0629\\\",\\\"full_name\\\":\\\"\\\\u0647\\\\u0634\\\\u0627\\\\u0645 \\\\u0645\\\\u062d\\\\u0645\\\\u062f \\\\u0627\\\\u062d\\\\u0645\\\\u062f\\\",\\\"position\\\":null,\\\"settings\\\":null,\\\"last_login_at\\\":null,\\\"email_verified_at\\\":null,\\\"balance\\\":\\\"0.00\\\",\\\"status\\\":\\\"1\\\",\\\"customer_type\\\":\\\"retail\\\",\\\"created_by\\\":1,\\\"company_id\\\":3,\\\"remember_token\\\":null,\\\"created_at\\\":\\\"2025-07-09T20:47:12.000000Z\\\",\\\"updated_at\\\":\\\"2025-07-11T18:30:54.000000Z\\\"}\"', '\"[]\"', 'قام المستخدم System Owner بتعديل المستخدم ابو حبيبة', NULL, NULL, 1, 1, 9, 'Mozilla/5.0 (Linux; U; Android 13; ar-SA; SM-A226B Build/TP1A.220624.014) AppleWebKit/537.36 (KHTML, like Gecko) Version/4.0 Chrome/123.0.6312.80 UCBrowser/14.7.5.1366 Mobile Safari/537.36', '154.189.176.173', '/api/user/6', NULL, '2025-07-16 18:27:24', '2025-07-16 18:27:24'),
(197, 'تعديل', 'App\\Models\\Company', '3', '\"{\\\"id\\\":3,\\\"name\\\":\\\"\\\\u062a\\\\u064a\\\\u0633\\\\u062a \\\\u0634\\\\u0631\\\\u0643\\\\u0629\\\",\\\"description\\\":null,\\\"field\\\":\\\"\\\\u062a\\\\u064a\\\\u0633\\\\u062a\\\",\\\"owner_name\\\":null,\\\"address\\\":null,\\\"phone\\\":\\\"123456789\\\",\\\"email\\\":\\\"atsh.ephone@gmail.com\\\",\\\"created_by\\\":1,\\\"company_id\\\":\\\"1\\\",\\\"created_at\\\":\\\"2025-07-09T20:50:13.000000Z\\\",\\\"updated_at\\\":\\\"2025-07-09T20:50:13.000000Z\\\"}\"', '\"[]\"', 'قام المستخدم ابو حبيبة بتعديل الشركة تيست شركة', NULL, NULL, 6, 6, 3, 'Mozilla/5.0 (Linux; Android 10; K) AppleWebKit/537.36 (KHTML, like Gecko) Chrome/138.0.0.0 Mobile Safari/537.36', '154.189.176.173', '/api/company/3', NULL, '2025-07-16 19:23:21', '2025-07-16 19:23:21'),
(198, 'انشاء', 'App\\Models\\User', '65', NULL, '\"{\\\"phone\\\":\\\"64976867666\\\",\\\"password\\\":\\\"$2y$12$MTn3EPzJAxqIfTSTYILmL.n\\\\\\/qwlfxpWtC\\\\\\/9RMYYDA89MKtZgMxh\\\\\\/e\\\",\\\"email\\\":null,\\\"full_name\\\":\\\"\\\\u0639\\\\u0645\\\\u064a\\\\u0644\\\",\\\"nickname\\\":\\\"\\\\u0639\\\\u0645\\\\u064a\\\\u0644\\\",\\\"username\\\":null,\\\"company_id\\\":3,\\\"customer_type\\\":\\\"retail\\\",\\\"created_by\\\":6,\\\"updated_at\\\":\\\"2025-07-16 19:31:11\\\",\\\"created_at\\\":\\\"2025-07-16 19:31:11\\\",\\\"id\\\":65}\"', ' قام المستخدم ابو حبيبةبانشاء المستخدم عميل', NULL, NULL, 6, 6, 3, 'Mozilla/5.0 (Linux; Android 10; K) AppleWebKit/537.36 (KHTML, like Gecko) Chrome/138.0.0.0 Mobile Safari/537.36', '154.181.127.80', '/api/user', NULL, '2025-07-16 19:31:11', '2025-07-16 19:31:11'),
(199, 'انشاء', 'App\\Models\\User', '66', NULL, '\"{\\\"phone\\\":\\\"04646464444\\\",\\\"password\\\":\\\"$2y$12$tk6IPlfHIFt.Yw71LP\\\\\\/uKO.gmUaMoMMgRc..WwzOhZGdbz87RLFB2\\\",\\\"email\\\":null,\\\"full_name\\\":\\\"\\\\u0645\\\\u0648\\\\u0631\\\\u062f\\\",\\\"nickname\\\":\\\"\\\\u0645\\\\u0648\\\\u0631\\\\u062f\\\",\\\"username\\\":null,\\\"company_id\\\":3,\\\"customer_type\\\":\\\"wholesale\\\",\\\"created_by\\\":6,\\\"updated_at\\\":\\\"2025-07-16 19:32:31\\\",\\\"created_at\\\":\\\"2025-07-16 19:32:31\\\",\\\"id\\\":66}\"', ' قام المستخدم ابو حبيبةبانشاء المستخدم مورد', NULL, NULL, 6, 6, 3, 'Mozilla/5.0 (Linux; Android 10; K) AppleWebKit/537.36 (KHTML, like Gecko) Chrome/138.0.0.0 Mobile Safari/537.36', '154.181.127.80', '/api/user', NULL, '2025-07-16 19:32:31', '2025-07-16 19:32:31'),
(200, 'انشاء', 'App\\Models\\Invoice', '13', NULL, '\"{\\\"invoice_type_id\\\":2,\\\"invoice_type_code\\\":\\\"sale\\\",\\\"due_date\\\":null,\\\"status\\\":\\\"confirmed\\\",\\\"user_id\\\":65,\\\"gross_amount\\\":1000,\\\"total_discount\\\":0,\\\"net_amount\\\":1000,\\\"paid_amount\\\":100,\\\"remaining_amount\\\":900,\\\"round_step\\\":null,\\\"company_id\\\":3,\\\"created_by\\\":6,\\\"invoice_number\\\":\\\"SALE-250716-3-000001\\\",\\\"updated_at\\\":\\\"2025-07-16 20:19:00\\\",\\\"created_at\\\":\\\"2025-07-16 20:19:00\\\",\\\"id\\\":13}\"', ' قام المستخدم ابو حبيبةإنشاء فاتورة بيع رقم SALE-250716-3-000001', NULL, NULL, 6, 6, 3, 'Mozilla/5.0 (Linux; Android 10; K) AppleWebKit/537.36 (KHTML, like Gecko) Chrome/138.0.0.0 Mobile Safari/537.36', '154.181.127.80', '/api/invoice', NULL, '2025-07-16 20:19:00', '2025-07-16 20:19:00'),
(201, 'تعديل', 'App\\Models\\Invoice', '13', '\"{\\\"id\\\":13,\\\"invoice_number\\\":\\\"SALE-250716-3-000001\\\",\\\"due_date\\\":null,\\\"gross_amount\\\":1000,\\\"total_discount\\\":\\\"0.00\\\",\\\"net_amount\\\":1000,\\\"paid_amount\\\":500,\\\"remaining_amount\\\":500,\\\"status\\\":\\\"confirmed\\\",\\\"notes\\\":null,\\\"company_id\\\":3,\\\"created_by\\\":6,\\\"user_id\\\":65,\\\"invoice_type_id\\\":2,\\\"cash_box_id\\\":null,\\\"invoice_type_code\\\":\\\"sale\\\",\\\"round_step\\\":null,\\\"created_at\\\":\\\"2025-07-16T20:19:00.000000Z\\\",\\\"updated_at\\\":\\\"2025-07-16T20:38:38.000000Z\\\",\\\"updated_by\\\":6,\\\"deleted_at\\\":null}\"', '\"{\\\"gross_amount\\\":1000,\\\"net_amount\\\":1000,\\\"paid_amount\\\":500,\\\"remaining_amount\\\":500,\\\"updated_at\\\":\\\"2025-07-16 20:38:38\\\",\\\"updated_by\\\":6}\"', 'قام المستخدم ابو حبيبة بتعديل تحديث فاتورة بيع رقم SALE-250716-3-000001', NULL, NULL, 6, 6, 3, 'Mozilla/5.0 (Linux; Android 10; K) AppleWebKit/537.36 (KHTML, like Gecko) Chrome/138.0.0.0 Mobile Safari/537.36', '154.181.127.80', '/api/invoice/13', NULL, '2025-07-16 20:38:38', '2025-07-16 20:38:38');
INSERT INTO `activity_logs` (`id`, `action`, `model`, `row_id`, `data_old`, `data_new`, `description`, `old_values`, `new_values`, `user_id`, `created_by`, `company_id`, `user_agent`, `ip_address`, `url`, `metadata`, `created_at`, `updated_at`) VALUES
(202, 'انشاء', 'App\\Models\\Invoice', '14', NULL, '\"{\\\"invoice_type_id\\\":2,\\\"invoice_type_code\\\":\\\"sale\\\",\\\"due_date\\\":null,\\\"status\\\":\\\"confirmed\\\",\\\"user_id\\\":65,\\\"gross_amount\\\":2000,\\\"total_discount\\\":0,\\\"net_amount\\\":2000,\\\"paid_amount\\\":700,\\\"remaining_amount\\\":1300,\\\"round_step\\\":null,\\\"company_id\\\":3,\\\"created_by\\\":6,\\\"invoice_number\\\":\\\"SALE-250716-3-000002\\\",\\\"updated_at\\\":\\\"2025-07-16 22:19:58\\\",\\\"created_at\\\":\\\"2025-07-16 22:19:58\\\",\\\"id\\\":14}\"', ' قام المستخدم ابو حبيبةإنشاء فاتورة بيع رقم SALE-250716-3-000002', NULL, NULL, 6, 6, 3, 'Mozilla/5.0 (Linux; Android 10; K) AppleWebKit/537.36 (KHTML, like Gecko) Chrome/138.0.0.0 Mobile Safari/537.36', '154.181.127.80', '/api/invoice', NULL, '2025-07-16 22:19:58', '2025-07-16 22:19:58'),
(203, 'تعديل', 'App\\Models\\Invoice', '14', '\"{\\\"id\\\":14,\\\"invoice_number\\\":\\\"SALE-250716-3-000002\\\",\\\"due_date\\\":null,\\\"gross_amount\\\":2000,\\\"total_discount\\\":\\\"0.00\\\",\\\"net_amount\\\":2000,\\\"paid_amount\\\":500,\\\"remaining_amount\\\":1500,\\\"status\\\":\\\"confirmed\\\",\\\"notes\\\":null,\\\"company_id\\\":3,\\\"created_by\\\":6,\\\"user_id\\\":65,\\\"invoice_type_id\\\":2,\\\"cash_box_id\\\":null,\\\"invoice_type_code\\\":\\\"sale\\\",\\\"round_step\\\":null,\\\"created_at\\\":\\\"2025-07-16T22:19:58.000000Z\\\",\\\"updated_at\\\":\\\"2025-07-16T22:50:42.000000Z\\\",\\\"updated_by\\\":6,\\\"deleted_at\\\":null}\"', '\"{\\\"gross_amount\\\":2000,\\\"net_amount\\\":2000,\\\"paid_amount\\\":500,\\\"remaining_amount\\\":1500,\\\"updated_at\\\":\\\"2025-07-16 22:50:42\\\",\\\"updated_by\\\":6}\"', 'قام المستخدم ابو حبيبة بتعديل تحديث فاتورة بيع رقم SALE-250716-3-000002', NULL, NULL, 6, 6, 3, 'Mozilla/5.0 (Windows NT 10.0; Win64; x64) AppleWebKit/537.36 (KHTML, like Gecko) Chrome/138.0.0.0 Safari/537.36 Edg/138.0.0.0', '154.181.127.80', '/api/invoice/14', NULL, '2025-07-16 22:50:42', '2025-07-16 22:50:42'),
(204, 'تعديل', 'App\\Models\\Invoice', '14', '\"{\\\"id\\\":14,\\\"invoice_number\\\":\\\"SALE-250716-3-000002\\\",\\\"due_date\\\":null,\\\"gross_amount\\\":2000,\\\"total_discount\\\":\\\"0.00\\\",\\\"net_amount\\\":2000,\\\"paid_amount\\\":\\\"500.00\\\",\\\"remaining_amount\\\":1500,\\\"status\\\":\\\"confirmed\\\",\\\"notes\\\":null,\\\"company_id\\\":3,\\\"created_by\\\":6,\\\"user_id\\\":65,\\\"invoice_type_id\\\":2,\\\"cash_box_id\\\":null,\\\"invoice_type_code\\\":\\\"sale\\\",\\\"round_step\\\":null,\\\"created_at\\\":\\\"2025-07-16T22:19:58.000000Z\\\",\\\"updated_at\\\":\\\"2025-07-16T22:57:01.000000Z\\\",\\\"updated_by\\\":6,\\\"deleted_at\\\":null}\"', '\"{\\\"gross_amount\\\":2000,\\\"net_amount\\\":2000,\\\"remaining_amount\\\":1500,\\\"updated_at\\\":\\\"2025-07-16 22:57:01\\\"}\"', 'قام المستخدم ابو حبيبة بتعديل تحديث فاتورة بيع رقم SALE-250716-3-000002', NULL, NULL, 6, 6, 3, 'Mozilla/5.0 (Windows NT 10.0; Win64; x64) AppleWebKit/537.36 (KHTML, like Gecko) Chrome/138.0.0.0 Safari/537.36 Edg/138.0.0.0', '154.181.127.80', '/api/invoice/14', NULL, '2025-07-16 22:57:01', '2025-07-16 22:57:01'),
(205, 'تعديل', 'App\\Models\\Invoice', '14', '\"{\\\"id\\\":14,\\\"invoice_number\\\":\\\"SALE-250716-3-000002\\\",\\\"due_date\\\":null,\\\"gross_amount\\\":2000,\\\"total_discount\\\":\\\"0.00\\\",\\\"net_amount\\\":2000,\\\"paid_amount\\\":700,\\\"remaining_amount\\\":1300,\\\"status\\\":\\\"confirmed\\\",\\\"notes\\\":null,\\\"company_id\\\":3,\\\"created_by\\\":6,\\\"user_id\\\":65,\\\"invoice_type_id\\\":2,\\\"cash_box_id\\\":null,\\\"invoice_type_code\\\":\\\"sale\\\",\\\"round_step\\\":null,\\\"created_at\\\":\\\"2025-07-16T22:19:58.000000Z\\\",\\\"updated_at\\\":\\\"2025-07-16T22:57:51.000000Z\\\",\\\"updated_by\\\":6,\\\"deleted_at\\\":null}\"', '\"{\\\"gross_amount\\\":2000,\\\"net_amount\\\":2000,\\\"paid_amount\\\":700,\\\"remaining_amount\\\":1300,\\\"updated_at\\\":\\\"2025-07-16 22:57:51\\\"}\"', 'قام المستخدم ابو حبيبة بتعديل تحديث فاتورة بيع رقم SALE-250716-3-000002', NULL, NULL, 6, 6, 3, 'Mozilla/5.0 (Windows NT 10.0; Win64; x64) AppleWebKit/537.36 (KHTML, like Gecko) Chrome/138.0.0.0 Safari/537.36 Edg/138.0.0.0', '154.181.127.80', '/api/invoice/14', NULL, '2025-07-16 22:57:51', '2025-07-16 22:57:51'),
(206, 'تعديل', 'App\\Models\\Invoice', '14', '\"{\\\"id\\\":14,\\\"invoice_number\\\":\\\"SALE-250716-3-000002\\\",\\\"due_date\\\":null,\\\"gross_amount\\\":2000,\\\"total_discount\\\":\\\"0.00\\\",\\\"net_amount\\\":2000,\\\"paid_amount\\\":1000,\\\"remaining_amount\\\":1000,\\\"status\\\":\\\"confirmed\\\",\\\"notes\\\":null,\\\"company_id\\\":3,\\\"created_by\\\":6,\\\"user_id\\\":65,\\\"invoice_type_id\\\":2,\\\"cash_box_id\\\":null,\\\"invoice_type_code\\\":\\\"sale\\\",\\\"round_step\\\":null,\\\"created_at\\\":\\\"2025-07-16T22:19:58.000000Z\\\",\\\"updated_at\\\":\\\"2025-07-16T23:00:10.000000Z\\\",\\\"updated_by\\\":6,\\\"deleted_at\\\":null}\"', '\"{\\\"gross_amount\\\":2000,\\\"net_amount\\\":2000,\\\"paid_amount\\\":1000,\\\"remaining_amount\\\":1000,\\\"updated_at\\\":\\\"2025-07-16 23:00:10\\\"}\"', 'قام المستخدم ابو حبيبة بتعديل تحديث فاتورة بيع رقم SALE-250716-3-000002', NULL, NULL, 6, 6, 3, 'Mozilla/5.0 (Windows NT 10.0; Win64; x64) AppleWebKit/537.36 (KHTML, like Gecko) Chrome/138.0.0.0 Safari/537.36 Edg/138.0.0.0', '154.181.127.80', '/api/invoice/14', NULL, '2025-07-16 23:00:10', '2025-07-16 23:00:10'),
(207, 'تعديل', 'App\\Models\\Invoice', '14', '\"{\\\"id\\\":14,\\\"invoice_number\\\":\\\"SALE-250716-3-000002\\\",\\\"due_date\\\":null,\\\"gross_amount\\\":2000,\\\"total_discount\\\":\\\"0.00\\\",\\\"net_amount\\\":2000,\\\"paid_amount\\\":700,\\\"remaining_amount\\\":1300,\\\"status\\\":\\\"confirmed\\\",\\\"notes\\\":null,\\\"company_id\\\":3,\\\"created_by\\\":6,\\\"user_id\\\":65,\\\"invoice_type_id\\\":2,\\\"cash_box_id\\\":null,\\\"invoice_type_code\\\":\\\"sale\\\",\\\"round_step\\\":null,\\\"created_at\\\":\\\"2025-07-16T22:19:58.000000Z\\\",\\\"updated_at\\\":\\\"2025-07-16T23:26:05.000000Z\\\",\\\"updated_by\\\":6,\\\"deleted_at\\\":null}\"', '\"{\\\"gross_amount\\\":2000,\\\"net_amount\\\":2000,\\\"paid_amount\\\":700,\\\"remaining_amount\\\":1300,\\\"updated_at\\\":\\\"2025-07-16 23:26:05\\\"}\"', 'قام المستخدم ابو حبيبة بتعديل تحديث فاتورة بيع رقم SALE-250716-3-000002', NULL, NULL, 6, 6, 3, 'Mozilla/5.0 (Windows NT 10.0; Win64; x64) AppleWebKit/537.36 (KHTML, like Gecko) Chrome/138.0.0.0 Safari/537.36 Edg/138.0.0.0', '154.181.127.80', '/api/invoice/14', NULL, '2025-07-16 23:26:05', '2025-07-16 23:26:05'),
(208, 'تعديل', 'App\\Models\\Invoice', '14', '\"{\\\"id\\\":14,\\\"invoice_number\\\":\\\"SALE-250716-3-000002\\\",\\\"due_date\\\":null,\\\"gross_amount\\\":2000,\\\"total_discount\\\":\\\"0.00\\\",\\\"net_amount\\\":2000,\\\"paid_amount\\\":1000,\\\"remaining_amount\\\":1000,\\\"status\\\":\\\"confirmed\\\",\\\"notes\\\":null,\\\"company_id\\\":3,\\\"created_by\\\":6,\\\"user_id\\\":65,\\\"invoice_type_id\\\":2,\\\"cash_box_id\\\":null,\\\"invoice_type_code\\\":\\\"sale\\\",\\\"round_step\\\":null,\\\"created_at\\\":\\\"2025-07-16T22:19:58.000000Z\\\",\\\"updated_at\\\":\\\"2025-07-16T23:27:33.000000Z\\\",\\\"updated_by\\\":6,\\\"deleted_at\\\":null}\"', '\"{\\\"gross_amount\\\":2000,\\\"net_amount\\\":2000,\\\"paid_amount\\\":1000,\\\"remaining_amount\\\":1000,\\\"updated_at\\\":\\\"2025-07-16 23:27:33\\\"}\"', 'قام المستخدم ابو حبيبة بتعديل تحديث فاتورة بيع رقم SALE-250716-3-000002', NULL, NULL, 6, 6, 3, 'Mozilla/5.0 (Windows NT 10.0; Win64; x64) AppleWebKit/537.36 (KHTML, like Gecko) Chrome/138.0.0.0 Safari/537.36 Edg/138.0.0.0', '154.181.127.80', '/api/invoice/14', NULL, '2025-07-16 23:27:34', '2025-07-16 23:27:34'),
(209, 'انشاء', 'App\\Models\\Invoice', '15', NULL, '\"{\\\"invoice_type_id\\\":2,\\\"invoice_type_code\\\":\\\"sale\\\",\\\"due_date\\\":null,\\\"status\\\":\\\"confirmed\\\",\\\"user_id\\\":65,\\\"gross_amount\\\":1000,\\\"total_discount\\\":0,\\\"net_amount\\\":1000,\\\"paid_amount\\\":700,\\\"remaining_amount\\\":300,\\\"round_step\\\":null,\\\"company_id\\\":3,\\\"created_by\\\":6,\\\"invoice_number\\\":\\\"SALE-250717-3-000003\\\",\\\"updated_at\\\":\\\"2025-07-17 00:27:03\\\",\\\"created_at\\\":\\\"2025-07-17 00:27:03\\\",\\\"id\\\":15}\"', ' قام المستخدم ابو حبيبةإنشاء فاتورة بيع رقم SALE-250717-3-000003', NULL, NULL, 6, 6, 3, 'Mozilla/5.0 (Windows NT 10.0; Win64; x64) AppleWebKit/537.36 (KHTML, like Gecko) Chrome/138.0.0.0 Safari/537.36 Edg/138.0.0.0', '154.181.127.80', '/api/invoice', NULL, '2025-07-17 00:27:03', '2025-07-17 00:27:03'),
(210, 'تعديل', 'App\\Models\\Invoice', '15', '\"{\\\"id\\\":15,\\\"invoice_number\\\":\\\"SALE-250717-3-000003\\\",\\\"due_date\\\":null,\\\"gross_amount\\\":1000,\\\"total_discount\\\":\\\"0.00\\\",\\\"net_amount\\\":1000,\\\"paid_amount\\\":900,\\\"remaining_amount\\\":100,\\\"status\\\":\\\"confirmed\\\",\\\"notes\\\":null,\\\"company_id\\\":3,\\\"created_by\\\":6,\\\"user_id\\\":65,\\\"invoice_type_id\\\":2,\\\"cash_box_id\\\":null,\\\"invoice_type_code\\\":\\\"sale\\\",\\\"round_step\\\":null,\\\"created_at\\\":\\\"2025-07-17T00:27:03.000000Z\\\",\\\"updated_at\\\":\\\"2025-07-17T00:29:44.000000Z\\\",\\\"updated_by\\\":6,\\\"deleted_at\\\":null}\"', '\"{\\\"gross_amount\\\":1000,\\\"net_amount\\\":1000,\\\"paid_amount\\\":900,\\\"remaining_amount\\\":100,\\\"updated_at\\\":\\\"2025-07-17 00:29:44\\\",\\\"updated_by\\\":6}\"', 'قام المستخدم ابو حبيبة بتعديل تحديث فاتورة بيع رقم SALE-250717-3-000003', NULL, NULL, 6, 6, 3, 'Mozilla/5.0 (Windows NT 10.0; Win64; x64) AppleWebKit/537.36 (KHTML, like Gecko) Chrome/138.0.0.0 Safari/537.36 Edg/138.0.0.0', '154.181.127.80', '/api/invoice/15', NULL, '2025-07-17 00:29:44', '2025-07-17 00:29:44'),
(211, 'تعديل', 'App\\Models\\Invoice', '15', '\"{\\\"id\\\":15,\\\"invoice_number\\\":\\\"SALE-250717-3-000003\\\",\\\"due_date\\\":null,\\\"gross_amount\\\":1000,\\\"total_discount\\\":\\\"0.00\\\",\\\"net_amount\\\":1000,\\\"paid_amount\\\":200,\\\"remaining_amount\\\":800,\\\"status\\\":\\\"confirmed\\\",\\\"notes\\\":null,\\\"company_id\\\":3,\\\"created_by\\\":6,\\\"user_id\\\":65,\\\"invoice_type_id\\\":2,\\\"cash_box_id\\\":null,\\\"invoice_type_code\\\":\\\"sale\\\",\\\"round_step\\\":null,\\\"created_at\\\":\\\"2025-07-17T00:27:03.000000Z\\\",\\\"updated_at\\\":\\\"2025-07-17T00:30:31.000000Z\\\",\\\"updated_by\\\":6,\\\"deleted_at\\\":null}\"', '\"{\\\"gross_amount\\\":1000,\\\"net_amount\\\":1000,\\\"paid_amount\\\":200,\\\"remaining_amount\\\":800,\\\"updated_at\\\":\\\"2025-07-17 00:30:31\\\"}\"', 'قام المستخدم ابو حبيبة بتعديل تحديث فاتورة بيع رقم SALE-250717-3-000003', NULL, NULL, 6, 6, 3, 'Mozilla/5.0 (Windows NT 10.0; Win64; x64) AppleWebKit/537.36 (KHTML, like Gecko) Chrome/138.0.0.0 Safari/537.36 Edg/138.0.0.0', '154.181.127.80', '/api/invoice/15', NULL, '2025-07-17 00:30:31', '2025-07-17 00:30:31'),
(212, 'تعديل', 'App\\Models\\Invoice', '15', '\"{\\\"id\\\":15,\\\"invoice_number\\\":\\\"SALE-250717-3-000003\\\",\\\"due_date\\\":null,\\\"gross_amount\\\":1000,\\\"total_discount\\\":\\\"0.00\\\",\\\"net_amount\\\":1000,\\\"paid_amount\\\":1000,\\\"remaining_amount\\\":0,\\\"status\\\":\\\"confirmed\\\",\\\"notes\\\":null,\\\"company_id\\\":3,\\\"created_by\\\":6,\\\"user_id\\\":65,\\\"invoice_type_id\\\":2,\\\"cash_box_id\\\":null,\\\"invoice_type_code\\\":\\\"sale\\\",\\\"round_step\\\":null,\\\"created_at\\\":\\\"2025-07-17T00:27:03.000000Z\\\",\\\"updated_at\\\":\\\"2025-07-17T00:31:07.000000Z\\\",\\\"updated_by\\\":6,\\\"deleted_at\\\":null}\"', '\"{\\\"gross_amount\\\":1000,\\\"net_amount\\\":1000,\\\"paid_amount\\\":1000,\\\"remaining_amount\\\":0,\\\"updated_at\\\":\\\"2025-07-17 00:31:07\\\"}\"', 'قام المستخدم ابو حبيبة بتعديل تحديث فاتورة بيع رقم SALE-250717-3-000003', NULL, NULL, 6, 6, 3, 'Mozilla/5.0 (Windows NT 10.0; Win64; x64) AppleWebKit/537.36 (KHTML, like Gecko) Chrome/138.0.0.0 Safari/537.36 Edg/138.0.0.0', '154.181.127.80', '/api/invoice/15', NULL, '2025-07-17 00:31:07', '2025-07-17 00:31:07'),
(213, 'انشاء', 'App\\Models\\Invoice', '16', NULL, '\"{\\\"invoice_type_id\\\":3,\\\"invoice_type_code\\\":\\\"purchase\\\",\\\"due_date\\\":null,\\\"status\\\":\\\"confirmed\\\",\\\"user_id\\\":66,\\\"gross_amount\\\":1000,\\\"total_discount\\\":0,\\\"net_amount\\\":1000,\\\"paid_amount\\\":1000,\\\"remaining_amount\\\":0,\\\"round_step\\\":null,\\\"company_id\\\":3,\\\"created_by\\\":6,\\\"invoice_number\\\":\\\"PURC-250717-3-000001\\\",\\\"updated_at\\\":\\\"2025-07-17 00:35:41\\\",\\\"created_at\\\":\\\"2025-07-17 00:35:41\\\",\\\"id\\\":16}\"', ' قام المستخدم ابو حبيبةإنشاء فاتورة شراء رقم PURC-250717-3-000001', NULL, NULL, 6, 6, 3, 'Mozilla/5.0 (Windows NT 10.0; Win64; x64) AppleWebKit/537.36 (KHTML, like Gecko) Chrome/138.0.0.0 Safari/537.36 Edg/138.0.0.0', '154.181.127.80', '/api/invoice', NULL, '2025-07-17 00:35:41', '2025-07-17 00:35:41'),
(214, 'انشاء', 'App\\Models\\Invoice', '17', NULL, '\"{\\\"invoice_type_id\\\":3,\\\"invoice_type_code\\\":\\\"purchase\\\",\\\"due_date\\\":null,\\\"status\\\":\\\"confirmed\\\",\\\"user_id\\\":66,\\\"gross_amount\\\":1000,\\\"total_discount\\\":0,\\\"net_amount\\\":1000,\\\"paid_amount\\\":0,\\\"remaining_amount\\\":1000,\\\"round_step\\\":null,\\\"company_id\\\":3,\\\"created_by\\\":6,\\\"invoice_number\\\":\\\"PURC-250717-3-000002\\\",\\\"updated_at\\\":\\\"2025-07-17 00:46:06\\\",\\\"created_at\\\":\\\"2025-07-17 00:46:06\\\",\\\"id\\\":17}\"', ' قام المستخدم ابو حبيبةإنشاء فاتورة شراء رقم PURC-250717-3-000002', NULL, NULL, 6, 6, 3, 'Mozilla/5.0 (Windows NT 10.0; Win64; x64) AppleWebKit/537.36 (KHTML, like Gecko) Chrome/138.0.0.0 Safari/537.36 Edg/138.0.0.0', '154.181.127.80', '/api/invoice', NULL, '2025-07-17 00:46:06', '2025-07-17 00:46:06'),
(215, 'تعديل', 'App\\Models\\Invoice', '17', '\"{\\\"id\\\":17,\\\"invoice_number\\\":\\\"PURC-250717-3-000002\\\",\\\"due_date\\\":null,\\\"gross_amount\\\":1000,\\\"total_discount\\\":\\\"0.00\\\",\\\"net_amount\\\":1000,\\\"paid_amount\\\":500,\\\"remaining_amount\\\":500,\\\"status\\\":\\\"confirmed\\\",\\\"notes\\\":null,\\\"company_id\\\":3,\\\"created_by\\\":6,\\\"user_id\\\":66,\\\"invoice_type_id\\\":3,\\\"cash_box_id\\\":null,\\\"invoice_type_code\\\":\\\"purchase\\\",\\\"round_step\\\":null,\\\"created_at\\\":\\\"2025-07-17T00:46:06.000000Z\\\",\\\"updated_at\\\":\\\"2025-07-17T00:47:32.000000Z\\\",\\\"updated_by\\\":6,\\\"deleted_at\\\":null}\"', '\"{\\\"gross_amount\\\":1000,\\\"net_amount\\\":1000,\\\"paid_amount\\\":500,\\\"remaining_amount\\\":500,\\\"updated_at\\\":\\\"2025-07-17 00:47:32\\\",\\\"updated_by\\\":6}\"', 'قام المستخدم ابو حبيبة بتعديل تحديث فاتورة شراء رقم PURC-250717-3-000002', NULL, NULL, 6, 6, 3, 'Mozilla/5.0 (Windows NT 10.0; Win64; x64) AppleWebKit/537.36 (KHTML, like Gecko) Chrome/138.0.0.0 Safari/537.36 Edg/138.0.0.0', '154.181.127.80', '/api/invoice/17', NULL, '2025-07-17 00:47:32', '2025-07-17 00:47:32'),
(216, 'انشاء', 'App\\Models\\Invoice', '18', NULL, '\"{\\\"invoice_type_id\\\":2,\\\"invoice_type_code\\\":\\\"sale\\\",\\\"due_date\\\":null,\\\"status\\\":\\\"confirmed\\\",\\\"user_id\\\":65,\\\"gross_amount\\\":1000,\\\"total_discount\\\":0,\\\"net_amount\\\":1000,\\\"paid_amount\\\":1000,\\\"remaining_amount\\\":0,\\\"round_step\\\":null,\\\"company_id\\\":3,\\\"created_by\\\":6,\\\"invoice_number\\\":\\\"SALE-250717-3-000004\\\",\\\"updated_at\\\":\\\"2025-07-17 00:48:54\\\",\\\"created_at\\\":\\\"2025-07-17 00:48:54\\\",\\\"id\\\":18}\"', ' قام المستخدم ابو حبيبةإنشاء فاتورة بيع رقم SALE-250717-3-000004', NULL, NULL, 6, 6, 3, 'Mozilla/5.0 (Windows NT 10.0; Win64; x64) AppleWebKit/537.36 (KHTML, like Gecko) Chrome/138.0.0.0 Safari/537.36 Edg/138.0.0.0', '154.181.127.80', '/api/invoice', NULL, '2025-07-17 00:48:54', '2025-07-17 00:48:54'),
(217, 'تعديل', 'App\\Models\\Invoice', '17', '\"{\\\"id\\\":17,\\\"invoice_number\\\":\\\"PURC-250717-3-000002\\\",\\\"due_date\\\":null,\\\"gross_amount\\\":1000,\\\"total_discount\\\":\\\"0.00\\\",\\\"net_amount\\\":1000,\\\"paid_amount\\\":\\\"500.00\\\",\\\"remaining_amount\\\":500,\\\"status\\\":\\\"confirmed\\\",\\\"notes\\\":null,\\\"company_id\\\":3,\\\"created_by\\\":6,\\\"user_id\\\":66,\\\"invoice_type_id\\\":3,\\\"cash_box_id\\\":null,\\\"invoice_type_code\\\":\\\"purchase\\\",\\\"round_step\\\":null,\\\"created_at\\\":\\\"2025-07-17T00:46:06.000000Z\\\",\\\"updated_at\\\":\\\"2025-07-17T00:49:20.000000Z\\\",\\\"updated_by\\\":6,\\\"deleted_at\\\":null}\"', '\"{\\\"gross_amount\\\":1000,\\\"net_amount\\\":1000,\\\"remaining_amount\\\":500,\\\"updated_at\\\":\\\"2025-07-17 00:49:20\\\"}\"', 'قام المستخدم ابو حبيبة بتعديل تحديث فاتورة شراء رقم PURC-250717-3-000002', NULL, NULL, 6, 6, 3, 'Mozilla/5.0 (Windows NT 10.0; Win64; x64) AppleWebKit/537.36 (KHTML, like Gecko) Chrome/138.0.0.0 Safari/537.36 Edg/138.0.0.0', '154.181.127.80', '/api/invoice/17', NULL, '2025-07-17 00:49:20', '2025-07-17 00:49:20'),
(218, 'تعديل', 'App\\Models\\Invoice', '17', '\"{\\\"id\\\":17,\\\"invoice_number\\\":\\\"PURC-250717-3-000002\\\",\\\"due_date\\\":null,\\\"gross_amount\\\":1000,\\\"total_discount\\\":\\\"0.00\\\",\\\"net_amount\\\":1000,\\\"paid_amount\\\":1000,\\\"remaining_amount\\\":0,\\\"status\\\":\\\"confirmed\\\",\\\"notes\\\":null,\\\"company_id\\\":3,\\\"created_by\\\":6,\\\"user_id\\\":66,\\\"invoice_type_id\\\":3,\\\"cash_box_id\\\":null,\\\"invoice_type_code\\\":\\\"purchase\\\",\\\"round_step\\\":null,\\\"created_at\\\":\\\"2025-07-17T00:46:06.000000Z\\\",\\\"updated_at\\\":\\\"2025-07-17T00:50:20.000000Z\\\",\\\"updated_by\\\":6,\\\"deleted_at\\\":null}\"', '\"{\\\"gross_amount\\\":1000,\\\"net_amount\\\":1000,\\\"paid_amount\\\":1000,\\\"remaining_amount\\\":0,\\\"updated_at\\\":\\\"2025-07-17 00:50:20\\\"}\"', 'قام المستخدم ابو حبيبة بتعديل تحديث فاتورة شراء رقم PURC-250717-3-000002', NULL, NULL, 6, 6, 3, 'Mozilla/5.0 (Windows NT 10.0; Win64; x64) AppleWebKit/537.36 (KHTML, like Gecko) Chrome/138.0.0.0 Safari/537.36 Edg/138.0.0.0', '154.181.127.80', '/api/invoice/17', NULL, '2025-07-17 00:50:20', '2025-07-17 00:50:20'),
(219, 'انشاء', 'App\\Models\\Invoice', '19', NULL, '\"{\\\"invoice_type_id\\\":3,\\\"invoice_type_code\\\":\\\"purchase\\\",\\\"due_date\\\":null,\\\"status\\\":\\\"confirmed\\\",\\\"user_id\\\":66,\\\"gross_amount\\\":1000,\\\"total_discount\\\":0,\\\"net_amount\\\":1000,\\\"paid_amount\\\":1000,\\\"remaining_amount\\\":0,\\\"round_step\\\":null,\\\"company_id\\\":3,\\\"created_by\\\":6,\\\"invoice_number\\\":\\\"PURC-250717-3-000003\\\",\\\"updated_at\\\":\\\"2025-07-17 01:01:17\\\",\\\"created_at\\\":\\\"2025-07-17 01:01:17\\\",\\\"id\\\":19}\"', ' قام المستخدم ابو حبيبةإنشاء فاتورة شراء رقم PURC-250717-3-000003', NULL, NULL, 6, 6, 3, 'Mozilla/5.0 (Windows NT 10.0; Win64; x64) AppleWebKit/537.36 (KHTML, like Gecko) Chrome/138.0.0.0 Safari/537.36 Edg/138.0.0.0', '154.181.127.80', '/api/invoice', NULL, '2025-07-17 01:01:17', '2025-07-17 01:01:17'),
(220, 'انشاء', 'App\\Models\\Invoice', '20', NULL, '\"{\\\"invoice_type_id\\\":2,\\\"invoice_type_code\\\":\\\"sale\\\",\\\"due_date\\\":null,\\\"status\\\":\\\"confirmed\\\",\\\"user_id\\\":65,\\\"gross_amount\\\":1000,\\\"total_discount\\\":0,\\\"net_amount\\\":1000,\\\"paid_amount\\\":1000,\\\"remaining_amount\\\":0,\\\"round_step\\\":null,\\\"company_id\\\":3,\\\"created_by\\\":6,\\\"invoice_number\\\":\\\"SALE-250717-3-000005\\\",\\\"updated_at\\\":\\\"2025-07-17 01:03:07\\\",\\\"created_at\\\":\\\"2025-07-17 01:03:07\\\",\\\"id\\\":20}\"', ' قام المستخدم ابو حبيبةإنشاء فاتورة بيع رقم SALE-250717-3-000005', NULL, NULL, 6, 6, 3, 'Mozilla/5.0 (Windows NT 10.0; Win64; x64) AppleWebKit/537.36 (KHTML, like Gecko) Chrome/138.0.0.0 Safari/537.36 Edg/138.0.0.0', '154.181.127.80', '/api/invoice', NULL, '2025-07-17 01:03:07', '2025-07-17 01:03:07'),
(221, 'انشاء', 'App\\Models\\Invoice', '21', NULL, '\"{\\\"invoice_type_id\\\":1,\\\"invoice_type_code\\\":\\\"installment_sale\\\",\\\"due_date\\\":null,\\\"status\\\":\\\"confirmed\\\",\\\"user_id\\\":65,\\\"gross_amount\\\":1000,\\\"total_discount\\\":0,\\\"net_amount\\\":1000,\\\"paid_amount\\\":0,\\\"remaining_amount\\\":1000,\\\"round_step\\\":10,\\\"company_id\\\":3,\\\"created_by\\\":6,\\\"invoice_number\\\":\\\"INS_SAL-250717-3-000001\\\",\\\"updated_at\\\":\\\"2025-07-17 02:33:15\\\",\\\"created_at\\\":\\\"2025-07-17 02:33:15\\\",\\\"id\\\":21}\"', ' قام المستخدم ابو حبيبةإنشاء فاتورة بيع بالتقسيط رقم INS_SAL-250717-3-000001', NULL, NULL, 6, 6, 3, 'Mozilla/5.0 (Windows NT 10.0; Win64; x64) AppleWebKit/537.36 (KHTML, like Gecko) Chrome/138.0.0.0 Safari/537.36 Edg/138.0.0.0', '154.181.127.80', '/api/invoice', NULL, '2025-07-17 02:33:15', '2025-07-17 02:33:15'),
(222, 'إلغاء', 'App\\Models\\Invoice', '21', '\"{\\\"id\\\":21,\\\"invoice_number\\\":\\\"INS_SAL-250717-3-000001\\\",\\\"due_date\\\":null,\\\"gross_amount\\\":\\\"1000.00\\\",\\\"total_discount\\\":\\\"0.00\\\",\\\"net_amount\\\":\\\"1000.00\\\",\\\"paid_amount\\\":\\\"0.00\\\",\\\"remaining_amount\\\":\\\"1000.00\\\",\\\"status\\\":\\\"canceled\\\",\\\"notes\\\":null,\\\"company_id\\\":3,\\\"created_by\\\":6,\\\"user_id\\\":65,\\\"invoice_type_id\\\":1,\\\"cash_box_id\\\":null,\\\"invoice_type_code\\\":\\\"installment_sale\\\",\\\"round_step\\\":10,\\\"created_at\\\":\\\"2025-07-17T02:33:15.000000Z\\\",\\\"updated_at\\\":\\\"2025-07-17T02:34:17.000000Z\\\",\\\"updated_by\\\":6,\\\"deleted_at\\\":null}\"', '\"{\\\"status\\\":\\\"canceled\\\"}\"', 'قام المستخدم ابو حبيبة بإلغاء إلغاء فاتورة بيع بالتقسيط رقم INS_SAL-250717-3-000001', NULL, NULL, 6, 6, 3, 'Mozilla/5.0 (Windows NT 10.0; Win64; x64) AppleWebKit/537.36 (KHTML, like Gecko) Chrome/138.0.0.0 Safari/537.36 Edg/138.0.0.0', '154.181.127.80', '/api/invoice/21', NULL, '2025-07-17 02:34:17', '2025-07-17 02:34:17'),
(223, 'انشاء', 'App\\Models\\Invoice', '22', NULL, '\"{\\\"invoice_type_id\\\":1,\\\"invoice_type_code\\\":\\\"installment_sale\\\",\\\"due_date\\\":null,\\\"status\\\":\\\"confirmed\\\",\\\"user_id\\\":65,\\\"gross_amount\\\":1000,\\\"total_discount\\\":\\\"0.00\\\",\\\"net_amount\\\":1000,\\\"paid_amount\\\":\\\"0.00\\\",\\\"remaining_amount\\\":1000,\\\"round_step\\\":10,\\\"company_id\\\":3,\\\"created_by\\\":6,\\\"invoice_number\\\":\\\"INS_SAL-250717-3-000002\\\",\\\"updated_at\\\":\\\"2025-07-17 02:34:17\\\",\\\"created_at\\\":\\\"2025-07-17 02:34:17\\\",\\\"id\\\":22}\"', ' قام المستخدم ابو حبيبةإنشاء فاتورة بيع بالتقسيط رقم INS_SAL-250717-3-000002', NULL, NULL, 6, 6, 3, 'Mozilla/5.0 (Windows NT 10.0; Win64; x64) AppleWebKit/537.36 (KHTML, like Gecko) Chrome/138.0.0.0 Safari/537.36 Edg/138.0.0.0', '154.181.127.80', '/api/invoice/21', NULL, '2025-07-17 02:34:17', '2025-07-17 02:34:17'),
(224, 'تعديل', 'App\\Models\\Invoice', '22', '\"{\\\"invoice_type_id\\\":1,\\\"invoice_type_code\\\":\\\"installment_sale\\\",\\\"due_date\\\":null,\\\"status\\\":\\\"confirmed\\\",\\\"user_id\\\":65,\\\"gross_amount\\\":1000,\\\"total_discount\\\":\\\"0.00\\\",\\\"net_amount\\\":1000,\\\"paid_amount\\\":\\\"0.00\\\",\\\"remaining_amount\\\":1000,\\\"round_step\\\":10,\\\"company_id\\\":3,\\\"created_by\\\":6,\\\"invoice_number\\\":\\\"INS_SAL-250717-3-000002\\\",\\\"updated_at\\\":\\\"2025-07-17T02:34:17.000000Z\\\",\\\"created_at\\\":\\\"2025-07-17T02:34:17.000000Z\\\",\\\"id\\\":22}\"', '\"[]\"', 'قام المستخدم ابو حبيبة بتعديل تحديث فاتورة بيع بالتقسيط رقم INS_SAL-250717-3-000002 (تم استبدال الفاتورة القديمة INS_SAL-250717-3-000001)', NULL, NULL, 6, 6, 3, 'Mozilla/5.0 (Windows NT 10.0; Win64; x64) AppleWebKit/537.36 (KHTML, like Gecko) Chrome/138.0.0.0 Safari/537.36 Edg/138.0.0.0', '154.181.127.80', '/api/invoice/21', NULL, '2025-07-17 02:34:17', '2025-07-17 02:34:17'),
(225, 'إلغاء', 'App\\Models\\Invoice', '22', '\"{\\\"id\\\":22,\\\"invoice_number\\\":\\\"INS_SAL-250717-3-000002\\\",\\\"due_date\\\":null,\\\"gross_amount\\\":\\\"1000.00\\\",\\\"total_discount\\\":\\\"0.00\\\",\\\"net_amount\\\":\\\"1000.00\\\",\\\"paid_amount\\\":\\\"0.00\\\",\\\"remaining_amount\\\":\\\"1000.00\\\",\\\"status\\\":\\\"canceled\\\",\\\"notes\\\":null,\\\"company_id\\\":3,\\\"created_by\\\":6,\\\"user_id\\\":65,\\\"invoice_type_id\\\":1,\\\"cash_box_id\\\":null,\\\"invoice_type_code\\\":\\\"installment_sale\\\",\\\"round_step\\\":10,\\\"created_at\\\":\\\"2025-07-17T02:34:17.000000Z\\\",\\\"updated_at\\\":\\\"2025-07-17T02:39:25.000000Z\\\",\\\"updated_by\\\":6,\\\"deleted_at\\\":null}\"', '\"{\\\"status\\\":\\\"canceled\\\"}\"', 'قام المستخدم ابو حبيبة بإلغاء إلغاء فاتورة بيع بالتقسيط رقم INS_SAL-250717-3-000002', NULL, NULL, 6, 6, 3, 'Mozilla/5.0 (Windows NT 10.0; Win64; x64) AppleWebKit/537.36 (KHTML, like Gecko) Chrome/138.0.0.0 Safari/537.36 Edg/138.0.0.0', '154.181.127.80', '/api/invoice/22', NULL, '2025-07-17 02:39:25', '2025-07-17 02:39:25'),
(226, 'انشاء', 'App\\Models\\Invoice', '23', NULL, '\"{\\\"invoice_type_id\\\":1,\\\"invoice_type_code\\\":\\\"installment_sale\\\",\\\"due_date\\\":null,\\\"status\\\":\\\"confirmed\\\",\\\"user_id\\\":65,\\\"gross_amount\\\":1000,\\\"total_discount\\\":\\\"0.00\\\",\\\"net_amount\\\":1000,\\\"paid_amount\\\":\\\"0.00\\\",\\\"remaining_amount\\\":1000,\\\"round_step\\\":10,\\\"company_id\\\":3,\\\"created_by\\\":6,\\\"invoice_number\\\":\\\"INS_SAL-250717-3-000003\\\",\\\"updated_at\\\":\\\"2025-07-17 02:39:25\\\",\\\"created_at\\\":\\\"2025-07-17 02:39:25\\\",\\\"id\\\":23}\"', ' قام المستخدم ابو حبيبةإنشاء فاتورة بيع بالتقسيط رقم INS_SAL-250717-3-000003', NULL, NULL, 6, 6, 3, 'Mozilla/5.0 (Windows NT 10.0; Win64; x64) AppleWebKit/537.36 (KHTML, like Gecko) Chrome/138.0.0.0 Safari/537.36 Edg/138.0.0.0', '154.181.127.80', '/api/invoice/22', NULL, '2025-07-17 02:39:25', '2025-07-17 02:39:25'),
(227, 'تعديل', 'App\\Models\\Invoice', '23', '\"{\\\"invoice_type_id\\\":1,\\\"invoice_type_code\\\":\\\"installment_sale\\\",\\\"due_date\\\":null,\\\"status\\\":\\\"confirmed\\\",\\\"user_id\\\":65,\\\"gross_amount\\\":1000,\\\"total_discount\\\":\\\"0.00\\\",\\\"net_amount\\\":1000,\\\"paid_amount\\\":\\\"0.00\\\",\\\"remaining_amount\\\":1000,\\\"round_step\\\":10,\\\"company_id\\\":3,\\\"created_by\\\":6,\\\"invoice_number\\\":\\\"INS_SAL-250717-3-000003\\\",\\\"updated_at\\\":\\\"2025-07-17T02:39:25.000000Z\\\",\\\"created_at\\\":\\\"2025-07-17T02:39:25.000000Z\\\",\\\"id\\\":23}\"', '\"[]\"', 'قام المستخدم ابو حبيبة بتعديل تحديث فاتورة بيع بالتقسيط رقم INS_SAL-250717-3-000003 (تم استبدال الفاتورة القديمة INS_SAL-250717-3-000002)', NULL, NULL, 6, 6, 3, 'Mozilla/5.0 (Windows NT 10.0; Win64; x64) AppleWebKit/537.36 (KHTML, like Gecko) Chrome/138.0.0.0 Safari/537.36 Edg/138.0.0.0', '154.181.127.80', '/api/invoice/22', NULL, '2025-07-17 02:39:25', '2025-07-17 02:39:25'),
(228, 'انشاء', 'App\\Models\\Invoice', '24', NULL, '\"{\\\"invoice_type_id\\\":1,\\\"invoice_type_code\\\":\\\"installment_sale\\\",\\\"due_date\\\":null,\\\"status\\\":\\\"confirmed\\\",\\\"user_id\\\":66,\\\"gross_amount\\\":1000,\\\"total_discount\\\":0,\\\"net_amount\\\":1000,\\\"paid_amount\\\":0,\\\"remaining_amount\\\":1000,\\\"round_step\\\":10,\\\"company_id\\\":3,\\\"created_by\\\":6,\\\"invoice_number\\\":\\\"INS_SAL-250717-3-000004\\\",\\\"updated_at\\\":\\\"2025-07-17 03:31:08\\\",\\\"created_at\\\":\\\"2025-07-17 03:31:08\\\",\\\"id\\\":24}\"', ' قام المستخدم ابو حبيبةإنشاء فاتورة بيع بالتقسيط رقم INS_SAL-250717-3-000004', NULL, NULL, 6, 6, 3, 'Mozilla/5.0 (Windows NT 10.0; Win64; x64) AppleWebKit/537.36 (KHTML, like Gecko) Chrome/138.0.0.0 Safari/537.36 Edg/138.0.0.0', '154.181.127.80', '/api/invoice', NULL, '2025-07-17 03:31:08', '2025-07-17 03:31:08'),
(229, 'إلغاء', 'App\\Models\\Invoice', '24', '\"{\\\"id\\\":24,\\\"invoice_number\\\":\\\"INS_SAL-250717-3-000004\\\",\\\"due_date\\\":null,\\\"gross_amount\\\":\\\"1000.00\\\",\\\"total_discount\\\":\\\"0.00\\\",\\\"net_amount\\\":\\\"1000.00\\\",\\\"paid_amount\\\":\\\"0.00\\\",\\\"remaining_amount\\\":\\\"1000.00\\\",\\\"status\\\":\\\"canceled\\\",\\\"notes\\\":null,\\\"company_id\\\":3,\\\"created_by\\\":6,\\\"user_id\\\":66,\\\"invoice_type_id\\\":1,\\\"cash_box_id\\\":null,\\\"invoice_type_code\\\":\\\"installment_sale\\\",\\\"round_step\\\":10,\\\"created_at\\\":\\\"2025-07-17T03:31:08.000000Z\\\",\\\"updated_at\\\":\\\"2025-07-17T03:35:59.000000Z\\\",\\\"updated_by\\\":6,\\\"deleted_at\\\":null}\"', '\"{\\\"status\\\":\\\"canceled\\\"}\"', 'قام المستخدم ابو حبيبة بإلغاء إلغاء فاتورة بيع بالتقسيط رقم INS_SAL-250717-3-000004', NULL, NULL, 6, 6, 3, 'Mozilla/5.0 (Windows NT 10.0; Win64; x64) AppleWebKit/537.36 (KHTML, like Gecko) Chrome/138.0.0.0 Safari/537.36 Edg/138.0.0.0', '154.181.127.80', '/api/invoice/24', NULL, '2025-07-17 03:35:59', '2025-07-17 03:35:59'),
(230, 'انشاء', 'App\\Models\\Invoice', '25', NULL, '\"{\\\"invoice_type_id\\\":1,\\\"invoice_type_code\\\":\\\"installment_sale\\\",\\\"due_date\\\":null,\\\"status\\\":\\\"confirmed\\\",\\\"user_id\\\":66,\\\"gross_amount\\\":1000,\\\"total_discount\\\":\\\"0.00\\\",\\\"net_amount\\\":1000,\\\"paid_amount\\\":\\\"0.00\\\",\\\"remaining_amount\\\":1000,\\\"round_step\\\":10,\\\"company_id\\\":3,\\\"created_by\\\":6,\\\"invoice_number\\\":\\\"INS_SAL-250717-3-000005\\\",\\\"updated_at\\\":\\\"2025-07-17 03:35:59\\\",\\\"created_at\\\":\\\"2025-07-17 03:35:59\\\",\\\"id\\\":25}\"', ' قام المستخدم ابو حبيبةإنشاء فاتورة بيع بالتقسيط رقم INS_SAL-250717-3-000005', NULL, NULL, 6, 6, 3, 'Mozilla/5.0 (Windows NT 10.0; Win64; x64) AppleWebKit/537.36 (KHTML, like Gecko) Chrome/138.0.0.0 Safari/537.36 Edg/138.0.0.0', '154.181.127.80', '/api/invoice/24', NULL, '2025-07-17 03:35:59', '2025-07-17 03:35:59'),
(231, 'تعديل', 'App\\Models\\Invoice', '25', '\"{\\\"invoice_type_id\\\":1,\\\"invoice_type_code\\\":\\\"installment_sale\\\",\\\"due_date\\\":null,\\\"status\\\":\\\"confirmed\\\",\\\"user_id\\\":66,\\\"gross_amount\\\":1000,\\\"total_discount\\\":\\\"0.00\\\",\\\"net_amount\\\":1000,\\\"paid_amount\\\":\\\"0.00\\\",\\\"remaining_amount\\\":1000,\\\"round_step\\\":10,\\\"company_id\\\":3,\\\"created_by\\\":6,\\\"invoice_number\\\":\\\"INS_SAL-250717-3-000005\\\",\\\"updated_at\\\":\\\"2025-07-17T03:35:59.000000Z\\\",\\\"created_at\\\":\\\"2025-07-17T03:35:59.000000Z\\\",\\\"id\\\":25}\"', '\"[]\"', 'قام المستخدم ابو حبيبة بتعديل تحديث فاتورة بيع بالتقسيط رقم INS_SAL-250717-3-000005 (تم استبدال الفاتورة القديمة INS_SAL-250717-3-000004)', NULL, NULL, 6, 6, 3, 'Mozilla/5.0 (Windows NT 10.0; Win64; x64) AppleWebKit/537.36 (KHTML, like Gecko) Chrome/138.0.0.0 Safari/537.36 Edg/138.0.0.0', '154.181.127.80', '/api/invoice/24', NULL, '2025-07-17 03:35:59', '2025-07-17 03:35:59'),
(232, 'انشاء', 'App\\Models\\Invoice', '26', NULL, '\"{\\\"invoice_type_id\\\":1,\\\"invoice_type_code\\\":\\\"installment_sale\\\",\\\"due_date\\\":null,\\\"status\\\":\\\"confirmed\\\",\\\"user_id\\\":65,\\\"gross_amount\\\":1000,\\\"total_discount\\\":0,\\\"net_amount\\\":1000,\\\"paid_amount\\\":0,\\\"remaining_amount\\\":1000,\\\"round_step\\\":10,\\\"company_id\\\":3,\\\"created_by\\\":6,\\\"invoice_number\\\":\\\"INS_SAL-250717-3-000006\\\",\\\"updated_at\\\":\\\"2025-07-17 03:42:05\\\",\\\"created_at\\\":\\\"2025-07-17 03:42:05\\\",\\\"id\\\":26}\"', ' قام المستخدم ابو حبيبةإنشاء فاتورة بيع بالتقسيط رقم INS_SAL-250717-3-000006', NULL, NULL, 6, 6, 3, 'Mozilla/5.0 (Windows NT 10.0; Win64; x64) AppleWebKit/537.36 (KHTML, like Gecko) Chrome/138.0.0.0 Safari/537.36 Edg/138.0.0.0', '154.181.127.80', '/api/invoice', NULL, '2025-07-17 03:42:05', '2025-07-17 03:42:05'),
(233, 'إلغاء', 'App\\Models\\Invoice', '26', '\"{\\\"id\\\":26,\\\"invoice_number\\\":\\\"INS_SAL-250717-3-000006\\\",\\\"due_date\\\":null,\\\"gross_amount\\\":\\\"1000.00\\\",\\\"total_discount\\\":\\\"0.00\\\",\\\"net_amount\\\":\\\"1000.00\\\",\\\"paid_amount\\\":\\\"0.00\\\",\\\"remaining_amount\\\":\\\"1000.00\\\",\\\"status\\\":\\\"canceled\\\",\\\"notes\\\":null,\\\"company_id\\\":3,\\\"created_by\\\":6,\\\"user_id\\\":65,\\\"invoice_type_id\\\":1,\\\"cash_box_id\\\":null,\\\"invoice_type_code\\\":\\\"installment_sale\\\",\\\"round_step\\\":10,\\\"created_at\\\":\\\"2025-07-17T03:42:05.000000Z\\\",\\\"updated_at\\\":\\\"2025-07-17T03:44:06.000000Z\\\",\\\"updated_by\\\":6,\\\"deleted_at\\\":null}\"', '\"{\\\"status\\\":\\\"canceled\\\"}\"', 'قام المستخدم ابو حبيبة بإلغاء إلغاء فاتورة بيع بالتقسيط رقم INS_SAL-250717-3-000006', NULL, NULL, 6, 6, 3, 'Mozilla/5.0 (Windows NT 10.0; Win64; x64) AppleWebKit/537.36 (KHTML, like Gecko) Chrome/138.0.0.0 Safari/537.36 Edg/138.0.0.0', '154.181.127.80', '/api/invoice/26', NULL, '2025-07-17 03:44:06', '2025-07-17 03:44:06'),
(234, 'انشاء', 'App\\Models\\Invoice', '27', NULL, '\"{\\\"invoice_type_id\\\":1,\\\"invoice_type_code\\\":\\\"installment_sale\\\",\\\"due_date\\\":null,\\\"status\\\":\\\"confirmed\\\",\\\"user_id\\\":65,\\\"gross_amount\\\":1000,\\\"total_discount\\\":\\\"0.00\\\",\\\"net_amount\\\":1000,\\\"paid_amount\\\":\\\"0.00\\\",\\\"remaining_amount\\\":1000,\\\"round_step\\\":10,\\\"company_id\\\":3,\\\"created_by\\\":6,\\\"invoice_number\\\":\\\"INS_SAL-250717-3-000007\\\",\\\"updated_at\\\":\\\"2025-07-17 03:44:06\\\",\\\"created_at\\\":\\\"2025-07-17 03:44:06\\\",\\\"id\\\":27}\"', ' قام المستخدم ابو حبيبةإنشاء فاتورة بيع بالتقسيط رقم INS_SAL-250717-3-000007', NULL, NULL, 6, 6, 3, 'Mozilla/5.0 (Windows NT 10.0; Win64; x64) AppleWebKit/537.36 (KHTML, like Gecko) Chrome/138.0.0.0 Safari/537.36 Edg/138.0.0.0', '154.181.127.80', '/api/invoice/26', NULL, '2025-07-17 03:44:06', '2025-07-17 03:44:06'),
(235, 'تعديل', 'App\\Models\\Invoice', '27', '\"{\\\"invoice_type_id\\\":1,\\\"invoice_type_code\\\":\\\"installment_sale\\\",\\\"due_date\\\":null,\\\"status\\\":\\\"confirmed\\\",\\\"user_id\\\":65,\\\"gross_amount\\\":1000,\\\"total_discount\\\":\\\"0.00\\\",\\\"net_amount\\\":1000,\\\"paid_amount\\\":\\\"0.00\\\",\\\"remaining_amount\\\":1000,\\\"round_step\\\":10,\\\"company_id\\\":3,\\\"created_by\\\":6,\\\"invoice_number\\\":\\\"INS_SAL-250717-3-000007\\\",\\\"updated_at\\\":\\\"2025-07-17T03:44:06.000000Z\\\",\\\"created_at\\\":\\\"2025-07-17T03:44:06.000000Z\\\",\\\"id\\\":27}\"', '\"[]\"', 'قام المستخدم ابو حبيبة بتعديل تحديث فاتورة بيع بالتقسيط رقم INS_SAL-250717-3-000007 (تم استبدال الفاتورة القديمة INS_SAL-250717-3-000006)', NULL, NULL, 6, 6, 3, 'Mozilla/5.0 (Windows NT 10.0; Win64; x64) AppleWebKit/537.36 (KHTML, like Gecko) Chrome/138.0.0.0 Safari/537.36 Edg/138.0.0.0', '154.181.127.80', '/api/invoice/26', NULL, '2025-07-17 03:44:06', '2025-07-17 03:44:06'),
(236, 'انشاء', 'App\\Models\\Invoice', '28', NULL, '\"{\\\"invoice_type_id\\\":1,\\\"invoice_type_code\\\":\\\"installment_sale\\\",\\\"due_date\\\":null,\\\"status\\\":\\\"confirmed\\\",\\\"user_id\\\":65,\\\"gross_amount\\\":1000,\\\"total_discount\\\":0,\\\"net_amount\\\":1000,\\\"paid_amount\\\":0,\\\"remaining_amount\\\":1000,\\\"round_step\\\":10,\\\"company_id\\\":3,\\\"created_by\\\":6,\\\"invoice_number\\\":\\\"INS_SAL-250717-3-000008\\\",\\\"updated_at\\\":\\\"2025-07-17 04:39:11\\\",\\\"created_at\\\":\\\"2025-07-17 04:39:11\\\",\\\"id\\\":28}\"', ' قام المستخدم ابو حبيبةإنشاء فاتورة بيع بالتقسيط رقم INS_SAL-250717-3-000008', NULL, NULL, 6, 6, 3, 'Mozilla/5.0 (Windows NT 10.0; Win64; x64) AppleWebKit/537.36 (KHTML, like Gecko) Chrome/138.0.0.0 Safari/537.36 Edg/138.0.0.0', '154.181.127.80', '/api/invoice', NULL, '2025-07-17 04:39:11', '2025-07-17 04:39:11'),
(237, 'إلغاء', 'App\\Models\\Invoice', '28', '\"{\\\"id\\\":28,\\\"invoice_number\\\":\\\"INS_SAL-250717-3-000008\\\",\\\"due_date\\\":null,\\\"gross_amount\\\":\\\"1000.00\\\",\\\"total_discount\\\":\\\"0.00\\\",\\\"net_amount\\\":\\\"1000.00\\\",\\\"paid_amount\\\":\\\"0.00\\\",\\\"remaining_amount\\\":\\\"1000.00\\\",\\\"status\\\":\\\"canceled\\\",\\\"notes\\\":null,\\\"company_id\\\":3,\\\"created_by\\\":6,\\\"user_id\\\":65,\\\"invoice_type_id\\\":1,\\\"cash_box_id\\\":null,\\\"invoice_type_code\\\":\\\"installment_sale\\\",\\\"round_step\\\":10,\\\"created_at\\\":\\\"2025-07-17T04:39:11.000000Z\\\",\\\"updated_at\\\":\\\"2025-07-17T04:44:46.000000Z\\\",\\\"updated_by\\\":6,\\\"deleted_at\\\":null}\"', '\"{\\\"status\\\":\\\"canceled\\\"}\"', 'قام المستخدم ابو حبيبة بإلغاء إلغاء فاتورة بيع بالتقسيط رقم INS_SAL-250717-3-000008', NULL, NULL, 6, 6, 3, 'Mozilla/5.0 (Windows NT 10.0; Win64; x64) AppleWebKit/537.36 (KHTML, like Gecko) Chrome/138.0.0.0 Safari/537.36 Edg/138.0.0.0', '154.181.127.80', '/api/invoice/28', NULL, '2025-07-17 04:44:46', '2025-07-17 04:44:46'),
(238, 'انشاء', 'App\\Models\\Invoice', '29', NULL, '\"{\\\"invoice_type_id\\\":1,\\\"invoice_type_code\\\":\\\"installment_sale\\\",\\\"due_date\\\":null,\\\"status\\\":\\\"confirmed\\\",\\\"user_id\\\":65,\\\"gross_amount\\\":1000,\\\"total_discount\\\":\\\"0.00\\\",\\\"net_amount\\\":1000,\\\"paid_amount\\\":\\\"0.00\\\",\\\"remaining_amount\\\":1000,\\\"round_step\\\":10,\\\"company_id\\\":3,\\\"created_by\\\":6,\\\"invoice_number\\\":\\\"INS_SAL-250717-3-000009\\\",\\\"updated_at\\\":\\\"2025-07-17 04:44:46\\\",\\\"created_at\\\":\\\"2025-07-17 04:44:46\\\",\\\"id\\\":29}\"', ' قام المستخدم ابو حبيبةإنشاء فاتورة بيع بالتقسيط رقم INS_SAL-250717-3-000009', NULL, NULL, 6, 6, 3, 'Mozilla/5.0 (Windows NT 10.0; Win64; x64) AppleWebKit/537.36 (KHTML, like Gecko) Chrome/138.0.0.0 Safari/537.36 Edg/138.0.0.0', '154.181.127.80', '/api/invoice/28', NULL, '2025-07-17 04:44:46', '2025-07-17 04:44:46'),
(239, 'تعديل', 'App\\Models\\Invoice', '29', '\"{\\\"invoice_type_id\\\":1,\\\"invoice_type_code\\\":\\\"installment_sale\\\",\\\"due_date\\\":null,\\\"status\\\":\\\"confirmed\\\",\\\"user_id\\\":65,\\\"gross_amount\\\":1000,\\\"total_discount\\\":\\\"0.00\\\",\\\"net_amount\\\":1000,\\\"paid_amount\\\":\\\"0.00\\\",\\\"remaining_amount\\\":1000,\\\"round_step\\\":10,\\\"company_id\\\":3,\\\"created_by\\\":6,\\\"invoice_number\\\":\\\"INS_SAL-250717-3-000009\\\",\\\"updated_at\\\":\\\"2025-07-17T04:44:46.000000Z\\\",\\\"created_at\\\":\\\"2025-07-17T04:44:46.000000Z\\\",\\\"id\\\":29}\"', '\"[]\"', 'قام المستخدم ابو حبيبة بتعديل تحديث فاتورة بيع بالتقسيط رقم INS_SAL-250717-3-000009 (تم استبدال الفاتورة القديمة INS_SAL-250717-3-000008)', NULL, NULL, 6, 6, 3, 'Mozilla/5.0 (Windows NT 10.0; Win64; x64) AppleWebKit/537.36 (KHTML, like Gecko) Chrome/138.0.0.0 Safari/537.36 Edg/138.0.0.0', '154.181.127.80', '/api/invoice/28', NULL, '2025-07-17 04:44:46', '2025-07-17 04:44:46'),
(244, 'إلغاء', 'App\\Models\\Invoice', '8', '\"{\\\"id\\\":8,\\\"invoice_number\\\":\\\"INS_SAL-250711-2-000007\\\",\\\"due_date\\\":null,\\\"gross_amount\\\":\\\"4900.00\\\",\\\"total_discount\\\":\\\"0.00\\\",\\\"net_amount\\\":\\\"4900.00\\\",\\\"paid_amount\\\":\\\"0.00\\\",\\\"remaining_amount\\\":\\\"4900.00\\\",\\\"status\\\":\\\"canceled\\\",\\\"notes\\\":null,\\\"company_id\\\":2,\\\"created_by\\\":5,\\\"user_id\\\":13,\\\"invoice_type_id\\\":1,\\\"cash_box_id\\\":null,\\\"invoice_type_code\\\":\\\"installment_sale\\\",\\\"round_step\\\":null,\\\"created_at\\\":\\\"2025-07-11T19:07:36.000000Z\\\",\\\"updated_at\\\":\\\"2025-07-17T08:26:31.000000Z\\\",\\\"updated_by\\\":5,\\\"deleted_at\\\":null}\"', '\"{\\\"status\\\":\\\"canceled\\\"}\"', 'قام المستخدم ابو ندي بإلغاء إلغاء فاتورة بيع بالتقسيط رقم INS_SAL-250711-2-000007', NULL, NULL, 5, 5, 2, 'Mozilla/5.0 (Windows NT 10.0; Win64; x64) AppleWebKit/537.36 (KHTML, like Gecko) Chrome/138.0.0.0 Safari/537.36', '156.211.107.192', '/api/invoice/8', NULL, '2025-07-17 08:26:31', '2025-07-17 08:26:31'),
(245, 'انشاء', 'App\\Models\\Invoice', '30', NULL, '\"{\\\"invoice_type_id\\\":1,\\\"invoice_type_code\\\":\\\"installment_sale\\\",\\\"due_date\\\":null,\\\"status\\\":\\\"confirmed\\\",\\\"user_id\\\":13,\\\"gross_amount\\\":4900,\\\"total_discount\\\":\\\"0.00\\\",\\\"net_amount\\\":4900,\\\"paid_amount\\\":\\\"0.00\\\",\\\"remaining_amount\\\":4900,\\\"round_step\\\":10,\\\"company_id\\\":2,\\\"created_by\\\":5,\\\"invoice_number\\\":\\\"INS_SAL-250717-2-000008\\\",\\\"updated_at\\\":\\\"2025-07-17 08:26:31\\\",\\\"created_at\\\":\\\"2025-07-17 08:26:31\\\",\\\"id\\\":30}\"', ' قام المستخدم ابو نديإنشاء فاتورة بيع بالتقسيط رقم INS_SAL-250717-2-000008', NULL, NULL, 5, 5, 2, 'Mozilla/5.0 (Windows NT 10.0; Win64; x64) AppleWebKit/537.36 (KHTML, like Gecko) Chrome/138.0.0.0 Safari/537.36', '156.211.107.192', '/api/invoice/8', NULL, '2025-07-17 08:26:32', '2025-07-17 08:26:32'),
(246, 'تعديل', 'App\\Models\\Invoice', '30', '\"{\\\"invoice_type_id\\\":1,\\\"invoice_type_code\\\":\\\"installment_sale\\\",\\\"due_date\\\":null,\\\"status\\\":\\\"confirmed\\\",\\\"user_id\\\":13,\\\"gross_amount\\\":4900,\\\"total_discount\\\":\\\"0.00\\\",\\\"net_amount\\\":4900,\\\"paid_amount\\\":\\\"0.00\\\",\\\"remaining_amount\\\":4900,\\\"round_step\\\":10,\\\"company_id\\\":2,\\\"created_by\\\":5,\\\"invoice_number\\\":\\\"INS_SAL-250717-2-000008\\\",\\\"updated_at\\\":\\\"2025-07-17T08:26:31.000000Z\\\",\\\"created_at\\\":\\\"2025-07-17T08:26:31.000000Z\\\",\\\"id\\\":30}\"', '\"[]\"', 'قام المستخدم ابو ندي بتعديل تحديث فاتورة بيع بالتقسيط رقم INS_SAL-250717-2-000008 (تم استبدال الفاتورة القديمة INS_SAL-250711-2-000007)', NULL, NULL, 5, 5, 2, 'Mozilla/5.0 (Windows NT 10.0; Win64; x64) AppleWebKit/537.36 (KHTML, like Gecko) Chrome/138.0.0.0 Safari/537.36', '156.211.107.192', '/api/invoice/8', NULL, '2025-07-17 08:26:32', '2025-07-17 08:26:32'),
(247, 'إلغاء', 'App\\Models\\Invoice', '30', '\"{\\\"id\\\":30,\\\"invoice_number\\\":\\\"INS_SAL-250717-2-000008\\\",\\\"due_date\\\":null,\\\"gross_amount\\\":\\\"4900.00\\\",\\\"total_discount\\\":\\\"0.00\\\",\\\"net_amount\\\":\\\"4900.00\\\",\\\"paid_amount\\\":\\\"0.00\\\",\\\"remaining_amount\\\":\\\"4900.00\\\",\\\"status\\\":\\\"canceled\\\",\\\"notes\\\":null,\\\"company_id\\\":2,\\\"created_by\\\":5,\\\"user_id\\\":13,\\\"invoice_type_id\\\":1,\\\"cash_box_id\\\":null,\\\"invoice_type_code\\\":\\\"installment_sale\\\",\\\"round_step\\\":10,\\\"created_at\\\":\\\"2025-07-17T08:26:31.000000Z\\\",\\\"updated_at\\\":\\\"2025-07-18T20:02:50.000000Z\\\",\\\"updated_by\\\":5,\\\"deleted_at\\\":null}\"', '\"{\\\"status\\\":\\\"canceled\\\"}\"', 'قام المستخدم ابو ندي بإلغاء إلغاء فاتورة بيع بالتقسيط رقم INS_SAL-250717-2-000008', NULL, NULL, 5, 5, 2, 'Mozilla/5.0 (Linux; Android 10; K) AppleWebKit/537.36 (KHTML, like Gecko) Chrome/138.0.0.0 Mobile Safari/537.36', '197.53.89.65', '/api/invoice/30', NULL, '2025-07-18 20:02:50', '2025-07-18 20:02:50'),
(248, 'انشاء', 'App\\Models\\Invoice', '31', NULL, '\"{\\\"invoice_type_id\\\":1,\\\"invoice_type_code\\\":\\\"installment_sale\\\",\\\"due_date\\\":null,\\\"status\\\":\\\"confirmed\\\",\\\"user_id\\\":13,\\\"gross_amount\\\":4900,\\\"total_discount\\\":\\\"0.00\\\",\\\"net_amount\\\":4900,\\\"paid_amount\\\":\\\"0.00\\\",\\\"remaining_amount\\\":4900,\\\"round_step\\\":10,\\\"company_id\\\":2,\\\"created_by\\\":5,\\\"invoice_number\\\":\\\"INS_SAL-250718-2-000009\\\",\\\"updated_at\\\":\\\"2025-07-18 20:02:50\\\",\\\"created_at\\\":\\\"2025-07-18 20:02:50\\\",\\\"id\\\":31}\"', ' قام المستخدم ابو نديإنشاء فاتورة بيع بالتقسيط رقم INS_SAL-250718-2-000009', NULL, NULL, 5, 5, 2, 'Mozilla/5.0 (Linux; Android 10; K) AppleWebKit/537.36 (KHTML, like Gecko) Chrome/138.0.0.0 Mobile Safari/537.36', '197.53.89.65', '/api/invoice/30', NULL, '2025-07-18 20:02:50', '2025-07-18 20:02:50'),
(249, 'تعديل', 'App\\Models\\Invoice', '31', '\"{\\\"invoice_type_id\\\":1,\\\"invoice_type_code\\\":\\\"installment_sale\\\",\\\"due_date\\\":null,\\\"status\\\":\\\"confirmed\\\",\\\"user_id\\\":13,\\\"gross_amount\\\":4900,\\\"total_discount\\\":\\\"0.00\\\",\\\"net_amount\\\":4900,\\\"paid_amount\\\":\\\"0.00\\\",\\\"remaining_amount\\\":4900,\\\"round_step\\\":10,\\\"company_id\\\":2,\\\"created_by\\\":5,\\\"invoice_number\\\":\\\"INS_SAL-250718-2-000009\\\",\\\"updated_at\\\":\\\"2025-07-18T20:02:50.000000Z\\\",\\\"created_at\\\":\\\"2025-07-18T20:02:50.000000Z\\\",\\\"id\\\":31}\"', '\"[]\"', 'قام المستخدم ابو ندي بتعديل تحديث فاتورة بيع بالتقسيط رقم INS_SAL-250718-2-000009 (تم استبدال الفاتورة القديمة INS_SAL-250717-2-000008)', NULL, NULL, 5, 5, 2, 'Mozilla/5.0 (Linux; Android 10; K) AppleWebKit/537.36 (KHTML, like Gecko) Chrome/138.0.0.0 Mobile Safari/537.36', '197.53.89.65', '/api/invoice/30', NULL, '2025-07-18 20:02:50', '2025-07-18 20:02:50'),
(250, 'إلغاء', 'App\\Models\\Invoice', '25', '\"{\\\"id\\\":25,\\\"invoice_number\\\":\\\"INS_SAL-250717-3-000005\\\",\\\"due_date\\\":null,\\\"gross_amount\\\":\\\"1000.00\\\",\\\"total_discount\\\":\\\"0.00\\\",\\\"net_amount\\\":\\\"1000.00\\\",\\\"paid_amount\\\":\\\"0.00\\\",\\\"remaining_amount\\\":\\\"1000.00\\\",\\\"status\\\":\\\"canceled\\\",\\\"notes\\\":null,\\\"company_id\\\":3,\\\"created_by\\\":6,\\\"user_id\\\":66,\\\"invoice_type_id\\\":1,\\\"cash_box_id\\\":null,\\\"invoice_type_code\\\":\\\"installment_sale\\\",\\\"round_step\\\":10,\\\"created_at\\\":\\\"2025-07-17T03:35:59.000000Z\\\",\\\"updated_at\\\":\\\"2025-07-19T13:12:57.000000Z\\\",\\\"updated_by\\\":6,\\\"deleted_at\\\":null}\"', '\"{\\\"status\\\":\\\"canceled\\\"}\"', 'قام المستخدم ابو حبيبة بإلغاء إلغاء فاتورة بيع بالتقسيط رقم INS_SAL-250717-3-000005', NULL, NULL, 6, 6, 3, 'Mozilla/5.0 (Linux; Android 10; K) AppleWebKit/537.36 (KHTML, like Gecko) Chrome/138.0.0.0 Mobile Safari/537.36', '196.154.64.173', '/api/invoice/25', NULL, '2025-07-19 13:12:57', '2025-07-19 13:12:57'),
(251, 'إلغاء', 'App\\Models\\Invoice', '27', '\"{\\\"id\\\":27,\\\"invoice_number\\\":\\\"INS_SAL-250717-3-000007\\\",\\\"due_date\\\":null,\\\"gross_amount\\\":\\\"1000.00\\\",\\\"total_discount\\\":\\\"0.00\\\",\\\"net_amount\\\":\\\"1000.00\\\",\\\"paid_amount\\\":\\\"0.00\\\",\\\"remaining_amount\\\":\\\"1000.00\\\",\\\"status\\\":\\\"canceled\\\",\\\"notes\\\":null,\\\"company_id\\\":3,\\\"created_by\\\":6,\\\"user_id\\\":65,\\\"invoice_type_id\\\":1,\\\"cash_box_id\\\":null,\\\"invoice_type_code\\\":\\\"installment_sale\\\",\\\"round_step\\\":10,\\\"created_at\\\":\\\"2025-07-17T03:44:06.000000Z\\\",\\\"updated_at\\\":\\\"2025-07-19T13:13:00.000000Z\\\",\\\"updated_by\\\":6,\\\"deleted_at\\\":null}\"', '\"{\\\"status\\\":\\\"canceled\\\"}\"', 'قام المستخدم ابو حبيبة بإلغاء إلغاء فاتورة بيع بالتقسيط رقم INS_SAL-250717-3-000007', NULL, NULL, 6, 6, 3, 'Mozilla/5.0 (Linux; Android 10; K) AppleWebKit/537.36 (KHTML, like Gecko) Chrome/138.0.0.0 Mobile Safari/537.36', '196.154.64.173', '/api/invoice/27', NULL, '2025-07-19 13:13:00', '2025-07-19 13:13:00'),
(252, 'إلغاء', 'App\\Models\\Invoice', '29', '\"{\\\"id\\\":29,\\\"invoice_number\\\":\\\"INS_SAL-250717-3-000009\\\",\\\"due_date\\\":null,\\\"gross_amount\\\":\\\"1000.00\\\",\\\"total_discount\\\":\\\"0.00\\\",\\\"net_amount\\\":\\\"1000.00\\\",\\\"paid_amount\\\":\\\"0.00\\\",\\\"remaining_amount\\\":\\\"1000.00\\\",\\\"status\\\":\\\"canceled\\\",\\\"notes\\\":null,\\\"company_id\\\":3,\\\"created_by\\\":6,\\\"user_id\\\":65,\\\"invoice_type_id\\\":1,\\\"cash_box_id\\\":null,\\\"invoice_type_code\\\":\\\"installment_sale\\\",\\\"round_step\\\":10,\\\"created_at\\\":\\\"2025-07-17T04:44:46.000000Z\\\",\\\"updated_at\\\":\\\"2025-07-19T13:13:03.000000Z\\\",\\\"updated_by\\\":6,\\\"deleted_at\\\":null}\"', '\"{\\\"status\\\":\\\"canceled\\\"}\"', 'قام المستخدم ابو حبيبة بإلغاء إلغاء فاتورة بيع بالتقسيط رقم INS_SAL-250717-3-000009', NULL, NULL, 6, 6, 3, 'Mozilla/5.0 (Linux; Android 10; K) AppleWebKit/537.36 (KHTML, like Gecko) Chrome/138.0.0.0 Mobile Safari/537.36', '196.154.64.173', '/api/invoice/29', NULL, '2025-07-19 13:13:03', '2025-07-19 13:13:03'),
(253, 'إلغاء', 'App\\Models\\Invoice', '23', '\"{\\\"id\\\":23,\\\"invoice_number\\\":\\\"INS_SAL-250717-3-000003\\\",\\\"due_date\\\":null,\\\"gross_amount\\\":\\\"1000.00\\\",\\\"total_discount\\\":\\\"0.00\\\",\\\"net_amount\\\":\\\"1000.00\\\",\\\"paid_amount\\\":\\\"0.00\\\",\\\"remaining_amount\\\":\\\"1000.00\\\",\\\"status\\\":\\\"canceled\\\",\\\"notes\\\":null,\\\"company_id\\\":3,\\\"created_by\\\":6,\\\"user_id\\\":65,\\\"invoice_type_id\\\":1,\\\"cash_box_id\\\":null,\\\"invoice_type_code\\\":\\\"installment_sale\\\",\\\"round_step\\\":10,\\\"created_at\\\":\\\"2025-07-17T02:39:25.000000Z\\\",\\\"updated_at\\\":\\\"2025-07-19T13:13:07.000000Z\\\",\\\"updated_by\\\":6,\\\"deleted_at\\\":null}\"', '\"{\\\"status\\\":\\\"canceled\\\"}\"', 'قام المستخدم ابو حبيبة بإلغاء إلغاء فاتورة بيع بالتقسيط رقم INS_SAL-250717-3-000003', NULL, NULL, 6, 6, 3, 'Mozilla/5.0 (Linux; Android 10; K) AppleWebKit/537.36 (KHTML, like Gecko) Chrome/138.0.0.0 Mobile Safari/537.36', '196.154.64.173', '/api/invoice/23', NULL, '2025-07-19 13:13:07', '2025-07-19 13:13:07'),
(254, 'إلغاء', 'App\\Models\\Invoice', '20', '\"{\\\"id\\\":20,\\\"invoice_number\\\":\\\"SALE-250717-3-000005\\\",\\\"due_date\\\":null,\\\"gross_amount\\\":\\\"1000.00\\\",\\\"total_discount\\\":\\\"0.00\\\",\\\"net_amount\\\":\\\"1000.00\\\",\\\"paid_amount\\\":\\\"1000.00\\\",\\\"remaining_amount\\\":\\\"0.00\\\",\\\"status\\\":\\\"canceled\\\",\\\"notes\\\":null,\\\"company_id\\\":3,\\\"created_by\\\":6,\\\"user_id\\\":65,\\\"invoice_type_id\\\":2,\\\"cash_box_id\\\":null,\\\"invoice_type_code\\\":\\\"sale\\\",\\\"round_step\\\":null,\\\"created_at\\\":\\\"2025-07-17T01:03:07.000000Z\\\",\\\"updated_at\\\":\\\"2025-07-19T13:13:12.000000Z\\\",\\\"updated_by\\\":6,\\\"deleted_at\\\":null}\"', '\"{\\\"status\\\":\\\"canceled\\\"}\"', 'قام المستخدم ابو حبيبة بإلغاء إلغاء فاتورة بيع رقم SALE-250717-3-000005', NULL, NULL, 6, 6, 3, 'Mozilla/5.0 (Linux; Android 10; K) AppleWebKit/537.36 (KHTML, like Gecko) Chrome/138.0.0.0 Mobile Safari/537.36', '196.154.64.173', '/api/invoice/20', NULL, '2025-07-19 13:13:12', '2025-07-19 13:13:12');
INSERT INTO `activity_logs` (`id`, `action`, `model`, `row_id`, `data_old`, `data_new`, `description`, `old_values`, `new_values`, `user_id`, `created_by`, `company_id`, `user_agent`, `ip_address`, `url`, `metadata`, `created_at`, `updated_at`) VALUES
(255, 'إلغاء', 'App\\Models\\Invoice', '19', '\"{\\\"id\\\":19,\\\"invoice_number\\\":\\\"PURC-250717-3-000003\\\",\\\"due_date\\\":null,\\\"gross_amount\\\":\\\"1000.00\\\",\\\"total_discount\\\":\\\"0.00\\\",\\\"net_amount\\\":\\\"1000.00\\\",\\\"paid_amount\\\":\\\"1000.00\\\",\\\"remaining_amount\\\":\\\"0.00\\\",\\\"status\\\":\\\"canceled\\\",\\\"notes\\\":null,\\\"company_id\\\":3,\\\"created_by\\\":6,\\\"user_id\\\":66,\\\"invoice_type_id\\\":3,\\\"cash_box_id\\\":null,\\\"invoice_type_code\\\":\\\"purchase\\\",\\\"round_step\\\":null,\\\"created_at\\\":\\\"2025-07-17T01:01:17.000000Z\\\",\\\"updated_at\\\":\\\"2025-07-19T13:13:14.000000Z\\\",\\\"updated_by\\\":6,\\\"deleted_at\\\":null}\"', '\"{\\\"status\\\":\\\"canceled\\\"}\"', 'قام المستخدم ابو حبيبة بإلغاء إلغاء فاتورة شراء رقم PURC-250717-3-000003', NULL, NULL, 6, 6, 3, 'Mozilla/5.0 (Linux; Android 10; K) AppleWebKit/537.36 (KHTML, like Gecko) Chrome/138.0.0.0 Mobile Safari/537.36', '196.154.64.173', '/api/invoice/19', NULL, '2025-07-19 13:13:14', '2025-07-19 13:13:14'),
(256, 'إلغاء', 'App\\Models\\Invoice', '17', '\"{\\\"id\\\":17,\\\"invoice_number\\\":\\\"PURC-250717-3-000002\\\",\\\"due_date\\\":null,\\\"gross_amount\\\":\\\"1000.00\\\",\\\"total_discount\\\":\\\"0.00\\\",\\\"net_amount\\\":\\\"1000.00\\\",\\\"paid_amount\\\":\\\"1000.00\\\",\\\"remaining_amount\\\":\\\"0.00\\\",\\\"status\\\":\\\"canceled\\\",\\\"notes\\\":null,\\\"company_id\\\":3,\\\"created_by\\\":6,\\\"user_id\\\":66,\\\"invoice_type_id\\\":3,\\\"cash_box_id\\\":null,\\\"invoice_type_code\\\":\\\"purchase\\\",\\\"round_step\\\":null,\\\"created_at\\\":\\\"2025-07-17T00:46:06.000000Z\\\",\\\"updated_at\\\":\\\"2025-07-19T13:13:16.000000Z\\\",\\\"updated_by\\\":6,\\\"deleted_at\\\":null}\"', '\"{\\\"status\\\":\\\"canceled\\\"}\"', 'قام المستخدم ابو حبيبة بإلغاء إلغاء فاتورة شراء رقم PURC-250717-3-000002', NULL, NULL, 6, 6, 3, 'Mozilla/5.0 (Linux; Android 10; K) AppleWebKit/537.36 (KHTML, like Gecko) Chrome/138.0.0.0 Mobile Safari/537.36', '196.154.64.173', '/api/invoice/17', NULL, '2025-07-19 13:13:16', '2025-07-19 13:13:16'),
(257, 'إلغاء', 'App\\Models\\Invoice', '18', '\"{\\\"id\\\":18,\\\"invoice_number\\\":\\\"SALE-250717-3-000004\\\",\\\"due_date\\\":null,\\\"gross_amount\\\":\\\"1000.00\\\",\\\"total_discount\\\":\\\"0.00\\\",\\\"net_amount\\\":\\\"1000.00\\\",\\\"paid_amount\\\":\\\"1000.00\\\",\\\"remaining_amount\\\":\\\"0.00\\\",\\\"status\\\":\\\"canceled\\\",\\\"notes\\\":null,\\\"company_id\\\":3,\\\"created_by\\\":6,\\\"user_id\\\":65,\\\"invoice_type_id\\\":2,\\\"cash_box_id\\\":null,\\\"invoice_type_code\\\":\\\"sale\\\",\\\"round_step\\\":null,\\\"created_at\\\":\\\"2025-07-17T00:48:54.000000Z\\\",\\\"updated_at\\\":\\\"2025-07-19T13:13:18.000000Z\\\",\\\"updated_by\\\":6,\\\"deleted_at\\\":null}\"', '\"{\\\"status\\\":\\\"canceled\\\"}\"', 'قام المستخدم ابو حبيبة بإلغاء إلغاء فاتورة بيع رقم SALE-250717-3-000004', NULL, NULL, 6, 6, 3, 'Mozilla/5.0 (Linux; Android 10; K) AppleWebKit/537.36 (KHTML, like Gecko) Chrome/138.0.0.0 Mobile Safari/537.36', '196.154.64.173', '/api/invoice/18', NULL, '2025-07-19 13:13:18', '2025-07-19 13:13:18'),
(258, 'إلغاء', 'App\\Models\\Invoice', '16', '\"{\\\"id\\\":16,\\\"invoice_number\\\":\\\"PURC-250717-3-000001\\\",\\\"due_date\\\":null,\\\"gross_amount\\\":\\\"1000.00\\\",\\\"total_discount\\\":\\\"0.00\\\",\\\"net_amount\\\":\\\"1000.00\\\",\\\"paid_amount\\\":\\\"1000.00\\\",\\\"remaining_amount\\\":\\\"0.00\\\",\\\"status\\\":\\\"canceled\\\",\\\"notes\\\":null,\\\"company_id\\\":3,\\\"created_by\\\":6,\\\"user_id\\\":66,\\\"invoice_type_id\\\":3,\\\"cash_box_id\\\":null,\\\"invoice_type_code\\\":\\\"purchase\\\",\\\"round_step\\\":null,\\\"created_at\\\":\\\"2025-07-17T00:35:41.000000Z\\\",\\\"updated_at\\\":\\\"2025-07-19T13:13:20.000000Z\\\",\\\"updated_by\\\":6,\\\"deleted_at\\\":null}\"', '\"{\\\"status\\\":\\\"canceled\\\"}\"', 'قام المستخدم ابو حبيبة بإلغاء إلغاء فاتورة شراء رقم PURC-250717-3-000001', NULL, NULL, 6, 6, 3, 'Mozilla/5.0 (Linux; Android 10; K) AppleWebKit/537.36 (KHTML, like Gecko) Chrome/138.0.0.0 Mobile Safari/537.36', '196.154.64.173', '/api/invoice/16', NULL, '2025-07-19 13:13:20', '2025-07-19 13:13:20'),
(259, 'إلغاء', 'App\\Models\\Invoice', '15', '\"{\\\"id\\\":15,\\\"invoice_number\\\":\\\"SALE-250717-3-000003\\\",\\\"due_date\\\":null,\\\"gross_amount\\\":\\\"1000.00\\\",\\\"total_discount\\\":\\\"0.00\\\",\\\"net_amount\\\":\\\"1000.00\\\",\\\"paid_amount\\\":\\\"1000.00\\\",\\\"remaining_amount\\\":\\\"0.00\\\",\\\"status\\\":\\\"canceled\\\",\\\"notes\\\":null,\\\"company_id\\\":3,\\\"created_by\\\":6,\\\"user_id\\\":65,\\\"invoice_type_id\\\":2,\\\"cash_box_id\\\":null,\\\"invoice_type_code\\\":\\\"sale\\\",\\\"round_step\\\":null,\\\"created_at\\\":\\\"2025-07-17T00:27:03.000000Z\\\",\\\"updated_at\\\":\\\"2025-07-19T13:13:23.000000Z\\\",\\\"updated_by\\\":6,\\\"deleted_at\\\":null}\"', '\"{\\\"status\\\":\\\"canceled\\\"}\"', 'قام المستخدم ابو حبيبة بإلغاء إلغاء فاتورة بيع رقم SALE-250717-3-000003', NULL, NULL, 6, 6, 3, 'Mozilla/5.0 (Linux; Android 10; K) AppleWebKit/537.36 (KHTML, like Gecko) Chrome/138.0.0.0 Mobile Safari/537.36', '196.154.64.173', '/api/invoice/15', NULL, '2025-07-19 13:13:23', '2025-07-19 13:13:23'),
(260, 'إلغاء', 'App\\Models\\Invoice', '14', '\"{\\\"id\\\":14,\\\"invoice_number\\\":\\\"SALE-250716-3-000002\\\",\\\"due_date\\\":null,\\\"gross_amount\\\":\\\"2000.00\\\",\\\"total_discount\\\":\\\"0.00\\\",\\\"net_amount\\\":\\\"2000.00\\\",\\\"paid_amount\\\":\\\"1000.00\\\",\\\"remaining_amount\\\":\\\"1000.00\\\",\\\"status\\\":\\\"canceled\\\",\\\"notes\\\":null,\\\"company_id\\\":3,\\\"created_by\\\":6,\\\"user_id\\\":65,\\\"invoice_type_id\\\":2,\\\"cash_box_id\\\":null,\\\"invoice_type_code\\\":\\\"sale\\\",\\\"round_step\\\":null,\\\"created_at\\\":\\\"2025-07-16T22:19:58.000000Z\\\",\\\"updated_at\\\":\\\"2025-07-19T13:14:04.000000Z\\\",\\\"updated_by\\\":6,\\\"deleted_at\\\":null}\"', '\"{\\\"status\\\":\\\"canceled\\\"}\"', 'قام المستخدم ابو حبيبة بإلغاء إلغاء فاتورة بيع رقم SALE-250716-3-000002', NULL, NULL, 6, 6, 3, 'Mozilla/5.0 (Linux; Android 10; K) AppleWebKit/537.36 (KHTML, like Gecko) Chrome/138.0.0.0 Mobile Safari/537.36', '196.154.64.173', '/api/invoice/14', NULL, '2025-07-19 13:14:04', '2025-07-19 13:14:04'),
(261, 'إلغاء', 'App\\Models\\Invoice', '13', '\"{\\\"id\\\":13,\\\"invoice_number\\\":\\\"SALE-250716-3-000001\\\",\\\"due_date\\\":null,\\\"gross_amount\\\":\\\"1000.00\\\",\\\"total_discount\\\":\\\"0.00\\\",\\\"net_amount\\\":\\\"1000.00\\\",\\\"paid_amount\\\":\\\"500.00\\\",\\\"remaining_amount\\\":\\\"500.00\\\",\\\"status\\\":\\\"canceled\\\",\\\"notes\\\":null,\\\"company_id\\\":3,\\\"created_by\\\":6,\\\"user_id\\\":65,\\\"invoice_type_id\\\":2,\\\"cash_box_id\\\":null,\\\"invoice_type_code\\\":\\\"sale\\\",\\\"round_step\\\":null,\\\"created_at\\\":\\\"2025-07-16T20:19:00.000000Z\\\",\\\"updated_at\\\":\\\"2025-07-19T13:14:07.000000Z\\\",\\\"updated_by\\\":6,\\\"deleted_at\\\":null}\"', '\"{\\\"status\\\":\\\"canceled\\\"}\"', 'قام المستخدم ابو حبيبة بإلغاء إلغاء فاتورة بيع رقم SALE-250716-3-000001', NULL, NULL, 6, 6, 3, 'Mozilla/5.0 (Linux; Android 10; K) AppleWebKit/537.36 (KHTML, like Gecko) Chrome/138.0.0.0 Mobile Safari/537.36', '196.154.64.173', '/api/invoice/13', NULL, '2025-07-19 13:14:07', '2025-07-19 13:14:07'),
(262, 'انشاء', 'App\\Models\\Invoice', '32', NULL, '\"{\\\"invoice_type_id\\\":2,\\\"invoice_type_code\\\":\\\"sale\\\",\\\"due_date\\\":null,\\\"status\\\":\\\"confirmed\\\",\\\"user_id\\\":65,\\\"gross_amount\\\":1300,\\\"total_discount\\\":300,\\\"net_amount\\\":1000,\\\"paid_amount\\\":1000,\\\"remaining_amount\\\":0,\\\"round_step\\\":null,\\\"company_id\\\":3,\\\"created_by\\\":6,\\\"invoice_number\\\":\\\"SALE-250719-3-000006\\\",\\\"updated_at\\\":\\\"2025-07-19 17:28:34\\\",\\\"created_at\\\":\\\"2025-07-19 17:28:34\\\",\\\"id\\\":32}\"', ' قام المستخدم ابو حبيبةإنشاء فاتورة بيع رقم SALE-250719-3-000006', NULL, NULL, 6, 6, 3, 'Mozilla/5.0 (Linux; Android 10; K) AppleWebKit/537.36 (KHTML, like Gecko) Chrome/138.0.0.0 Mobile Safari/537.36', '196.152.219.79', '/api/invoice', NULL, '2025-07-19 17:28:34', '2025-07-19 17:28:34'),
(263, 'انشاء', 'App\\Models\\User', '67', NULL, '\"{\\\"phone\\\":\\\"01022105994\\\",\\\"password\\\":\\\"$2y$12$Z9zolCKjmSMKVkQLecY5quUd3UsfW5DOYtSQrf3jUQY2VHEa1XCXG\\\",\\\"email\\\":null,\\\"full_name\\\":\\\"\\\\u0627\\\\u0645 \\\\u0645\\\\u062d\\\\u0645\\\\u0648\\\\u062f\\\",\\\"nickname\\\":\\\"\\\\u0627\\\\u0644\\\\u0627\\\\u0635\\\\u0646\\\\u062c\\\",\\\"username\\\":null,\\\"company_id\\\":2,\\\"customer_type\\\":\\\"retail\\\",\\\"created_by\\\":5,\\\"updated_at\\\":\\\"2025-07-21 18:08:39\\\",\\\"created_at\\\":\\\"2025-07-21 18:08:39\\\",\\\"id\\\":67}\"', ' قام المستخدم ابو نديبانشاء المستخدم الاصنج', NULL, NULL, 5, 5, 2, 'Mozilla/5.0 (Windows NT 10.0; Win64; x64) AppleWebKit/537.36 (KHTML, like Gecko) Chrome/138.0.0.0 Safari/537.36', '156.211.110.167', '/api/user', NULL, '2025-07-21 18:08:39', '2025-07-21 18:08:39'),
(264, 'انشاء', 'App\\Models\\User', '68', NULL, '\"{\\\"phone\\\":\\\"01097701182\\\",\\\"password\\\":\\\"$2y$12$xJSVjzDDf49tZ5ICWo8JleNUKugZuQuibvB4omVdotpjR8so138Eq\\\",\\\"email\\\":null,\\\"full_name\\\":\\\"\\\\u062d\\\\u0633\\\\u064a\\\\u0646 \\\\u0627\\\\u0644\\\\u062d\\\\u0641\\\\u0646\\\\u064a\\\",\\\"nickname\\\":\\\"\\\\u0627\\\\u062e\\\\u0648 \\\\u0627\\\\u0645 \\\\u0628\\\\u0631\\\\u0627\\\\u0621\\\",\\\"username\\\":null,\\\"company_id\\\":2,\\\"customer_type\\\":\\\"retail\\\",\\\"created_by\\\":5,\\\"updated_at\\\":\\\"2025-07-21 18:10:40\\\",\\\"created_at\\\":\\\"2025-07-21 18:10:40\\\",\\\"id\\\":68}\"', ' قام المستخدم ابو نديبانشاء المستخدم اخو ام براء', NULL, NULL, 5, 5, 2, 'Mozilla/5.0 (Windows NT 10.0; Win64; x64) AppleWebKit/537.36 (KHTML, like Gecko) Chrome/138.0.0.0 Safari/537.36', '156.211.110.167', '/api/user', NULL, '2025-07-21 18:10:40', '2025-07-21 18:10:40'),
(265, 'انشاء', 'App\\Models\\Invoice', '33', NULL, '\"{\\\"invoice_type_id\\\":1,\\\"invoice_type_code\\\":\\\"installment_sale\\\",\\\"due_date\\\":null,\\\"status\\\":\\\"confirmed\\\",\\\"user_id\\\":67,\\\"gross_amount\\\":3000,\\\"total_discount\\\":0,\\\"net_amount\\\":3000,\\\"paid_amount\\\":0,\\\"remaining_amount\\\":3000,\\\"round_step\\\":190,\\\"company_id\\\":2,\\\"created_by\\\":5,\\\"invoice_number\\\":\\\"INS_SAL-250722-2-000010\\\",\\\"updated_at\\\":\\\"2025-07-22 08:52:06\\\",\\\"created_at\\\":\\\"2025-07-22 08:52:06\\\",\\\"id\\\":33}\"', ' قام المستخدم ابو نديإنشاء فاتورة بيع بالتقسيط رقم INS_SAL-250722-2-000010', NULL, NULL, 5, 5, 2, 'Mozilla/5.0 (Windows NT 10.0; Win64; x64) AppleWebKit/537.36 (KHTML, like Gecko) Chrome/138.0.0.0 Safari/537.36', '156.211.110.167', '/api/invoice', NULL, '2025-07-22 08:52:06', '2025-07-22 08:52:06'),
(266, 'إلغاء', 'App\\Models\\Invoice', '33', '\"{\\\"id\\\":33,\\\"invoice_number\\\":\\\"INS_SAL-250722-2-000010\\\",\\\"due_date\\\":null,\\\"gross_amount\\\":\\\"3000.00\\\",\\\"total_discount\\\":\\\"0.00\\\",\\\"net_amount\\\":\\\"3000.00\\\",\\\"paid_amount\\\":\\\"0.00\\\",\\\"remaining_amount\\\":\\\"3000.00\\\",\\\"status\\\":\\\"canceled\\\",\\\"notes\\\":null,\\\"company_id\\\":2,\\\"created_by\\\":5,\\\"user_id\\\":67,\\\"invoice_type_id\\\":1,\\\"cash_box_id\\\":null,\\\"invoice_type_code\\\":\\\"installment_sale\\\",\\\"round_step\\\":190,\\\"created_at\\\":\\\"2025-07-22T08:52:06.000000Z\\\",\\\"updated_at\\\":\\\"2025-07-22T08:53:29.000000Z\\\",\\\"updated_by\\\":5,\\\"deleted_at\\\":null}\"', '\"{\\\"status\\\":\\\"canceled\\\"}\"', 'قام المستخدم ابو ندي بإلغاء إلغاء فاتورة بيع بالتقسيط رقم INS_SAL-250722-2-000010', NULL, NULL, 5, 5, 2, 'Mozilla/5.0 (Windows NT 10.0; Win64; x64) AppleWebKit/537.36 (KHTML, like Gecko) Chrome/138.0.0.0 Safari/537.36', '156.211.110.167', '/api/invoice/33', NULL, '2025-07-22 08:53:29', '2025-07-22 08:53:29'),
(267, 'انشاء', 'App\\Models\\Invoice', '34', NULL, '\"{\\\"invoice_type_id\\\":1,\\\"invoice_type_code\\\":\\\"installment_sale\\\",\\\"due_date\\\":null,\\\"status\\\":\\\"confirmed\\\",\\\"user_id\\\":67,\\\"gross_amount\\\":3000,\\\"total_discount\\\":\\\"0.00\\\",\\\"net_amount\\\":3000,\\\"paid_amount\\\":\\\"0.00\\\",\\\"remaining_amount\\\":3000,\\\"round_step\\\":10,\\\"company_id\\\":2,\\\"created_by\\\":5,\\\"invoice_number\\\":\\\"INS_SAL-250722-2-000011\\\",\\\"updated_at\\\":\\\"2025-07-22 08:53:29\\\",\\\"created_at\\\":\\\"2025-07-22 08:53:29\\\",\\\"id\\\":34}\"', ' قام المستخدم ابو نديإنشاء فاتورة بيع بالتقسيط رقم INS_SAL-250722-2-000011', NULL, NULL, 5, 5, 2, 'Mozilla/5.0 (Windows NT 10.0; Win64; x64) AppleWebKit/537.36 (KHTML, like Gecko) Chrome/138.0.0.0 Safari/537.36', '156.211.110.167', '/api/invoice/33', NULL, '2025-07-22 08:53:29', '2025-07-22 08:53:29'),
(268, 'تعديل', 'App\\Models\\Invoice', '34', '\"{\\\"invoice_type_id\\\":1,\\\"invoice_type_code\\\":\\\"installment_sale\\\",\\\"due_date\\\":null,\\\"status\\\":\\\"confirmed\\\",\\\"user_id\\\":67,\\\"gross_amount\\\":3000,\\\"total_discount\\\":\\\"0.00\\\",\\\"net_amount\\\":3000,\\\"paid_amount\\\":\\\"0.00\\\",\\\"remaining_amount\\\":3000,\\\"round_step\\\":10,\\\"company_id\\\":2,\\\"created_by\\\":5,\\\"invoice_number\\\":\\\"INS_SAL-250722-2-000011\\\",\\\"updated_at\\\":\\\"2025-07-22T08:53:29.000000Z\\\",\\\"created_at\\\":\\\"2025-07-22T08:53:29.000000Z\\\",\\\"id\\\":34}\"', '\"[]\"', 'قام المستخدم ابو ندي بتعديل تحديث فاتورة بيع بالتقسيط رقم INS_SAL-250722-2-000011 (تم استبدال الفاتورة القديمة INS_SAL-250722-2-000010)', NULL, NULL, 5, 5, 2, 'Mozilla/5.0 (Windows NT 10.0; Win64; x64) AppleWebKit/537.36 (KHTML, like Gecko) Chrome/138.0.0.0 Safari/537.36', '156.211.110.167', '/api/invoice/33', NULL, '2025-07-22 08:53:29', '2025-07-22 08:53:29'),
(269, 'إلغاء', 'App\\Models\\Invoice', '34', '\"{\\\"id\\\":34,\\\"invoice_number\\\":\\\"INS_SAL-250722-2-000011\\\",\\\"due_date\\\":null,\\\"gross_amount\\\":\\\"3000.00\\\",\\\"total_discount\\\":\\\"0.00\\\",\\\"net_amount\\\":\\\"3000.00\\\",\\\"paid_amount\\\":\\\"0.00\\\",\\\"remaining_amount\\\":\\\"3000.00\\\",\\\"status\\\":\\\"canceled\\\",\\\"notes\\\":null,\\\"company_id\\\":2,\\\"created_by\\\":5,\\\"user_id\\\":67,\\\"invoice_type_id\\\":1,\\\"cash_box_id\\\":null,\\\"invoice_type_code\\\":\\\"installment_sale\\\",\\\"round_step\\\":10,\\\"created_at\\\":\\\"2025-07-22T08:53:29.000000Z\\\",\\\"updated_at\\\":\\\"2025-07-22T09:06:56.000000Z\\\",\\\"updated_by\\\":5,\\\"deleted_at\\\":null}\"', '\"{\\\"status\\\":\\\"canceled\\\"}\"', 'قام المستخدم ابو ندي بإلغاء إلغاء فاتورة بيع بالتقسيط رقم INS_SAL-250722-2-000011', NULL, NULL, 5, 5, 2, 'Mozilla/5.0 (Windows NT 10.0; Win64; x64) AppleWebKit/537.36 (KHTML, like Gecko) Chrome/138.0.0.0 Safari/537.36', '197.53.82.208', '/api/invoice/34', NULL, '2025-07-22 09:06:56', '2025-07-22 09:06:56'),
(270, 'انشاء', 'App\\Models\\Invoice', '35', NULL, '\"{\\\"invoice_type_id\\\":1,\\\"invoice_type_code\\\":\\\"installment_sale\\\",\\\"due_date\\\":null,\\\"status\\\":\\\"confirmed\\\",\\\"user_id\\\":67,\\\"gross_amount\\\":3000,\\\"total_discount\\\":\\\"0.00\\\",\\\"net_amount\\\":3000,\\\"paid_amount\\\":\\\"0.00\\\",\\\"remaining_amount\\\":3000,\\\"round_step\\\":10,\\\"company_id\\\":2,\\\"created_by\\\":5,\\\"invoice_number\\\":\\\"INS_SAL-250722-2-000012\\\",\\\"updated_at\\\":\\\"2025-07-22 09:06:56\\\",\\\"created_at\\\":\\\"2025-07-22 09:06:56\\\",\\\"id\\\":35}\"', ' قام المستخدم ابو نديإنشاء فاتورة بيع بالتقسيط رقم INS_SAL-250722-2-000012', NULL, NULL, 5, 5, 2, 'Mozilla/5.0 (Windows NT 10.0; Win64; x64) AppleWebKit/537.36 (KHTML, like Gecko) Chrome/138.0.0.0 Safari/537.36', '197.53.82.208', '/api/invoice/34', NULL, '2025-07-22 09:06:56', '2025-07-22 09:06:56'),
(271, 'تعديل', 'App\\Models\\Invoice', '35', '\"{\\\"invoice_type_id\\\":1,\\\"invoice_type_code\\\":\\\"installment_sale\\\",\\\"due_date\\\":null,\\\"status\\\":\\\"confirmed\\\",\\\"user_id\\\":67,\\\"gross_amount\\\":3000,\\\"total_discount\\\":\\\"0.00\\\",\\\"net_amount\\\":3000,\\\"paid_amount\\\":\\\"0.00\\\",\\\"remaining_amount\\\":3000,\\\"round_step\\\":10,\\\"company_id\\\":2,\\\"created_by\\\":5,\\\"invoice_number\\\":\\\"INS_SAL-250722-2-000012\\\",\\\"updated_at\\\":\\\"2025-07-22T09:06:56.000000Z\\\",\\\"created_at\\\":\\\"2025-07-22T09:06:56.000000Z\\\",\\\"id\\\":35}\"', '\"[]\"', 'قام المستخدم ابو ندي بتعديل تحديث فاتورة بيع بالتقسيط رقم INS_SAL-250722-2-000012 (تم استبدال الفاتورة القديمة INS_SAL-250722-2-000011)', NULL, NULL, 5, 5, 2, 'Mozilla/5.0 (Windows NT 10.0; Win64; x64) AppleWebKit/537.36 (KHTML, like Gecko) Chrome/138.0.0.0 Safari/537.36', '197.53.82.208', '/api/invoice/34', NULL, '2025-07-22 09:06:56', '2025-07-22 09:06:56'),
(272, 'انشاء', 'App\\Models\\Invoice', '36', NULL, '\"{\\\"invoice_type_id\\\":1,\\\"invoice_type_code\\\":\\\"installment_sale\\\",\\\"due_date\\\":null,\\\"status\\\":\\\"confirmed\\\",\\\"user_id\\\":65,\\\"gross_amount\\\":4000,\\\"total_discount\\\":0,\\\"net_amount\\\":4000,\\\"paid_amount\\\":0,\\\"remaining_amount\\\":4000,\\\"round_step\\\":10,\\\"company_id\\\":3,\\\"created_by\\\":6,\\\"invoice_number\\\":\\\"INS_SAL-250722-3-000010\\\",\\\"updated_at\\\":\\\"2025-07-22 10:29:35\\\",\\\"created_at\\\":\\\"2025-07-22 10:29:35\\\",\\\"id\\\":36}\"', ' قام المستخدم ابو حبيبةإنشاء فاتورة بيع بالتقسيط رقم INS_SAL-250722-3-000010', NULL, NULL, 6, 6, 3, 'Mozilla/5.0 (Linux; Android 10; K) AppleWebKit/537.36 (KHTML, like Gecko) Chrome/138.0.0.0 Mobile Safari/537.36', '196.154.71.189', '/api/invoice', NULL, '2025-07-22 10:29:36', '2025-07-22 10:29:36'),
(273, 'انشاء', 'App\\Models\\Invoice', '37', NULL, '\"{\\\"invoice_type_id\\\":1,\\\"invoice_type_code\\\":\\\"installment_sale\\\",\\\"due_date\\\":null,\\\"status\\\":\\\"confirmed\\\",\\\"user_id\\\":65,\\\"gross_amount\\\":8000,\\\"total_discount\\\":0,\\\"net_amount\\\":8000,\\\"paid_amount\\\":0,\\\"remaining_amount\\\":8000,\\\"round_step\\\":10,\\\"company_id\\\":3,\\\"created_by\\\":6,\\\"invoice_number\\\":\\\"INS_SAL-250723-3-000011\\\",\\\"updated_at\\\":\\\"2025-07-23 07:09:30\\\",\\\"created_at\\\":\\\"2025-07-23 07:09:30\\\",\\\"id\\\":37}\"', ' قام المستخدم ابو حبيبةإنشاء فاتورة بيع بالتقسيط رقم INS_SAL-250723-3-000011', NULL, NULL, 6, 6, 3, 'Mozilla/5.0 (Linux; Android 10; K) AppleWebKit/537.36 (KHTML, like Gecko) Chrome/138.0.0.0 Mobile Safari/537.36', '154.186.126.61', '/api/invoice', NULL, '2025-07-23 07:09:30', '2025-07-23 07:09:30'),
(274, 'انشاء', 'App\\Models\\Invoice', '39', NULL, '\"{\\\"invoice_type_id\\\":1,\\\"invoice_type_code\\\":\\\"installment_sale\\\",\\\"due_date\\\":null,\\\"status\\\":\\\"confirmed\\\",\\\"user_id\\\":7,\\\"gross_amount\\\":2300,\\\"total_discount\\\":0,\\\"net_amount\\\":2300,\\\"paid_amount\\\":0,\\\"remaining_amount\\\":2300,\\\"round_step\\\":1,\\\"company_id\\\":2,\\\"created_by\\\":5,\\\"invoice_number\\\":\\\"INS_SAL-250724-2-000013\\\",\\\"updated_at\\\":\\\"2025-07-24 19:38:39\\\",\\\"created_at\\\":\\\"2025-07-24 19:38:39\\\",\\\"id\\\":39}\"', ' قام المستخدم ابو نديإنشاء فاتورة بيع بالتقسيط رقم INS_SAL-250724-2-000013', NULL, NULL, 5, 5, 2, 'Mozilla/5.0 (Windows NT 10.0; Win64; x64) AppleWebKit/537.36 (KHTML, like Gecko) Chrome/138.0.0.0 Safari/537.36', '156.211.58.208', '/api/invoice', NULL, '2025-07-24 19:38:39', '2025-07-24 19:38:39'),
(275, 'انشاء', 'App\\Models\\User', '69', NULL, '\"{\\\"phone\\\":\\\"01090390709\\\",\\\"password\\\":\\\"$2y$12$VhibZAgE5ImAmVA\\\\\\/CL0MVOBs4HeT4q0e7YJjYAntKkHL92KxzIp6a\\\",\\\"email\\\":null,\\\"full_name\\\":\\\"\\\\u0627\\\\u062d\\\\u0645\\\\u062f \\\\u0635\\\\u0627\\\\u0628\\\\u0631\\\",\\\"nickname\\\":\\\"\\\\u0627\\\\u062d\\\\u062f \\\\u0635\\\\u0627\\\\u0628\\\\u0631\\\",\\\"username\\\":null,\\\"company_id\\\":2,\\\"customer_type\\\":\\\"retail\\\",\\\"created_by\\\":5,\\\"updated_at\\\":\\\"2025-07-28 12:20:02\\\",\\\"created_at\\\":\\\"2025-07-28 12:20:02\\\",\\\"id\\\":69}\"', ' قام المستخدم ابو نديبانشاء المستخدم احد صابر', NULL, NULL, 5, 5, 2, 'Mozilla/5.0 (Windows NT 10.0; Win64; x64) AppleWebKit/537.36 (KHTML, like Gecko) Chrome/138.0.0.0 Safari/537.36', '156.211.48.64', '/api/user', NULL, '2025-07-28 12:20:02', '2025-07-28 12:20:02'),
(276, 'انشاء', 'App\\Models\\Invoice', '53', NULL, '\"{\\\"invoice_type_id\\\":1,\\\"invoice_type_code\\\":\\\"installment_sale\\\",\\\"due_date\\\":null,\\\"status\\\":\\\"confirmed\\\",\\\"user_id\\\":65,\\\"gross_amount\\\":4000,\\\"total_discount\\\":0,\\\"net_amount\\\":4000,\\\"paid_amount\\\":0,\\\"remaining_amount\\\":4000,\\\"round_step\\\":10,\\\"company_id\\\":3,\\\"created_by\\\":6,\\\"invoice_number\\\":\\\"INS_SAL-250729-3-000012\\\",\\\"updated_at\\\":\\\"2025-07-29 15:57:34\\\",\\\"created_at\\\":\\\"2025-07-29 15:57:34\\\",\\\"id\\\":53}\"', ' قام المستخدم ابو حبيبةإنشاء فاتورة بيع بالتقسيط رقم INS_SAL-250729-3-000012', NULL, NULL, 6, 6, 3, 'Mozilla/5.0 (Windows NT 10.0; Win64; x64) AppleWebKit/537.36 (KHTML, like Gecko) Chrome/138.0.0.0 Safari/537.36 Edg/138.0.0.0', '156.211.48.64', '/api/invoice', NULL, '2025-07-29 15:57:34', '2025-07-29 15:57:34'),
(277, 'إلغاء', 'App\\Models\\Invoice', '39', '\"{\\\"id\\\":39,\\\"invoice_number\\\":\\\"INS_SAL-250724-2-000013\\\",\\\"due_date\\\":null,\\\"gross_amount\\\":\\\"2300.00\\\",\\\"total_discount\\\":\\\"0.00\\\",\\\"net_amount\\\":\\\"2300.00\\\",\\\"paid_amount\\\":\\\"0.00\\\",\\\"remaining_amount\\\":\\\"2300.00\\\",\\\"status\\\":\\\"canceled\\\",\\\"notes\\\":null,\\\"company_id\\\":2,\\\"created_by\\\":5,\\\"user_id\\\":7,\\\"invoice_type_id\\\":1,\\\"cash_box_id\\\":null,\\\"invoice_type_code\\\":\\\"installment_sale\\\",\\\"round_step\\\":1,\\\"created_at\\\":\\\"2025-07-24T19:38:39.000000Z\\\",\\\"updated_at\\\":\\\"2025-07-30T06:30:48.000000Z\\\",\\\"updated_by\\\":5,\\\"deleted_at\\\":null}\"', '\"{\\\"status\\\":\\\"canceled\\\"}\"', 'قام المستخدم ابو ندي بإلغاء إلغاء فاتورة بيع بالتقسيط رقم INS_SAL-250724-2-000013', NULL, NULL, 5, 5, 2, 'Mozilla/5.0 (Windows NT 10.0; Win64; x64) AppleWebKit/537.36 (KHTML, like Gecko) Chrome/138.0.0.0 Safari/537.36', '156.211.48.64', '/api/invoice/39', NULL, '2025-07-30 06:30:48', '2025-07-30 06:30:48'),
(278, 'انشاء', 'App\\Models\\Invoice', '54', NULL, '\"{\\\"invoice_type_id\\\":1,\\\"invoice_type_code\\\":\\\"installment_sale\\\",\\\"due_date\\\":null,\\\"status\\\":\\\"confirmed\\\",\\\"user_id\\\":7,\\\"gross_amount\\\":2300,\\\"total_discount\\\":\\\"0.00\\\",\\\"net_amount\\\":2300,\\\"paid_amount\\\":\\\"0.00\\\",\\\"remaining_amount\\\":2300,\\\"round_step\\\":1,\\\"company_id\\\":2,\\\"created_by\\\":5,\\\"invoice_number\\\":\\\"INS_SAL-250730-2-000014\\\",\\\"updated_at\\\":\\\"2025-07-30 06:30:48\\\",\\\"created_at\\\":\\\"2025-07-30 06:30:48\\\",\\\"id\\\":54}\"', ' قام المستخدم ابو نديإنشاء فاتورة بيع بالتقسيط رقم INS_SAL-250730-2-000014', NULL, NULL, 5, 5, 2, 'Mozilla/5.0 (Windows NT 10.0; Win64; x64) AppleWebKit/537.36 (KHTML, like Gecko) Chrome/138.0.0.0 Safari/537.36', '156.211.48.64', '/api/invoice/39', NULL, '2025-07-30 06:30:48', '2025-07-30 06:30:48'),
(279, 'تعديل', 'App\\Models\\Invoice', '54', '\"{\\\"invoice_type_id\\\":1,\\\"invoice_type_code\\\":\\\"installment_sale\\\",\\\"due_date\\\":null,\\\"status\\\":\\\"confirmed\\\",\\\"user_id\\\":7,\\\"gross_amount\\\":2300,\\\"total_discount\\\":\\\"0.00\\\",\\\"net_amount\\\":2300,\\\"paid_amount\\\":\\\"0.00\\\",\\\"remaining_amount\\\":2300,\\\"round_step\\\":1,\\\"company_id\\\":2,\\\"created_by\\\":5,\\\"invoice_number\\\":\\\"INS_SAL-250730-2-000014\\\",\\\"updated_at\\\":\\\"2025-07-30T06:30:48.000000Z\\\",\\\"created_at\\\":\\\"2025-07-30T06:30:48.000000Z\\\",\\\"id\\\":54}\"', '\"[]\"', 'قام المستخدم ابو ندي بتعديل تحديث فاتورة بيع بالتقسيط رقم INS_SAL-250730-2-000014 (تم استبدال الفاتورة القديمة INS_SAL-250724-2-000013)', NULL, NULL, 5, 5, 2, 'Mozilla/5.0 (Windows NT 10.0; Win64; x64) AppleWebKit/537.36 (KHTML, like Gecko) Chrome/138.0.0.0 Safari/537.36', '156.211.48.64', '/api/invoice/39', NULL, '2025-07-30 06:30:48', '2025-07-30 06:30:48'),
(280, 'انشاء', 'App\\Models\\Invoice', '55', NULL, '\"{\\\"invoice_type_id\\\":1,\\\"invoice_type_code\\\":\\\"installment_sale\\\",\\\"due_date\\\":null,\\\"status\\\":\\\"confirmed\\\",\\\"user_id\\\":69,\\\"gross_amount\\\":4000,\\\"total_discount\\\":0,\\\"net_amount\\\":4000,\\\"paid_amount\\\":0,\\\"remaining_amount\\\":4000,\\\"round_step\\\":10,\\\"company_id\\\":2,\\\"created_by\\\":5,\\\"invoice_number\\\":\\\"INS_SAL-250730-2-000015\\\",\\\"updated_at\\\":\\\"2025-07-30 06:39:39\\\",\\\"created_at\\\":\\\"2025-07-30 06:39:39\\\",\\\"id\\\":55}\"', ' قام المستخدم ابو نديإنشاء فاتورة بيع بالتقسيط رقم INS_SAL-250730-2-000015', NULL, NULL, 5, 5, 2, 'Mozilla/5.0 (Windows NT 10.0; Win64; x64) AppleWebKit/537.36 (KHTML, like Gecko) Chrome/138.0.0.0 Safari/537.36', '156.211.48.64', '/api/invoice', NULL, '2025-07-30 06:39:39', '2025-07-30 06:39:39'),
(281, 'انشاء', 'App\\Models\\Invoice', '56', NULL, '\"{\\\"invoice_type_id\\\":1,\\\"invoice_type_code\\\":\\\"installment_sale\\\",\\\"due_date\\\":null,\\\"status\\\":\\\"confirmed\\\",\\\"user_id\\\":6,\\\"gross_amount\\\":11500,\\\"total_discount\\\":0,\\\"net_amount\\\":11500,\\\"paid_amount\\\":0,\\\"remaining_amount\\\":11500,\\\"round_step\\\":10,\\\"company_id\\\":2,\\\"created_by\\\":5,\\\"invoice_number\\\":\\\"INS_SAL-250730-2-000016\\\",\\\"updated_at\\\":\\\"2025-07-30 06:47:22\\\",\\\"created_at\\\":\\\"2025-07-30 06:47:22\\\",\\\"id\\\":56}\"', ' قام المستخدم ابو نديإنشاء فاتورة بيع بالتقسيط رقم INS_SAL-250730-2-000016', NULL, NULL, 5, 5, 2, 'Mozilla/5.0 (Windows NT 10.0; Win64; x64) AppleWebKit/537.36 (KHTML, like Gecko) Chrome/138.0.0.0 Safari/537.36', '156.211.48.64', '/api/invoice', NULL, '2025-07-30 06:47:22', '2025-07-30 06:47:22'),
(282, 'إلغاء', 'App\\Models\\Invoice', '56', '\"{\\\"id\\\":56,\\\"invoice_number\\\":\\\"INS_SAL-250730-2-000016\\\",\\\"due_date\\\":null,\\\"gross_amount\\\":\\\"11500.00\\\",\\\"total_discount\\\":\\\"0.00\\\",\\\"net_amount\\\":\\\"11500.00\\\",\\\"paid_amount\\\":\\\"0.00\\\",\\\"remaining_amount\\\":\\\"11500.00\\\",\\\"status\\\":\\\"canceled\\\",\\\"notes\\\":null,\\\"company_id\\\":2,\\\"created_by\\\":5,\\\"user_id\\\":6,\\\"invoice_type_id\\\":1,\\\"cash_box_id\\\":null,\\\"invoice_type_code\\\":\\\"installment_sale\\\",\\\"round_step\\\":10,\\\"created_at\\\":\\\"2025-07-30T06:47:22.000000Z\\\",\\\"updated_at\\\":\\\"2025-07-30T06:48:39.000000Z\\\",\\\"updated_by\\\":5,\\\"deleted_at\\\":null}\"', '\"{\\\"status\\\":\\\"canceled\\\"}\"', 'قام المستخدم ابو ندي بإلغاء إلغاء فاتورة بيع بالتقسيط رقم INS_SAL-250730-2-000016', NULL, NULL, 5, 5, 2, 'Mozilla/5.0 (Windows NT 10.0; Win64; x64) AppleWebKit/537.36 (KHTML, like Gecko) Chrome/138.0.0.0 Safari/537.36', '156.211.48.64', '/api/invoice/56', NULL, '2025-07-30 06:48:39', '2025-07-30 06:48:39'),
(283, 'انشاء', 'App\\Models\\Invoice', '57', NULL, '\"{\\\"invoice_type_id\\\":1,\\\"invoice_type_code\\\":\\\"installment_sale\\\",\\\"due_date\\\":null,\\\"status\\\":\\\"confirmed\\\",\\\"user_id\\\":6,\\\"gross_amount\\\":11500,\\\"total_discount\\\":\\\"0.00\\\",\\\"net_amount\\\":11500,\\\"paid_amount\\\":\\\"0.00\\\",\\\"remaining_amount\\\":11500,\\\"round_step\\\":10,\\\"company_id\\\":2,\\\"created_by\\\":5,\\\"invoice_number\\\":\\\"INS_SAL-250730-2-000017\\\",\\\"updated_at\\\":\\\"2025-07-30 06:48:39\\\",\\\"created_at\\\":\\\"2025-07-30 06:48:39\\\",\\\"id\\\":57}\"', ' قام المستخدم ابو نديإنشاء فاتورة بيع بالتقسيط رقم INS_SAL-250730-2-000017', NULL, NULL, 5, 5, 2, 'Mozilla/5.0 (Windows NT 10.0; Win64; x64) AppleWebKit/537.36 (KHTML, like Gecko) Chrome/138.0.0.0 Safari/537.36', '156.211.48.64', '/api/invoice/56', NULL, '2025-07-30 06:48:39', '2025-07-30 06:48:39'),
(284, 'تعديل', 'App\\Models\\Invoice', '57', '\"{\\\"invoice_type_id\\\":1,\\\"invoice_type_code\\\":\\\"installment_sale\\\",\\\"due_date\\\":null,\\\"status\\\":\\\"confirmed\\\",\\\"user_id\\\":6,\\\"gross_amount\\\":11500,\\\"total_discount\\\":\\\"0.00\\\",\\\"net_amount\\\":11500,\\\"paid_amount\\\":\\\"0.00\\\",\\\"remaining_amount\\\":11500,\\\"round_step\\\":10,\\\"company_id\\\":2,\\\"created_by\\\":5,\\\"invoice_number\\\":\\\"INS_SAL-250730-2-000017\\\",\\\"updated_at\\\":\\\"2025-07-30T06:48:39.000000Z\\\",\\\"created_at\\\":\\\"2025-07-30T06:48:39.000000Z\\\",\\\"id\\\":57}\"', '\"[]\"', 'قام المستخدم ابو ندي بتعديل تحديث فاتورة بيع بالتقسيط رقم INS_SAL-250730-2-000017 (تم استبدال الفاتورة القديمة INS_SAL-250730-2-000016)', NULL, NULL, 5, 5, 2, 'Mozilla/5.0 (Windows NT 10.0; Win64; x64) AppleWebKit/537.36 (KHTML, like Gecko) Chrome/138.0.0.0 Safari/537.36', '156.211.48.64', '/api/invoice/56', NULL, '2025-07-30 06:48:39', '2025-07-30 06:48:39'),
(285, 'انشاء', 'App\\Models\\User', '45', NULL, '\"{\\\"id\\\":45,\\\"phone\\\":\\\"01007545501\\\",\\\"password\\\":\\\"$2y$12$B6vwL1fHZ\\\\\\/gfPdBQaJ1nf..qJuLD.88sjEFnGpSqnPMMq6s2zbhs.\\\",\\\"email\\\":null,\\\"username\\\":null,\\\"nickname\\\":\\\"\\\\u0627\\\\u0645 \\\\u0645\\\\u062d\\\\u0645\\\\u062f \\\\u0627\\\\u0644\\\\u0633\\\\u064a\\\\u0633\\\\u064a\\\",\\\"full_name\\\":\\\"\\\\u0627\\\\u0645 \\\\u0645\\\\u062d\\\\u0645\\\\u062f \\\\u0627\\\\u0644\\\\u0633\\\\u064a\\\\u0633\\\\u064a\\\",\\\"position\\\":null,\\\"settings\\\":null,\\\"last_login_at\\\":null,\\\"email_verified_at\\\":null,\\\"balance\\\":\\\"0.00\\\",\\\"status\\\":\\\"1\\\",\\\"customer_type\\\":\\\"retail\\\",\\\"created_by\\\":15,\\\"company_id\\\":2,\\\"remember_token\\\":null,\\\"created_at\\\":\\\"2025-07-11 19:00:25\\\",\\\"updated_at\\\":\\\"2025-08-02 09:36:11\\\"}\"', ' قام المستخدم ابو نديبانشاء المستخدم ام عبدالله في الشركة اقساط', NULL, NULL, 5, 5, 2, 'Mozilla/5.0 (Windows NT 10.0; Win64; x64) AppleWebKit/537.36 (KHTML, like Gecko) Chrome/138.0.0.0 Safari/537.36', '156.211.48.64', '/api/user', NULL, '2025-08-02 09:36:11', '2025-08-02 09:36:11'),
(286, 'تعديل', 'App\\Models\\User', '45', '\"{\\\"id\\\":45,\\\"phone\\\":\\\"01007545501\\\",\\\"password\\\":\\\"$2y$12$B6vwL1fHZ\\\\\\/gfPdBQaJ1nf..qJuLD.88sjEFnGpSqnPMMq6s2zbhs.\\\",\\\"email\\\":null,\\\"username\\\":null,\\\"nickname\\\":\\\"\\\\u0627\\\\u0645 \\\\u0645\\\\u062d\\\\u0645\\\\u062f \\\\u0627\\\\u0644\\\\u0633\\\\u064a\\\\u0633\\\\u064a\\\",\\\"full_name\\\":\\\"\\\\u0627\\\\u0645 \\\\u0645\\\\u062d\\\\u0645\\\\u062f \\\\u0627\\\\u0644\\\\u0633\\\\u064a\\\\u0633\\\\u064a\\\",\\\"position\\\":null,\\\"settings\\\":null,\\\"last_login_at\\\":null,\\\"email_verified_at\\\":null,\\\"balance\\\":\\\"0.00\\\",\\\"status\\\":\\\"1\\\",\\\"customer_type\\\":\\\"retail\\\",\\\"created_by\\\":15,\\\"company_id\\\":null,\\\"remember_token\\\":null,\\\"created_at\\\":\\\"2025-07-11T19:00:25.000000Z\\\",\\\"updated_at\\\":\\\"2025-08-02T09:38:09.000000Z\\\"}\"', '\"{\\\"company_id\\\":null,\\\"updated_at\\\":\\\"2025-08-02 09:38:09\\\"}\"', 'قام المستخدم ابو ندي بتعديل بتحديث المستخدم ', NULL, NULL, 5, 5, 2, 'Mozilla/5.0 (Windows NT 10.0; Win64; x64) AppleWebKit/537.36 (KHTML, like Gecko) Chrome/138.0.0.0 Safari/537.36', '156.211.48.64', '/api/user/45', NULL, '2025-08-02 09:38:09', '2025-08-02 09:38:09'),
(287, 'تعديل', 'App\\Models\\User', '58', '\"{\\\"id\\\":58,\\\"phone\\\":\\\"01145768560\\\",\\\"password\\\":\\\"$2y$12$sNDZCukG\\\\\\/Rj2TDfMsgTEROGBtWmLK8f\\\\\\/GZpII3XjJ581gvcmVYyU.\\\",\\\"email\\\":null,\\\"username\\\":null,\\\"nickname\\\":\\\"\\\\u0627\\\\u0645 \\\\u064a\\\\u0627\\\\u0633\\\\u064a\\\\u0646 \\\\u0627\\\\u0644\\\\u062f\\\\u064a\\\\u0633\\\\u0648\\\\u0642\\\\u064a\\\",\\\"full_name\\\":\\\"\\\\u0627\\\\u0645 \\\\u064a\\\\u0627\\\\u0633\\\\u064a\\\\u0646 \\\\u0627\\\\u0644\\\\u062f\\\\u064a\\\\u0633\\\\u0648\\\\u0642\\\\u064a\\\",\\\"position\\\":null,\\\"settings\\\":null,\\\"last_login_at\\\":null,\\\"email_verified_at\\\":null,\\\"balance\\\":\\\"0.00\\\",\\\"status\\\":\\\"1\\\",\\\"customer_type\\\":\\\"retail\\\",\\\"created_by\\\":15,\\\"company_id\\\":null,\\\"remember_token\\\":null,\\\"created_at\\\":\\\"2025-07-11T19:33:45.000000Z\\\",\\\"updated_at\\\":\\\"2025-08-02T19:21:04.000000Z\\\"}\"', '\"{\\\"company_id\\\":null,\\\"updated_at\\\":\\\"2025-08-02 19:21:04\\\"}\"', 'قام المستخدم ابو ندي بتعديل بتحديث المستخدم ', NULL, NULL, 5, 5, 2, 'Mozilla/5.0 (Windows NT 10.0; Win64; x64) AppleWebKit/537.36 (KHTML, like Gecko) Chrome/138.0.0.0 Safari/537.36', '156.211.48.64', '/api/user/58', NULL, '2025-08-02 19:21:04', '2025-08-02 19:21:04'),
(288, 'تعديل', 'App\\Models\\User', '5', '\"{\\\"id\\\":5,\\\"phone\\\":\\\"01070475028\\\",\\\"password\\\":\\\"$2y$12$Eb7Gi\\\\\\/94E9cobc3u9R\\\\\\/PFeqRyP2a0uyb7.09Jr79JLrf0KP8MjtTO\\\",\\\"email\\\":null,\\\"username\\\":null,\\\"nickname\\\":\\\"\\\\u0627\\\\u0628\\\\u0648 \\\\u0646\\\\u062f\\\\u064a\\\",\\\"full_name\\\":\\\"\\\\u0648\\\\u0627\\\\u0626\\\\u0644 \\\\u0645\\\\u062d\\\\u0645\\\\u062f \\\\u0627\\\\u062d\\\\u0645\\\\u062f\\\",\\\"position\\\":null,\\\"settings\\\":null,\\\"last_login_at\\\":null,\\\"email_verified_at\\\":null,\\\"balance\\\":\\\"0.00\\\",\\\"status\\\":\\\"1\\\",\\\"customer_type\\\":\\\"retail\\\",\\\"created_by\\\":1,\\\"company_id\\\":10,\\\"remember_token\\\":null,\\\"created_at\\\":\\\"2025-07-09T06:43:59.000000Z\\\",\\\"updated_at\\\":\\\"2025-08-02T19:22:39.000000Z\\\"}\"', '\"{\\\"company_id\\\":10,\\\"updated_at\\\":\\\"2025-08-02 19:22:39\\\"}\"', 'قام المستخدم ابو ندي بتعديل بتغيير الشركة النشطة للمستخدم  إلى الشركة رقم 10', NULL, NULL, 5, 5, 2, 'Mozilla/5.0 (Windows NT 10.0; Win64; x64) AppleWebKit/537.36 (KHTML, like Gecko) Chrome/138.0.0.0 Safari/537.36', '156.211.48.64', '/api/change-company/5', NULL, '2025-08-02 19:22:39', '2025-08-02 19:22:39'),
(289, 'تعديل', 'App\\Models\\User', '5', '\"{\\\"id\\\":5,\\\"phone\\\":\\\"01070475028\\\",\\\"password\\\":\\\"$2y$12$Eb7Gi\\\\\\/94E9cobc3u9R\\\\\\/PFeqRyP2a0uyb7.09Jr79JLrf0KP8MjtTO\\\",\\\"email\\\":null,\\\"username\\\":null,\\\"nickname\\\":\\\"\\\\u0627\\\\u0628\\\\u0648 \\\\u0646\\\\u062f\\\\u064a\\\",\\\"full_name\\\":\\\"\\\\u0648\\\\u0627\\\\u0626\\\\u0644 \\\\u0645\\\\u062d\\\\u0645\\\\u062f \\\\u0627\\\\u062d\\\\u0645\\\\u062f\\\",\\\"position\\\":null,\\\"settings\\\":null,\\\"last_login_at\\\":null,\\\"email_verified_at\\\":null,\\\"balance\\\":\\\"0.00\\\",\\\"status\\\":\\\"1\\\",\\\"customer_type\\\":\\\"retail\\\",\\\"created_by\\\":1,\\\"company_id\\\":2,\\\"remember_token\\\":null,\\\"created_at\\\":\\\"2025-07-09T06:43:59.000000Z\\\",\\\"updated_at\\\":\\\"2025-08-02T19:22:48.000000Z\\\"}\"', '\"{\\\"company_id\\\":2,\\\"updated_at\\\":\\\"2025-08-02 19:22:48\\\"}\"', 'قام المستخدم ابو ندي بتعديل بتغيير الشركة النشطة للمستخدم  إلى الشركة رقم 2', NULL, NULL, 5, 5, 10, 'Mozilla/5.0 (Windows NT 10.0; Win64; x64) AppleWebKit/537.36 (KHTML, like Gecko) Chrome/138.0.0.0 Safari/537.36', '156.211.48.64', '/api/change-company/5', NULL, '2025-08-02 19:22:48', '2025-08-02 19:22:48'),
(290, 'تعديل', 'App\\Models\\User', '5', '\"{\\\"id\\\":5,\\\"phone\\\":\\\"01070475028\\\",\\\"password\\\":\\\"$2y$12$Eb7Gi\\\\\\/94E9cobc3u9R\\\\\\/PFeqRyP2a0uyb7.09Jr79JLrf0KP8MjtTO\\\",\\\"email\\\":null,\\\"username\\\":null,\\\"nickname\\\":\\\"\\\\u0627\\\\u0628\\\\u0648 \\\\u0646\\\\u062f\\\\u064a\\\",\\\"full_name\\\":\\\"\\\\u0648\\\\u0627\\\\u0626\\\\u0644 \\\\u0645\\\\u062d\\\\u0645\\\\u062f \\\\u0627\\\\u062d\\\\u0645\\\\u062f\\\",\\\"position\\\":null,\\\"settings\\\":null,\\\"last_login_at\\\":null,\\\"email_verified_at\\\":null,\\\"balance\\\":\\\"0.00\\\",\\\"status\\\":\\\"1\\\",\\\"customer_type\\\":\\\"retail\\\",\\\"created_by\\\":1,\\\"company_id\\\":10,\\\"remember_token\\\":null,\\\"created_at\\\":\\\"2025-07-09T06:43:59.000000Z\\\",\\\"updated_at\\\":\\\"2025-08-03T08:39:49.000000Z\\\"}\"', '\"{\\\"company_id\\\":10,\\\"updated_at\\\":\\\"2025-08-03 08:39:49\\\"}\"', 'قام المستخدم ابو ندي بتعديل بتغيير الشركة النشطة للمستخدم  إلى الشركة رقم 10', NULL, NULL, 5, 5, 2, 'Mozilla/5.0 (Windows NT 10.0; Win64; x64) AppleWebKit/537.36 (KHTML, like Gecko) Chrome/138.0.0.0 Safari/537.36 Edg/138.0.0.0', '156.211.48.64', '/api/change-company/5', NULL, '2025-08-03 08:39:49', '2025-08-03 08:39:49'),
(291, 'تعديل', 'App\\Models\\User', '5', '\"{\\\"id\\\":5,\\\"phone\\\":\\\"01070475028\\\",\\\"password\\\":\\\"$2y$12$Eb7Gi\\\\\\/94E9cobc3u9R\\\\\\/PFeqRyP2a0uyb7.09Jr79JLrf0KP8MjtTO\\\",\\\"email\\\":null,\\\"username\\\":null,\\\"nickname\\\":\\\"\\\\u0627\\\\u0628\\\\u0648 \\\\u0646\\\\u062f\\\\u064a\\\",\\\"full_name\\\":\\\"\\\\u0648\\\\u0627\\\\u0626\\\\u0644 \\\\u0645\\\\u062d\\\\u0645\\\\u062f \\\\u0627\\\\u062d\\\\u0645\\\\u062f\\\",\\\"position\\\":null,\\\"settings\\\":null,\\\"last_login_at\\\":null,\\\"email_verified_at\\\":null,\\\"balance\\\":\\\"0.00\\\",\\\"status\\\":\\\"1\\\",\\\"customer_type\\\":\\\"retail\\\",\\\"created_by\\\":1,\\\"company_id\\\":2,\\\"remember_token\\\":null,\\\"created_at\\\":\\\"2025-07-09T06:43:59.000000Z\\\",\\\"updated_at\\\":\\\"2025-08-03T08:46:31.000000Z\\\"}\"', '\"{\\\"company_id\\\":2,\\\"updated_at\\\":\\\"2025-08-03 08:46:31\\\"}\"', 'قام المستخدم ابو ندي بتعديل بتغيير الشركة النشطة للمستخدم  إلى الشركة رقم 2', NULL, NULL, 5, 5, 10, 'Mozilla/5.0 (Windows NT 10.0; Win64; x64) AppleWebKit/537.36 (KHTML, like Gecko) Chrome/138.0.0.0 Safari/537.36 Edg/138.0.0.0', '156.211.48.64', '/api/change-company/5', NULL, '2025-08-03 08:46:31', '2025-08-03 08:46:31'),
(292, 'تعديل', 'App\\Models\\User', '58', '\"{\\\"id\\\":58,\\\"phone\\\":\\\"01145768560\\\",\\\"password\\\":\\\"$2y$12$sNDZCukG\\\\\\/Rj2TDfMsgTEROGBtWmLK8f\\\\\\/GZpII3XjJ581gvcmVYyU.\\\",\\\"email\\\":null,\\\"username\\\":null,\\\"nickname\\\":\\\"\\\\u0627\\\\u0645 \\\\u064a\\\\u0627\\\\u0633\\\\u064a\\\\u0646 \\\\u0627\\\\u0644\\\\u062f\\\\u064a\\\\u0633\\\\u0648\\\\u0642\\\\u064a\\\",\\\"full_name\\\":\\\"\\\\u0627\\\\u0645 \\\\u064a\\\\u0627\\\\u0633\\\\u064a\\\\u0646 \\\\u0627\\\\u0644\\\\u062f\\\\u064a\\\\u0633\\\\u0648\\\\u0642\\\\u064a\\\",\\\"position\\\":null,\\\"settings\\\":null,\\\"last_login_at\\\":null,\\\"email_verified_at\\\":null,\\\"balance\\\":\\\"0.00\\\",\\\"status\\\":\\\"1\\\",\\\"customer_type\\\":\\\"retail\\\",\\\"created_by\\\":15,\\\"company_id\\\":null,\\\"remember_token\\\":null,\\\"created_at\\\":\\\"2025-07-11T19:33:45.000000Z\\\",\\\"updated_at\\\":\\\"2025-08-02T19:21:04.000000Z\\\"}\"', '\"[]\"', 'قام المستخدم System Owner بتعديل بتحديث المستخدم ام ياسين الديسوقي', NULL, NULL, 1, 1, 9, 'Mozilla/5.0 (Windows NT 10.0; Win64; x64) AppleWebKit/537.36 (KHTML, like Gecko) Chrome/135.0.0.0 Safari/537.36', '196.154.8.159', '/api/user/58', NULL, '2025-08-04 07:15:43', '2025-08-04 07:15:43'),
(293, 'تعديل', 'App\\Models\\User', '45', '\"{\\\"id\\\":45,\\\"phone\\\":\\\"01007545501\\\",\\\"password\\\":\\\"$2y$12$B6vwL1fHZ\\\\\\/gfPdBQaJ1nf..qJuLD.88sjEFnGpSqnPMMq6s2zbhs.\\\",\\\"email\\\":null,\\\"username\\\":null,\\\"nickname\\\":\\\"\\\\u0627\\\\u0645 \\\\u0645\\\\u062d\\\\u0645\\\\u062f \\\\u0627\\\\u0644\\\\u0633\\\\u064a\\\\u0633\\\\u064a\\\",\\\"full_name\\\":\\\"\\\\u0627\\\\u0645 \\\\u0645\\\\u062d\\\\u0645\\\\u062f \\\\u0627\\\\u0644\\\\u0633\\\\u064a\\\\u0633\\\\u064a\\\",\\\"position\\\":null,\\\"settings\\\":null,\\\"last_login_at\\\":null,\\\"email_verified_at\\\":null,\\\"balance\\\":\\\"0.00\\\",\\\"status\\\":\\\"1\\\",\\\"customer_type\\\":\\\"retail\\\",\\\"created_by\\\":15,\\\"company_id\\\":null,\\\"remember_token\\\":null,\\\"created_at\\\":\\\"2025-07-11T19:00:25.000000Z\\\",\\\"updated_at\\\":\\\"2025-08-02T09:38:09.000000Z\\\"}\"', '\"[]\"', 'قام المستخدم System Owner بتعديل بتحديث المستخدم ام محمد السيسي', NULL, NULL, 1, 1, 9, 'Mozilla/5.0 (Windows NT 10.0; Win64; x64) AppleWebKit/537.36 (KHTML, like Gecko) Chrome/135.0.0.0 Safari/537.36', '196.154.8.159', '/api/user/45', NULL, '2025-08-04 07:16:24', '2025-08-04 07:16:24'),
(294, 'إلغاء', 'App\\Models\\Invoice', '35', '\"{\\\"id\\\":35,\\\"invoice_number\\\":\\\"INS_SAL-250722-2-000012\\\",\\\"due_date\\\":null,\\\"gross_amount\\\":\\\"3000.00\\\",\\\"total_discount\\\":\\\"0.00\\\",\\\"net_amount\\\":\\\"3000.00\\\",\\\"paid_amount\\\":\\\"0.00\\\",\\\"remaining_amount\\\":\\\"3000.00\\\",\\\"status\\\":\\\"canceled\\\",\\\"notes\\\":null,\\\"company_id\\\":2,\\\"created_by\\\":5,\\\"user_id\\\":67,\\\"invoice_type_id\\\":1,\\\"cash_box_id\\\":null,\\\"invoice_type_code\\\":\\\"installment_sale\\\",\\\"round_step\\\":10,\\\"created_at\\\":\\\"2025-07-22T09:06:56.000000Z\\\",\\\"updated_at\\\":\\\"2025-08-11T07:08:55.000000Z\\\",\\\"updated_by\\\":5,\\\"deleted_at\\\":null}\"', '\"{\\\"status\\\":\\\"canceled\\\"}\"', 'قام المستخدم ابو ندي بإلغاء إلغاء فاتورة بيع بالتقسيط رقم INS_SAL-250722-2-000012', NULL, NULL, 5, 5, 2, 'Mozilla/5.0 (Windows NT 10.0; Win64; x64) AppleWebKit/537.36 (KHTML, like Gecko) Chrome/138.0.0.0 Safari/537.36', '156.211.45.154', '/api/invoice/35', NULL, '2025-08-11 07:08:55', '2025-08-11 07:08:55'),
(295, 'انشاء', 'App\\Models\\Invoice', '58', NULL, '\"{\\\"invoice_type_id\\\":1,\\\"invoice_type_code\\\":\\\"installment_sale\\\",\\\"due_date\\\":null,\\\"status\\\":\\\"confirmed\\\",\\\"user_id\\\":67,\\\"gross_amount\\\":3000,\\\"total_discount\\\":\\\"0.00\\\",\\\"net_amount\\\":3000,\\\"paid_amount\\\":\\\"0.00\\\",\\\"remaining_amount\\\":3000,\\\"round_step\\\":40,\\\"company_id\\\":2,\\\"created_by\\\":5,\\\"invoice_number\\\":\\\"INS_SAL-250811-2-000018\\\",\\\"updated_at\\\":\\\"2025-08-11 07:08:55\\\",\\\"created_at\\\":\\\"2025-08-11 07:08:55\\\",\\\"id\\\":58}\"', ' قام المستخدم ابو نديإنشاء فاتورة بيع بالتقسيط رقم INS_SAL-250811-2-000018', NULL, NULL, 5, 5, 2, 'Mozilla/5.0 (Windows NT 10.0; Win64; x64) AppleWebKit/537.36 (KHTML, like Gecko) Chrome/138.0.0.0 Safari/537.36', '156.211.45.154', '/api/invoice/35', NULL, '2025-08-11 07:08:55', '2025-08-11 07:08:55'),
(296, 'تعديل', 'App\\Models\\Invoice', '58', '\"{\\\"invoice_type_id\\\":1,\\\"invoice_type_code\\\":\\\"installment_sale\\\",\\\"due_date\\\":null,\\\"status\\\":\\\"confirmed\\\",\\\"user_id\\\":67,\\\"gross_amount\\\":3000,\\\"total_discount\\\":\\\"0.00\\\",\\\"net_amount\\\":3000,\\\"paid_amount\\\":\\\"0.00\\\",\\\"remaining_amount\\\":3000,\\\"round_step\\\":40,\\\"company_id\\\":2,\\\"created_by\\\":5,\\\"invoice_number\\\":\\\"INS_SAL-250811-2-000018\\\",\\\"updated_at\\\":\\\"2025-08-11T07:08:55.000000Z\\\",\\\"created_at\\\":\\\"2025-08-11T07:08:55.000000Z\\\",\\\"id\\\":58}\"', '\"[]\"', 'قام المستخدم ابو ندي بتعديل تحديث فاتورة بيع بالتقسيط رقم INS_SAL-250811-2-000018 (تم استبدال الفاتورة القديمة INS_SAL-250722-2-000012)', NULL, NULL, 5, 5, 2, 'Mozilla/5.0 (Windows NT 10.0; Win64; x64) AppleWebKit/537.36 (KHTML, like Gecko) Chrome/138.0.0.0 Safari/537.36', '156.211.45.154', '/api/invoice/35', NULL, '2025-08-11 07:08:55', '2025-08-11 07:08:55'),
(297, 'انشاء', 'App\\Models\\User', '70', NULL, '\"{\\\"username\\\":null,\\\"email\\\":null,\\\"phone\\\":\\\"01066702263\\\",\\\"password\\\":\\\"$2y$12$49j8bk2\\\\\\/7kmC69ayEzhNke8o9NNVlelrJW6XvJOQjfHDCn2pSSVnq\\\",\\\"created_by\\\":5,\\\"company_id\\\":2,\\\"full_name\\\":\\\"\\\\u0645\\\\u062d\\\\u0645\\\\u0648\\\\u062f \\\\u0645\\\\u062d\\\\u0645\\\\u062f \\\\u0639\\\\u0628\\\\u062f\\\\u0627\\\\u0644\\\\u0645\\\\u0639\\\\u0628\\\\u0648\\\\u062f\\\",\\\"nickname\\\":\\\"\\\\u0627\\\\u0628\\\\u0648\\\\u0627\\\\u0645\\\\u064a\\\\u0645\\\\u0647\\\",\\\"updated_at\\\":\\\"2025-08-16 21:49:16\\\",\\\"created_at\\\":\\\"2025-08-16 21:49:16\\\",\\\"id\\\":70}\"', ' قام المستخدم ابو نديبانشاء المستخدم ابواميمه في الشركة اقساط', NULL, NULL, 5, 5, 2, 'Mozilla/5.0 (Windows NT 10.0; Win64; x64) AppleWebKit/537.36 (KHTML, like Gecko) Chrome/138.0.0.0 Safari/537.36', '196.153.116.126', '/api/user', NULL, '2025-08-16 21:49:16', '2025-08-16 21:49:16'),
(298, 'انشاء', 'App\\Models\\Invoice', '59', NULL, '\"{\\\"invoice_type_id\\\":1,\\\"invoice_type_code\\\":\\\"installment_sale\\\",\\\"due_date\\\":null,\\\"status\\\":\\\"confirmed\\\",\\\"user_id\\\":70,\\\"gross_amount\\\":8000,\\\"total_discount\\\":0,\\\"net_amount\\\":8000,\\\"paid_amount\\\":0,\\\"remaining_amount\\\":8000,\\\"round_step\\\":10,\\\"company_id\\\":2,\\\"created_by\\\":5,\\\"invoice_number\\\":\\\"INS_SAL-250816-2-000019\\\",\\\"updated_at\\\":\\\"2025-08-16 21:51:35\\\",\\\"created_at\\\":\\\"2025-08-16 21:51:35\\\",\\\"id\\\":59}\"', ' قام المستخدم ابو نديإنشاء فاتورة بيع بالتقسيط رقم INS_SAL-250816-2-000019', NULL, NULL, 5, 5, 2, 'Mozilla/5.0 (Windows NT 10.0; Win64; x64) AppleWebKit/537.36 (KHTML, like Gecko) Chrome/138.0.0.0 Safari/537.36', '196.153.116.126', '/api/invoice', NULL, '2025-08-16 21:51:35', '2025-08-16 21:51:35'),
(299, 'إلغاء', 'App\\Models\\Invoice', '59', '\"{\\\"id\\\":59,\\\"invoice_number\\\":\\\"INS_SAL-250816-2-000019\\\",\\\"due_date\\\":null,\\\"gross_amount\\\":\\\"8000.00\\\",\\\"total_discount\\\":\\\"0.00\\\",\\\"net_amount\\\":\\\"8000.00\\\",\\\"paid_amount\\\":\\\"0.00\\\",\\\"remaining_amount\\\":\\\"8000.00\\\",\\\"status\\\":\\\"canceled\\\",\\\"notes\\\":null,\\\"company_id\\\":2,\\\"created_by\\\":5,\\\"user_id\\\":70,\\\"invoice_type_id\\\":1,\\\"cash_box_id\\\":null,\\\"invoice_type_code\\\":\\\"installment_sale\\\",\\\"round_step\\\":10,\\\"created_at\\\":\\\"2025-08-16T21:51:35.000000Z\\\",\\\"updated_at\\\":\\\"2025-08-16T21:55:34.000000Z\\\",\\\"updated_by\\\":5,\\\"deleted_at\\\":null}\"', '\"{\\\"status\\\":\\\"canceled\\\"}\"', 'قام المستخدم ابو ندي بإلغاء إلغاء فاتورة بيع بالتقسيط رقم INS_SAL-250816-2-000019', NULL, NULL, 5, 5, 2, 'Mozilla/5.0 (Windows NT 10.0; Win64; x64) AppleWebKit/537.36 (KHTML, like Gecko) Chrome/138.0.0.0 Safari/537.36', '196.153.116.126', '/api/invoice/59', NULL, '2025-08-16 21:55:34', '2025-08-16 21:55:34'),
(300, 'انشاء', 'App\\Models\\Invoice', '60', NULL, '\"{\\\"invoice_type_id\\\":1,\\\"invoice_type_code\\\":\\\"installment_sale\\\",\\\"due_date\\\":null,\\\"status\\\":\\\"confirmed\\\",\\\"user_id\\\":70,\\\"gross_amount\\\":11400,\\\"total_discount\\\":\\\"0.00\\\",\\\"net_amount\\\":11400,\\\"paid_amount\\\":\\\"0.00\\\",\\\"remaining_amount\\\":11400,\\\"round_step\\\":10,\\\"company_id\\\":2,\\\"created_by\\\":5,\\\"invoice_number\\\":\\\"INS_SAL-250816-2-000020\\\",\\\"updated_at\\\":\\\"2025-08-16 21:55:34\\\",\\\"created_at\\\":\\\"2025-08-16 21:55:34\\\",\\\"id\\\":60}\"', ' قام المستخدم ابو نديإنشاء فاتورة بيع بالتقسيط رقم INS_SAL-250816-2-000020', NULL, NULL, 5, 5, 2, 'Mozilla/5.0 (Windows NT 10.0; Win64; x64) AppleWebKit/537.36 (KHTML, like Gecko) Chrome/138.0.0.0 Safari/537.36', '196.153.116.126', '/api/invoice/59', NULL, '2025-08-16 21:55:34', '2025-08-16 21:55:34'),
(301, 'تعديل', 'App\\Models\\Invoice', '60', '\"{\\\"invoice_type_id\\\":1,\\\"invoice_type_code\\\":\\\"installment_sale\\\",\\\"due_date\\\":null,\\\"status\\\":\\\"confirmed\\\",\\\"user_id\\\":70,\\\"gross_amount\\\":11400,\\\"total_discount\\\":\\\"0.00\\\",\\\"net_amount\\\":11400,\\\"paid_amount\\\":\\\"0.00\\\",\\\"remaining_amount\\\":11400,\\\"round_step\\\":10,\\\"company_id\\\":2,\\\"created_by\\\":5,\\\"invoice_number\\\":\\\"INS_SAL-250816-2-000020\\\",\\\"updated_at\\\":\\\"2025-08-16T21:55:34.000000Z\\\",\\\"created_at\\\":\\\"2025-08-16T21:55:34.000000Z\\\",\\\"id\\\":60}\"', '\"[]\"', 'قام المستخدم ابو ندي بتعديل تحديث فاتورة بيع بالتقسيط رقم INS_SAL-250816-2-000020 (تم استبدال الفاتورة القديمة INS_SAL-250816-2-000019)', NULL, NULL, 5, 5, 2, 'Mozilla/5.0 (Windows NT 10.0; Win64; x64) AppleWebKit/537.36 (KHTML, like Gecko) Chrome/138.0.0.0 Safari/537.36', '196.153.116.126', '/api/invoice/59', NULL, '2025-08-16 21:55:34', '2025-08-16 21:55:34'),
(302, 'إلغاء', 'App\\Models\\Invoice', '31', '\"{\\\"id\\\":31,\\\"invoice_number\\\":\\\"INS_SAL-250718-2-000009\\\",\\\"due_date\\\":null,\\\"gross_amount\\\":\\\"4900.00\\\",\\\"total_discount\\\":\\\"0.00\\\",\\\"net_amount\\\":\\\"4900.00\\\",\\\"paid_amount\\\":\\\"0.00\\\",\\\"remaining_amount\\\":\\\"4900.00\\\",\\\"status\\\":\\\"canceled\\\",\\\"notes\\\":null,\\\"company_id\\\":2,\\\"created_by\\\":5,\\\"user_id\\\":13,\\\"invoice_type_id\\\":1,\\\"cash_box_id\\\":null,\\\"invoice_type_code\\\":\\\"installment_sale\\\",\\\"round_step\\\":10,\\\"created_at\\\":\\\"2025-07-18T20:02:50.000000Z\\\",\\\"updated_at\\\":\\\"2025-08-26T09:09:39.000000Z\\\",\\\"updated_by\\\":5,\\\"deleted_at\\\":null}\"', '\"{\\\"status\\\":\\\"canceled\\\"}\"', 'قام المستخدم ابو ندي بإلغاء إلغاء فاتورة بيع بالتقسيط رقم INS_SAL-250718-2-000009', NULL, NULL, 5, 5, 2, 'Mozilla/5.0 (Windows NT 10.0; Win64; x64) AppleWebKit/537.36 (KHTML, like Gecko) Chrome/138.0.0.0 Safari/537.36', '156.211.84.247', '/api/invoice/31', NULL, '2025-08-26 09:09:39', '2025-08-26 09:09:39'),
(303, 'إلغاء', 'App\\Models\\Invoice', '7', '\"{\\\"id\\\":7,\\\"invoice_number\\\":\\\"INS_SAL-250711-2-000006\\\",\\\"due_date\\\":null,\\\"gross_amount\\\":\\\"3000.00\\\",\\\"total_discount\\\":\\\"0.00\\\",\\\"net_amount\\\":\\\"3000.00\\\",\\\"paid_amount\\\":\\\"0.00\\\",\\\"remaining_amount\\\":\\\"3000.00\\\",\\\"status\\\":\\\"canceled\\\",\\\"notes\\\":null,\\\"company_id\\\":2,\\\"created_by\\\":5,\\\"user_id\\\":12,\\\"invoice_type_id\\\":1,\\\"cash_box_id\\\":null,\\\"invoice_type_code\\\":\\\"installment_sale\\\",\\\"round_step\\\":null,\\\"created_at\\\":\\\"2025-07-11T14:21:51.000000Z\\\",\\\"updated_at\\\":\\\"2025-08-26T09:09:57.000000Z\\\",\\\"updated_by\\\":5,\\\"deleted_at\\\":null}\"', '\"{\\\"status\\\":\\\"canceled\\\"}\"', 'قام المستخدم ابو ندي بإلغاء إلغاء فاتورة بيع بالتقسيط رقم INS_SAL-250711-2-000006', NULL, NULL, 5, 5, 2, 'Mozilla/5.0 (Windows NT 10.0; Win64; x64) AppleWebKit/537.36 (KHTML, like Gecko) Chrome/138.0.0.0 Safari/537.36', '156.211.84.247', '/api/invoice/7', NULL, '2025-08-26 09:09:57', '2025-08-26 09:09:57');
INSERT INTO `activity_logs` (`id`, `action`, `model`, `row_id`, `data_old`, `data_new`, `description`, `old_values`, `new_values`, `user_id`, `created_by`, `company_id`, `user_agent`, `ip_address`, `url`, `metadata`, `created_at`, `updated_at`) VALUES
(304, 'إلغاء', 'App\\Models\\Invoice', '6', '\"{\\\"id\\\":6,\\\"invoice_number\\\":\\\"INS_SAL-250711-2-000005\\\",\\\"due_date\\\":null,\\\"gross_amount\\\":\\\"4600.00\\\",\\\"total_discount\\\":\\\"0.00\\\",\\\"net_amount\\\":\\\"4600.00\\\",\\\"paid_amount\\\":\\\"400.00\\\",\\\"remaining_amount\\\":\\\"4200.00\\\",\\\"status\\\":\\\"canceled\\\",\\\"notes\\\":null,\\\"company_id\\\":2,\\\"created_by\\\":5,\\\"user_id\\\":12,\\\"invoice_type_id\\\":1,\\\"cash_box_id\\\":null,\\\"invoice_type_code\\\":\\\"installment_sale\\\",\\\"round_step\\\":null,\\\"created_at\\\":\\\"2025-07-11T14:19:30.000000Z\\\",\\\"updated_at\\\":\\\"2025-08-26T09:37:27.000000Z\\\",\\\"updated_by\\\":5,\\\"deleted_at\\\":null}\"', '\"{\\\"status\\\":\\\"canceled\\\"}\"', 'قام المستخدم ابو ندي بإلغاء إلغاء فاتورة بيع بالتقسيط رقم INS_SAL-250711-2-000005', NULL, NULL, 5, 5, 2, 'Mozilla/5.0 (Windows NT 10.0; Win64; x64) AppleWebKit/537.36 (KHTML, like Gecko) Chrome/138.0.0.0 Safari/537.36', '196.129.70.122', '/api/invoice/6', NULL, '2025-08-26 09:37:27', '2025-08-26 09:37:27'),
(305, 'إلغاء', 'App\\Models\\Invoice', '5', '\"{\\\"id\\\":5,\\\"invoice_number\\\":\\\"INS_SAL-250711-2-000004\\\",\\\"due_date\\\":null,\\\"gross_amount\\\":\\\"9000.00\\\",\\\"total_discount\\\":\\\"0.00\\\",\\\"net_amount\\\":\\\"9000.00\\\",\\\"paid_amount\\\":\\\"1500.00\\\",\\\"remaining_amount\\\":\\\"7500.00\\\",\\\"status\\\":\\\"canceled\\\",\\\"notes\\\":null,\\\"company_id\\\":2,\\\"created_by\\\":5,\\\"user_id\\\":12,\\\"invoice_type_id\\\":1,\\\"cash_box_id\\\":null,\\\"invoice_type_code\\\":\\\"installment_sale\\\",\\\"round_step\\\":null,\\\"created_at\\\":\\\"2025-07-11T14:14:35.000000Z\\\",\\\"updated_at\\\":\\\"2025-08-26T09:37:41.000000Z\\\",\\\"updated_by\\\":5,\\\"deleted_at\\\":null}\"', '\"{\\\"status\\\":\\\"canceled\\\"}\"', 'قام المستخدم ابو ندي بإلغاء إلغاء فاتورة بيع بالتقسيط رقم INS_SAL-250711-2-000004', NULL, NULL, 5, 5, 2, 'Mozilla/5.0 (Windows NT 10.0; Win64; x64) AppleWebKit/537.36 (KHTML, like Gecko) Chrome/138.0.0.0 Safari/537.36', '196.129.70.122', '/api/invoice/5', NULL, '2025-08-26 09:37:41', '2025-08-26 09:37:41'),
(306, 'انشاء', 'App\\Models\\Invoice', '61', NULL, '\"{\\\"invoice_type_id\\\":1,\\\"invoice_type_code\\\":\\\"installment_sale\\\",\\\"due_date\\\":null,\\\"status\\\":\\\"confirmed\\\",\\\"user_id\\\":12,\\\"gross_amount\\\":16600,\\\"total_discount\\\":0,\\\"net_amount\\\":16600,\\\"paid_amount\\\":0,\\\"remaining_amount\\\":16600,\\\"round_step\\\":10,\\\"company_id\\\":2,\\\"created_by\\\":5,\\\"invoice_number\\\":\\\"INS_SAL-250826-2-000021\\\",\\\"updated_at\\\":\\\"2025-08-26 09:46:40\\\",\\\"created_at\\\":\\\"2025-08-26 09:46:40\\\",\\\"id\\\":61}\"', ' قام المستخدم ابو نديإنشاء فاتورة بيع بالتقسيط رقم INS_SAL-250826-2-000021', NULL, NULL, 5, 5, 2, 'Mozilla/5.0 (Windows NT 10.0; Win64; x64) AppleWebKit/537.36 (KHTML, like Gecko) Chrome/138.0.0.0 Safari/537.36', '196.129.70.122', '/api/invoice', NULL, '2025-08-26 09:46:40', '2025-08-26 09:46:40'),
(307, 'انشاء', 'App\\Models\\Invoice', '62', NULL, '\"{\\\"invoice_type_id\\\":2,\\\"invoice_type_code\\\":\\\"sale\\\",\\\"due_date\\\":null,\\\"status\\\":\\\"confirmed\\\",\\\"user_id\\\":50,\\\"gross_amount\\\":3975,\\\"total_discount\\\":0,\\\"net_amount\\\":3975,\\\"paid_amount\\\":0,\\\"remaining_amount\\\":3975,\\\"round_step\\\":null,\\\"company_id\\\":9,\\\"created_by\\\":6,\\\"invoice_number\\\":\\\"SALE-250915-9-000001\\\",\\\"updated_at\\\":\\\"2025-09-15 11:55:02\\\",\\\"created_at\\\":\\\"2025-09-15 11:55:02\\\",\\\"id\\\":62}\"', ' قام المستخدم ابو حبيبةإنشاء فاتورة بيع رقم SALE-250915-9-000001', NULL, NULL, 6, 6, 9, 'Mozilla/5.0 (Linux; Android 10; K) AppleWebKit/537.36 (KHTML, like Gecko) Chrome/140.0.0.0 Mobile Safari/537.36', '154.184.54.180', '/api/invoice', NULL, '2025-09-15 11:55:02', '2025-09-15 11:55:02'),
(308, 'إلغاء', 'App\\Models\\Invoice', '62', '\"{\\\"id\\\":62,\\\"invoice_number\\\":\\\"SALE-250915-9-000001\\\",\\\"due_date\\\":null,\\\"gross_amount\\\":\\\"3975.00\\\",\\\"total_discount\\\":\\\"0.00\\\",\\\"net_amount\\\":\\\"3975.00\\\",\\\"paid_amount\\\":\\\"0.00\\\",\\\"remaining_amount\\\":\\\"3975.00\\\",\\\"status\\\":\\\"canceled\\\",\\\"notes\\\":null,\\\"company_id\\\":9,\\\"created_by\\\":6,\\\"user_id\\\":50,\\\"invoice_type_id\\\":2,\\\"cash_box_id\\\":null,\\\"invoice_type_code\\\":\\\"sale\\\",\\\"round_step\\\":null,\\\"created_at\\\":\\\"2025-09-15T11:55:02.000000Z\\\",\\\"updated_at\\\":\\\"2025-09-15T12:03:00.000000Z\\\",\\\"updated_by\\\":6,\\\"deleted_at\\\":null}\"', '\"{\\\"status\\\":\\\"canceled\\\"}\"', 'قام المستخدم ابو حبيبة بإلغاء إلغاء فاتورة بيع رقم SALE-250915-9-000001', NULL, NULL, 6, 6, 9, 'Mozilla/5.0 (Linux; Android 10; K) AppleWebKit/537.36 (KHTML, like Gecko) Chrome/140.0.0.0 Mobile Safari/537.36', '154.184.54.180', '/api/invoice/62', NULL, '2025-09-15 12:03:00', '2025-09-15 12:03:00'),
(309, 'إلغاء', 'App\\Models\\Invoice', '60', '\"{\\\"id\\\":60,\\\"invoice_number\\\":\\\"INS_SAL-250816-2-000020\\\",\\\"due_date\\\":null,\\\"gross_amount\\\":\\\"11400.00\\\",\\\"total_discount\\\":\\\"0.00\\\",\\\"net_amount\\\":\\\"11400.00\\\",\\\"paid_amount\\\":\\\"0.00\\\",\\\"remaining_amount\\\":\\\"11400.00\\\",\\\"status\\\":\\\"canceled\\\",\\\"notes\\\":null,\\\"company_id\\\":2,\\\"created_by\\\":5,\\\"user_id\\\":70,\\\"invoice_type_id\\\":1,\\\"cash_box_id\\\":null,\\\"invoice_type_code\\\":\\\"installment_sale\\\",\\\"round_step\\\":10,\\\"created_at\\\":\\\"2025-08-16T21:55:34.000000Z\\\",\\\"updated_at\\\":\\\"2025-09-16T06:29:04.000000Z\\\",\\\"updated_by\\\":5,\\\"deleted_at\\\":null}\"', '\"{\\\"status\\\":\\\"canceled\\\"}\"', 'قام المستخدم ابو ندي بإلغاء إلغاء فاتورة بيع بالتقسيط رقم INS_SAL-250816-2-000020', NULL, NULL, 5, 5, 2, 'Mozilla/5.0 (Windows NT 10.0; Win64; x64) AppleWebKit/537.36 (KHTML, like Gecko) Chrome/138.0.0.0 Safari/537.36', '156.211.121.1', '/api/invoice/60', NULL, '2025-09-16 06:29:04', '2025-09-16 06:29:04'),
(310, 'انشاء', 'App\\Models\\Invoice', '63', NULL, '\"{\\\"invoice_type_id\\\":1,\\\"invoice_type_code\\\":\\\"installment_sale\\\",\\\"due_date\\\":null,\\\"status\\\":\\\"confirmed\\\",\\\"user_id\\\":70,\\\"gross_amount\\\":15850,\\\"total_discount\\\":\\\"0.00\\\",\\\"net_amount\\\":15850,\\\"paid_amount\\\":\\\"0.00\\\",\\\"remaining_amount\\\":15850,\\\"round_step\\\":10,\\\"company_id\\\":2,\\\"created_by\\\":5,\\\"invoice_number\\\":\\\"INS_SAL-250916-2-000022\\\",\\\"updated_at\\\":\\\"2025-09-16 06:29:04\\\",\\\"created_at\\\":\\\"2025-09-16 06:29:04\\\",\\\"id\\\":63}\"', ' قام المستخدم ابو نديإنشاء فاتورة بيع بالتقسيط رقم INS_SAL-250916-2-000022', NULL, NULL, 5, 5, 2, 'Mozilla/5.0 (Windows NT 10.0; Win64; x64) AppleWebKit/537.36 (KHTML, like Gecko) Chrome/138.0.0.0 Safari/537.36', '156.211.121.1', '/api/invoice/60', NULL, '2025-09-16 06:29:04', '2025-09-16 06:29:04'),
(311, 'تعديل', 'App\\Models\\Invoice', '63', '\"{\\\"invoice_type_id\\\":1,\\\"invoice_type_code\\\":\\\"installment_sale\\\",\\\"due_date\\\":null,\\\"status\\\":\\\"confirmed\\\",\\\"user_id\\\":70,\\\"gross_amount\\\":15850,\\\"total_discount\\\":\\\"0.00\\\",\\\"net_amount\\\":15850,\\\"paid_amount\\\":\\\"0.00\\\",\\\"remaining_amount\\\":15850,\\\"round_step\\\":10,\\\"company_id\\\":2,\\\"created_by\\\":5,\\\"invoice_number\\\":\\\"INS_SAL-250916-2-000022\\\",\\\"updated_at\\\":\\\"2025-09-16T06:29:04.000000Z\\\",\\\"created_at\\\":\\\"2025-09-16T06:29:04.000000Z\\\",\\\"id\\\":63}\"', '\"[]\"', 'قام المستخدم ابو ندي بتعديل تحديث فاتورة بيع بالتقسيط رقم INS_SAL-250916-2-000022 (تم استبدال الفاتورة القديمة INS_SAL-250816-2-000020)', NULL, NULL, 5, 5, 2, 'Mozilla/5.0 (Windows NT 10.0; Win64; x64) AppleWebKit/537.36 (KHTML, like Gecko) Chrome/138.0.0.0 Safari/537.36', '156.211.121.1', '/api/invoice/60', NULL, '2025-09-16 06:29:04', '2025-09-16 06:29:04'),
(312, 'انشاء', 'App\\Models\\Company', '12', NULL, '\"{\\\"name\\\":\\\"\\\\u062a\\\\u0646\\\\u0627\\\\u062a\\\\u064a\\\\u0634 \\\\u0627\\\\u0644\\\\u0643\\\\u0648\\\\u062b\\\\u0631\\\",\\\"field\\\":\\\"\\\\u0631\\\\u0641\\\\u0627\\\\u064a\\\\u0639 \\\\u0648\\\\u0627\\\\u062f\\\\u0648\\\\u0627\\\\u062a \\\\u0645\\\\u0646\\\\u0632\\\\u0644\\\\u064a\\\\u0647\\\",\\\"address\\\":\\\"\\\\u0634 10 \\\\u0627\\\\u0644\\\\u0643\\\\u0648\\\\u062b\\\\u0631 \\\\u0627\\\\u0644\\\\u0635\\\\u0627\\\\u0644\\\\u062d\\\\u064a\\\\u0647 \\\\u0627\\\\u0644\\\\u062c\\\\u062f\\\\u064a\\\\u062f\\\\u0647\\\",\\\"phone\\\":\\\"01070475028\\\",\\\"company_id\\\":2,\\\"created_by\\\":5,\\\"updated_at\\\":\\\"2025-09-16 09:22:48\\\",\\\"created_at\\\":\\\"2025-09-16 09:22:48\\\",\\\"id\\\":12}\"', ' قام المستخدم ابو نديبإنشاء شركة باسم تناتيش الكوثر', NULL, NULL, 5, 5, 12, 'Mozilla/5.0 (Windows NT 10.0; Win64; x64) AppleWebKit/537.36 (KHTML, like Gecko) Chrome/138.0.0.0 Safari/537.36', '156.211.121.1', '/api/company', NULL, '2025-09-16 09:22:48', '2025-09-16 09:22:48'),
(313, 'انشاء', 'App\\Models\\User', '71', NULL, '\"{\\\"username\\\":null,\\\"email\\\":null,\\\"phone\\\":\\\"01096196228\\\",\\\"password\\\":\\\"$2y$12$DodszRJxZSD\\\\\\/V8sT0M6JbOpzniXhyqkk.ZSfHYcdSHE\\\\\\/.uwFZeOg.\\\",\\\"created_by\\\":5,\\\"company_id\\\":12,\\\"full_name\\\":\\\"\\\\u0639\\\\u0628\\\\u062f\\\\u0627\\\\u0644\\\\u0643\\\\u0631\\\\u064a\\\\u0645 \\\\u0634\\\\u0645\\\\u0633\\\",\\\"nickname\\\":\\\"\\\\u0634\\\\u0645\\\\u0633\\\",\\\"updated_at\\\":\\\"2025-09-16 09:47:10\\\",\\\"created_at\\\":\\\"2025-09-16 09:47:10\\\",\\\"id\\\":71}\"', ' قام المستخدم ابو نديبانشاء المستخدم شمس في الشركة تناتيش الكوثر', NULL, NULL, 5, 5, 12, 'Mozilla/5.0 (Windows NT 10.0; Win64; x64) AppleWebKit/537.36 (KHTML, like Gecko) Chrome/138.0.0.0 Safari/537.36', '156.211.121.1', '/api/user', NULL, '2025-09-16 09:47:10', '2025-09-16 09:47:10'),
(314, 'انشاء', 'App\\Models\\User', '72', NULL, '\"{\\\"username\\\":null,\\\"email\\\":null,\\\"phone\\\":\\\"01097217916\\\",\\\"password\\\":\\\"$2y$12$tPhnaLYS4F5VzgqSVnbfiOC\\\\\\/qSAS2ZB2bf9brwSmvMec1JytenOyq\\\",\\\"created_by\\\":5,\\\"company_id\\\":2,\\\"full_name\\\":\\\"\\\\u0645\\\\u062d\\\\u0645\\\\u062f \\\\u062d\\\\u0633\\\\u064a\\\\u0646 \\\\u0631\\\\u0628\\\\u0627\\\\u062d\\\",\\\"nickname\\\":\\\"\\\\u0627\\\\u0628\\\\u0648\\\\u0631\\\\u0628\\\\u0627\\\\u062d\\\",\\\"updated_at\\\":\\\"2025-09-18 18:39:25\\\",\\\"created_at\\\":\\\"2025-09-18 18:39:25\\\",\\\"id\\\":72}\"', ' قام المستخدم ابو نديبانشاء المستخدم ابورباح في الشركة اقساط', NULL, NULL, 5, 5, 2, 'Mozilla/5.0 (Linux; Android 10; K) AppleWebKit/537.36 (KHTML, like Gecko) Chrome/140.0.0.0 Mobile Safari/537.36', '196.136.11.117', '/api/user', NULL, '2025-09-18 18:39:25', '2025-09-18 18:39:25'),
(315, 'إلغاء', 'App\\Models\\Invoice', '63', '\"{\\\"id\\\":63,\\\"invoice_number\\\":\\\"INS_SAL-250916-2-000022\\\",\\\"due_date\\\":null,\\\"gross_amount\\\":\\\"15850.00\\\",\\\"total_discount\\\":\\\"0.00\\\",\\\"net_amount\\\":\\\"15850.00\\\",\\\"paid_amount\\\":\\\"0.00\\\",\\\"remaining_amount\\\":\\\"15850.00\\\",\\\"status\\\":\\\"canceled\\\",\\\"notes\\\":null,\\\"company_id\\\":2,\\\"created_by\\\":5,\\\"user_id\\\":70,\\\"invoice_type_id\\\":1,\\\"cash_box_id\\\":null,\\\"invoice_type_code\\\":\\\"installment_sale\\\",\\\"round_step\\\":10,\\\"created_at\\\":\\\"2025-09-16T06:29:04.000000Z\\\",\\\"updated_at\\\":\\\"2025-09-22T05:58:58.000000Z\\\",\\\"updated_by\\\":5,\\\"deleted_at\\\":null}\"', '\"{\\\"status\\\":\\\"canceled\\\"}\"', 'قام المستخدم ابو ندي بإلغاء إلغاء فاتورة بيع بالتقسيط رقم INS_SAL-250916-2-000022', NULL, NULL, 5, 5, 2, 'Mozilla/5.0 (Windows NT 10.0; Win64; x64) AppleWebKit/537.36 (KHTML, like Gecko) Chrome/140.0.0.0 Safari/537.36', '156.211.62.212', '/api/invoice/63', NULL, '2025-09-22 05:58:58', '2025-09-22 05:58:58'),
(316, 'انشاء', 'App\\Models\\Invoice', '64', NULL, '\"{\\\"invoice_type_id\\\":1,\\\"invoice_type_code\\\":\\\"installment_sale\\\",\\\"due_date\\\":null,\\\"status\\\":\\\"confirmed\\\",\\\"user_id\\\":70,\\\"gross_amount\\\":15850,\\\"total_discount\\\":\\\"0.00\\\",\\\"net_amount\\\":15850,\\\"paid_amount\\\":\\\"0.00\\\",\\\"remaining_amount\\\":15850,\\\"round_step\\\":45,\\\"company_id\\\":2,\\\"created_by\\\":5,\\\"invoice_number\\\":\\\"INS_SAL-250922-2-000023\\\",\\\"updated_at\\\":\\\"2025-09-22 05:58:58\\\",\\\"created_at\\\":\\\"2025-09-22 05:58:58\\\",\\\"id\\\":64}\"', ' قام المستخدم ابو نديإنشاء فاتورة بيع بالتقسيط رقم INS_SAL-250922-2-000023', NULL, NULL, 5, 5, 2, 'Mozilla/5.0 (Windows NT 10.0; Win64; x64) AppleWebKit/537.36 (KHTML, like Gecko) Chrome/140.0.0.0 Safari/537.36', '156.211.62.212', '/api/invoice/63', NULL, '2025-09-22 05:58:58', '2025-09-22 05:58:58'),
(317, 'تعديل', 'App\\Models\\Invoice', '64', '\"{\\\"invoice_type_id\\\":1,\\\"invoice_type_code\\\":\\\"installment_sale\\\",\\\"due_date\\\":null,\\\"status\\\":\\\"confirmed\\\",\\\"user_id\\\":70,\\\"gross_amount\\\":15850,\\\"total_discount\\\":\\\"0.00\\\",\\\"net_amount\\\":15850,\\\"paid_amount\\\":\\\"0.00\\\",\\\"remaining_amount\\\":15850,\\\"round_step\\\":45,\\\"company_id\\\":2,\\\"created_by\\\":5,\\\"invoice_number\\\":\\\"INS_SAL-250922-2-000023\\\",\\\"updated_at\\\":\\\"2025-09-22T05:58:58.000000Z\\\",\\\"created_at\\\":\\\"2025-09-22T05:58:58.000000Z\\\",\\\"id\\\":64}\"', '\"[]\"', 'قام المستخدم ابو ندي بتعديل تحديث فاتورة بيع بالتقسيط رقم INS_SAL-250922-2-000023 (تم استبدال الفاتورة القديمة INS_SAL-250916-2-000022)', NULL, NULL, 5, 5, 2, 'Mozilla/5.0 (Windows NT 10.0; Win64; x64) AppleWebKit/537.36 (KHTML, like Gecko) Chrome/140.0.0.0 Safari/537.36', '156.211.62.212', '/api/invoice/63', NULL, '2025-09-22 05:58:58', '2025-09-22 05:58:58'),
(318, 'انشاء', 'App\\Models\\Invoice', '65', NULL, '\"{\\\"invoice_type_id\\\":3,\\\"invoice_type_code\\\":\\\"purchase\\\",\\\"due_date\\\":null,\\\"status\\\":\\\"confirmed\\\",\\\"user_id\\\":71,\\\"gross_amount\\\":24860,\\\"total_discount\\\":0,\\\"net_amount\\\":24860,\\\"paid_amount\\\":0,\\\"remaining_amount\\\":24860,\\\"round_step\\\":null,\\\"company_id\\\":12,\\\"created_by\\\":5,\\\"invoice_number\\\":\\\"PURC-250922-12-000001\\\",\\\"updated_at\\\":\\\"2025-09-22 09:04:23\\\",\\\"created_at\\\":\\\"2025-09-22 09:04:23\\\",\\\"id\\\":65}\"', ' قام المستخدم ابو نديإنشاء فاتورة شراء رقم PURC-250922-12-000001', NULL, NULL, 5, 5, 12, 'Mozilla/5.0 (Windows NT 10.0; Win64; x64) AppleWebKit/537.36 (KHTML, like Gecko) Chrome/140.0.0.0 Safari/537.36', '156.211.62.212', '/api/invoice', NULL, '2025-09-22 09:04:23', '2025-09-22 09:04:23'),
(319, 'انشاء', 'App\\Models\\Invoice', '66', NULL, '\"{\\\"invoice_type_id\\\":3,\\\"invoice_type_code\\\":\\\"purchase\\\",\\\"due_date\\\":null,\\\"status\\\":\\\"confirmed\\\",\\\"user_id\\\":71,\\\"gross_amount\\\":16110,\\\"total_discount\\\":0,\\\"net_amount\\\":16110,\\\"paid_amount\\\":0,\\\"remaining_amount\\\":16110,\\\"round_step\\\":null,\\\"company_id\\\":12,\\\"created_by\\\":5,\\\"invoice_number\\\":\\\"PURC-250922-12-000002\\\",\\\"updated_at\\\":\\\"2025-09-22 19:44:10\\\",\\\"created_at\\\":\\\"2025-09-22 19:44:10\\\",\\\"id\\\":66}\"', ' قام المستخدم ابو نديإنشاء فاتورة شراء رقم PURC-250922-12-000002', NULL, NULL, 5, 5, 12, 'Mozilla/5.0 (Windows NT 10.0; Win64; x64) AppleWebKit/537.36 (KHTML, like Gecko) Chrome/140.0.0.0 Safari/537.36', '156.211.62.212', '/api/invoice', NULL, '2025-09-22 19:44:10', '2025-09-22 19:44:10'),
(320, 'انشاء', 'App\\Models\\Invoice', '67', NULL, '\"{\\\"invoice_type_id\\\":3,\\\"invoice_type_code\\\":\\\"purchase\\\",\\\"due_date\\\":null,\\\"status\\\":\\\"confirmed\\\",\\\"user_id\\\":71,\\\"gross_amount\\\":1000,\\\"total_discount\\\":0,\\\"net_amount\\\":1000,\\\"paid_amount\\\":0,\\\"remaining_amount\\\":1000,\\\"round_step\\\":null,\\\"company_id\\\":12,\\\"created_by\\\":5,\\\"invoice_number\\\":\\\"PURC-250922-12-000003\\\",\\\"updated_at\\\":\\\"2025-09-22 19:50:43\\\",\\\"created_at\\\":\\\"2025-09-22 19:50:43\\\",\\\"id\\\":67}\"', ' قام المستخدم ابو نديإنشاء فاتورة شراء رقم PURC-250922-12-000003', NULL, NULL, 5, 5, 12, 'Mozilla/5.0 (Windows NT 10.0; Win64; x64) AppleWebKit/537.36 (KHTML, like Gecko) Chrome/140.0.0.0 Safari/537.36', '156.211.62.212', '/api/invoice', NULL, '2025-09-22 19:50:43', '2025-09-22 19:50:43'),
(321, 'تعديل', 'App\\Models\\User', '5', '\"{\\\"id\\\":5,\\\"phone\\\":\\\"01070475028\\\",\\\"password\\\":\\\"$2y$12$Eb7Gi\\\\\\/94E9cobc3u9R\\\\\\/PFeqRyP2a0uyb7.09Jr79JLrf0KP8MjtTO\\\",\\\"email\\\":null,\\\"username\\\":null,\\\"nickname\\\":\\\"\\\\u0627\\\\u0628\\\\u0648 \\\\u0646\\\\u062f\\\\u064a\\\",\\\"full_name\\\":\\\"\\\\u0648\\\\u0627\\\\u0626\\\\u0644 \\\\u0645\\\\u062d\\\\u0645\\\\u062f \\\\u0627\\\\u062d\\\\u0645\\\\u062f\\\",\\\"position\\\":null,\\\"settings\\\":null,\\\"last_login_at\\\":null,\\\"email_verified_at\\\":null,\\\"balance\\\":\\\"0.00\\\",\\\"status\\\":\\\"1\\\",\\\"customer_type\\\":\\\"retail\\\",\\\"created_by\\\":1,\\\"company_id\\\":10,\\\"remember_token\\\":null,\\\"created_at\\\":\\\"2025-07-09T06:43:59.000000Z\\\",\\\"updated_at\\\":\\\"2025-09-22T19:59:18.000000Z\\\"}\"', '\"[]\"', 'قام المستخدم System Owner بتعديل بتحديث المستخدم ابو ندي', NULL, NULL, 1, 1, 9, 'Mozilla/5.0 (Linux; Android 10; K) AppleWebKit/537.36 (KHTML, like Gecko) Chrome/140.0.0.0 Mobile Safari/537.36', '154.184.107.43', '/api/user/5', NULL, '2025-09-22 20:06:05', '2025-09-22 20:06:05'),
(322, 'انشاء', 'App\\Models\\Invoice', '68', NULL, '\"{\\\"invoice_type_id\\\":1,\\\"invoice_type_code\\\":\\\"installment_sale\\\",\\\"due_date\\\":null,\\\"status\\\":\\\"confirmed\\\",\\\"user_id\\\":10,\\\"gross_amount\\\":2800,\\\"total_discount\\\":0,\\\"net_amount\\\":2800,\\\"paid_amount\\\":0,\\\"remaining_amount\\\":2800,\\\"round_step\\\":0,\\\"company_id\\\":2,\\\"created_by\\\":5,\\\"invoice_number\\\":\\\"INS_SAL-251003-2-000024\\\",\\\"updated_at\\\":\\\"2025-10-03 08:23:06\\\",\\\"created_at\\\":\\\"2025-10-03 08:23:06\\\",\\\"id\\\":68}\"', ' قام المستخدم ابو نديإنشاء فاتورة بيع بالتقسيط رقم INS_SAL-251003-2-000024', NULL, NULL, 5, 5, 2, 'Mozilla/5.0 (Windows NT 10.0; Win64; x64) AppleWebKit/537.36 (KHTML, like Gecko) Chrome/140.0.0.0 Safari/537.36', '156.211.25.161', '/api/invoice', NULL, '2025-10-03 08:23:07', '2025-10-03 08:23:07'),
(323, 'انشاء', 'App\\Models\\User', '73', NULL, '\"{\\\"username\\\":null,\\\"email\\\":null,\\\"phone\\\":\\\"010321400187\\\",\\\"password\\\":\\\"$2y$12$cAVzoyaOncRCJA8kiz4lJeK1DHJ2pUOuVfb\\\\\\/Tanq0ixR0FORGp3Jy\\\",\\\"created_by\\\":5,\\\"company_id\\\":2,\\\"full_name\\\":\\\"\\\\u0645\\\\u062d\\\\u0645\\\\u062f \\\\u0635\\\\u0644\\\\u0627\\\\u062d \\\\u0627\\\\u0644\\\\u0631\\\\u0641\\\\u0627\\\\u0639\\\\u064a\\\",\\\"nickname\\\":\\\"\\\\u0627\\\\u0644\\\\u0631\\\\u0641\\\\u0627\\\\u0639\\\\u064a\\\",\\\"updated_at\\\":\\\"2025-10-08 15:53:01\\\",\\\"created_at\\\":\\\"2025-10-08 15:53:01\\\",\\\"id\\\":73}\"', ' قام المستخدم ابو نديبانشاء المستخدم الرفاعي في الشركة اقساط', NULL, NULL, 5, 5, 2, 'Mozilla/5.0 (Windows NT 10.0; Win64; x64) AppleWebKit/537.36 (KHTML, like Gecko) Chrome/140.0.0.0 Safari/537.36', '156.210.221.133', '/api/user', NULL, '2025-10-08 15:53:01', '2025-10-08 15:53:01'),
(324, 'انشاء', 'App\\Models\\User', '74', NULL, '\"{\\\"username\\\":null,\\\"email\\\":null,\\\"phone\\\":\\\"01063021908\\\",\\\"password\\\":\\\"$2y$12$zZsNhDXUWPbWt8pjGDZbI.e377vN\\\\\\/3bWBADYlAeO.n2RnTnGTJYpa\\\",\\\"created_by\\\":5,\\\"company_id\\\":2,\\\"full_name\\\":\\\"\\\\u0627\\\\u062d\\\\u0645\\\\u062f \\\\u0627\\\\u062d\\\\u0645\\\\u062f \\\\u0639\\\\u0628\\\\u062f \\\\u0627\\\\u0644\\\\u0645\\\\u0639\\\\u0628\\\\u0648\\\\u062f\\\",\\\"nickname\\\":\\\"\\\\u0639\\\\u0645\\\\u064a \\\\u0627\\\\u062d\\\\u0645\\\\u062f\\\\u064a\\\",\\\"updated_at\\\":\\\"2025-10-12 18:43:08\\\",\\\"created_at\\\":\\\"2025-10-12 18:43:08\\\",\\\"id\\\":74}\"', ' قام المستخدم ابو نديبانشاء المستخدم عمي احمدي في الشركة اقساط', NULL, NULL, 5, 5, 2, 'Mozilla/5.0 (Windows NT 10.0; Win64; x64) AppleWebKit/537.36 (KHTML, like Gecko) Chrome/140.0.0.0 Safari/537.36', '156.211.85.94', '/api/user', NULL, '2025-10-12 18:43:08', '2025-10-12 18:43:08'),
(325, 'انشاء', 'App\\Models\\Invoice', '69', NULL, '\"{\\\"invoice_type_id\\\":1,\\\"invoice_type_code\\\":\\\"installment_sale\\\",\\\"due_date\\\":null,\\\"status\\\":\\\"confirmed\\\",\\\"user_id\\\":74,\\\"gross_amount\\\":3250,\\\"total_discount\\\":0,\\\"net_amount\\\":3250,\\\"paid_amount\\\":0,\\\"remaining_amount\\\":3250,\\\"round_step\\\":2,\\\"company_id\\\":2,\\\"created_by\\\":5,\\\"invoice_number\\\":\\\"INS_SAL-251012-2-000025\\\",\\\"updated_at\\\":\\\"2025-10-12 19:17:56\\\",\\\"created_at\\\":\\\"2025-10-12 19:17:56\\\",\\\"id\\\":69}\"', ' قام المستخدم ابو نديإنشاء فاتورة بيع بالتقسيط رقم INS_SAL-251012-2-000025', NULL, NULL, 5, 5, 2, 'Mozilla/5.0 (Linux; Android 10; K) AppleWebKit/537.36 (KHTML, like Gecko) Chrome/141.0.0.0 Mobile Safari/537.36', '156.211.85.94', '/api/invoice', NULL, '2025-10-12 19:17:56', '2025-10-12 19:17:56'),
(326, 'إلغاء', 'App\\Models\\Invoice', '64', '\"{\\\"id\\\":64,\\\"invoice_number\\\":\\\"INS_SAL-250922-2-000023\\\",\\\"due_date\\\":null,\\\"gross_amount\\\":\\\"15850.00\\\",\\\"total_discount\\\":\\\"0.00\\\",\\\"net_amount\\\":\\\"15850.00\\\",\\\"paid_amount\\\":\\\"0.00\\\",\\\"remaining_amount\\\":\\\"15850.00\\\",\\\"status\\\":\\\"canceled\\\",\\\"notes\\\":null,\\\"company_id\\\":2,\\\"created_by\\\":5,\\\"user_id\\\":70,\\\"invoice_type_id\\\":1,\\\"cash_box_id\\\":null,\\\"invoice_type_code\\\":\\\"installment_sale\\\",\\\"round_step\\\":45,\\\"created_at\\\":\\\"2025-09-22T05:58:58.000000Z\\\",\\\"updated_at\\\":\\\"2025-10-20T17:37:21.000000Z\\\",\\\"updated_by\\\":5,\\\"deleted_at\\\":null}\"', '\"{\\\"status\\\":\\\"canceled\\\"}\"', 'قام المستخدم ابو ندي بإلغاء إلغاء فاتورة بيع بالتقسيط رقم INS_SAL-250922-2-000023', NULL, NULL, 5, 5, 2, 'Mozilla/5.0 (Linux; Android 10; K) AppleWebKit/537.36 (KHTML, like Gecko) Chrome/141.0.0.0 Mobile Safari/537.36', '156.211.4.70', '/api/invoice/64', NULL, '2025-10-20 17:37:21', '2025-10-20 17:37:21'),
(327, 'انشاء', 'App\\Models\\Invoice', '70', NULL, '\"{\\\"invoice_type_id\\\":1,\\\"invoice_type_code\\\":\\\"installment_sale\\\",\\\"due_date\\\":null,\\\"status\\\":\\\"confirmed\\\",\\\"user_id\\\":70,\\\"gross_amount\\\":15850,\\\"total_discount\\\":\\\"0.00\\\",\\\"net_amount\\\":15850,\\\"paid_amount\\\":\\\"0.00\\\",\\\"remaining_amount\\\":15850,\\\"round_step\\\":10,\\\"company_id\\\":2,\\\"created_by\\\":5,\\\"invoice_number\\\":\\\"INS_SAL-251020-2-000026\\\",\\\"updated_at\\\":\\\"2025-10-20 17:37:21\\\",\\\"created_at\\\":\\\"2025-10-20 17:37:21\\\",\\\"id\\\":70}\"', ' قام المستخدم ابو نديإنشاء فاتورة بيع بالتقسيط رقم INS_SAL-251020-2-000026', NULL, NULL, 5, 5, 2, 'Mozilla/5.0 (Linux; Android 10; K) AppleWebKit/537.36 (KHTML, like Gecko) Chrome/141.0.0.0 Mobile Safari/537.36', '156.211.4.70', '/api/invoice/64', NULL, '2025-10-20 17:37:21', '2025-10-20 17:37:21'),
(328, 'تعديل', 'App\\Models\\Invoice', '70', '\"{\\\"invoice_type_id\\\":1,\\\"invoice_type_code\\\":\\\"installment_sale\\\",\\\"due_date\\\":null,\\\"status\\\":\\\"confirmed\\\",\\\"user_id\\\":70,\\\"gross_amount\\\":15850,\\\"total_discount\\\":\\\"0.00\\\",\\\"net_amount\\\":15850,\\\"paid_amount\\\":\\\"0.00\\\",\\\"remaining_amount\\\":15850,\\\"round_step\\\":10,\\\"company_id\\\":2,\\\"created_by\\\":5,\\\"invoice_number\\\":\\\"INS_SAL-251020-2-000026\\\",\\\"updated_at\\\":\\\"2025-10-20T17:37:21.000000Z\\\",\\\"created_at\\\":\\\"2025-10-20T17:37:21.000000Z\\\",\\\"id\\\":70}\"', '\"[]\"', 'قام المستخدم ابو ندي بتعديل تحديث فاتورة بيع بالتقسيط رقم INS_SAL-251020-2-000026 (تم استبدال الفاتورة القديمة INS_SAL-250922-2-000023)', NULL, NULL, 5, 5, 2, 'Mozilla/5.0 (Linux; Android 10; K) AppleWebKit/537.36 (KHTML, like Gecko) Chrome/141.0.0.0 Mobile Safari/537.36', '156.211.4.70', '/api/invoice/64', NULL, '2025-10-20 17:37:21', '2025-10-20 17:37:21'),
(329, 'انشاء', 'App\\Models\\Company', '13', NULL, '\"{\\\"name\\\":\\\"\\\\u062a\\\\u064a\\\\u0633\\\\u062a\\\",\\\"field\\\":\\\"\\\\u062a\\\\u064a\\\\u0633\\\\u062a \\\\u062a\\\\u062e\\\\u0635\\\\u0635\\\",\\\"phone\\\":\\\"12345678901\\\",\\\"email\\\":\\\"test@test.com\\\",\\\"company_id\\\":10,\\\"created_by\\\":6,\\\"updated_at\\\":\\\"2025-11-02 20:10:09\\\",\\\"created_at\\\":\\\"2025-11-02 20:10:09\\\",\\\"id\\\":13}\"', ' قام المستخدم ابو حبيبةبإنشاء شركة باسم تيست', NULL, NULL, 6, 6, 13, 'Mozilla/5.0 (Linux; Android 6.0.1; SM-G532F Build/MMB29T; wv) AppleWebKit/537.36 (KHTML, like Gecko) Version/4.0 Chrome/95.0.4638.74 Mobile Safari/537.36', '196.154.54.123', '/api/company', NULL, '2025-11-02 20:10:09', '2025-11-02 20:10:09'),
(330, 'انشاء', 'App\\Models\\User', '85', NULL, '\"{\\\"username\\\":null,\\\"email\\\":\\\"atsh33.phone@gmail.com\\\",\\\"phone\\\":\\\"010123456789\\\",\\\"password\\\":\\\"$2y$12$fytL7s6FMx8crFohRFpypeRulLe6E0QelWi1\\\\\\/YMrbPRkMSVWVk..2\\\",\\\"created_by\\\":6,\\\"company_id\\\":13,\\\"full_name\\\":\\\"\\\\u0645\\\\u0633\\\\u062a\\\\u062e\\\\u062f\\\\u0645 \\\\u062a\\\\u064a\\\\u0633\\\\u062a\\\",\\\"nickname\\\":\\\"\\\\u062a\\\\u064a\\\\u0633\\\\u062a\\\",\\\"updated_at\\\":\\\"2025-11-02 20:13:07\\\",\\\"created_at\\\":\\\"2025-11-02 20:13:07\\\",\\\"id\\\":85}\"', ' قام المستخدم ابو حبيبةبانشاء المستخدم تيست في الشركة تيست', NULL, NULL, 6, 6, 13, 'Mozilla/5.0 (Linux; Android 6.0.1; SM-G532F Build/MMB29T; wv) AppleWebKit/537.36 (KHTML, like Gecko) Version/4.0 Chrome/95.0.4638.74 Mobile Safari/537.36', '196.154.54.123', '/api/user', NULL, '2025-11-02 20:13:07', '2025-11-02 20:13:07'),
(331, 'تعديل', 'App\\Models\\User', '85', '\"{\\\"id\\\":85,\\\"phone\\\":\\\"010123456789\\\",\\\"password\\\":\\\"$2y$12$fytL7s6FMx8crFohRFpypeRulLe6E0QelWi1\\\\\\/YMrbPRkMSVWVk..2\\\",\\\"email\\\":\\\"atsh33.phone@gmail.com\\\",\\\"username\\\":null,\\\"nickname\\\":\\\"\\\\u062a\\\\u064a\\\\u0633\\\\u062a\\\",\\\"full_name\\\":\\\"\\\\u0645\\\\u0633\\\\u062a\\\\u062e\\\\u062f\\\\u0645 \\\\u062a\\\\u064a\\\\u0633\\\\u062a\\\",\\\"position\\\":null,\\\"settings\\\":null,\\\"last_login_at\\\":null,\\\"email_verified_at\\\":null,\\\"balance\\\":\\\"0.00\\\",\\\"status\\\":\\\"1\\\",\\\"customer_type\\\":\\\"retail\\\",\\\"created_by\\\":6,\\\"company_id\\\":13,\\\"remember_token\\\":null,\\\"created_at\\\":\\\"2025-11-02T20:13:07.000000Z\\\",\\\"updated_at\\\":\\\"2025-11-02T20:13:07.000000Z\\\"}\"', '\"[]\"', 'قام المستخدم ابو حبيبة بتعديل بتحديث المستخدم تيست', NULL, NULL, 6, 6, 13, 'Mozilla/5.0 (Linux; Android 6.0.1; SM-G532F Build/MMB29T; wv) AppleWebKit/537.36 (KHTML, like Gecko) Version/4.0 Chrome/95.0.4638.74 Mobile Safari/537.36', '196.154.54.123', '/api/user/85', NULL, '2025-11-02 20:16:22', '2025-11-02 20:16:22'),
(332, 'تعديل', 'App\\Models\\User', '85', '\"{\\\"id\\\":85,\\\"phone\\\":\\\"010123456789\\\",\\\"password\\\":\\\"$2y$12$fytL7s6FMx8crFohRFpypeRulLe6E0QelWi1\\\\\\/YMrbPRkMSVWVk..2\\\",\\\"email\\\":\\\"atsh33.phone@gmail.com\\\",\\\"username\\\":null,\\\"nickname\\\":\\\"\\\\u062a\\\\u064a\\\\u0633\\\\u062a\\\",\\\"full_name\\\":\\\"\\\\u0645\\\\u0633\\\\u062a\\\\u062e\\\\u062f\\\\u0645 \\\\u062a\\\\u064a\\\\u0633\\\\u062a\\\",\\\"position\\\":null,\\\"settings\\\":null,\\\"last_login_at\\\":null,\\\"email_verified_at\\\":null,\\\"balance\\\":\\\"0.00\\\",\\\"status\\\":\\\"1\\\",\\\"customer_type\\\":\\\"retail\\\",\\\"created_by\\\":6,\\\"company_id\\\":13,\\\"remember_token\\\":null,\\\"created_at\\\":\\\"2025-11-02T20:13:07.000000Z\\\",\\\"updated_at\\\":\\\"2025-11-02T20:13:07.000000Z\\\"}\"', '\"[]\"', 'قام المستخدم ابو حبيبة بتعديل بتحديث المستخدم تيست', NULL, NULL, 6, 6, 13, 'Mozilla/5.0 (Linux; Android 6.0.1; SM-G532F Build/MMB29T; wv) AppleWebKit/537.36 (KHTML, like Gecko) Version/4.0 Chrome/95.0.4638.74 Mobile Safari/537.36', '196.154.54.123', '/api/user/85', NULL, '2025-11-02 20:17:32', '2025-11-02 20:17:32'),
(333, 'تعديل', 'App\\Models\\User', '6', '\"{\\\"id\\\":6,\\\"phone\\\":\\\"01007888009\\\",\\\"password\\\":\\\"$2y$12$4LvFFEErVLsDWomDxqywGuMviT3q0rOfRmpM7dU.WAxli9NmCI9VG\\\",\\\"email\\\":\\\"atsh.phone@gmail.com\\\",\\\"username\\\":null,\\\"nickname\\\":\\\"\\\\u0627\\\\u0628\\\\u0648 \\\\u062d\\\\u0628\\\\u064a\\\\u0628\\\\u0629\\\",\\\"full_name\\\":\\\"\\\\u0647\\\\u0634\\\\u0627\\\\u0645 \\\\u0645\\\\u062d\\\\u0645\\\\u062f \\\\u0627\\\\u062d\\\\u0645\\\\u062f\\\",\\\"position\\\":null,\\\"settings\\\":null,\\\"last_login_at\\\":null,\\\"email_verified_at\\\":null,\\\"balance\\\":\\\"0.00\\\",\\\"status\\\":\\\"1\\\",\\\"customer_type\\\":\\\"retail\\\",\\\"created_by\\\":1,\\\"company_id\\\":13,\\\"remember_token\\\":null,\\\"created_at\\\":\\\"2025-07-09T20:47:12.000000Z\\\",\\\"updated_at\\\":\\\"2025-11-02T20:21:37.000000Z\\\"}\"', '\"{\\\"email\\\":\\\"atsh.phone@gmail.com\\\",\\\"updated_at\\\":\\\"2025-11-02 20:21:37\\\"}\"', 'قام المستخدم ابو حبيبة بتعديل بتحديث المستخدم ', NULL, NULL, 6, 6, 13, 'Mozilla/5.0 (Linux; Android 6.0.1; SM-G532F Build/MMB29T; wv) AppleWebKit/537.36 (KHTML, like Gecko) Version/4.0 Chrome/95.0.4638.74 Mobile Safari/537.36', '196.154.54.123', '/api/user/6', NULL, '2025-11-02 20:21:37', '2025-11-02 20:21:37'),
(334, 'تعديل', 'App\\Models\\User', '73', '\"{\\\"id\\\":73,\\\"phone\\\":\\\"010321400187\\\",\\\"password\\\":\\\"$2y$12$cAVzoyaOncRCJA8kiz4lJeK1DHJ2pUOuVfb\\\\\\/Tanq0ixR0FORGp3Jy\\\",\\\"email\\\":null,\\\"username\\\":null,\\\"nickname\\\":\\\"\\\\u0627\\\\u0644\\\\u0631\\\\u0641\\\\u0627\\\\u0639\\\\u064a\\\",\\\"full_name\\\":\\\"\\\\u0645\\\\u062d\\\\u0645\\\\u062f \\\\u0635\\\\u0644\\\\u0627\\\\u062d \\\\u0627\\\\u0644\\\\u0631\\\\u0641\\\\u0627\\\\u0639\\\\u064a\\\",\\\"position\\\":null,\\\"settings\\\":null,\\\"last_login_at\\\":null,\\\"email_verified_at\\\":null,\\\"balance\\\":\\\"0.00\\\",\\\"status\\\":\\\"1\\\",\\\"customer_type\\\":\\\"retail\\\",\\\"created_by\\\":5,\\\"company_id\\\":2,\\\"remember_token\\\":null,\\\"created_at\\\":\\\"2025-10-08T15:53:01.000000Z\\\",\\\"updated_at\\\":\\\"2025-10-08T15:53:01.000000Z\\\"}\"', '\"[]\"', 'قام المستخدم ابو ندي بتعديل بتحديث المستخدم الرفاعي', NULL, NULL, 5, 5, 2, 'Mozilla/5.0 (Windows NT 10.0; Win64; x64) AppleWebKit/537.36 (KHTML, like Gecko) Chrome/142.0.0.0 Safari/537.36', '156.211.58.126', '/api/user/73', NULL, '2025-12-03 21:00:08', '2025-12-03 21:00:08'),
(335, 'تعديل', 'App\\Models\\User', '72', '\"{\\\"id\\\":72,\\\"phone\\\":\\\"01097217916\\\",\\\"password\\\":\\\"$2y$12$tPhnaLYS4F5VzgqSVnbfiOC\\\\\\/qSAS2ZB2bf9brwSmvMec1JytenOyq\\\",\\\"email\\\":null,\\\"username\\\":null,\\\"nickname\\\":\\\"\\\\u0627\\\\u0628\\\\u0648\\\\u0631\\\\u0628\\\\u0627\\\\u062d\\\",\\\"full_name\\\":\\\"\\\\u0645\\\\u062d\\\\u0645\\\\u062f \\\\u062d\\\\u0633\\\\u064a\\\\u0646 \\\\u0631\\\\u0628\\\\u0627\\\\u062d\\\",\\\"position\\\":null,\\\"settings\\\":null,\\\"last_login_at\\\":null,\\\"email_verified_at\\\":null,\\\"balance\\\":\\\"0.00\\\",\\\"status\\\":\\\"1\\\",\\\"customer_type\\\":\\\"retail\\\",\\\"created_by\\\":5,\\\"company_id\\\":2,\\\"remember_token\\\":null,\\\"created_at\\\":\\\"2025-09-18T18:39:25.000000Z\\\",\\\"updated_at\\\":\\\"2025-09-18T18:39:25.000000Z\\\"}\"', '\"[]\"', 'قام المستخدم ابو ندي بتعديل بتحديث المستخدم ابورباح', NULL, NULL, 5, 5, 2, 'Mozilla/5.0 (Windows NT 10.0; Win64; x64) AppleWebKit/537.36 (KHTML, like Gecko) Chrome/142.0.0.0 Safari/537.36', '156.211.58.126', '/api/user/72', NULL, '2025-12-03 21:00:32', '2025-12-03 21:00:32'),
(336, 'انشاء', 'App\\Models\\User', '35', NULL, '\"{\\\"id\\\":35,\\\"phone\\\":\\\"01099906427\\\",\\\"password\\\":\\\"$2y$12$OYoelJb7XMBYNv.DhovgrOw0P9i1bNhQsK2F7lKZi3Pvd6qksfq7e\\\",\\\"email\\\":null,\\\"username\\\":null,\\\"nickname\\\":\\\"\\\\u0631\\\\u0627\\\\u0646\\\\u062f\\\\u0627 \\\\u0627\\\\u0644\\\\u0639\\\\u0631\\\\u0628\\\\u064a\\\",\\\"full_name\\\":\\\"\\\\u0631\\\\u0627\\\\u0646\\\\u062f\\\\u0627 \\\\u0627\\\\u0644\\\\u0639\\\\u0631\\\\u0628\\\\u064a\\\",\\\"position\\\":null,\\\"settings\\\":null,\\\"last_login_at\\\":null,\\\"email_verified_at\\\":null,\\\"balance\\\":\\\"0.00\\\",\\\"status\\\":\\\"1\\\",\\\"customer_type\\\":\\\"retail\\\",\\\"created_by\\\":15,\\\"company_id\\\":2,\\\"remember_token\\\":null,\\\"created_at\\\":\\\"2025-07-11 18:35:30\\\",\\\"updated_at\\\":\\\"2025-12-03 21:04:11\\\"}\"', ' قام المستخدم ابو نديبانشاء المستخدم اخت وجدي في الشركة اقساط', NULL, NULL, 5, 5, 2, 'Mozilla/5.0 (Windows NT 10.0; Win64; x64) AppleWebKit/537.36 (KHTML, like Gecko) Chrome/142.0.0.0 Safari/537.36', '156.211.58.126', '/api/user', NULL, '2025-12-03 21:04:11', '2025-12-03 21:04:11'),
(337, 'تعديل', 'App\\Models\\User', '13', '\"{\\\"id\\\":13,\\\"phone\\\":\\\"01062965714\\\",\\\"password\\\":\\\"$2y$12$rCb98lO7sBrcG4X6cLULbeMQQol\\\\\\/iUU1vvGtuCMPcYPoEa3Ek4v1e\\\",\\\"email\\\":null,\\\"username\\\":null,\\\"nickname\\\":\\\"\\\\u0627\\\\u062e\\\\u062a \\\\u0648\\\\u062c\\\\u062f\\\\u064a\\\",\\\"full_name\\\":\\\"\\\\u0647\\\\u0648\\\\u064a\\\\u062f\\\\u0647 \\\\u0627\\\\u0644\\\\u0639\\\\u0631\\\\u0628\\\\u064a\\\",\\\"position\\\":null,\\\"settings\\\":null,\\\"last_login_at\\\":null,\\\"email_verified_at\\\":null,\\\"balance\\\":\\\"0.00\\\",\\\"status\\\":\\\"1\\\",\\\"customer_type\\\":\\\"retail\\\",\\\"created_by\\\":5,\\\"company_id\\\":2,\\\"remember_token\\\":null,\\\"created_at\\\":\\\"2025-07-11T14:43:05.000000Z\\\",\\\"updated_at\\\":\\\"2025-07-11T14:43:05.000000Z\\\"}\"', '\"[]\"', 'قام المستخدم ابو ندي بتعديل بتحديث المستخدم اخت وجدي', NULL, NULL, 5, 5, 2, 'Mozilla/5.0 (Windows NT 10.0; Win64; x64) AppleWebKit/537.36 (KHTML, like Gecko) Chrome/142.0.0.0 Safari/537.36', '156.211.58.126', '/api/user/13', NULL, '2025-12-03 21:06:44', '2025-12-03 21:06:44'),
(338, 'انشاء', 'App\\Models\\User', '86', NULL, '\"{\\\"username\\\":null,\\\"email\\\":null,\\\"phone\\\":\\\"01015931336\\\",\\\"password\\\":\\\"$2y$12$zwHm\\\\\\/Z3l3V1jjXUq28ohbOphnMOUVpScjAb6dadPYbgLWE2T.shOW\\\",\\\"created_by\\\":5,\\\"company_id\\\":2,\\\"full_name\\\":\\\"\\\\u0627\\\\u0645 \\\\u0641\\\\u062a\\\\u062d\\\\u064a \\\\u0627\\\\u0644\\\\u0643\\\\u0648\\\\u062b\\\\u0631\\\",\\\"nickname\\\":\\\"\\\\u0627\\\\u0645 \\\\u0641\\\\u062a\\\\u062d\\\\u064a\\\",\\\"updated_at\\\":\\\"2025-12-03 21:08:01\\\",\\\"created_at\\\":\\\"2025-12-03 21:08:01\\\",\\\"id\\\":86}\"', ' قام المستخدم ابو نديبانشاء المستخدم ام فتحي في الشركة اقساط', NULL, NULL, 5, 5, 2, 'Mozilla/5.0 (Windows NT 10.0; Win64; x64) AppleWebKit/537.36 (KHTML, like Gecko) Chrome/142.0.0.0 Safari/537.36', '156.211.58.126', '/api/user', NULL, '2025-12-03 21:08:01', '2025-12-03 21:08:01'),
(339, 'انشاء', 'App\\Models\\Invoice', '71', NULL, '\"{\\\"invoice_type_id\\\":1,\\\"invoice_type_code\\\":\\\"installment_sale\\\",\\\"due_date\\\":null,\\\"status\\\":\\\"confirmed\\\",\\\"user_id\\\":13,\\\"gross_amount\\\":7500,\\\"total_discount\\\":0,\\\"net_amount\\\":7500,\\\"paid_amount\\\":0,\\\"remaining_amount\\\":7500,\\\"round_step\\\":0,\\\"company_id\\\":2,\\\"created_by\\\":5,\\\"invoice_number\\\":\\\"INS_SAL-251204-2-000027\\\",\\\"updated_at\\\":\\\"2025-12-04 13:19:29\\\",\\\"created_at\\\":\\\"2025-12-04 13:19:29\\\",\\\"id\\\":71}\"', ' قام المستخدم ابو نديإنشاء فاتورة بيع بالتقسيط رقم INS_SAL-251204-2-000027', NULL, NULL, 5, 5, 2, 'Mozilla/5.0 (Windows NT 10.0; Win64; x64) AppleWebKit/537.36 (KHTML, like Gecko) Chrome/142.0.0.0 Safari/537.36', '156.211.58.126', '/api/invoice', NULL, '2025-12-04 13:19:29', '2025-12-04 13:19:29'),
(340, 'إلغاء', 'App\\Models\\Invoice', '71', '\"{\\\"id\\\":71,\\\"invoice_number\\\":\\\"INS_SAL-251204-2-000027\\\",\\\"due_date\\\":null,\\\"gross_amount\\\":\\\"7500.00\\\",\\\"total_discount\\\":\\\"0.00\\\",\\\"net_amount\\\":\\\"7500.00\\\",\\\"paid_amount\\\":\\\"0.00\\\",\\\"remaining_amount\\\":\\\"7500.00\\\",\\\"status\\\":\\\"canceled\\\",\\\"notes\\\":null,\\\"company_id\\\":2,\\\"created_by\\\":5,\\\"user_id\\\":13,\\\"invoice_type_id\\\":1,\\\"cash_box_id\\\":null,\\\"invoice_type_code\\\":\\\"installment_sale\\\",\\\"round_step\\\":0,\\\"created_at\\\":\\\"2025-12-04T13:19:29.000000Z\\\",\\\"updated_at\\\":\\\"2025-12-04T13:20:10.000000Z\\\",\\\"updated_by\\\":5,\\\"deleted_at\\\":null}\"', '\"{\\\"status\\\":\\\"canceled\\\"}\"', 'قام المستخدم ابو ندي بإلغاء إلغاء فاتورة بيع بالتقسيط رقم INS_SAL-251204-2-000027', NULL, NULL, 5, 5, 2, 'Mozilla/5.0 (Windows NT 10.0; Win64; x64) AppleWebKit/537.36 (KHTML, like Gecko) Chrome/142.0.0.0 Safari/537.36', '156.211.58.126', '/api/invoice/71', NULL, '2025-12-04 13:20:10', '2025-12-04 13:20:10'),
(341, 'انشاء', 'App\\Models\\User', '87', NULL, '\"{\\\"username\\\":null,\\\"email\\\":null,\\\"phone\\\":\\\"01070512452\\\",\\\"password\\\":\\\"$2y$12$Sy4\\\\\\/u6sy2a0Qng751KTSxelWyanx0hzogodfs6xQbXDdIwKVCsFZm\\\",\\\"created_by\\\":5,\\\"company_id\\\":2,\\\"full_name\\\":\\\"\\\\u0627\\\\u0645 \\\\u0627\\\\u0644\\\\u0633\\\\u064a\\\\u062f \\\\u0627\\\\u0644\\\\u062a\\\\u0631\\\\u0632\\\\u064a\\\",\\\"nickname\\\":\\\"\\\\u0627\\\\u0644\\\\u062a\\\\u0631\\\\u0632\\\\u064a\\\",\\\"updated_at\\\":\\\"2025-12-04 19:01:51\\\",\\\"created_at\\\":\\\"2025-12-04 19:01:51\\\",\\\"id\\\":87}\"', ' قام المستخدم ابو نديبانشاء المستخدم الترزي في الشركة اقساط', NULL, NULL, 5, 5, 2, 'Mozilla/5.0 (Windows NT 10.0; Win64; x64) AppleWebKit/537.36 (KHTML, like Gecko) Chrome/142.0.0.0 Safari/537.36', '156.210.236.250', '/api/user', NULL, '2025-12-04 19:01:51', '2025-12-04 19:01:51'),
(342, 'انشاء', 'App\\Models\\Invoice', '72', NULL, '\"{\\\"invoice_type_id\\\":1,\\\"invoice_type_code\\\":\\\"installment_sale\\\",\\\"due_date\\\":null,\\\"status\\\":\\\"confirmed\\\",\\\"user_id\\\":87,\\\"gross_amount\\\":3500,\\\"total_discount\\\":0,\\\"net_amount\\\":3500,\\\"paid_amount\\\":0,\\\"remaining_amount\\\":3500,\\\"round_step\\\":10,\\\"company_id\\\":2,\\\"created_by\\\":5,\\\"invoice_number\\\":\\\"INS_SAL-251204-2-000028\\\",\\\"updated_at\\\":\\\"2025-12-04 19:05:06\\\",\\\"created_at\\\":\\\"2025-12-04 19:05:06\\\",\\\"id\\\":72}\"', ' قام المستخدم ابو نديإنشاء فاتورة بيع بالتقسيط رقم INS_SAL-251204-2-000028', NULL, NULL, 5, 5, 2, 'Mozilla/5.0 (Windows NT 10.0; Win64; x64) AppleWebKit/537.36 (KHTML, like Gecko) Chrome/142.0.0.0 Safari/537.36', '156.210.236.250', '/api/invoice', NULL, '2025-12-04 19:05:06', '2025-12-04 19:05:06'),
(343, 'إلغاء', 'App\\Models\\Invoice', '72', '\"{\\\"id\\\":72,\\\"invoice_number\\\":\\\"INS_SAL-251204-2-000028\\\",\\\"due_date\\\":null,\\\"gross_amount\\\":\\\"3500.00\\\",\\\"total_discount\\\":\\\"0.00\\\",\\\"net_amount\\\":\\\"3500.00\\\",\\\"paid_amount\\\":\\\"0.00\\\",\\\"remaining_amount\\\":\\\"3500.00\\\",\\\"status\\\":\\\"canceled\\\",\\\"notes\\\":null,\\\"company_id\\\":2,\\\"created_by\\\":5,\\\"user_id\\\":87,\\\"invoice_type_id\\\":1,\\\"cash_box_id\\\":null,\\\"invoice_type_code\\\":\\\"installment_sale\\\",\\\"round_step\\\":10,\\\"created_at\\\":\\\"2025-12-04T19:05:06.000000Z\\\",\\\"updated_at\\\":\\\"2025-12-04T19:06:18.000000Z\\\",\\\"updated_by\\\":5,\\\"deleted_at\\\":null}\"', '\"{\\\"status\\\":\\\"canceled\\\"}\"', 'قام المستخدم ابو ندي بإلغاء إلغاء فاتورة بيع بالتقسيط رقم INS_SAL-251204-2-000028', NULL, NULL, 5, 5, 2, 'Mozilla/5.0 (Windows NT 10.0; Win64; x64) AppleWebKit/537.36 (KHTML, like Gecko) Chrome/142.0.0.0 Safari/537.36', '156.210.236.250', '/api/invoice/72', NULL, '2025-12-04 19:06:18', '2025-12-04 19:06:18'),
(344, 'انشاء', 'App\\Models\\Invoice', '73', NULL, '\"{\\\"invoice_type_id\\\":1,\\\"invoice_type_code\\\":\\\"installment_sale\\\",\\\"due_date\\\":null,\\\"status\\\":\\\"confirmed\\\",\\\"user_id\\\":87,\\\"gross_amount\\\":3500,\\\"total_discount\\\":\\\"0.00\\\",\\\"net_amount\\\":3500,\\\"paid_amount\\\":\\\"0.00\\\",\\\"remaining_amount\\\":3500,\\\"round_step\\\":10,\\\"company_id\\\":2,\\\"created_by\\\":5,\\\"invoice_number\\\":\\\"INS_SAL-251204-2-000029\\\",\\\"updated_at\\\":\\\"2025-12-04 19:06:18\\\",\\\"created_at\\\":\\\"2025-12-04 19:06:18\\\",\\\"id\\\":73}\"', ' قام المستخدم ابو نديإنشاء فاتورة بيع بالتقسيط رقم INS_SAL-251204-2-000029', NULL, NULL, 5, 5, 2, 'Mozilla/5.0 (Windows NT 10.0; Win64; x64) AppleWebKit/537.36 (KHTML, like Gecko) Chrome/142.0.0.0 Safari/537.36', '156.210.236.250', '/api/invoice/72', NULL, '2025-12-04 19:06:18', '2025-12-04 19:06:18'),
(345, 'تعديل', 'App\\Models\\Invoice', '73', '\"{\\\"invoice_type_id\\\":1,\\\"invoice_type_code\\\":\\\"installment_sale\\\",\\\"due_date\\\":null,\\\"status\\\":\\\"confirmed\\\",\\\"user_id\\\":87,\\\"gross_amount\\\":3500,\\\"total_discount\\\":\\\"0.00\\\",\\\"net_amount\\\":3500,\\\"paid_amount\\\":\\\"0.00\\\",\\\"remaining_amount\\\":3500,\\\"round_step\\\":10,\\\"company_id\\\":2,\\\"created_by\\\":5,\\\"invoice_number\\\":\\\"INS_SAL-251204-2-000029\\\",\\\"updated_at\\\":\\\"2025-12-04T19:06:18.000000Z\\\",\\\"created_at\\\":\\\"2025-12-04T19:06:18.000000Z\\\",\\\"id\\\":73}\"', '\"[]\"', 'قام المستخدم ابو ندي بتعديل تحديث فاتورة بيع بالتقسيط رقم INS_SAL-251204-2-000029 (تم استبدال الفاتورة القديمة INS_SAL-251204-2-000028)', NULL, NULL, 5, 5, 2, 'Mozilla/5.0 (Windows NT 10.0; Win64; x64) AppleWebKit/537.36 (KHTML, like Gecko) Chrome/142.0.0.0 Safari/537.36', '156.210.236.250', '/api/invoice/72', NULL, '2025-12-04 19:06:18', '2025-12-04 19:06:18'),
(346, 'انشاء', 'App\\Models\\Invoice', '74', NULL, '\"{\\\"invoice_type_id\\\":1,\\\"invoice_type_code\\\":\\\"installment_sale\\\",\\\"due_date\\\":null,\\\"status\\\":\\\"confirmed\\\",\\\"user_id\\\":86,\\\"gross_amount\\\":2200,\\\"total_discount\\\":0,\\\"net_amount\\\":2200,\\\"paid_amount\\\":0,\\\"remaining_amount\\\":2200,\\\"round_step\\\":0,\\\"company_id\\\":2,\\\"created_by\\\":5,\\\"invoice_number\\\":\\\"INS_SAL-251204-2-000030\\\",\\\"updated_at\\\":\\\"2025-12-04 19:21:08\\\",\\\"created_at\\\":\\\"2025-12-04 19:21:08\\\",\\\"id\\\":74}\"', ' قام المستخدم ابو نديإنشاء فاتورة بيع بالتقسيط رقم INS_SAL-251204-2-000030', NULL, NULL, 5, 5, 2, 'Mozilla/5.0 (Windows NT 10.0; Win64; x64) AppleWebKit/537.36 (KHTML, like Gecko) Chrome/142.0.0.0 Safari/537.36', '156.210.236.250', '/api/invoice', NULL, '2025-12-04 19:21:08', '2025-12-04 19:21:08'),
(347, 'إلغاء', 'App\\Models\\Invoice', '74', '\"{\\\"id\\\":74,\\\"invoice_number\\\":\\\"INS_SAL-251204-2-000030\\\",\\\"due_date\\\":null,\\\"gross_amount\\\":\\\"2200.00\\\",\\\"total_discount\\\":\\\"0.00\\\",\\\"net_amount\\\":\\\"2200.00\\\",\\\"paid_amount\\\":\\\"0.00\\\",\\\"remaining_amount\\\":\\\"2200.00\\\",\\\"status\\\":\\\"canceled\\\",\\\"notes\\\":null,\\\"company_id\\\":2,\\\"created_by\\\":5,\\\"user_id\\\":86,\\\"invoice_type_id\\\":1,\\\"cash_box_id\\\":null,\\\"invoice_type_code\\\":\\\"installment_sale\\\",\\\"round_step\\\":0,\\\"created_at\\\":\\\"2025-12-04T19:21:08.000000Z\\\",\\\"updated_at\\\":\\\"2025-12-04T19:22:28.000000Z\\\",\\\"updated_by\\\":5,\\\"deleted_at\\\":null}\"', '\"{\\\"status\\\":\\\"canceled\\\"}\"', 'قام المستخدم ابو ندي بإلغاء إلغاء فاتورة بيع بالتقسيط رقم INS_SAL-251204-2-000030', NULL, NULL, 5, 5, 2, 'Mozilla/5.0 (Windows NT 10.0; Win64; x64) AppleWebKit/537.36 (KHTML, like Gecko) Chrome/142.0.0.0 Safari/537.36', '156.210.236.250', '/api/invoice/74', NULL, '2025-12-04 19:22:28', '2025-12-04 19:22:28'),
(348, 'انشاء', 'App\\Models\\Invoice', '75', NULL, '\"{\\\"invoice_type_id\\\":1,\\\"invoice_type_code\\\":\\\"installment_sale\\\",\\\"due_date\\\":null,\\\"status\\\":\\\"confirmed\\\",\\\"user_id\\\":86,\\\"gross_amount\\\":2200,\\\"total_discount\\\":\\\"0.00\\\",\\\"net_amount\\\":2200,\\\"paid_amount\\\":\\\"0.00\\\",\\\"remaining_amount\\\":2200,\\\"round_step\\\":10,\\\"company_id\\\":2,\\\"created_by\\\":5,\\\"invoice_number\\\":\\\"INS_SAL-251204-2-000031\\\",\\\"updated_at\\\":\\\"2025-12-04 19:22:28\\\",\\\"created_at\\\":\\\"2025-12-04 19:22:28\\\",\\\"id\\\":75}\"', ' قام المستخدم ابو نديإنشاء فاتورة بيع بالتقسيط رقم INS_SAL-251204-2-000031', NULL, NULL, 5, 5, 2, 'Mozilla/5.0 (Windows NT 10.0; Win64; x64) AppleWebKit/537.36 (KHTML, like Gecko) Chrome/142.0.0.0 Safari/537.36', '156.210.236.250', '/api/invoice/74', NULL, '2025-12-04 19:22:28', '2025-12-04 19:22:28'),
(349, 'تعديل', 'App\\Models\\Invoice', '75', '\"{\\\"invoice_type_id\\\":1,\\\"invoice_type_code\\\":\\\"installment_sale\\\",\\\"due_date\\\":null,\\\"status\\\":\\\"confirmed\\\",\\\"user_id\\\":86,\\\"gross_amount\\\":2200,\\\"total_discount\\\":\\\"0.00\\\",\\\"net_amount\\\":2200,\\\"paid_amount\\\":\\\"0.00\\\",\\\"remaining_amount\\\":2200,\\\"round_step\\\":10,\\\"company_id\\\":2,\\\"created_by\\\":5,\\\"invoice_number\\\":\\\"INS_SAL-251204-2-000031\\\",\\\"updated_at\\\":\\\"2025-12-04T19:22:28.000000Z\\\",\\\"created_at\\\":\\\"2025-12-04T19:22:28.000000Z\\\",\\\"id\\\":75}\"', '\"[]\"', 'قام المستخدم ابو ندي بتعديل تحديث فاتورة بيع بالتقسيط رقم INS_SAL-251204-2-000031 (تم استبدال الفاتورة القديمة INS_SAL-251204-2-000030)', NULL, NULL, 5, 5, 2, 'Mozilla/5.0 (Windows NT 10.0; Win64; x64) AppleWebKit/537.36 (KHTML, like Gecko) Chrome/142.0.0.0 Safari/537.36', '156.210.236.250', '/api/invoice/74', NULL, '2025-12-04 19:22:28', '2025-12-04 19:22:28'),
(350, 'انشاء', 'App\\Models\\Invoice', '76', NULL, '\"{\\\"invoice_type_id\\\":1,\\\"invoice_type_code\\\":\\\"installment_sale\\\",\\\"due_date\\\":null,\\\"status\\\":\\\"confirmed\\\",\\\"user_id\\\":86,\\\"gross_amount\\\":3500,\\\"total_discount\\\":0,\\\"net_amount\\\":3500,\\\"paid_amount\\\":0,\\\"remaining_amount\\\":3500,\\\"round_step\\\":10,\\\"company_id\\\":2,\\\"created_by\\\":5,\\\"invoice_number\\\":\\\"INS_SAL-251204-2-000032\\\",\\\"updated_at\\\":\\\"2025-12-04 19:25:33\\\",\\\"created_at\\\":\\\"2025-12-04 19:25:33\\\",\\\"id\\\":76}\"', ' قام المستخدم ابو نديإنشاء فاتورة بيع بالتقسيط رقم INS_SAL-251204-2-000032', NULL, NULL, 5, 5, 2, 'Mozilla/5.0 (Windows NT 10.0; Win64; x64) AppleWebKit/537.36 (KHTML, like Gecko) Chrome/142.0.0.0 Safari/537.36', '156.210.236.250', '/api/invoice', NULL, '2025-12-04 19:25:33', '2025-12-04 19:25:33'),
(351, 'انشاء', 'App\\Models\\Invoice', '77', NULL, '\"{\\\"invoice_type_id\\\":1,\\\"invoice_type_code\\\":\\\"installment_sale\\\",\\\"due_date\\\":null,\\\"status\\\":\\\"confirmed\\\",\\\"user_id\\\":86,\\\"gross_amount\\\":1300,\\\"total_discount\\\":0,\\\"net_amount\\\":1300,\\\"paid_amount\\\":0,\\\"remaining_amount\\\":1300,\\\"round_step\\\":10,\\\"company_id\\\":2,\\\"created_by\\\":5,\\\"invoice_number\\\":\\\"INS_SAL-251204-2-000033\\\",\\\"updated_at\\\":\\\"2025-12-04 19:31:01\\\",\\\"created_at\\\":\\\"2025-12-04 19:31:01\\\",\\\"id\\\":77}\"', ' قام المستخدم ابو نديإنشاء فاتورة بيع بالتقسيط رقم INS_SAL-251204-2-000033', NULL, NULL, 5, 5, 2, 'Mozilla/5.0 (Windows NT 10.0; Win64; x64) AppleWebKit/537.36 (KHTML, like Gecko) Chrome/142.0.0.0 Safari/537.36', '156.210.236.250', '/api/invoice', NULL, '2025-12-04 19:31:01', '2025-12-04 19:31:01'),
(352, 'إلغاء', 'App\\Models\\Invoice', '76', '\"{\\\"id\\\":76,\\\"invoice_number\\\":\\\"INS_SAL-251204-2-000032\\\",\\\"due_date\\\":null,\\\"gross_amount\\\":\\\"3500.00\\\",\\\"total_discount\\\":\\\"0.00\\\",\\\"net_amount\\\":\\\"3500.00\\\",\\\"paid_amount\\\":\\\"0.00\\\",\\\"remaining_amount\\\":\\\"3500.00\\\",\\\"status\\\":\\\"canceled\\\",\\\"notes\\\":null,\\\"company_id\\\":2,\\\"created_by\\\":5,\\\"user_id\\\":86,\\\"invoice_type_id\\\":1,\\\"cash_box_id\\\":null,\\\"invoice_type_code\\\":\\\"installment_sale\\\",\\\"round_step\\\":10,\\\"created_at\\\":\\\"2025-12-04T19:25:33.000000Z\\\",\\\"updated_at\\\":\\\"2025-12-07T14:38:12.000000Z\\\",\\\"updated_by\\\":5,\\\"deleted_at\\\":null}\"', '\"{\\\"status\\\":\\\"canceled\\\"}\"', 'قام المستخدم ابو ندي بإلغاء إلغاء فاتورة بيع بالتقسيط رقم INS_SAL-251204-2-000032', NULL, NULL, 5, 5, 2, 'Mozilla/5.0 (Windows NT 10.0; Win64; x64) AppleWebKit/537.36 (KHTML, like Gecko) Chrome/142.0.0.0 Safari/537.36', '196.154.37.54', '/api/invoice/76', NULL, '2025-12-07 14:38:12', '2025-12-07 14:38:12'),
(353, 'انشاء', 'App\\Models\\Invoice', '78', NULL, '\"{\\\"invoice_type_id\\\":1,\\\"invoice_type_code\\\":\\\"installment_sale\\\",\\\"due_date\\\":null,\\\"status\\\":\\\"confirmed\\\",\\\"user_id\\\":86,\\\"gross_amount\\\":3500,\\\"total_discount\\\":\\\"0.00\\\",\\\"net_amount\\\":3500,\\\"paid_amount\\\":\\\"0.00\\\",\\\"remaining_amount\\\":3500,\\\"round_step\\\":0,\\\"company_id\\\":2,\\\"created_by\\\":5,\\\"invoice_number\\\":\\\"INS_SAL-251207-2-000034\\\",\\\"updated_at\\\":\\\"2025-12-07 14:38:12\\\",\\\"created_at\\\":\\\"2025-12-07 14:38:12\\\",\\\"id\\\":78}\"', ' قام المستخدم ابو نديإنشاء فاتورة بيع بالتقسيط رقم INS_SAL-251207-2-000034', NULL, NULL, 5, 5, 2, 'Mozilla/5.0 (Windows NT 10.0; Win64; x64) AppleWebKit/537.36 (KHTML, like Gecko) Chrome/142.0.0.0 Safari/537.36', '196.154.37.54', '/api/invoice/76', NULL, '2025-12-07 14:38:12', '2025-12-07 14:38:12'),
(354, 'تعديل', 'App\\Models\\Invoice', '78', '\"{\\\"invoice_type_id\\\":1,\\\"invoice_type_code\\\":\\\"installment_sale\\\",\\\"due_date\\\":null,\\\"status\\\":\\\"confirmed\\\",\\\"user_id\\\":86,\\\"gross_amount\\\":3500,\\\"total_discount\\\":\\\"0.00\\\",\\\"net_amount\\\":3500,\\\"paid_amount\\\":\\\"0.00\\\",\\\"remaining_amount\\\":3500,\\\"round_step\\\":0,\\\"company_id\\\":2,\\\"created_by\\\":5,\\\"invoice_number\\\":\\\"INS_SAL-251207-2-000034\\\",\\\"updated_at\\\":\\\"2025-12-07T14:38:12.000000Z\\\",\\\"created_at\\\":\\\"2025-12-07T14:38:12.000000Z\\\",\\\"id\\\":78}\"', '\"[]\"', 'قام المستخدم ابو ندي بتعديل تحديث فاتورة بيع بالتقسيط رقم INS_SAL-251207-2-000034 (تم استبدال الفاتورة القديمة INS_SAL-251204-2-000032)', NULL, NULL, 5, 5, 2, 'Mozilla/5.0 (Windows NT 10.0; Win64; x64) AppleWebKit/537.36 (KHTML, like Gecko) Chrome/142.0.0.0 Safari/537.36', '196.154.37.54', '/api/invoice/76', NULL, '2025-12-07 14:38:12', '2025-12-07 14:38:12');
INSERT INTO `activity_logs` (`id`, `action`, `model`, `row_id`, `data_old`, `data_new`, `description`, `old_values`, `new_values`, `user_id`, `created_by`, `company_id`, `user_agent`, `ip_address`, `url`, `metadata`, `created_at`, `updated_at`) VALUES
(355, 'تعديل', 'App\\Models\\User', '35', '\"{\\\"id\\\":35,\\\"phone\\\":\\\"01099906427\\\",\\\"password\\\":\\\"$2y$12$OYoelJb7XMBYNv.DhovgrOw0P9i1bNhQsK2F7lKZi3Pvd6qksfq7e\\\",\\\"email\\\":null,\\\"username\\\":null,\\\"nickname\\\":\\\"\\\\u0631\\\\u0627\\\\u0646\\\\u062f\\\\u0627 \\\\u0627\\\\u0644\\\\u0639\\\\u0631\\\\u0628\\\\u064a\\\",\\\"full_name\\\":\\\"\\\\u0631\\\\u0627\\\\u0646\\\\u062f\\\\u0627 \\\\u0627\\\\u0644\\\\u0639\\\\u0631\\\\u0628\\\\u064a\\\",\\\"position\\\":null,\\\"settings\\\":null,\\\"last_login_at\\\":null,\\\"email_verified_at\\\":null,\\\"balance\\\":\\\"0.00\\\",\\\"status\\\":\\\"1\\\",\\\"customer_type\\\":\\\"retail\\\",\\\"created_by\\\":15,\\\"company_id\\\":2,\\\"remember_token\\\":null,\\\"created_at\\\":\\\"2025-07-11T18:35:30.000000Z\\\",\\\"updated_at\\\":\\\"2025-12-03T21:04:11.000000Z\\\"}\"', '\"[]\"', 'قام المستخدم ابو ندي بتعديل بتحديث المستخدم اخت هويدا', NULL, NULL, 5, 5, 2, 'Mozilla/5.0 (Windows NT 10.0; Win64; x64) AppleWebKit/537.36 (KHTML, like Gecko) Chrome/142.0.0.0 Safari/537.36', '156.211.62.173', '/api/user/35', NULL, '2025-12-07 21:27:42', '2025-12-07 21:27:42'),
(356, 'انشاء', 'App\\Models\\Invoice', '79', NULL, '\"{\\\"invoice_type_id\\\":1,\\\"invoice_type_code\\\":\\\"installment_sale\\\",\\\"due_date\\\":null,\\\"status\\\":\\\"confirmed\\\",\\\"user_id\\\":35,\\\"gross_amount\\\":1850,\\\"total_discount\\\":0,\\\"net_amount\\\":1850,\\\"paid_amount\\\":0,\\\"remaining_amount\\\":1850,\\\"round_step\\\":10,\\\"company_id\\\":2,\\\"created_by\\\":5,\\\"invoice_number\\\":\\\"INS_SAL-251207-2-000035\\\",\\\"updated_at\\\":\\\"2025-12-07 21:29:42\\\",\\\"created_at\\\":\\\"2025-12-07 21:29:42\\\",\\\"id\\\":79}\"', ' قام المستخدم ابو نديإنشاء فاتورة بيع بالتقسيط رقم INS_SAL-251207-2-000035', NULL, NULL, 5, 5, 2, 'Mozilla/5.0 (Windows NT 10.0; Win64; x64) AppleWebKit/537.36 (KHTML, like Gecko) Chrome/142.0.0.0 Safari/537.36', '156.211.62.173', '/api/invoice', NULL, '2025-12-07 21:29:42', '2025-12-07 21:29:42'),
(357, 'انشاء', 'App\\Models\\Invoice', '80', NULL, '\"{\\\"invoice_type_id\\\":1,\\\"invoice_type_code\\\":\\\"installment_sale\\\",\\\"due_date\\\":null,\\\"status\\\":\\\"confirmed\\\",\\\"user_id\\\":13,\\\"gross_amount\\\":7500,\\\"total_discount\\\":0,\\\"net_amount\\\":7500,\\\"paid_amount\\\":0,\\\"remaining_amount\\\":7500,\\\"round_step\\\":10,\\\"company_id\\\":2,\\\"created_by\\\":5,\\\"invoice_number\\\":\\\"INS_SAL-251207-2-000036\\\",\\\"updated_at\\\":\\\"2025-12-07 21:36:03\\\",\\\"created_at\\\":\\\"2025-12-07 21:36:03\\\",\\\"id\\\":80}\"', ' قام المستخدم ابو نديإنشاء فاتورة بيع بالتقسيط رقم INS_SAL-251207-2-000036', NULL, NULL, 5, 5, 2, 'Mozilla/5.0 (Windows NT 10.0; Win64; x64) AppleWebKit/537.36 (KHTML, like Gecko) Chrome/142.0.0.0 Safari/537.36', '156.211.62.173', '/api/invoice', NULL, '2025-12-07 21:36:03', '2025-12-07 21:36:03'),
(358, 'إلغاء', 'App\\Models\\Invoice', '80', '\"{\\\"id\\\":80,\\\"invoice_number\\\":\\\"INS_SAL-251207-2-000036\\\",\\\"due_date\\\":null,\\\"gross_amount\\\":\\\"7500.00\\\",\\\"total_discount\\\":\\\"0.00\\\",\\\"net_amount\\\":\\\"7500.00\\\",\\\"paid_amount\\\":\\\"0.00\\\",\\\"remaining_amount\\\":\\\"7500.00\\\",\\\"status\\\":\\\"canceled\\\",\\\"notes\\\":null,\\\"company_id\\\":2,\\\"created_by\\\":5,\\\"user_id\\\":13,\\\"invoice_type_id\\\":1,\\\"cash_box_id\\\":null,\\\"invoice_type_code\\\":\\\"installment_sale\\\",\\\"round_step\\\":10,\\\"created_at\\\":\\\"2025-12-07T21:36:03.000000Z\\\",\\\"updated_at\\\":\\\"2025-12-07T21:37:14.000000Z\\\",\\\"updated_by\\\":5,\\\"deleted_at\\\":null}\"', '\"{\\\"status\\\":\\\"canceled\\\"}\"', 'قام المستخدم ابو ندي بإلغاء إلغاء فاتورة بيع بالتقسيط رقم INS_SAL-251207-2-000036', NULL, NULL, 5, 5, 2, 'Mozilla/5.0 (Windows NT 10.0; Win64; x64) AppleWebKit/537.36 (KHTML, like Gecko) Chrome/142.0.0.0 Safari/537.36', '156.211.62.173', '/api/invoice/80', NULL, '2025-12-07 21:37:14', '2025-12-07 21:37:14'),
(359, 'انشاء', 'App\\Models\\Invoice', '81', NULL, '\"{\\\"invoice_type_id\\\":1,\\\"invoice_type_code\\\":\\\"installment_sale\\\",\\\"due_date\\\":null,\\\"status\\\":\\\"confirmed\\\",\\\"user_id\\\":13,\\\"gross_amount\\\":7500,\\\"total_discount\\\":\\\"0.00\\\",\\\"net_amount\\\":7500,\\\"paid_amount\\\":\\\"0.00\\\",\\\"remaining_amount\\\":7500,\\\"round_step\\\":10,\\\"company_id\\\":2,\\\"created_by\\\":5,\\\"invoice_number\\\":\\\"INS_SAL-251207-2-000037\\\",\\\"updated_at\\\":\\\"2025-12-07 21:37:14\\\",\\\"created_at\\\":\\\"2025-12-07 21:37:14\\\",\\\"id\\\":81}\"', ' قام المستخدم ابو نديإنشاء فاتورة بيع بالتقسيط رقم INS_SAL-251207-2-000037', NULL, NULL, 5, 5, 2, 'Mozilla/5.0 (Windows NT 10.0; Win64; x64) AppleWebKit/537.36 (KHTML, like Gecko) Chrome/142.0.0.0 Safari/537.36', '156.211.62.173', '/api/invoice/80', NULL, '2025-12-07 21:37:14', '2025-12-07 21:37:14'),
(360, 'تعديل', 'App\\Models\\Invoice', '81', '\"{\\\"invoice_type_id\\\":1,\\\"invoice_type_code\\\":\\\"installment_sale\\\",\\\"due_date\\\":null,\\\"status\\\":\\\"confirmed\\\",\\\"user_id\\\":13,\\\"gross_amount\\\":7500,\\\"total_discount\\\":\\\"0.00\\\",\\\"net_amount\\\":7500,\\\"paid_amount\\\":\\\"0.00\\\",\\\"remaining_amount\\\":7500,\\\"round_step\\\":10,\\\"company_id\\\":2,\\\"created_by\\\":5,\\\"invoice_number\\\":\\\"INS_SAL-251207-2-000037\\\",\\\"updated_at\\\":\\\"2025-12-07T21:37:14.000000Z\\\",\\\"created_at\\\":\\\"2025-12-07T21:37:14.000000Z\\\",\\\"id\\\":81}\"', '\"[]\"', 'قام المستخدم ابو ندي بتعديل تحديث فاتورة بيع بالتقسيط رقم INS_SAL-251207-2-000037 (تم استبدال الفاتورة القديمة INS_SAL-251207-2-000036)', NULL, NULL, 5, 5, 2, 'Mozilla/5.0 (Windows NT 10.0; Win64; x64) AppleWebKit/537.36 (KHTML, like Gecko) Chrome/142.0.0.0 Safari/537.36', '156.211.62.173', '/api/invoice/80', NULL, '2025-12-07 21:37:14', '2025-12-07 21:37:14'),
(361, 'إلغاء', 'App\\Models\\Invoice', '79', '\"{\\\"id\\\":79,\\\"invoice_number\\\":\\\"INS_SAL-251207-2-000035\\\",\\\"due_date\\\":null,\\\"gross_amount\\\":\\\"1850.00\\\",\\\"total_discount\\\":\\\"0.00\\\",\\\"net_amount\\\":\\\"1850.00\\\",\\\"paid_amount\\\":\\\"0.00\\\",\\\"remaining_amount\\\":\\\"1850.00\\\",\\\"status\\\":\\\"canceled\\\",\\\"notes\\\":null,\\\"company_id\\\":2,\\\"created_by\\\":5,\\\"user_id\\\":35,\\\"invoice_type_id\\\":1,\\\"cash_box_id\\\":null,\\\"invoice_type_code\\\":\\\"installment_sale\\\",\\\"round_step\\\":10,\\\"created_at\\\":\\\"2025-12-07T21:29:42.000000Z\\\",\\\"updated_at\\\":\\\"2025-12-07T21:40:16.000000Z\\\",\\\"updated_by\\\":5,\\\"deleted_at\\\":null}\"', '\"{\\\"status\\\":\\\"canceled\\\"}\"', 'قام المستخدم ابو ندي بإلغاء إلغاء فاتورة بيع بالتقسيط رقم INS_SAL-251207-2-000035', NULL, NULL, 5, 5, 2, 'Mozilla/5.0 (Windows NT 10.0; Win64; x64) AppleWebKit/537.36 (KHTML, like Gecko) Chrome/142.0.0.0 Safari/537.36', '156.211.62.173', '/api/invoice/79', NULL, '2025-12-07 21:40:16', '2025-12-07 21:40:16'),
(362, 'انشاء', 'App\\Models\\Invoice', '82', NULL, '\"{\\\"invoice_type_id\\\":1,\\\"invoice_type_code\\\":\\\"installment_sale\\\",\\\"due_date\\\":null,\\\"status\\\":\\\"confirmed\\\",\\\"user_id\\\":35,\\\"gross_amount\\\":1850,\\\"total_discount\\\":\\\"0.00\\\",\\\"net_amount\\\":1850,\\\"paid_amount\\\":\\\"0.00\\\",\\\"remaining_amount\\\":1850,\\\"round_step\\\":10,\\\"company_id\\\":2,\\\"created_by\\\":5,\\\"invoice_number\\\":\\\"INS_SAL-251207-2-000038\\\",\\\"updated_at\\\":\\\"2025-12-07 21:40:16\\\",\\\"created_at\\\":\\\"2025-12-07 21:40:16\\\",\\\"id\\\":82}\"', ' قام المستخدم ابو نديإنشاء فاتورة بيع بالتقسيط رقم INS_SAL-251207-2-000038', NULL, NULL, 5, 5, 2, 'Mozilla/5.0 (Windows NT 10.0; Win64; x64) AppleWebKit/537.36 (KHTML, like Gecko) Chrome/142.0.0.0 Safari/537.36', '156.211.62.173', '/api/invoice/79', NULL, '2025-12-07 21:40:16', '2025-12-07 21:40:16'),
(363, 'تعديل', 'App\\Models\\Invoice', '82', '\"{\\\"invoice_type_id\\\":1,\\\"invoice_type_code\\\":\\\"installment_sale\\\",\\\"due_date\\\":null,\\\"status\\\":\\\"confirmed\\\",\\\"user_id\\\":35,\\\"gross_amount\\\":1850,\\\"total_discount\\\":\\\"0.00\\\",\\\"net_amount\\\":1850,\\\"paid_amount\\\":\\\"0.00\\\",\\\"remaining_amount\\\":1850,\\\"round_step\\\":10,\\\"company_id\\\":2,\\\"created_by\\\":5,\\\"invoice_number\\\":\\\"INS_SAL-251207-2-000038\\\",\\\"updated_at\\\":\\\"2025-12-07T21:40:16.000000Z\\\",\\\"created_at\\\":\\\"2025-12-07T21:40:16.000000Z\\\",\\\"id\\\":82}\"', '\"[]\"', 'قام المستخدم ابو ندي بتعديل تحديث فاتورة بيع بالتقسيط رقم INS_SAL-251207-2-000038 (تم استبدال الفاتورة القديمة INS_SAL-251207-2-000035)', NULL, NULL, 5, 5, 2, 'Mozilla/5.0 (Windows NT 10.0; Win64; x64) AppleWebKit/537.36 (KHTML, like Gecko) Chrome/142.0.0.0 Safari/537.36', '156.211.62.173', '/api/invoice/79', NULL, '2025-12-07 21:40:16', '2025-12-07 21:40:16'),
(364, 'إلغاء', 'App\\Models\\Invoice', '81', '\"{\\\"id\\\":81,\\\"invoice_number\\\":\\\"INS_SAL-251207-2-000037\\\",\\\"due_date\\\":null,\\\"gross_amount\\\":\\\"7500.00\\\",\\\"total_discount\\\":\\\"0.00\\\",\\\"net_amount\\\":\\\"7500.00\\\",\\\"paid_amount\\\":\\\"0.00\\\",\\\"remaining_amount\\\":\\\"7500.00\\\",\\\"status\\\":\\\"canceled\\\",\\\"notes\\\":null,\\\"company_id\\\":2,\\\"created_by\\\":5,\\\"user_id\\\":13,\\\"invoice_type_id\\\":1,\\\"cash_box_id\\\":null,\\\"invoice_type_code\\\":\\\"installment_sale\\\",\\\"round_step\\\":10,\\\"created_at\\\":\\\"2025-12-07T21:37:14.000000Z\\\",\\\"updated_at\\\":\\\"2025-12-07T21:41:29.000000Z\\\",\\\"updated_by\\\":5,\\\"deleted_at\\\":null}\"', '\"{\\\"status\\\":\\\"canceled\\\"}\"', 'قام المستخدم ابو ندي بإلغاء إلغاء فاتورة بيع بالتقسيط رقم INS_SAL-251207-2-000037', NULL, NULL, 5, 5, 2, 'Mozilla/5.0 (Windows NT 10.0; Win64; x64) AppleWebKit/537.36 (KHTML, like Gecko) Chrome/142.0.0.0 Safari/537.36', '156.211.62.173', '/api/invoice/81', NULL, '2025-12-07 21:41:29', '2025-12-07 21:41:29'),
(365, 'انشاء', 'App\\Models\\Invoice', '83', NULL, '\"{\\\"invoice_type_id\\\":1,\\\"invoice_type_code\\\":\\\"installment_sale\\\",\\\"due_date\\\":null,\\\"status\\\":\\\"confirmed\\\",\\\"user_id\\\":13,\\\"gross_amount\\\":7500,\\\"total_discount\\\":\\\"0.00\\\",\\\"net_amount\\\":7500,\\\"paid_amount\\\":\\\"0.00\\\",\\\"remaining_amount\\\":7500,\\\"round_step\\\":10,\\\"company_id\\\":2,\\\"created_by\\\":5,\\\"invoice_number\\\":\\\"INS_SAL-251207-2-000039\\\",\\\"updated_at\\\":\\\"2025-12-07 21:41:29\\\",\\\"created_at\\\":\\\"2025-12-07 21:41:29\\\",\\\"id\\\":83}\"', ' قام المستخدم ابو نديإنشاء فاتورة بيع بالتقسيط رقم INS_SAL-251207-2-000039', NULL, NULL, 5, 5, 2, 'Mozilla/5.0 (Windows NT 10.0; Win64; x64) AppleWebKit/537.36 (KHTML, like Gecko) Chrome/142.0.0.0 Safari/537.36', '156.211.62.173', '/api/invoice/81', NULL, '2025-12-07 21:41:29', '2025-12-07 21:41:29'),
(366, 'تعديل', 'App\\Models\\Invoice', '83', '\"{\\\"invoice_type_id\\\":1,\\\"invoice_type_code\\\":\\\"installment_sale\\\",\\\"due_date\\\":null,\\\"status\\\":\\\"confirmed\\\",\\\"user_id\\\":13,\\\"gross_amount\\\":7500,\\\"total_discount\\\":\\\"0.00\\\",\\\"net_amount\\\":7500,\\\"paid_amount\\\":\\\"0.00\\\",\\\"remaining_amount\\\":7500,\\\"round_step\\\":10,\\\"company_id\\\":2,\\\"created_by\\\":5,\\\"invoice_number\\\":\\\"INS_SAL-251207-2-000039\\\",\\\"updated_at\\\":\\\"2025-12-07T21:41:29.000000Z\\\",\\\"created_at\\\":\\\"2025-12-07T21:41:29.000000Z\\\",\\\"id\\\":83}\"', '\"[]\"', 'قام المستخدم ابو ندي بتعديل تحديث فاتورة بيع بالتقسيط رقم INS_SAL-251207-2-000039 (تم استبدال الفاتورة القديمة INS_SAL-251207-2-000037)', NULL, NULL, 5, 5, 2, 'Mozilla/5.0 (Windows NT 10.0; Win64; x64) AppleWebKit/537.36 (KHTML, like Gecko) Chrome/142.0.0.0 Safari/537.36', '156.211.62.173', '/api/invoice/81', NULL, '2025-12-07 21:41:29', '2025-12-07 21:41:29'),
(367, 'إلغاء', 'App\\Models\\Invoice', '78', '\"{\\\"id\\\":78,\\\"invoice_number\\\":\\\"INS_SAL-251207-2-000034\\\",\\\"due_date\\\":null,\\\"gross_amount\\\":\\\"3500.00\\\",\\\"total_discount\\\":\\\"0.00\\\",\\\"net_amount\\\":\\\"3500.00\\\",\\\"paid_amount\\\":\\\"0.00\\\",\\\"remaining_amount\\\":\\\"3500.00\\\",\\\"status\\\":\\\"canceled\\\",\\\"notes\\\":null,\\\"company_id\\\":2,\\\"created_by\\\":5,\\\"user_id\\\":86,\\\"invoice_type_id\\\":1,\\\"cash_box_id\\\":null,\\\"invoice_type_code\\\":\\\"installment_sale\\\",\\\"round_step\\\":0,\\\"created_at\\\":\\\"2025-12-07T14:38:12.000000Z\\\",\\\"updated_at\\\":\\\"2025-12-07T21:50:11.000000Z\\\",\\\"updated_by\\\":5,\\\"deleted_at\\\":null}\"', '\"{\\\"status\\\":\\\"canceled\\\"}\"', 'قام المستخدم ابو ندي بإلغاء إلغاء فاتورة بيع بالتقسيط رقم INS_SAL-251207-2-000034', NULL, NULL, 5, 5, 2, 'Mozilla/5.0 (Windows NT 10.0; Win64; x64) AppleWebKit/537.36 (KHTML, like Gecko) Chrome/142.0.0.0 Safari/537.36', '156.211.62.173', '/api/invoice/78', NULL, '2025-12-07 21:50:11', '2025-12-07 21:50:11'),
(368, 'انشاء', 'App\\Models\\Invoice', '84', NULL, '\"{\\\"invoice_type_id\\\":1,\\\"invoice_type_code\\\":\\\"installment_sale\\\",\\\"due_date\\\":null,\\\"status\\\":\\\"confirmed\\\",\\\"user_id\\\":86,\\\"gross_amount\\\":3500,\\\"total_discount\\\":\\\"0.00\\\",\\\"net_amount\\\":3500,\\\"paid_amount\\\":\\\"0.00\\\",\\\"remaining_amount\\\":3500,\\\"round_step\\\":10,\\\"company_id\\\":2,\\\"created_by\\\":5,\\\"invoice_number\\\":\\\"INS_SAL-251207-2-000040\\\",\\\"updated_at\\\":\\\"2025-12-07 21:50:11\\\",\\\"created_at\\\":\\\"2025-12-07 21:50:11\\\",\\\"id\\\":84}\"', ' قام المستخدم ابو نديإنشاء فاتورة بيع بالتقسيط رقم INS_SAL-251207-2-000040', NULL, NULL, 5, 5, 2, 'Mozilla/5.0 (Windows NT 10.0; Win64; x64) AppleWebKit/537.36 (KHTML, like Gecko) Chrome/142.0.0.0 Safari/537.36', '156.211.62.173', '/api/invoice/78', NULL, '2025-12-07 21:50:11', '2025-12-07 21:50:11'),
(369, 'تعديل', 'App\\Models\\Invoice', '84', '\"{\\\"invoice_type_id\\\":1,\\\"invoice_type_code\\\":\\\"installment_sale\\\",\\\"due_date\\\":null,\\\"status\\\":\\\"confirmed\\\",\\\"user_id\\\":86,\\\"gross_amount\\\":3500,\\\"total_discount\\\":\\\"0.00\\\",\\\"net_amount\\\":3500,\\\"paid_amount\\\":\\\"0.00\\\",\\\"remaining_amount\\\":3500,\\\"round_step\\\":10,\\\"company_id\\\":2,\\\"created_by\\\":5,\\\"invoice_number\\\":\\\"INS_SAL-251207-2-000040\\\",\\\"updated_at\\\":\\\"2025-12-07T21:50:11.000000Z\\\",\\\"created_at\\\":\\\"2025-12-07T21:50:11.000000Z\\\",\\\"id\\\":84}\"', '\"[]\"', 'قام المستخدم ابو ندي بتعديل تحديث فاتورة بيع بالتقسيط رقم INS_SAL-251207-2-000040 (تم استبدال الفاتورة القديمة INS_SAL-251207-2-000034)', NULL, NULL, 5, 5, 2, 'Mozilla/5.0 (Windows NT 10.0; Win64; x64) AppleWebKit/537.36 (KHTML, like Gecko) Chrome/142.0.0.0 Safari/537.36', '156.211.62.173', '/api/invoice/78', NULL, '2025-12-07 21:50:11', '2025-12-07 21:50:11'),
(370, 'إلغاء', 'App\\Models\\Invoice', '84', '\"{\\\"id\\\":84,\\\"invoice_number\\\":\\\"INS_SAL-251207-2-000040\\\",\\\"due_date\\\":null,\\\"gross_amount\\\":\\\"3500.00\\\",\\\"total_discount\\\":\\\"0.00\\\",\\\"net_amount\\\":\\\"3500.00\\\",\\\"paid_amount\\\":\\\"0.00\\\",\\\"remaining_amount\\\":\\\"3500.00\\\",\\\"status\\\":\\\"canceled\\\",\\\"notes\\\":null,\\\"company_id\\\":2,\\\"created_by\\\":5,\\\"user_id\\\":86,\\\"invoice_type_id\\\":1,\\\"cash_box_id\\\":null,\\\"invoice_type_code\\\":\\\"installment_sale\\\",\\\"round_step\\\":10,\\\"created_at\\\":\\\"2025-12-07T21:50:11.000000Z\\\",\\\"updated_at\\\":\\\"2025-12-07T21:51:57.000000Z\\\",\\\"updated_by\\\":5,\\\"deleted_at\\\":null}\"', '\"{\\\"status\\\":\\\"canceled\\\"}\"', 'قام المستخدم ابو ندي بإلغاء إلغاء فاتورة بيع بالتقسيط رقم INS_SAL-251207-2-000040', NULL, NULL, 5, 5, 2, 'Mozilla/5.0 (Windows NT 10.0; Win64; x64) AppleWebKit/537.36 (KHTML, like Gecko) Chrome/142.0.0.0 Safari/537.36', '156.211.62.173', '/api/invoice/84', NULL, '2025-12-07 21:51:57', '2025-12-07 21:51:57'),
(371, 'انشاء', 'App\\Models\\Invoice', '85', NULL, '\"{\\\"invoice_type_id\\\":1,\\\"invoice_type_code\\\":\\\"installment_sale\\\",\\\"due_date\\\":null,\\\"status\\\":\\\"confirmed\\\",\\\"user_id\\\":86,\\\"gross_amount\\\":3500,\\\"total_discount\\\":\\\"0.00\\\",\\\"net_amount\\\":3500,\\\"paid_amount\\\":\\\"0.00\\\",\\\"remaining_amount\\\":3500,\\\"round_step\\\":10,\\\"company_id\\\":2,\\\"created_by\\\":5,\\\"invoice_number\\\":\\\"INS_SAL-251207-2-000041\\\",\\\"updated_at\\\":\\\"2025-12-07 21:51:57\\\",\\\"created_at\\\":\\\"2025-12-07 21:51:57\\\",\\\"id\\\":85}\"', ' قام المستخدم ابو نديإنشاء فاتورة بيع بالتقسيط رقم INS_SAL-251207-2-000041', NULL, NULL, 5, 5, 2, 'Mozilla/5.0 (Windows NT 10.0; Win64; x64) AppleWebKit/537.36 (KHTML, like Gecko) Chrome/142.0.0.0 Safari/537.36', '156.211.62.173', '/api/invoice/84', NULL, '2025-12-07 21:51:57', '2025-12-07 21:51:57'),
(372, 'تعديل', 'App\\Models\\Invoice', '85', '\"{\\\"invoice_type_id\\\":1,\\\"invoice_type_code\\\":\\\"installment_sale\\\",\\\"due_date\\\":null,\\\"status\\\":\\\"confirmed\\\",\\\"user_id\\\":86,\\\"gross_amount\\\":3500,\\\"total_discount\\\":\\\"0.00\\\",\\\"net_amount\\\":3500,\\\"paid_amount\\\":\\\"0.00\\\",\\\"remaining_amount\\\":3500,\\\"round_step\\\":10,\\\"company_id\\\":2,\\\"created_by\\\":5,\\\"invoice_number\\\":\\\"INS_SAL-251207-2-000041\\\",\\\"updated_at\\\":\\\"2025-12-07T21:51:57.000000Z\\\",\\\"created_at\\\":\\\"2025-12-07T21:51:57.000000Z\\\",\\\"id\\\":85}\"', '\"[]\"', 'قام المستخدم ابو ندي بتعديل تحديث فاتورة بيع بالتقسيط رقم INS_SAL-251207-2-000041 (تم استبدال الفاتورة القديمة INS_SAL-251207-2-000040)', NULL, NULL, 5, 5, 2, 'Mozilla/5.0 (Windows NT 10.0; Win64; x64) AppleWebKit/537.36 (KHTML, like Gecko) Chrome/142.0.0.0 Safari/537.36', '156.211.62.173', '/api/invoice/84', NULL, '2025-12-07 21:51:57', '2025-12-07 21:51:57'),
(373, 'انشاء', 'App\\Models\\Invoice', '86', NULL, '\"{\\\"invoice_type_id\\\":1,\\\"invoice_type_code\\\":\\\"installment_sale\\\",\\\"due_date\\\":null,\\\"status\\\":\\\"confirmed\\\",\\\"user_id\\\":73,\\\"gross_amount\\\":32865,\\\"total_discount\\\":0,\\\"net_amount\\\":32865,\\\"paid_amount\\\":0,\\\"remaining_amount\\\":32865,\\\"round_step\\\":50,\\\"company_id\\\":2,\\\"created_by\\\":5,\\\"invoice_number\\\":\\\"INS_SAL-251208-2-000042\\\",\\\"updated_at\\\":\\\"2025-12-08 16:53:08\\\",\\\"created_at\\\":\\\"2025-12-08 16:53:08\\\",\\\"id\\\":86}\"', ' قام المستخدم ابو نديإنشاء فاتورة بيع بالتقسيط رقم INS_SAL-251208-2-000042', NULL, NULL, 5, 5, 2, 'Mozilla/5.0 (Windows NT 10.0; Win64; x64) AppleWebKit/537.36 (KHTML, like Gecko) Chrome/142.0.0.0 Safari/537.36', '196.135.163.252', '/api/invoice', NULL, '2025-12-08 16:53:08', '2025-12-08 16:53:08'),
(374, 'إلغاء', 'App\\Models\\Invoice', '86', '\"{\\\"id\\\":86,\\\"invoice_number\\\":\\\"INS_SAL-251208-2-000042\\\",\\\"due_date\\\":null,\\\"gross_amount\\\":\\\"32865.00\\\",\\\"total_discount\\\":\\\"0.00\\\",\\\"net_amount\\\":\\\"32865.00\\\",\\\"paid_amount\\\":\\\"0.00\\\",\\\"remaining_amount\\\":\\\"32865.00\\\",\\\"status\\\":\\\"canceled\\\",\\\"notes\\\":null,\\\"company_id\\\":2,\\\"created_by\\\":5,\\\"user_id\\\":73,\\\"invoice_type_id\\\":1,\\\"cash_box_id\\\":null,\\\"invoice_type_code\\\":\\\"installment_sale\\\",\\\"round_step\\\":50,\\\"created_at\\\":\\\"2025-12-08T16:53:08.000000Z\\\",\\\"updated_at\\\":\\\"2025-12-08T17:05:33.000000Z\\\",\\\"updated_by\\\":5,\\\"deleted_at\\\":null}\"', '\"{\\\"status\\\":\\\"canceled\\\"}\"', 'قام المستخدم ابو ندي بإلغاء إلغاء فاتورة بيع بالتقسيط رقم INS_SAL-251208-2-000042', NULL, NULL, 5, 5, 2, 'Mozilla/5.0 (Windows NT 10.0; Win64; x64) AppleWebKit/537.36 (KHTML, like Gecko) Chrome/142.0.0.0 Safari/537.36', '156.211.62.173', '/api/invoice/86', NULL, '2025-12-08 17:05:33', '2025-12-08 17:05:33'),
(375, 'انشاء', 'App\\Models\\Invoice', '87', NULL, '\"{\\\"invoice_type_id\\\":1,\\\"invoice_type_code\\\":\\\"installment_sale\\\",\\\"due_date\\\":null,\\\"status\\\":\\\"confirmed\\\",\\\"user_id\\\":73,\\\"gross_amount\\\":32865,\\\"total_discount\\\":\\\"0.00\\\",\\\"net_amount\\\":32865,\\\"paid_amount\\\":\\\"0.00\\\",\\\"remaining_amount\\\":32865,\\\"round_step\\\":50,\\\"company_id\\\":2,\\\"created_by\\\":5,\\\"invoice_number\\\":\\\"INS_SAL-251208-2-000043\\\",\\\"updated_at\\\":\\\"2025-12-08 17:05:33\\\",\\\"created_at\\\":\\\"2025-12-08 17:05:33\\\",\\\"id\\\":87}\"', ' قام المستخدم ابو نديإنشاء فاتورة بيع بالتقسيط رقم INS_SAL-251208-2-000043', NULL, NULL, 5, 5, 2, 'Mozilla/5.0 (Windows NT 10.0; Win64; x64) AppleWebKit/537.36 (KHTML, like Gecko) Chrome/142.0.0.0 Safari/537.36', '156.211.62.173', '/api/invoice/86', NULL, '2025-12-08 17:05:33', '2025-12-08 17:05:33'),
(376, 'تعديل', 'App\\Models\\Invoice', '87', '\"{\\\"invoice_type_id\\\":1,\\\"invoice_type_code\\\":\\\"installment_sale\\\",\\\"due_date\\\":null,\\\"status\\\":\\\"confirmed\\\",\\\"user_id\\\":73,\\\"gross_amount\\\":32865,\\\"total_discount\\\":\\\"0.00\\\",\\\"net_amount\\\":32865,\\\"paid_amount\\\":\\\"0.00\\\",\\\"remaining_amount\\\":32865,\\\"round_step\\\":50,\\\"company_id\\\":2,\\\"created_by\\\":5,\\\"invoice_number\\\":\\\"INS_SAL-251208-2-000043\\\",\\\"updated_at\\\":\\\"2025-12-08T17:05:33.000000Z\\\",\\\"created_at\\\":\\\"2025-12-08T17:05:33.000000Z\\\",\\\"id\\\":87}\"', '\"[]\"', 'قام المستخدم ابو ندي بتعديل تحديث فاتورة بيع بالتقسيط رقم INS_SAL-251208-2-000043 (تم استبدال الفاتورة القديمة INS_SAL-251208-2-000042)', NULL, NULL, 5, 5, 2, 'Mozilla/5.0 (Windows NT 10.0; Win64; x64) AppleWebKit/537.36 (KHTML, like Gecko) Chrome/142.0.0.0 Safari/537.36', '156.211.62.173', '/api/invoice/86', NULL, '2025-12-08 17:05:33', '2025-12-08 17:05:33'),
(377, 'انشاء', 'App\\Models\\User', '88', NULL, '\"{\\\"username\\\":null,\\\"email\\\":null,\\\"phone\\\":\\\"010704175028\\\",\\\"password\\\":\\\"$2y$12$Ot62s4TroeQp9VWXa0CCk.9jNu.S22QN0sjTo9EirEcarbRI99T4O\\\",\\\"created_by\\\":5,\\\"company_id\\\":2,\\\"full_name\\\":\\\"\\\\u0627\\\\u0645 \\\\u064a\\\\u0627\\\\u0633\\\\u0645\\\\u064a\\\\u0646 \\\\u0627\\\\u0644\\\\u0633\\\\u064a\\\\u0633\\\\u064a\\\",\\\"nickname\\\":\\\"\\\\u0627\\\\u0644\\\\u0633\\\\u064a\\\\u0633\\\\u0628\\\\u064a\\\",\\\"updated_at\\\":\\\"2025-12-14 20:31:03\\\",\\\"created_at\\\":\\\"2025-12-14 20:31:03\\\",\\\"id\\\":88}\"', ' قام المستخدم ابو نديبانشاء المستخدم السيسبي في الشركة اقساط', NULL, NULL, 5, 5, 2, 'Mozilla/5.0 (Windows NT 10.0; Win64; x64) AppleWebKit/537.36 (KHTML, like Gecko) Chrome/142.0.0.0 Safari/537.36', '156.211.0.115', '/api/user', NULL, '2025-12-14 20:31:03', '2025-12-14 20:31:03'),
(378, 'تعديل', 'App\\Models\\User', '88', '\"{\\\"id\\\":88,\\\"phone\\\":\\\"010704175028\\\",\\\"password\\\":\\\"$2y$12$Ot62s4TroeQp9VWXa0CCk.9jNu.S22QN0sjTo9EirEcarbRI99T4O\\\",\\\"email\\\":null,\\\"username\\\":null,\\\"nickname\\\":\\\"\\\\u0627\\\\u0644\\\\u0633\\\\u064a\\\\u0633\\\\u0628\\\\u064a\\\",\\\"full_name\\\":\\\"\\\\u0627\\\\u0645 \\\\u064a\\\\u0627\\\\u0633\\\\u0645\\\\u064a\\\\u0646 \\\\u0627\\\\u0644\\\\u0633\\\\u064a\\\\u0633\\\\u064a\\\",\\\"position\\\":null,\\\"settings\\\":null,\\\"last_login_at\\\":null,\\\"email_verified_at\\\":null,\\\"balance\\\":\\\"0.00\\\",\\\"status\\\":\\\"1\\\",\\\"customer_type\\\":\\\"retail\\\",\\\"created_by\\\":5,\\\"company_id\\\":2,\\\"remember_token\\\":null,\\\"created_at\\\":\\\"2025-12-14T20:31:03.000000Z\\\",\\\"updated_at\\\":\\\"2025-12-14T20:31:03.000000Z\\\"}\"', '\"[]\"', 'قام المستخدم ابو ندي بتعديل بتحديث المستخدم ام ياسمين السيسي', NULL, NULL, 5, 5, 2, 'Mozilla/5.0 (Windows NT 10.0; Win64; x64) AppleWebKit/537.36 (KHTML, like Gecko) Chrome/142.0.0.0 Safari/537.36', '156.211.0.115', '/api/user/88', NULL, '2025-12-14 20:31:43', '2025-12-14 20:31:43'),
(379, 'انشاء', 'App\\Models\\Invoice', '88', NULL, '\"{\\\"invoice_type_id\\\":1,\\\"invoice_type_code\\\":\\\"installment_sale\\\",\\\"due_date\\\":null,\\\"status\\\":\\\"confirmed\\\",\\\"user_id\\\":7,\\\"gross_amount\\\":2000,\\\"total_discount\\\":0,\\\"net_amount\\\":2000,\\\"paid_amount\\\":0,\\\"remaining_amount\\\":2000,\\\"round_step\\\":10,\\\"company_id\\\":2,\\\"created_by\\\":5,\\\"invoice_number\\\":\\\"INS_SAL-260104-2-000044\\\",\\\"updated_at\\\":\\\"2026-01-04 17:06:51\\\",\\\"created_at\\\":\\\"2026-01-04 17:06:51\\\",\\\"id\\\":88}\"', ' قام المستخدم ابو نديإنشاء فاتورة بيع بالتقسيط رقم INS_SAL-260104-2-000044', NULL, NULL, 5, 5, 2, 'Mozilla/5.0 (Linux; Android 10; K) AppleWebKit/537.36 (KHTML, like Gecko) Chrome/143.0.0.0 Mobile Safari/537.36', '156.211.40.9', '/api/invoice', NULL, '2026-01-04 17:06:51', '2026-01-04 17:06:51'),
(380, 'انشاء', 'App\\Models\\Invoice', '89', NULL, '\"{\\\"invoice_type_id\\\":1,\\\"invoice_type_code\\\":\\\"installment_sale\\\",\\\"due_date\\\":null,\\\"status\\\":\\\"confirmed\\\",\\\"user_id\\\":13,\\\"gross_amount\\\":3200,\\\"total_discount\\\":0,\\\"net_amount\\\":3200,\\\"paid_amount\\\":0,\\\"remaining_amount\\\":3200,\\\"round_step\\\":10,\\\"company_id\\\":2,\\\"created_by\\\":5,\\\"invoice_number\\\":\\\"INS_SAL-260105-2-000045\\\",\\\"updated_at\\\":\\\"2026-01-05 21:15:12\\\",\\\"created_at\\\":\\\"2026-01-05 21:15:12\\\",\\\"id\\\":89}\"', ' قام المستخدم ابو نديإنشاء فاتورة بيع بالتقسيط رقم INS_SAL-260105-2-000045', NULL, NULL, 5, 5, 2, 'Mozilla/5.0 (Linux; Android 10; K) AppleWebKit/537.36 (KHTML, like Gecko) Chrome/143.0.0.0 Mobile Safari/537.36', '196.154.55.192', '/api/invoice', NULL, '2026-01-05 21:15:12', '2026-01-05 21:15:12'),
(381, 'إلغاء', 'App\\Models\\Invoice', '77', '\"{\\\"id\\\":77,\\\"invoice_number\\\":\\\"INS_SAL-251204-2-000033\\\",\\\"due_date\\\":null,\\\"gross_amount\\\":\\\"1300.00\\\",\\\"total_discount\\\":\\\"0.00\\\",\\\"net_amount\\\":\\\"1300.00\\\",\\\"paid_amount\\\":\\\"0.00\\\",\\\"remaining_amount\\\":\\\"1300.00\\\",\\\"status\\\":\\\"canceled\\\",\\\"notes\\\":null,\\\"company_id\\\":2,\\\"created_by\\\":5,\\\"user_id\\\":86,\\\"invoice_type_id\\\":1,\\\"cash_box_id\\\":null,\\\"invoice_type_code\\\":\\\"installment_sale\\\",\\\"round_step\\\":10,\\\"created_at\\\":\\\"2025-12-04T19:31:01.000000Z\\\",\\\"updated_at\\\":\\\"2026-01-06T19:36:47.000000Z\\\",\\\"updated_by\\\":5,\\\"deleted_at\\\":null}\"', '\"{\\\"status\\\":\\\"canceled\\\"}\"', 'قام المستخدم ابو ندي بإلغاء إلغاء فاتورة بيع بالتقسيط رقم INS_SAL-251204-2-000033', NULL, NULL, 5, 5, 2, 'Mozilla/5.0 (Windows NT 10.0; Win64; x64) AppleWebKit/537.36 (KHTML, like Gecko) Chrome/143.0.0.0 Safari/537.36', '196.129.112.177', '/api/invoice/77', NULL, '2026-01-06 19:36:47', '2026-01-06 19:36:47'),
(382, 'انشاء', 'App\\Models\\Invoice', '90', NULL, '\"{\\\"invoice_type_id\\\":1,\\\"invoice_type_code\\\":\\\"installment_sale\\\",\\\"due_date\\\":null,\\\"status\\\":\\\"confirmed\\\",\\\"user_id\\\":86,\\\"gross_amount\\\":1300,\\\"total_discount\\\":\\\"0.00\\\",\\\"net_amount\\\":1300,\\\"paid_amount\\\":\\\"0.00\\\",\\\"remaining_amount\\\":1300,\\\"round_step\\\":10,\\\"company_id\\\":2,\\\"created_by\\\":5,\\\"invoice_number\\\":\\\"INS_SAL-260106-2-000046\\\",\\\"updated_at\\\":\\\"2026-01-06 19:36:47\\\",\\\"created_at\\\":\\\"2026-01-06 19:36:47\\\",\\\"id\\\":90}\"', ' قام المستخدم ابو نديإنشاء فاتورة بيع بالتقسيط رقم INS_SAL-260106-2-000046', NULL, NULL, 5, 5, 2, 'Mozilla/5.0 (Windows NT 10.0; Win64; x64) AppleWebKit/537.36 (KHTML, like Gecko) Chrome/143.0.0.0 Safari/537.36', '196.129.112.177', '/api/invoice/77', NULL, '2026-01-06 19:36:47', '2026-01-06 19:36:47'),
(383, 'تعديل', 'App\\Models\\Invoice', '90', '\"{\\\"invoice_type_id\\\":1,\\\"invoice_type_code\\\":\\\"installment_sale\\\",\\\"due_date\\\":null,\\\"status\\\":\\\"confirmed\\\",\\\"user_id\\\":86,\\\"gross_amount\\\":1300,\\\"total_discount\\\":\\\"0.00\\\",\\\"net_amount\\\":1300,\\\"paid_amount\\\":\\\"0.00\\\",\\\"remaining_amount\\\":1300,\\\"round_step\\\":10,\\\"company_id\\\":2,\\\"created_by\\\":5,\\\"invoice_number\\\":\\\"INS_SAL-260106-2-000046\\\",\\\"updated_at\\\":\\\"2026-01-06T19:36:47.000000Z\\\",\\\"created_at\\\":\\\"2026-01-06T19:36:47.000000Z\\\",\\\"id\\\":90}\"', '\"[]\"', 'قام المستخدم ابو ندي بتعديل تحديث فاتورة بيع بالتقسيط رقم INS_SAL-260106-2-000046 (تم استبدال الفاتورة القديمة INS_SAL-251204-2-000033)', NULL, NULL, 5, 5, 2, 'Mozilla/5.0 (Windows NT 10.0; Win64; x64) AppleWebKit/537.36 (KHTML, like Gecko) Chrome/143.0.0.0 Safari/537.36', '196.129.112.177', '/api/invoice/77', NULL, '2026-01-06 19:36:47', '2026-01-06 19:36:47'),
(384, 'انشاء', 'App\\Models\\Invoice', '91', NULL, '\"{\\\"invoice_type_id\\\":1,\\\"invoice_type_code\\\":\\\"installment_sale\\\",\\\"due_date\\\":null,\\\"status\\\":\\\"confirmed\\\",\\\"user_id\\\":68,\\\"gross_amount\\\":19000,\\\"total_discount\\\":0,\\\"net_amount\\\":19000,\\\"paid_amount\\\":0,\\\"remaining_amount\\\":19000,\\\"round_step\\\":10,\\\"company_id\\\":2,\\\"created_by\\\":5,\\\"invoice_number\\\":\\\"INS_SAL-260111-2-000047\\\",\\\"updated_at\\\":\\\"2026-01-11 12:29:43\\\",\\\"created_at\\\":\\\"2026-01-11 12:29:43\\\",\\\"id\\\":91}\"', ' قام المستخدم ابو نديإنشاء فاتورة بيع بالتقسيط رقم INS_SAL-260111-2-000047', NULL, NULL, 5, 5, 2, 'Mozilla/5.0 (Linux; Android 10; K) AppleWebKit/537.36 (KHTML, like Gecko) Chrome/143.0.0.0 Mobile Safari/537.36', '196.154.83.50', '/api/invoice', NULL, '2026-01-11 12:29:43', '2026-01-11 12:29:43'),
(385, 'انشاء', 'App\\Models\\User', '89', NULL, '\"{\\\"username\\\":null,\\\"email\\\":null,\\\"phone\\\":\\\"01210907714\\\",\\\"password\\\":\\\"$2y$12$.6VPbNMTkRgiDzAoDof55uZNhYwB\\\\\\/YG1\\\\\\/OS3mkn7o4EG3.kDC\\\\\\/iiG\\\",\\\"created_by\\\":5,\\\"company_id\\\":2,\\\"full_name\\\":\\\"\\\\u0627\\\\u0645 \\\\u0627\\\\u0644\\\\u0633\\\\u064a\\\\u062f\\\\u0646\\\\u062c\\\\u0627\\\\u062a\\\",\\\"nickname\\\":\\\"\\\\u0627\\\\u0645 \\\\u0627\\\\u0644\\\\u0633\\\\u064a\\\\u062f \\\\u0646\\\\u062c\\\\u0627\\\\u062a\\\\u064a\\\",\\\"updated_at\\\":\\\"2026-01-11 13:01:01\\\",\\\"created_at\\\":\\\"2026-01-11 13:01:01\\\",\\\"id\\\":89}\"', ' قام المستخدم ابو نديبانشاء المستخدم ام السيد نجاتي في الشركة اقساط', NULL, NULL, 5, 5, 2, 'Mozilla/5.0 (Linux; Android 10; K) AppleWebKit/537.36 (KHTML, like Gecko) Chrome/143.0.0.0 Mobile Safari/537.36', '196.154.83.50', '/api/user', NULL, '2026-01-11 13:01:01', '2026-01-11 13:01:01'),
(386, 'إلغاء', 'App\\Models\\Invoice', '91', '\"{\\\"id\\\":91,\\\"invoice_number\\\":\\\"INS_SAL-260111-2-000047\\\",\\\"due_date\\\":null,\\\"gross_amount\\\":\\\"19000.00\\\",\\\"total_discount\\\":\\\"0.00\\\",\\\"net_amount\\\":\\\"19000.00\\\",\\\"paid_amount\\\":\\\"0.00\\\",\\\"remaining_amount\\\":\\\"19000.00\\\",\\\"status\\\":\\\"canceled\\\",\\\"notes\\\":null,\\\"company_id\\\":2,\\\"created_by\\\":5,\\\"user_id\\\":68,\\\"invoice_type_id\\\":1,\\\"cash_box_id\\\":null,\\\"invoice_type_code\\\":\\\"installment_sale\\\",\\\"round_step\\\":10,\\\"created_at\\\":\\\"2026-01-11T12:29:43.000000Z\\\",\\\"updated_at\\\":\\\"2026-01-13T20:00:24.000000Z\\\",\\\"updated_by\\\":5,\\\"deleted_at\\\":null}\"', '\"{\\\"status\\\":\\\"canceled\\\"}\"', 'قام المستخدم ابو ندي بإلغاء إلغاء فاتورة بيع بالتقسيط رقم INS_SAL-260111-2-000047', NULL, NULL, 5, 5, 2, 'Mozilla/5.0 (Linux; Android 10; K) AppleWebKit/537.36 (KHTML, like Gecko) Chrome/143.0.0.0 Mobile Safari/537.36', '196.154.27.136', '/api/invoice/91', NULL, '2026-01-13 20:00:24', '2026-01-13 20:00:24'),
(387, 'انشاء', 'App\\Models\\Invoice', '97', NULL, '\"{\\\"invoice_type_id\\\":1,\\\"invoice_type_code\\\":\\\"installment_sale\\\",\\\"due_date\\\":null,\\\"status\\\":\\\"confirmed\\\",\\\"user_id\\\":68,\\\"gross_amount\\\":8500,\\\"total_discount\\\":\\\"0.00\\\",\\\"net_amount\\\":8500,\\\"paid_amount\\\":\\\"0.00\\\",\\\"remaining_amount\\\":8500,\\\"round_step\\\":10,\\\"company_id\\\":2,\\\"created_by\\\":5,\\\"invoice_number\\\":\\\"INS_SAL-260113-2-000048\\\",\\\"updated_at\\\":\\\"2026-01-13 20:00:24\\\",\\\"created_at\\\":\\\"2026-01-13 20:00:24\\\",\\\"id\\\":97}\"', ' قام المستخدم ابو نديإنشاء فاتورة بيع بالتقسيط رقم INS_SAL-260113-2-000048', NULL, NULL, 5, 5, 2, 'Mozilla/5.0 (Linux; Android 10; K) AppleWebKit/537.36 (KHTML, like Gecko) Chrome/143.0.0.0 Mobile Safari/537.36', '196.154.27.136', '/api/invoice/91', NULL, '2026-01-13 20:00:24', '2026-01-13 20:00:24'),
(388, 'تعديل', 'App\\Models\\Invoice', '97', '\"{\\\"invoice_type_id\\\":1,\\\"invoice_type_code\\\":\\\"installment_sale\\\",\\\"due_date\\\":null,\\\"status\\\":\\\"confirmed\\\",\\\"user_id\\\":68,\\\"gross_amount\\\":8500,\\\"total_discount\\\":\\\"0.00\\\",\\\"net_amount\\\":8500,\\\"paid_amount\\\":\\\"0.00\\\",\\\"remaining_amount\\\":8500,\\\"round_step\\\":10,\\\"company_id\\\":2,\\\"created_by\\\":5,\\\"invoice_number\\\":\\\"INS_SAL-260113-2-000048\\\",\\\"updated_at\\\":\\\"2026-01-13T20:00:24.000000Z\\\",\\\"created_at\\\":\\\"2026-01-13T20:00:24.000000Z\\\",\\\"id\\\":97}\"', '\"[]\"', 'قام المستخدم ابو ندي بتعديل تحديث فاتورة بيع بالتقسيط رقم INS_SAL-260113-2-000048 (تم استبدال الفاتورة القديمة INS_SAL-260111-2-000047)', NULL, NULL, 5, 5, 2, 'Mozilla/5.0 (Linux; Android 10; K) AppleWebKit/537.36 (KHTML, like Gecko) Chrome/143.0.0.0 Mobile Safari/537.36', '196.154.27.136', '/api/invoice/91', NULL, '2026-01-13 20:00:24', '2026-01-13 20:00:24'),
(389, 'انشاء', 'App\\Models\\Invoice', '98', NULL, '\"{\\\"invoice_type_id\\\":1,\\\"invoice_type_code\\\":\\\"installment_sale\\\",\\\"due_date\\\":null,\\\"status\\\":\\\"confirmed\\\",\\\"user_id\\\":35,\\\"gross_amount\\\":3200,\\\"total_discount\\\":0,\\\"net_amount\\\":3200,\\\"paid_amount\\\":0,\\\"remaining_amount\\\":3200,\\\"round_step\\\":10,\\\"company_id\\\":2,\\\"created_by\\\":5,\\\"invoice_number\\\":\\\"INS_SAL-260129-2-000049\\\",\\\"updated_at\\\":\\\"2026-01-29 17:50:24\\\",\\\"created_at\\\":\\\"2026-01-29 17:50:24\\\",\\\"id\\\":98}\"', ' قام المستخدم ابو نديإنشاء فاتورة بيع بالتقسيط رقم INS_SAL-260129-2-000049', NULL, NULL, 5, 5, 2, 'Mozilla/5.0 (Linux; Android 10; K) AppleWebKit/537.36 (KHTML, like Gecko) Chrome/144.0.0.0 Mobile Safari/537.36', '196.129.199.96', '/api/invoice', NULL, '2026-01-29 17:50:24', '2026-01-29 17:50:24'),
(390, 'انشاء', 'App\\Models\\User', '90', NULL, '\"{\\\"username\\\":null,\\\"email\\\":null,\\\"phone\\\":\\\"01096827319\\\",\\\"password\\\":\\\"$2y$12$zUZ\\\\\\/sGHz6LM0N0I7iUtXoezGIoXVYyckjpnD0z9vmlHYd1FDrZXxm\\\",\\\"created_by\\\":5,\\\"company_id\\\":2,\\\"full_name\\\":\\\"\\\\u0627\\\\u0644\\\\u0633\\\\u064a\\\\u062f \\\\u0627\\\\u0644\\\\u062a\\\\u0631\\\\u0632\\\\u064a\\\",\\\"nickname\\\":\\\"\\\\u0627\\\\u0645 \\\\u062d\\\\u0628\\\\u064a\\\\u0628\\\\u0647 \\\\u0627\\\\u0644\\\\u062a\\\\u0631\\\\u0632\\\\u064a\\\",\\\"updated_at\\\":\\\"2026-01-30 19:49:48\\\",\\\"created_at\\\":\\\"2026-01-30 19:49:48\\\",\\\"id\\\":90}\"', ' قام المستخدم ابو نديبانشاء المستخدم ام حبيبه الترزي في الشركة اقساط', NULL, NULL, 5, 5, 2, 'Mozilla/5.0 (Linux; Android 10; K) AppleWebKit/537.36 (KHTML, like Gecko) Chrome/144.0.0.0 Mobile Safari/537.36', '196.154.77.100', '/api/user', NULL, '2026-01-30 19:49:48', '2026-01-30 19:49:48'),
(391, 'انشاء', 'App\\Models\\User', '91', NULL, '\"{\\\"username\\\":null,\\\"email\\\":null,\\\"phone\\\":\\\"01004804097\\\",\\\"password\\\":\\\"$2y$12$3PUFpF6FlSma6diQbvlRgO0A2bx3kNUDQP1Y1ivNr\\\\\\/0PtoP8YfRnG\\\",\\\"created_by\\\":5,\\\"company_id\\\":10,\\\"full_name\\\":\\\"\\\\u0627\\\\u0633\\\\u0645\\\\u0627\\\\u0639\\\\u064a\\\\u0644 \\\\u0645\\\\u0643\\\\u062a\\\\u0628\\\\u0647 \\\\u0627\\\\u0644\\\\u0639\\\\u0645\\\\u0644\\\\u0647\\\",\\\"nickname\\\":\\\"\\\\u0645\\\\u0643\\\\u062a\\\\u0628\\\\u0647 \\\\u0627\\\\u0644\\\\u0639\\\\u0645\\\\u0644\\\\u0647\\\",\\\"updated_at\\\":\\\"2026-02-01 07:24:19\\\",\\\"created_at\\\":\\\"2026-02-01 07:24:19\\\",\\\"id\\\":91}\"', ' قام المستخدم ابو نديبانشاء المستخدم مكتبه العمله في الشركة مكتبه ابوندي', NULL, NULL, 5, 5, 10, 'Mozilla/5.0 (Windows NT 10.0; Win64; x64) AppleWebKit/537.36 (KHTML, like Gecko) Chrome/143.0.0.0 Safari/537.36', '196.158.150.123', '/api/user', NULL, '2026-02-01 07:24:19', '2026-02-01 07:24:19'),
(392, 'انشاء', 'App\\Models\\User', '92', NULL, '\"{\\\"username\\\":null,\\\"email\\\":null,\\\"phone\\\":\\\"01024752564\\\",\\\"password\\\":\\\"$2y$12$mMG2ara8DN3n6K4lvqRN0elU0LzAOzp1kfPHHTGjsaGlYxfGVQYya\\\",\\\"created_by\\\":5,\\\"company_id\\\":2,\\\"full_name\\\":\\\"\\\\u062e\\\\u0644\\\\u0648\\\\u062f \\\\u0645\\\\u0635\\\\u0637\\\\u0641\\\\u064a\\\",\\\"nickname\\\":\\\"\\\\u062e\\\\u0644\\\\u0648\\\\u062f \\\\u0645\\\\u0635\\\\u0637\\\\u0641\\\\u064a\\\",\\\"updated_at\\\":\\\"2026-02-01 13:22:28\\\",\\\"created_at\\\":\\\"2026-02-01 13:22:28\\\",\\\"id\\\":92}\"', ' قام المستخدم ابو نديبانشاء المستخدم خلود مصطفي في الشركة اقساط', NULL, NULL, 5, 5, 2, 'Mozilla/5.0 (Linux; Android 10; K) AppleWebKit/537.36 (KHTML, like Gecko) Chrome/144.0.0.0 Mobile Safari/537.36', '196.154.79.85', '/api/user', NULL, '2026-02-01 13:22:28', '2026-02-01 13:22:28');

-- --------------------------------------------------------

--
-- بنية الجدول `attributes`
--

CREATE TABLE `attributes` (
  `id` bigint(20) UNSIGNED NOT NULL,
  `name` varchar(255) NOT NULL,
  `active` tinyint(1) NOT NULL DEFAULT 1,
  `value` varchar(255) DEFAULT NULL,
  `company_id` bigint(20) UNSIGNED NOT NULL,
  `created_by` bigint(20) UNSIGNED NOT NULL,
  `created_at` timestamp NULL DEFAULT NULL,
  `updated_at` timestamp NULL DEFAULT NULL
) ENGINE=InnoDB DEFAULT CHARSET=utf8mb4 COLLATE=utf8mb4_unicode_ci;

--
-- إرجاع أو استيراد بيانات الجدول `attributes`
--

INSERT INTO `attributes` (`id`, `name`, `active`, `value`, `company_id`, `created_by`, `created_at`, `updated_at`) VALUES
(1, 'لون', 1, NULL, 1, 1, '2025-06-09 23:43:56', '2025-06-09 23:43:56'),
(2, 'الحجم', 1, NULL, 1, 1, '2025-06-09 23:45:22', '2025-06-09 23:45:22'),
(3, 'لون', 1, NULL, 2, 5, '2025-07-10 17:16:24', '2025-07-18 20:15:01'),
(4, 'لون', 1, NULL, 3, 6, '2025-07-11 07:30:41', '2025-07-11 07:30:41'),
(5, 'منعم ملابس', 1, NULL, 10, 5, '2025-07-12 08:41:40', '2025-07-12 08:41:40'),
(6, 'كريم', 1, NULL, 10, 5, '2025-07-12 08:42:24', '2025-07-12 08:42:24'),
(7, 'معطر', 1, NULL, 10, 5, '2025-07-12 08:43:00', '2025-07-12 08:43:00'),
(8, 'شامبو', 1, NULL, 10, 5, '2025-07-12 08:43:42', '2025-07-12 08:43:42'),
(9, 'تثبيت الشعر', 1, NULL, 10, 5, '2025-07-12 08:44:10', '2025-07-12 08:44:10'),
(10, 'زيت', 1, NULL, 10, 5, '2025-07-12 08:44:41', '2025-07-12 08:44:41'),
(11, 'معجون اسنان', 1, NULL, 10, 5, '2025-07-12 08:45:09', '2025-07-12 08:45:09'),
(12, 'سعة', 1, NULL, 2, 5, '2025-07-18 20:15:11', '2025-07-18 20:15:11'),
(13, 'حجم', 1, NULL, 3, 6, '2025-07-19 13:24:42', '2025-07-19 13:24:53'),
(16, 'لون', 1, NULL, 9, 15, '2025-07-24 19:54:49', '2025-07-24 19:54:49'),
(17, 'مقاس', 1, NULL, 9, 15, '2025-07-24 19:54:59', '2025-07-24 19:54:59');

-- --------------------------------------------------------

--
-- بنية الجدول `attribute_values`
--

CREATE TABLE `attribute_values` (
  `id` bigint(20) UNSIGNED NOT NULL,
  `attribute_id` bigint(20) UNSIGNED NOT NULL,
  `company_id` bigint(20) UNSIGNED DEFAULT NULL,
  `created_by` bigint(20) UNSIGNED NOT NULL,
  `updated_by` bigint(20) UNSIGNED DEFAULT NULL,
  `deleted_by` bigint(20) UNSIGNED DEFAULT NULL,
  `name` varchar(255) NOT NULL,
  `color` varchar(255) DEFAULT NULL,
  `created_at` timestamp NULL DEFAULT NULL,
  `updated_at` timestamp NULL DEFAULT NULL,
  `deleted_at` timestamp NULL DEFAULT NULL
) ENGINE=InnoDB DEFAULT CHARSET=utf8mb4 COLLATE=utf8mb4_unicode_ci;

--
-- إرجاع أو استيراد بيانات الجدول `attribute_values`
--

INSERT INTO `attribute_values` (`id`, `attribute_id`, `company_id`, `created_by`, `updated_by`, `deleted_by`, `name`, `color`, `created_at`, `updated_at`, `deleted_at`) VALUES
(1, 1, NULL, 1, NULL, NULL, 'احمر', '#F44336', '2025-06-09 23:44:08', '2025-06-09 23:44:08', NULL),
(2, 1, NULL, 1, NULL, NULL, 'ازرق', '#2196F3', '2025-06-09 23:44:38', '2025-06-09 23:44:38', NULL),
(3, 1, NULL, 1, NULL, NULL, 'اسود', '#000000', '2025-06-09 23:44:51', '2025-06-09 23:44:51', NULL),
(4, 2, NULL, 1, NULL, NULL, 'XL', NULL, '2025-06-09 23:45:30', '2025-06-09 23:45:30', NULL),
(5, 2, NULL, 1, NULL, NULL, '3XL', NULL, '2025-06-09 23:45:37', '2025-06-09 23:46:29', NULL),
(6, 2, NULL, 1, NULL, NULL, 'كبير', NULL, '2025-06-09 23:45:44', '2025-06-09 23:45:44', NULL),
(7, 2, NULL, 1, NULL, NULL, 'صغير', NULL, '2025-06-09 23:45:50', '2025-06-09 23:45:50', NULL),
(8, 2, NULL, 1, NULL, NULL, 'متوسط', NULL, '2025-06-09 23:45:59', '2025-06-09 23:45:59', NULL),
(9, 2, NULL, 1, NULL, NULL, '2XL', NULL, '2025-06-09 23:46:15', '2025-06-09 23:46:15', NULL),
(10, 3, NULL, 1, NULL, NULL, 'ازرق', '#3F51B5', '2025-07-18 20:15:33', '2025-07-18 20:15:33', NULL),
(11, 3, NULL, 1, NULL, NULL, 'احمر', '#D32F2F', '2025-07-18 20:15:45', '2025-07-18 20:15:45', NULL),
(12, 12, NULL, 1, NULL, NULL, '340 لتر', NULL, '2025-07-18 20:16:21', '2025-07-19 17:39:22', NULL),
(14, 3, NULL, 1, NULL, NULL, 'سلفر', '#90A4AE', '2025-07-18 20:19:27', '2025-07-18 20:19:27', NULL),
(15, 4, NULL, 1, NULL, NULL, 'احمر', '#F44336', '2025-07-19 13:24:19', '2025-07-19 13:24:19', NULL),
(16, 4, NULL, 1, NULL, NULL, 'ازرق', '#2196F3', '2025-07-19 13:24:32', '2025-07-19 13:24:32', NULL),
(20, 13, NULL, 1, NULL, NULL, 'XL', NULL, '2025-07-19 17:22:03', '2025-07-19 17:22:03', NULL),
(21, 13, NULL, 1, NULL, NULL, 'XXL', NULL, '2025-07-19 17:22:15', '2025-07-19 17:22:15', NULL),
(22, 4, NULL, 1, NULL, NULL, 'فضي', '#C0C0C0', '2025-07-21 13:10:39', '2025-07-21 13:10:39', NULL),
(23, 4, NULL, 1, NULL, NULL, 'أزرق غامق', '#00008B', '2025-07-21 13:10:53', '2025-07-21 13:10:53', NULL),
(24, 16, NULL, 1, NULL, NULL, 'أسود', '#000000', '2025-07-24 19:57:09', '2025-07-24 19:57:09', NULL),
(25, 16, NULL, 1, NULL, NULL, 'بني صدأ', '#80461B', '2025-07-24 19:58:12', '2025-07-24 19:58:12', NULL),
(26, 17, NULL, 1, NULL, NULL, 'XXL', NULL, '2025-07-24 19:59:21', '2025-07-24 19:59:21', NULL),
(27, 17, NULL, 1, NULL, NULL, 'XXXL', NULL, '2025-07-24 19:59:34', '2025-07-24 19:59:34', NULL),
(28, 17, NULL, 1, NULL, NULL, 'XL', NULL, '2025-07-24 19:59:47', '2025-07-24 19:59:47', NULL),
(29, 17, NULL, 1, NULL, NULL, 'L', NULL, '2025-07-24 19:59:55', '2025-07-24 19:59:55', NULL),
(30, 16, NULL, 1, NULL, NULL, 'ذهبي مصفر', '#DAA520', '2025-08-09 08:13:18', '2025-08-09 08:13:18', NULL),
(31, 16, NULL, 1, NULL, NULL, 'سماوي', '#0000FF', '2025-08-09 08:13:38', '2025-08-09 08:13:38', NULL),
(32, 16, NULL, 1, NULL, NULL, 'زيتي غامق', '#556B2F', '2025-08-09 08:14:08', '2025-08-09 08:14:08', NULL),
(33, 16, NULL, 1, NULL, NULL, 'أخضر عشبي', '#7CFC00', '2025-08-09 08:15:32', '2025-08-09 08:15:32', NULL),
(34, 16, NULL, 1, NULL, NULL, 'أبيض', '#FFFFFF', '2025-08-09 08:15:44', '2025-08-09 08:15:44', NULL),
(36, 16, NULL, 1, NULL, NULL, 'كموني', '#D2B48C', '2025-08-09 08:16:28', '2025-08-09 08:16:28', NULL),
(37, 16, NULL, 1, NULL, NULL, 'أزرق غامق', '#00008B', '2025-08-09 08:16:56', '2025-08-09 08:16:56', NULL),
(38, 16, NULL, 1, NULL, NULL, 'كشميري', '#C9A0A7', '2025-08-09 08:17:18', '2025-08-09 08:17:18', NULL),
(39, 16, NULL, 1, NULL, NULL, 'برغندي', '#800020', '2025-08-09 08:18:44', '2025-08-09 08:18:44', NULL),
(40, 16, NULL, 1, NULL, NULL, 'وردي', '#FFC0CB', '2025-08-09 08:19:07', '2025-08-09 08:19:07', NULL),
(41, 16, NULL, 1, NULL, NULL, 'بيج', '#F5F5DC', '2025-08-09 08:19:23', '2025-08-09 08:19:23', NULL),
(42, 16, NULL, 1, NULL, NULL, 'أزرق سماوي فاتح', '#87CEFA', '2025-08-09 08:19:47', '2025-08-09 08:19:47', NULL),
(43, 16, NULL, 1, NULL, NULL, 'أحمر غامق', '#8B0000', '2025-08-09 08:20:04', '2025-08-09 08:20:04', NULL),
(44, 17, NULL, 1, NULL, NULL, 'M', NULL, '2025-08-09 08:21:45', '2025-08-09 08:21:45', NULL),
(45, 17, NULL, 1, NULL, NULL, 'S', NULL, '2025-08-09 08:21:59', '2025-08-09 08:21:59', NULL),
(46, 16, NULL, 1, NULL, NULL, 'أحمر غامق', '#8B0000', '2025-09-16 03:07:05', '2025-09-16 03:07:05', NULL);

-- --------------------------------------------------------

--
-- بنية الجدول `backup_history`
--

CREATE TABLE `backup_history` (
  `id` bigint(20) UNSIGNED NOT NULL,
  `filename` varchar(255) DEFAULT NULL,
  `disk` varchar(255) NOT NULL DEFAULT 'local',
  `size_bytes` bigint(20) DEFAULT NULL,
  `status` enum('pending','success','failed') NOT NULL DEFAULT 'pending',
  `type` enum('manual','scheduled') NOT NULL DEFAULT 'manual',
  `error_message` text DEFAULT NULL,
  `completed_at` timestamp NULL DEFAULT NULL,
  `created_at` timestamp NULL DEFAULT NULL,
  `updated_at` timestamp NULL DEFAULT NULL
) ENGINE=InnoDB DEFAULT CHARSET=utf8mb4 COLLATE=utf8mb4_unicode_ci;

-- --------------------------------------------------------

--
-- بنية الجدول `backup_settings`
--

CREATE TABLE `backup_settings` (
  `id` bigint(20) UNSIGNED NOT NULL,
  `key` varchar(255) NOT NULL,
  `value` text DEFAULT NULL,
  `type` varchar(255) NOT NULL DEFAULT 'string',
  `description` varchar(255) DEFAULT NULL,
  `created_at` timestamp NULL DEFAULT NULL,
  `updated_at` timestamp NULL DEFAULT NULL
) ENGINE=InnoDB DEFAULT CHARSET=utf8mb4 COLLATE=utf8mb4_unicode_ci;

--
-- إرجاع أو استيراد بيانات الجدول `backup_settings`
--

INSERT INTO `backup_settings` (`id`, `key`, `value`, `type`, `description`, `created_at`, `updated_at`) VALUES
(1, 'backup_frequency', 'daily', 'string', 'Frequency of automatic backups (daily, weekly, monthly)', NULL, NULL),
(2, 'backup_retention_days', '7', 'integer', 'Number of days to keep backups', NULL, NULL),
(3, 'backup_include_files', '0', 'boolean', 'Whether to include files in the backup', NULL, NULL),
(4, 'backup_time', '03:00', 'string', 'Time of day to run the backup', NULL, NULL),
(5, 'backup_restore_token', 'wT6I6OBr9pDbB8uUdxWOK6etrjI4kg9Y', 'string', 'Secondary token for sensitive restore operations', NULL, NULL);

-- --------------------------------------------------------

--
-- بنية الجدول `brands`
--

CREATE TABLE `brands` (
  `id` bigint(20) UNSIGNED NOT NULL,
  `company_id` bigint(20) UNSIGNED NOT NULL,
  `created_by` bigint(20) UNSIGNED NOT NULL,
  `name` varchar(255) NOT NULL,
  `description` text DEFAULT NULL,
  `active` tinyint(1) NOT NULL DEFAULT 1,
  `created_at` timestamp NULL DEFAULT NULL,
  `updated_at` timestamp NULL DEFAULT NULL
) ENGINE=InnoDB DEFAULT CHARSET=utf8mb4 COLLATE=utf8mb4_unicode_ci;

--
-- إرجاع أو استيراد بيانات الجدول `brands`
--

INSERT INTO `brands` (`id`, `company_id`, `created_by`, `name`, `description`, `active`, `created_at`, `updated_at`) VALUES
(1, 1, 1, 'الطوخي', ' ماركة الطوخي للملابس الجاهزة', 1, '2025-07-09 06:15:50', '2025-07-09 06:15:50'),
(2, 1, 1, 'الدهان', ' ماركة الدهان  للادوات المنزلية', 1, '2025-07-09 06:15:50', '2025-07-09 06:15:50'),
(3, 1, 1, 'فاتيكا', ' ماركة فاتيكا للعناية بالشعر', 1, '2025-07-09 06:15:50', '2025-07-09 06:15:50'),
(4, 2, 5, 'اولمبك التريك', NULL, 1, '2025-07-10 12:47:45', '2025-07-10 12:47:45'),
(5, 2, 5, 'فريش', NULL, 1, '2025-07-10 12:48:07', '2025-07-10 12:48:07'),
(6, 2, 5, 'توشيبا', NULL, 1, '2025-07-10 12:48:34', '2025-07-10 12:48:34'),
(7, 2, 5, 'ترنيدو', NULL, 1, '2025-07-10 12:48:54', '2025-07-10 12:48:54'),
(8, 2, 5, 'اديال زانوسي', NULL, 1, '2025-07-10 12:49:25', '2025-07-10 12:49:25'),
(9, 2, 5, 'بساب', NULL, 1, '2025-07-10 12:49:36', '2025-07-10 12:49:36'),
(10, 2, 5, 'شارب', NULL, 1, '2025-07-10 12:50:00', '2025-07-10 12:50:00'),
(11, 2, 5, 'سامسونج', NULL, 1, '2025-07-10 12:50:32', '2025-07-10 12:50:32'),
(12, 2, 5, 'LG', NULL, 1, '2025-07-10 12:51:15', '2025-07-10 12:51:15'),
(13, 2, 5, 'هونر', NULL, 1, '2025-07-11 08:41:15', '2025-07-11 08:41:15'),
(14, 2, 5, 'هواوي', NULL, 1, '2025-07-11 08:41:44', '2025-07-11 08:41:44'),
(15, 2, 5, 'ادوات منزليه', NULL, 1, '2025-07-11 11:32:30', '2025-07-11 11:32:30'),
(16, 10, 5, 'فريده', NULL, 1, '2025-07-11 20:45:59', '2025-07-11 20:45:59'),
(17, 10, 5, 'بلوب واكس', NULL, 1, '2025-07-11 20:46:29', '2025-07-11 20:50:10'),
(18, 10, 5, 'نابولسي شاهين', NULL, 1, '2025-07-11 20:47:48', '2025-07-11 20:47:48'),
(19, 10, 5, 'العود الملكي', NULL, 1, '2025-07-11 20:48:10', '2025-07-11 20:48:10'),
(20, 10, 5, 'لايف بوي', NULL, 1, '2025-07-11 20:48:42', '2025-07-11 20:50:00'),
(21, 10, 5, 'سفانا', NULL, 1, '2025-07-11 20:49:13', '2025-07-11 20:50:22'),
(22, 10, 5, 'فاتيكا', NULL, 1, '2025-07-11 20:50:42', '2025-07-11 20:50:57'),
(23, 10, 5, 'سبوتلس', NULL, 1, '2025-07-11 20:51:19', '2025-07-11 20:51:19'),
(24, 10, 5, 'فيراند لفلي', NULL, 1, '2025-07-11 20:53:10', '2025-07-11 20:53:10'),
(25, 10, 5, 'روزلا بانسيه', NULL, 1, '2025-07-11 20:55:14', '2025-07-11 20:55:14'),
(26, 10, 5, 'بالمز', NULL, 1, '2025-07-11 20:55:38', '2025-07-11 20:55:38'),
(27, 10, 5, 'ستار برميم', NULL, 1, '2025-07-11 20:56:20', '2025-07-11 20:56:20'),
(28, 10, 5, 'جومانا', NULL, 1, '2025-07-11 20:57:09', '2025-07-11 20:57:09'),
(29, 10, 5, 'جوليشا', NULL, 1, '2025-07-11 20:57:40', '2025-07-11 20:57:40'),
(30, 10, 5, 'رويال', NULL, 1, '2025-07-11 20:58:05', '2025-07-11 20:58:05'),
(31, 10, 5, 'سيجنال', NULL, 1, '2025-07-11 20:58:47', '2025-07-11 20:58:47'),
(32, 3, 6, 'قوطونيل', NULL, 1, '2025-07-16 19:26:04', '2025-07-19 17:22:32'),
(33, 2, 5, 'العالمية', NULL, 1, '2025-07-24 19:34:34', '2025-07-24 19:34:34'),
(34, 9, 15, 'حبيب', NULL, 1, '2025-07-24 19:52:59', '2025-07-24 19:52:59'),
(35, 9, 15, 'الطوخي', NULL, 1, '2025-07-24 19:53:22', '2025-07-24 19:53:22'),
(36, 9, 15, 'النجار', NULL, 1, '2025-07-24 19:53:50', '2025-07-24 19:53:50'),
(37, 9, 15, 'غير معروف', NULL, 1, '2025-07-24 19:54:09', '2025-07-24 19:54:09'),
(39, 9, 15, 'الملكه', NULL, 1, '2025-08-09 08:08:31', '2025-08-09 08:08:31'),
(40, 9, 15, 'البرنس', NULL, 1, '2025-08-09 08:08:51', '2025-08-09 08:08:51'),
(41, 2, 5, 'نوشنال', NULL, 1, '2025-08-16 21:13:09', '2025-08-16 21:13:09'),
(42, 2, 5, 'اي هوم', NULL, 1, '2025-09-16 06:18:29', '2025-09-16 06:18:29'),
(43, 2, 5, 'كلوب بريمو', NULL, 1, '2025-09-16 06:24:46', '2025-09-16 06:24:46'),
(44, 12, 5, 'شلتوت', NULL, 1, '2025-09-16 09:53:33', '2025-09-16 09:53:33'),
(45, 12, 5, 'فيوتشر', NULL, 1, '2025-09-16 09:53:56', '2025-09-16 09:53:56'),
(46, 12, 5, 'تركي', NULL, 1, '2025-09-16 09:54:30', '2025-09-16 09:54:30'),
(47, 12, 5, 'الشريف', NULL, 1, '2025-09-16 09:54:46', '2025-09-16 09:54:46'),
(48, 12, 5, 'دريم', NULL, 1, '2025-09-16 09:55:16', '2025-09-16 09:55:16'),
(49, 12, 5, 'الخليجي', NULL, 1, '2025-09-16 09:55:41', '2025-09-16 09:55:41'),
(50, 12, 5, 'رفايع', NULL, 1, '2025-09-16 09:56:11', '2025-09-16 09:56:11'),
(51, 12, 5, 'فريش', NULL, 1, '2025-09-18 09:09:42', '2025-09-18 09:09:42'),
(52, 12, 5, 'توشيبا', NULL, 1, '2025-09-18 09:10:01', '2025-09-18 09:10:01'),
(53, 12, 5, 'تورنيدو', NULL, 1, '2025-09-18 09:10:48', '2025-09-18 09:10:48'),
(54, 12, 5, 'اولمبك التريك', NULL, 1, '2025-09-18 09:11:37', '2025-09-18 09:11:37'),
(55, 12, 5, 'الدهان', NULL, 1, '2025-09-18 09:12:09', '2025-09-18 09:12:09'),
(56, 12, 5, 'دنتلا', NULL, 1, '2025-09-22 08:06:47', '2025-09-22 08:06:47'),
(57, 12, 5, 'رفايع', NULL, 1, '2025-09-22 08:07:18', '2025-09-22 08:07:18'),
(58, 12, 5, 'غير محدد', NULL, 1, '2025-09-22 19:52:06', '2025-09-22 19:52:06'),
(59, 2, 5, 'بدون علامه', NULL, 1, '2025-10-08 15:55:51', '2025-10-08 15:55:51'),
(60, 2, 5, 'شلتوت', NULL, 1, '2025-10-08 16:00:49', '2025-10-08 16:00:49'),
(61, 2, 5, 'لوكس', NULL, 1, '2025-10-08 16:01:18', '2025-10-08 16:01:18'),
(62, 2, 5, 'روما جولد', NULL, 1, '2025-10-08 16:01:42', '2025-10-08 16:01:42'),
(63, 2, 5, 'استيل المصريه', NULL, 1, '2025-10-08 16:02:49', '2025-10-08 16:02:49'),
(64, 2, 5, 'الهنا', NULL, 1, '2025-10-08 16:03:34', '2025-10-08 16:03:34'),
(66, 2, 5, 'الوطنيه', NULL, 1, '2025-10-08 17:59:09', '2025-10-08 17:59:09'),
(67, 2, 5, 'بسيبوني', NULL, 1, '2025-10-08 18:00:01', '2025-10-08 18:00:01'),
(68, 2, 5, 'خورشيد', NULL, 1, '2025-10-08 18:00:26', '2025-10-08 18:00:26'),
(69, 2, 5, 'المصريه', NULL, 1, '2025-10-08 18:12:36', '2025-10-08 18:12:36'),
(70, 2, 5, 'تركي', NULL, 1, '2025-10-09 09:01:42', '2025-10-09 09:01:42'),
(71, 2, 5, 'اوبو', NULL, 1, '2026-01-11 09:48:05', '2026-01-11 09:48:19'),
(72, 10, 5, 'كهربيه', NULL, 1, '2026-02-12 09:58:25', '2026-02-12 09:58:25');

-- --------------------------------------------------------

--
-- بنية الجدول `cache`
--

CREATE TABLE `cache` (
  `key` varchar(255) NOT NULL,
  `value` mediumtext NOT NULL,
  `expiration` int(11) NOT NULL
) ENGINE=InnoDB DEFAULT CHARSET=utf8mb4 COLLATE=utf8mb4_unicode_ci;

--
-- إرجاع أو استيراد بيانات الجدول `cache`
--

INSERT INTO `cache` (`key`, `value`, `expiration`) VALUES
('hwnix_bill_spatie.permission.cache', 'a:3:{s:5:\"alias\";a:8:{s:1:\"a\";s:2:\"id\";s:1:\"b\";s:4:\"name\";s:1:\"c\";s:10:\"guard_name\";s:1:\"r\";s:5:\"roles\";s:1:\"j\";s:10:\"created_by\";s:1:\"k\";s:10:\"company_id\";s:1:\"l\";s:5:\"label\";s:1:\"m\";s:11:\"description\";}s:11:\"permissions\";a:330:{i:0;a:4:{s:1:\"a\";i:1;s:1:\"b\";s:10:\"admin.page\";s:1:\"c\";s:3:\"web\";s:1:\"r\";a:5:{i:0;i:1;i:1;i:2;i:2;i:3;i:3;i:4;i:4;i:5;}}i:1;a:3:{s:1:\"a\";i:2;s:1:\"b\";s:11:\"admin.super\";s:1:\"c\";s:3:\"web\";}i:2;a:4:{s:1:\"a\";i:3;s:1:\"b\";s:13:\"admin.company\";s:1:\"c\";s:3:\"web\";s:1:\"r\";a:1:{i:0;i:1;}}i:3;a:4:{s:1:\"a\";i:4;s:1:\"b\";s:31:\"companies.change_active_company\";s:1:\"c\";s:3:\"web\";s:1:\"r\";a:1:{i:0;i:1;}}i:4;a:4:{s:1:\"a\";i:5;s:1:\"b\";s:14:\"companies.page\";s:1:\"c\";s:3:\"web\";s:1:\"r\";a:4:{i:0;i:1;i:1;i:2;i:2;i:4;i:3;i:5;}}i:5;a:4:{s:1:\"a\";i:6;s:1:\"b\";s:18:\"companies.view_all\";s:1:\"c\";s:3:\"web\";s:1:\"r\";a:2:{i:0;i:1;i:1;i:2;}}i:6;a:4:{s:1:\"a\";i:7;s:1:\"b\";s:23:\"companies.view_children\";s:1:\"c\";s:3:\"web\";s:1:\"r\";a:2:{i:0;i:1;i:1;i:4;}}i:7;a:4:{s:1:\"a\";i:8;s:1:\"b\";s:19:\"companies.view_self\";s:1:\"c\";s:3:\"web\";s:1:\"r\";a:1:{i:0;i:1;}}i:8;a:4:{s:1:\"a\";i:9;s:1:\"b\";s:16:\"companies.create\";s:1:\"c\";s:3:\"web\";s:1:\"r\";a:2:{i:0;i:1;i:1;i:5;}}i:9;a:4:{s:1:\"a\";i:10;s:1:\"b\";s:20:\"companies.update_all\";s:1:\"c\";s:3:\"web\";s:1:\"r\";a:2:{i:0;i:1;i:1;i:2;}}i:10;a:4:{s:1:\"a\";i:11;s:1:\"b\";s:25:\"companies.update_children\";s:1:\"c\";s:3:\"web\";s:1:\"r\";a:2:{i:0;i:1;i:1;i:4;}}i:11;a:4:{s:1:\"a\";i:12;s:1:\"b\";s:21:\"companies.update_self\";s:1:\"c\";s:3:\"web\";s:1:\"r\";a:1:{i:0;i:1;}}i:12;a:4:{s:1:\"a\";i:13;s:1:\"b\";s:20:\"companies.delete_all\";s:1:\"c\";s:3:\"web\";s:1:\"r\";a:2:{i:0;i:1;i:1;i:2;}}i:13;a:4:{s:1:\"a\";i:14;s:1:\"b\";s:25:\"companies.delete_children\";s:1:\"c\";s:3:\"web\";s:1:\"r\";a:2:{i:0;i:1;i:1;i:4;}}i:14;a:4:{s:1:\"a\";i:15;s:1:\"b\";s:21:\"companies.delete_self\";s:1:\"c\";s:3:\"web\";s:1:\"r\";a:1:{i:0;i:1;}}i:15;a:4:{s:1:\"a\";i:16;s:1:\"b\";s:10:\"users.page\";s:1:\"c\";s:3:\"web\";s:1:\"r\";a:5:{i:0;i:1;i:1;i:2;i:2;i:3;i:3;i:4;i:4;i:5;}}i:16;a:4:{s:1:\"a\";i:17;s:1:\"b\";s:14:\"users.view_all\";s:1:\"c\";s:3:\"web\";s:1:\"r\";a:2:{i:0;i:1;i:1;i:2;}}i:17;a:4:{s:1:\"a\";i:18;s:1:\"b\";s:19:\"users.view_children\";s:1:\"c\";s:3:\"web\";s:1:\"r\";a:2:{i:0;i:1;i:1;i:4;}}i:18;a:4:{s:1:\"a\";i:19;s:1:\"b\";s:15:\"users.view_self\";s:1:\"c\";s:3:\"web\";s:1:\"r\";a:2:{i:0;i:1;i:1;i:3;}}i:19;a:4:{s:1:\"a\";i:20;s:1:\"b\";s:12:\"users.create\";s:1:\"c\";s:3:\"web\";s:1:\"r\";a:2:{i:0;i:1;i:1;i:5;}}i:20;a:4:{s:1:\"a\";i:21;s:1:\"b\";s:16:\"users.update_all\";s:1:\"c\";s:3:\"web\";s:1:\"r\";a:2:{i:0;i:1;i:1;i:2;}}i:21;a:4:{s:1:\"a\";i:22;s:1:\"b\";s:21:\"users.update_children\";s:1:\"c\";s:3:\"web\";s:1:\"r\";a:2:{i:0;i:1;i:1;i:4;}}i:22;a:4:{s:1:\"a\";i:23;s:1:\"b\";s:17:\"users.update_self\";s:1:\"c\";s:3:\"web\";s:1:\"r\";a:2:{i:0;i:1;i:1;i:3;}}i:23;a:4:{s:1:\"a\";i:24;s:1:\"b\";s:16:\"users.delete_all\";s:1:\"c\";s:3:\"web\";s:1:\"r\";a:2:{i:0;i:1;i:1;i:2;}}i:24;a:4:{s:1:\"a\";i:25;s:1:\"b\";s:21:\"users.delete_children\";s:1:\"c\";s:3:\"web\";s:1:\"r\";a:2:{i:0;i:1;i:1;i:4;}}i:25;a:4:{s:1:\"a\";i:26;s:1:\"b\";s:17:\"users.delete_self\";s:1:\"c\";s:3:\"web\";s:1:\"r\";a:2:{i:0;i:1;i:1;i:3;}}i:26;a:4:{s:1:\"a\";i:27;s:1:\"b\";s:27:\"personal_access_tokens.page\";s:1:\"c\";s:3:\"web\";s:1:\"r\";a:4:{i:0;i:1;i:1;i:2;i:2;i:4;i:3;i:5;}}i:27;a:4:{s:1:\"a\";i:28;s:1:\"b\";s:31:\"personal_access_tokens.view_all\";s:1:\"c\";s:3:\"web\";s:1:\"r\";a:2:{i:0;i:1;i:1;i:2;}}i:28;a:4:{s:1:\"a\";i:29;s:1:\"b\";s:36:\"personal_access_tokens.view_children\";s:1:\"c\";s:3:\"web\";s:1:\"r\";a:2:{i:0;i:1;i:1;i:4;}}i:29;a:4:{s:1:\"a\";i:30;s:1:\"b\";s:32:\"personal_access_tokens.view_self\";s:1:\"c\";s:3:\"web\";s:1:\"r\";a:1:{i:0;i:1;}}i:30;a:4:{s:1:\"a\";i:31;s:1:\"b\";s:29:\"personal_access_tokens.create\";s:1:\"c\";s:3:\"web\";s:1:\"r\";a:2:{i:0;i:1;i:1;i:5;}}i:31;a:4:{s:1:\"a\";i:32;s:1:\"b\";s:33:\"personal_access_tokens.update_all\";s:1:\"c\";s:3:\"web\";s:1:\"r\";a:2:{i:0;i:1;i:1;i:2;}}i:32;a:4:{s:1:\"a\";i:33;s:1:\"b\";s:38:\"personal_access_tokens.update_children\";s:1:\"c\";s:3:\"web\";s:1:\"r\";a:2:{i:0;i:1;i:1;i:4;}}i:33;a:4:{s:1:\"a\";i:34;s:1:\"b\";s:34:\"personal_access_tokens.update_self\";s:1:\"c\";s:3:\"web\";s:1:\"r\";a:1:{i:0;i:1;}}i:34;a:4:{s:1:\"a\";i:35;s:1:\"b\";s:33:\"personal_access_tokens.delete_all\";s:1:\"c\";s:3:\"web\";s:1:\"r\";a:2:{i:0;i:1;i:1;i:2;}}i:35;a:4:{s:1:\"a\";i:36;s:1:\"b\";s:38:\"personal_access_tokens.delete_children\";s:1:\"c\";s:3:\"web\";s:1:\"r\";a:2:{i:0;i:1;i:1;i:4;}}i:36;a:4:{s:1:\"a\";i:37;s:1:\"b\";s:34:\"personal_access_tokens.delete_self\";s:1:\"c\";s:3:\"web\";s:1:\"r\";a:1:{i:0;i:1;}}i:37;a:4:{s:1:\"a\";i:38;s:1:\"b\";s:17:\"translations.page\";s:1:\"c\";s:3:\"web\";s:1:\"r\";a:4:{i:0;i:1;i:1;i:2;i:2;i:4;i:3;i:5;}}i:38;a:4:{s:1:\"a\";i:39;s:1:\"b\";s:21:\"translations.view_all\";s:1:\"c\";s:3:\"web\";s:1:\"r\";a:2:{i:0;i:1;i:1;i:2;}}i:39;a:4:{s:1:\"a\";i:40;s:1:\"b\";s:26:\"translations.view_children\";s:1:\"c\";s:3:\"web\";s:1:\"r\";a:2:{i:0;i:1;i:1;i:4;}}i:40;a:4:{s:1:\"a\";i:41;s:1:\"b\";s:22:\"translations.view_self\";s:1:\"c\";s:3:\"web\";s:1:\"r\";a:1:{i:0;i:1;}}i:41;a:4:{s:1:\"a\";i:42;s:1:\"b\";s:19:\"translations.create\";s:1:\"c\";s:3:\"web\";s:1:\"r\";a:2:{i:0;i:1;i:1;i:5;}}i:42;a:4:{s:1:\"a\";i:43;s:1:\"b\";s:23:\"translations.update_all\";s:1:\"c\";s:3:\"web\";s:1:\"r\";a:2:{i:0;i:1;i:1;i:2;}}i:43;a:4:{s:1:\"a\";i:44;s:1:\"b\";s:28:\"translations.update_children\";s:1:\"c\";s:3:\"web\";s:1:\"r\";a:2:{i:0;i:1;i:1;i:4;}}i:44;a:4:{s:1:\"a\";i:45;s:1:\"b\";s:24:\"translations.update_self\";s:1:\"c\";s:3:\"web\";s:1:\"r\";a:1:{i:0;i:1;}}i:45;a:4:{s:1:\"a\";i:46;s:1:\"b\";s:23:\"translations.delete_all\";s:1:\"c\";s:3:\"web\";s:1:\"r\";a:2:{i:0;i:1;i:1;i:2;}}i:46;a:4:{s:1:\"a\";i:47;s:1:\"b\";s:28:\"translations.delete_children\";s:1:\"c\";s:3:\"web\";s:1:\"r\";a:2:{i:0;i:1;i:1;i:4;}}i:47;a:4:{s:1:\"a\";i:48;s:1:\"b\";s:24:\"translations.delete_self\";s:1:\"c\";s:3:\"web\";s:1:\"r\";a:1:{i:0;i:1;}}i:48;a:4:{s:1:\"a\";i:49;s:1:\"b\";s:17:\"transactions.page\";s:1:\"c\";s:3:\"web\";s:1:\"r\";a:4:{i:0;i:1;i:1;i:2;i:2;i:4;i:3;i:5;}}i:49;a:4:{s:1:\"a\";i:50;s:1:\"b\";s:21:\"transactions.view_all\";s:1:\"c\";s:3:\"web\";s:1:\"r\";a:2:{i:0;i:1;i:1;i:2;}}i:50;a:4:{s:1:\"a\";i:51;s:1:\"b\";s:26:\"transactions.view_children\";s:1:\"c\";s:3:\"web\";s:1:\"r\";a:2:{i:0;i:1;i:1;i:4;}}i:51;a:4:{s:1:\"a\";i:52;s:1:\"b\";s:22:\"transactions.view_self\";s:1:\"c\";s:3:\"web\";s:1:\"r\";a:1:{i:0;i:1;}}i:52;a:4:{s:1:\"a\";i:53;s:1:\"b\";s:19:\"transactions.create\";s:1:\"c\";s:3:\"web\";s:1:\"r\";a:2:{i:0;i:1;i:1;i:5;}}i:53;a:4:{s:1:\"a\";i:54;s:1:\"b\";s:23:\"transactions.update_all\";s:1:\"c\";s:3:\"web\";s:1:\"r\";a:2:{i:0;i:1;i:1;i:2;}}i:54;a:4:{s:1:\"a\";i:55;s:1:\"b\";s:28:\"transactions.update_children\";s:1:\"c\";s:3:\"web\";s:1:\"r\";a:2:{i:0;i:1;i:1;i:4;}}i:55;a:4:{s:1:\"a\";i:56;s:1:\"b\";s:24:\"transactions.update_self\";s:1:\"c\";s:3:\"web\";s:1:\"r\";a:1:{i:0;i:1;}}i:56;a:4:{s:1:\"a\";i:57;s:1:\"b\";s:23:\"transactions.delete_all\";s:1:\"c\";s:3:\"web\";s:1:\"r\";a:2:{i:0;i:1;i:1;i:2;}}i:57;a:4:{s:1:\"a\";i:58;s:1:\"b\";s:28:\"transactions.delete_children\";s:1:\"c\";s:3:\"web\";s:1:\"r\";a:2:{i:0;i:1;i:1;i:4;}}i:58;a:4:{s:1:\"a\";i:59;s:1:\"b\";s:24:\"transactions.delete_self\";s:1:\"c\";s:3:\"web\";s:1:\"r\";a:1:{i:0;i:1;}}i:59;a:4:{s:1:\"a\";i:60;s:1:\"b\";s:18:\"activity_logs.page\";s:1:\"c\";s:3:\"web\";s:1:\"r\";a:5:{i:0;i:1;i:1;i:2;i:2;i:3;i:3;i:4;i:4;i:5;}}i:60;a:4:{s:1:\"a\";i:61;s:1:\"b\";s:22:\"activity_logs.view_all\";s:1:\"c\";s:3:\"web\";s:1:\"r\";a:2:{i:0;i:1;i:1;i:2;}}i:61;a:4:{s:1:\"a\";i:62;s:1:\"b\";s:27:\"activity_logs.view_children\";s:1:\"c\";s:3:\"web\";s:1:\"r\";a:2:{i:0;i:1;i:1;i:4;}}i:62;a:4:{s:1:\"a\";i:63;s:1:\"b\";s:23:\"activity_logs.view_self\";s:1:\"c\";s:3:\"web\";s:1:\"r\";a:2:{i:0;i:1;i:1;i:3;}}i:63;a:4:{s:1:\"a\";i:64;s:1:\"b\";s:24:\"activity_logs.delete_all\";s:1:\"c\";s:3:\"web\";s:1:\"r\";a:2:{i:0;i:1;i:1;i:2;}}i:64;a:4:{s:1:\"a\";i:65;s:1:\"b\";s:29:\"activity_logs.delete_children\";s:1:\"c\";s:3:\"web\";s:1:\"r\";a:2:{i:0;i:1;i:1;i:4;}}i:65;a:4:{s:1:\"a\";i:66;s:1:\"b\";s:25:\"activity_logs.delete_self\";s:1:\"c\";s:3:\"web\";s:1:\"r\";a:2:{i:0;i:1;i:1;i:3;}}i:66;a:4:{s:1:\"a\";i:67;s:1:\"b\";s:19:\"cash_box_types.page\";s:1:\"c\";s:3:\"web\";s:1:\"r\";a:5:{i:0;i:1;i:1;i:2;i:2;i:3;i:3;i:4;i:4;i:5;}}i:67;a:4:{s:1:\"a\";i:68;s:1:\"b\";s:23:\"cash_box_types.view_all\";s:1:\"c\";s:3:\"web\";s:1:\"r\";a:2:{i:0;i:1;i:1;i:2;}}i:68;a:4:{s:1:\"a\";i:69;s:1:\"b\";s:28:\"cash_box_types.view_children\";s:1:\"c\";s:3:\"web\";s:1:\"r\";a:2:{i:0;i:1;i:1;i:4;}}i:69;a:4:{s:1:\"a\";i:70;s:1:\"b\";s:24:\"cash_box_types.view_self\";s:1:\"c\";s:3:\"web\";s:1:\"r\";a:2:{i:0;i:1;i:1;i:3;}}i:70;a:4:{s:1:\"a\";i:71;s:1:\"b\";s:21:\"cash_box_types.create\";s:1:\"c\";s:3:\"web\";s:1:\"r\";a:2:{i:0;i:1;i:1;i:5;}}i:71;a:4:{s:1:\"a\";i:72;s:1:\"b\";s:25:\"cash_box_types.update_all\";s:1:\"c\";s:3:\"web\";s:1:\"r\";a:2:{i:0;i:1;i:1;i:2;}}i:72;a:4:{s:1:\"a\";i:73;s:1:\"b\";s:30:\"cash_box_types.update_children\";s:1:\"c\";s:3:\"web\";s:1:\"r\";a:2:{i:0;i:1;i:1;i:4;}}i:73;a:4:{s:1:\"a\";i:74;s:1:\"b\";s:26:\"cash_box_types.update_self\";s:1:\"c\";s:3:\"web\";s:1:\"r\";a:2:{i:0;i:1;i:1;i:3;}}i:74;a:4:{s:1:\"a\";i:75;s:1:\"b\";s:25:\"cash_box_types.delete_all\";s:1:\"c\";s:3:\"web\";s:1:\"r\";a:2:{i:0;i:1;i:1;i:2;}}i:75;a:4:{s:1:\"a\";i:76;s:1:\"b\";s:30:\"cash_box_types.delete_children\";s:1:\"c\";s:3:\"web\";s:1:\"r\";a:2:{i:0;i:1;i:1;i:4;}}i:76;a:4:{s:1:\"a\";i:77;s:1:\"b\";s:26:\"cash_box_types.delete_self\";s:1:\"c\";s:3:\"web\";s:1:\"r\";a:2:{i:0;i:1;i:1;i:3;}}i:77;a:4:{s:1:\"a\";i:78;s:1:\"b\";s:15:\"cash_boxes.page\";s:1:\"c\";s:3:\"web\";s:1:\"r\";a:5:{i:0;i:1;i:1;i:2;i:2;i:3;i:3;i:4;i:4;i:5;}}i:78;a:4:{s:1:\"a\";i:79;s:1:\"b\";s:19:\"cash_boxes.view_all\";s:1:\"c\";s:3:\"web\";s:1:\"r\";a:2:{i:0;i:1;i:1;i:2;}}i:79;a:4:{s:1:\"a\";i:80;s:1:\"b\";s:24:\"cash_boxes.view_children\";s:1:\"c\";s:3:\"web\";s:1:\"r\";a:2:{i:0;i:1;i:1;i:4;}}i:80;a:4:{s:1:\"a\";i:81;s:1:\"b\";s:20:\"cash_boxes.view_self\";s:1:\"c\";s:3:\"web\";s:1:\"r\";a:2:{i:0;i:1;i:1;i:3;}}i:81;a:4:{s:1:\"a\";i:82;s:1:\"b\";s:17:\"cash_boxes.create\";s:1:\"c\";s:3:\"web\";s:1:\"r\";a:2:{i:0;i:1;i:1;i:5;}}i:82;a:4:{s:1:\"a\";i:83;s:1:\"b\";s:21:\"cash_boxes.update_all\";s:1:\"c\";s:3:\"web\";s:1:\"r\";a:2:{i:0;i:1;i:1;i:2;}}i:83;a:4:{s:1:\"a\";i:84;s:1:\"b\";s:26:\"cash_boxes.update_children\";s:1:\"c\";s:3:\"web\";s:1:\"r\";a:2:{i:0;i:1;i:1;i:4;}}i:84;a:4:{s:1:\"a\";i:85;s:1:\"b\";s:22:\"cash_boxes.update_self\";s:1:\"c\";s:3:\"web\";s:1:\"r\";a:2:{i:0;i:1;i:1;i:3;}}i:85;a:4:{s:1:\"a\";i:86;s:1:\"b\";s:21:\"cash_boxes.delete_all\";s:1:\"c\";s:3:\"web\";s:1:\"r\";a:2:{i:0;i:1;i:1;i:2;}}i:86;a:4:{s:1:\"a\";i:87;s:1:\"b\";s:26:\"cash_boxes.delete_children\";s:1:\"c\";s:3:\"web\";s:1:\"r\";a:2:{i:0;i:1;i:1;i:4;}}i:87;a:4:{s:1:\"a\";i:88;s:1:\"b\";s:22:\"cash_boxes.delete_self\";s:1:\"c\";s:3:\"web\";s:1:\"r\";a:2:{i:0;i:1;i:1;i:3;}}i:88;a:4:{s:1:\"a\";i:89;s:1:\"b\";s:11:\"images.page\";s:1:\"c\";s:3:\"web\";s:1:\"r\";a:5:{i:0;i:1;i:1;i:2;i:2;i:3;i:3;i:4;i:4;i:5;}}i:89;a:4:{s:1:\"a\";i:90;s:1:\"b\";s:15:\"images.view_all\";s:1:\"c\";s:3:\"web\";s:1:\"r\";a:2:{i:0;i:1;i:1;i:2;}}i:90;a:4:{s:1:\"a\";i:91;s:1:\"b\";s:20:\"images.view_children\";s:1:\"c\";s:3:\"web\";s:1:\"r\";a:2:{i:0;i:1;i:1;i:4;}}i:91;a:4:{s:1:\"a\";i:92;s:1:\"b\";s:16:\"images.view_self\";s:1:\"c\";s:3:\"web\";s:1:\"r\";a:2:{i:0;i:1;i:1;i:3;}}i:92;a:4:{s:1:\"a\";i:93;s:1:\"b\";s:13:\"images.create\";s:1:\"c\";s:3:\"web\";s:1:\"r\";a:2:{i:0;i:1;i:1;i:5;}}i:93;a:4:{s:1:\"a\";i:94;s:1:\"b\";s:17:\"images.update_all\";s:1:\"c\";s:3:\"web\";s:1:\"r\";a:2:{i:0;i:1;i:1;i:2;}}i:94;a:4:{s:1:\"a\";i:95;s:1:\"b\";s:22:\"images.update_children\";s:1:\"c\";s:3:\"web\";s:1:\"r\";a:2:{i:0;i:1;i:1;i:4;}}i:95;a:4:{s:1:\"a\";i:96;s:1:\"b\";s:18:\"images.update_self\";s:1:\"c\";s:3:\"web\";s:1:\"r\";a:2:{i:0;i:1;i:1;i:3;}}i:96;a:4:{s:1:\"a\";i:97;s:1:\"b\";s:17:\"images.delete_all\";s:1:\"c\";s:3:\"web\";s:1:\"r\";a:2:{i:0;i:1;i:1;i:2;}}i:97;a:4:{s:1:\"a\";i:98;s:1:\"b\";s:22:\"images.delete_children\";s:1:\"c\";s:3:\"web\";s:1:\"r\";a:2:{i:0;i:1;i:1;i:4;}}i:98;a:4:{s:1:\"a\";i:99;s:1:\"b\";s:18:\"images.delete_self\";s:1:\"c\";s:3:\"web\";s:1:\"r\";a:2:{i:0;i:1;i:1;i:3;}}i:99;a:4:{s:1:\"a\";i:100;s:1:\"b\";s:15:\"warehouses.page\";s:1:\"c\";s:3:\"web\";s:1:\"r\";a:5:{i:0;i:1;i:1;i:2;i:2;i:3;i:3;i:4;i:4;i:5;}}i:100;a:4:{s:1:\"a\";i:101;s:1:\"b\";s:19:\"warehouses.view_all\";s:1:\"c\";s:3:\"web\";s:1:\"r\";a:2:{i:0;i:1;i:1;i:2;}}i:101;a:4:{s:1:\"a\";i:102;s:1:\"b\";s:24:\"warehouses.view_children\";s:1:\"c\";s:3:\"web\";s:1:\"r\";a:2:{i:0;i:1;i:1;i:4;}}i:102;a:4:{s:1:\"a\";i:103;s:1:\"b\";s:20:\"warehouses.view_self\";s:1:\"c\";s:3:\"web\";s:1:\"r\";a:2:{i:0;i:1;i:1;i:3;}}i:103;a:4:{s:1:\"a\";i:104;s:1:\"b\";s:17:\"warehouses.create\";s:1:\"c\";s:3:\"web\";s:1:\"r\";a:2:{i:0;i:1;i:1;i:5;}}i:104;a:4:{s:1:\"a\";i:105;s:1:\"b\";s:21:\"warehouses.update_all\";s:1:\"c\";s:3:\"web\";s:1:\"r\";a:2:{i:0;i:1;i:1;i:2;}}i:105;a:4:{s:1:\"a\";i:106;s:1:\"b\";s:26:\"warehouses.update_children\";s:1:\"c\";s:3:\"web\";s:1:\"r\";a:2:{i:0;i:1;i:1;i:4;}}i:106;a:4:{s:1:\"a\";i:107;s:1:\"b\";s:22:\"warehouses.update_self\";s:1:\"c\";s:3:\"web\";s:1:\"r\";a:2:{i:0;i:1;i:1;i:3;}}i:107;a:4:{s:1:\"a\";i:108;s:1:\"b\";s:21:\"warehouses.delete_all\";s:1:\"c\";s:3:\"web\";s:1:\"r\";a:2:{i:0;i:1;i:1;i:2;}}i:108;a:4:{s:1:\"a\";i:109;s:1:\"b\";s:26:\"warehouses.delete_children\";s:1:\"c\";s:3:\"web\";s:1:\"r\";a:2:{i:0;i:1;i:1;i:4;}}i:109;a:4:{s:1:\"a\";i:110;s:1:\"b\";s:22:\"warehouses.delete_self\";s:1:\"c\";s:3:\"web\";s:1:\"r\";a:2:{i:0;i:1;i:1;i:3;}}i:110;a:4:{s:1:\"a\";i:111;s:1:\"b\";s:15:\"categories.page\";s:1:\"c\";s:3:\"web\";s:1:\"r\";a:5:{i:0;i:1;i:1;i:2;i:2;i:3;i:3;i:4;i:4;i:5;}}i:111;a:4:{s:1:\"a\";i:112;s:1:\"b\";s:19:\"categories.view_all\";s:1:\"c\";s:3:\"web\";s:1:\"r\";a:2:{i:0;i:1;i:1;i:2;}}i:112;a:4:{s:1:\"a\";i:113;s:1:\"b\";s:24:\"categories.view_children\";s:1:\"c\";s:3:\"web\";s:1:\"r\";a:2:{i:0;i:1;i:1;i:4;}}i:113;a:4:{s:1:\"a\";i:114;s:1:\"b\";s:20:\"categories.view_self\";s:1:\"c\";s:3:\"web\";s:1:\"r\";a:2:{i:0;i:1;i:1;i:3;}}i:114;a:4:{s:1:\"a\";i:115;s:1:\"b\";s:17:\"categories.create\";s:1:\"c\";s:3:\"web\";s:1:\"r\";a:2:{i:0;i:1;i:1;i:5;}}i:115;a:4:{s:1:\"a\";i:116;s:1:\"b\";s:21:\"categories.update_all\";s:1:\"c\";s:3:\"web\";s:1:\"r\";a:2:{i:0;i:1;i:1;i:2;}}i:116;a:4:{s:1:\"a\";i:117;s:1:\"b\";s:26:\"categories.update_children\";s:1:\"c\";s:3:\"web\";s:1:\"r\";a:2:{i:0;i:1;i:1;i:4;}}i:117;a:4:{s:1:\"a\";i:118;s:1:\"b\";s:22:\"categories.update_self\";s:1:\"c\";s:3:\"web\";s:1:\"r\";a:2:{i:0;i:1;i:1;i:3;}}i:118;a:4:{s:1:\"a\";i:119;s:1:\"b\";s:21:\"categories.delete_all\";s:1:\"c\";s:3:\"web\";s:1:\"r\";a:2:{i:0;i:1;i:1;i:2;}}i:119;a:4:{s:1:\"a\";i:120;s:1:\"b\";s:26:\"categories.delete_children\";s:1:\"c\";s:3:\"web\";s:1:\"r\";a:2:{i:0;i:1;i:1;i:4;}}i:120;a:4:{s:1:\"a\";i:121;s:1:\"b\";s:22:\"categories.delete_self\";s:1:\"c\";s:3:\"web\";s:1:\"r\";a:2:{i:0;i:1;i:1;i:3;}}i:121;a:4:{s:1:\"a\";i:122;s:1:\"b\";s:11:\"brands.page\";s:1:\"c\";s:3:\"web\";s:1:\"r\";a:5:{i:0;i:1;i:1;i:2;i:2;i:3;i:3;i:4;i:4;i:5;}}i:122;a:4:{s:1:\"a\";i:123;s:1:\"b\";s:15:\"brands.view_all\";s:1:\"c\";s:3:\"web\";s:1:\"r\";a:2:{i:0;i:1;i:1;i:2;}}i:123;a:4:{s:1:\"a\";i:124;s:1:\"b\";s:20:\"brands.view_children\";s:1:\"c\";s:3:\"web\";s:1:\"r\";a:2:{i:0;i:1;i:1;i:4;}}i:124;a:4:{s:1:\"a\";i:125;s:1:\"b\";s:16:\"brands.view_self\";s:1:\"c\";s:3:\"web\";s:1:\"r\";a:2:{i:0;i:1;i:1;i:3;}}i:125;a:4:{s:1:\"a\";i:126;s:1:\"b\";s:13:\"brands.create\";s:1:\"c\";s:3:\"web\";s:1:\"r\";a:2:{i:0;i:1;i:1;i:5;}}i:126;a:4:{s:1:\"a\";i:127;s:1:\"b\";s:17:\"brands.update_all\";s:1:\"c\";s:3:\"web\";s:1:\"r\";a:2:{i:0;i:1;i:1;i:2;}}i:127;a:4:{s:1:\"a\";i:128;s:1:\"b\";s:22:\"brands.update_children\";s:1:\"c\";s:3:\"web\";s:1:\"r\";a:2:{i:0;i:1;i:1;i:4;}}i:128;a:4:{s:1:\"a\";i:129;s:1:\"b\";s:18:\"brands.update_self\";s:1:\"c\";s:3:\"web\";s:1:\"r\";a:2:{i:0;i:1;i:1;i:3;}}i:129;a:4:{s:1:\"a\";i:130;s:1:\"b\";s:17:\"brands.delete_all\";s:1:\"c\";s:3:\"web\";s:1:\"r\";a:2:{i:0;i:1;i:1;i:2;}}i:130;a:4:{s:1:\"a\";i:131;s:1:\"b\";s:22:\"brands.delete_children\";s:1:\"c\";s:3:\"web\";s:1:\"r\";a:2:{i:0;i:1;i:1;i:4;}}i:131;a:4:{s:1:\"a\";i:132;s:1:\"b\";s:18:\"brands.delete_self\";s:1:\"c\";s:3:\"web\";s:1:\"r\";a:2:{i:0;i:1;i:1;i:3;}}i:132;a:4:{s:1:\"a\";i:133;s:1:\"b\";s:15:\"attributes.page\";s:1:\"c\";s:3:\"web\";s:1:\"r\";a:5:{i:0;i:1;i:1;i:2;i:2;i:3;i:3;i:4;i:4;i:5;}}i:133;a:4:{s:1:\"a\";i:134;s:1:\"b\";s:19:\"attributes.view_all\";s:1:\"c\";s:3:\"web\";s:1:\"r\";a:2:{i:0;i:1;i:1;i:2;}}i:134;a:4:{s:1:\"a\";i:135;s:1:\"b\";s:24:\"attributes.view_children\";s:1:\"c\";s:3:\"web\";s:1:\"r\";a:2:{i:0;i:1;i:1;i:4;}}i:135;a:4:{s:1:\"a\";i:136;s:1:\"b\";s:20:\"attributes.view_self\";s:1:\"c\";s:3:\"web\";s:1:\"r\";a:2:{i:0;i:1;i:1;i:3;}}i:136;a:4:{s:1:\"a\";i:137;s:1:\"b\";s:17:\"attributes.create\";s:1:\"c\";s:3:\"web\";s:1:\"r\";a:2:{i:0;i:1;i:1;i:5;}}i:137;a:4:{s:1:\"a\";i:138;s:1:\"b\";s:21:\"attributes.update_all\";s:1:\"c\";s:3:\"web\";s:1:\"r\";a:2:{i:0;i:1;i:1;i:2;}}i:138;a:4:{s:1:\"a\";i:139;s:1:\"b\";s:26:\"attributes.update_children\";s:1:\"c\";s:3:\"web\";s:1:\"r\";a:2:{i:0;i:1;i:1;i:4;}}i:139;a:4:{s:1:\"a\";i:140;s:1:\"b\";s:22:\"attributes.update_self\";s:1:\"c\";s:3:\"web\";s:1:\"r\";a:2:{i:0;i:1;i:1;i:3;}}i:140;a:4:{s:1:\"a\";i:141;s:1:\"b\";s:21:\"attributes.delete_all\";s:1:\"c\";s:3:\"web\";s:1:\"r\";a:2:{i:0;i:1;i:1;i:2;}}i:141;a:4:{s:1:\"a\";i:142;s:1:\"b\";s:26:\"attributes.delete_children\";s:1:\"c\";s:3:\"web\";s:1:\"r\";a:2:{i:0;i:1;i:1;i:4;}}i:142;a:4:{s:1:\"a\";i:143;s:1:\"b\";s:22:\"attributes.delete_self\";s:1:\"c\";s:3:\"web\";s:1:\"r\";a:2:{i:0;i:1;i:1;i:3;}}i:143;a:4:{s:1:\"a\";i:144;s:1:\"b\";s:21:\"attribute_values.page\";s:1:\"c\";s:3:\"web\";s:1:\"r\";a:5:{i:0;i:1;i:1;i:2;i:2;i:3;i:3;i:4;i:4;i:5;}}i:144;a:4:{s:1:\"a\";i:145;s:1:\"b\";s:25:\"attribute_values.view_all\";s:1:\"c\";s:3:\"web\";s:1:\"r\";a:2:{i:0;i:1;i:1;i:2;}}i:145;a:4:{s:1:\"a\";i:146;s:1:\"b\";s:30:\"attribute_values.view_children\";s:1:\"c\";s:3:\"web\";s:1:\"r\";a:2:{i:0;i:1;i:1;i:4;}}i:146;a:4:{s:1:\"a\";i:147;s:1:\"b\";s:26:\"attribute_values.view_self\";s:1:\"c\";s:3:\"web\";s:1:\"r\";a:2:{i:0;i:1;i:1;i:3;}}i:147;a:4:{s:1:\"a\";i:148;s:1:\"b\";s:23:\"attribute_values.create\";s:1:\"c\";s:3:\"web\";s:1:\"r\";a:2:{i:0;i:1;i:1;i:5;}}i:148;a:4:{s:1:\"a\";i:149;s:1:\"b\";s:27:\"attribute_values.update_all\";s:1:\"c\";s:3:\"web\";s:1:\"r\";a:2:{i:0;i:1;i:1;i:2;}}i:149;a:4:{s:1:\"a\";i:150;s:1:\"b\";s:32:\"attribute_values.update_children\";s:1:\"c\";s:3:\"web\";s:1:\"r\";a:2:{i:0;i:1;i:1;i:4;}}i:150;a:4:{s:1:\"a\";i:151;s:1:\"b\";s:28:\"attribute_values.update_self\";s:1:\"c\";s:3:\"web\";s:1:\"r\";a:2:{i:0;i:1;i:1;i:3;}}i:151;a:4:{s:1:\"a\";i:152;s:1:\"b\";s:27:\"attribute_values.delete_all\";s:1:\"c\";s:3:\"web\";s:1:\"r\";a:2:{i:0;i:1;i:1;i:2;}}i:152;a:4:{s:1:\"a\";i:153;s:1:\"b\";s:32:\"attribute_values.delete_children\";s:1:\"c\";s:3:\"web\";s:1:\"r\";a:2:{i:0;i:1;i:1;i:4;}}i:153;a:4:{s:1:\"a\";i:154;s:1:\"b\";s:28:\"attribute_values.delete_self\";s:1:\"c\";s:3:\"web\";s:1:\"r\";a:2:{i:0;i:1;i:1;i:3;}}i:154;a:4:{s:1:\"a\";i:155;s:1:\"b\";s:13:\"products.page\";s:1:\"c\";s:3:\"web\";s:1:\"r\";a:5:{i:0;i:1;i:1;i:2;i:2;i:3;i:3;i:4;i:4;i:5;}}i:155;a:4:{s:1:\"a\";i:156;s:1:\"b\";s:17:\"products.view_all\";s:1:\"c\";s:3:\"web\";s:1:\"r\";a:2:{i:0;i:1;i:1;i:2;}}i:156;a:4:{s:1:\"a\";i:157;s:1:\"b\";s:22:\"products.view_children\";s:1:\"c\";s:3:\"web\";s:1:\"r\";a:2:{i:0;i:1;i:1;i:4;}}i:157;a:4:{s:1:\"a\";i:158;s:1:\"b\";s:18:\"products.view_self\";s:1:\"c\";s:3:\"web\";s:1:\"r\";a:2:{i:0;i:1;i:1;i:3;}}i:158;a:4:{s:1:\"a\";i:159;s:1:\"b\";s:15:\"products.create\";s:1:\"c\";s:3:\"web\";s:1:\"r\";a:2:{i:0;i:1;i:1;i:5;}}i:159;a:4:{s:1:\"a\";i:160;s:1:\"b\";s:19:\"products.update_all\";s:1:\"c\";s:3:\"web\";s:1:\"r\";a:2:{i:0;i:1;i:1;i:2;}}i:160;a:4:{s:1:\"a\";i:161;s:1:\"b\";s:24:\"products.update_children\";s:1:\"c\";s:3:\"web\";s:1:\"r\";a:2:{i:0;i:1;i:1;i:4;}}i:161;a:4:{s:1:\"a\";i:162;s:1:\"b\";s:20:\"products.update_self\";s:1:\"c\";s:3:\"web\";s:1:\"r\";a:2:{i:0;i:1;i:1;i:3;}}i:162;a:4:{s:1:\"a\";i:163;s:1:\"b\";s:19:\"products.delete_all\";s:1:\"c\";s:3:\"web\";s:1:\"r\";a:2:{i:0;i:1;i:1;i:2;}}i:163;a:4:{s:1:\"a\";i:164;s:1:\"b\";s:24:\"products.delete_children\";s:1:\"c\";s:3:\"web\";s:1:\"r\";a:2:{i:0;i:1;i:1;i:4;}}i:164;a:4:{s:1:\"a\";i:165;s:1:\"b\";s:20:\"products.delete_self\";s:1:\"c\";s:3:\"web\";s:1:\"r\";a:2:{i:0;i:1;i:1;i:3;}}i:165;a:4:{s:1:\"a\";i:166;s:1:\"b\";s:21:\"product_variants.page\";s:1:\"c\";s:3:\"web\";s:1:\"r\";a:5:{i:0;i:1;i:1;i:2;i:2;i:3;i:3;i:4;i:4;i:5;}}i:166;a:4:{s:1:\"a\";i:167;s:1:\"b\";s:25:\"product_variants.view_all\";s:1:\"c\";s:3:\"web\";s:1:\"r\";a:2:{i:0;i:1;i:1;i:2;}}i:167;a:4:{s:1:\"a\";i:168;s:1:\"b\";s:30:\"product_variants.view_children\";s:1:\"c\";s:3:\"web\";s:1:\"r\";a:2:{i:0;i:1;i:1;i:4;}}i:168;a:4:{s:1:\"a\";i:169;s:1:\"b\";s:26:\"product_variants.view_self\";s:1:\"c\";s:3:\"web\";s:1:\"r\";a:2:{i:0;i:1;i:1;i:3;}}i:169;a:4:{s:1:\"a\";i:170;s:1:\"b\";s:23:\"product_variants.create\";s:1:\"c\";s:3:\"web\";s:1:\"r\";a:2:{i:0;i:1;i:1;i:5;}}i:170;a:4:{s:1:\"a\";i:171;s:1:\"b\";s:27:\"product_variants.update_all\";s:1:\"c\";s:3:\"web\";s:1:\"r\";a:2:{i:0;i:1;i:1;i:2;}}i:171;a:4:{s:1:\"a\";i:172;s:1:\"b\";s:32:\"product_variants.update_children\";s:1:\"c\";s:3:\"web\";s:1:\"r\";a:2:{i:0;i:1;i:1;i:4;}}i:172;a:4:{s:1:\"a\";i:173;s:1:\"b\";s:28:\"product_variants.update_self\";s:1:\"c\";s:3:\"web\";s:1:\"r\";a:2:{i:0;i:1;i:1;i:3;}}i:173;a:4:{s:1:\"a\";i:174;s:1:\"b\";s:27:\"product_variants.delete_all\";s:1:\"c\";s:3:\"web\";s:1:\"r\";a:2:{i:0;i:1;i:1;i:2;}}i:174;a:4:{s:1:\"a\";i:175;s:1:\"b\";s:32:\"product_variants.delete_children\";s:1:\"c\";s:3:\"web\";s:1:\"r\";a:2:{i:0;i:1;i:1;i:4;}}i:175;a:4:{s:1:\"a\";i:176;s:1:\"b\";s:28:\"product_variants.delete_self\";s:1:\"c\";s:3:\"web\";s:1:\"r\";a:2:{i:0;i:1;i:1;i:3;}}i:176;a:4:{s:1:\"a\";i:177;s:1:\"b\";s:31:\"product_variant_attributes.page\";s:1:\"c\";s:3:\"web\";s:1:\"r\";a:5:{i:0;i:1;i:1;i:2;i:2;i:3;i:3;i:4;i:4;i:5;}}i:177;a:4:{s:1:\"a\";i:178;s:1:\"b\";s:35:\"product_variant_attributes.view_all\";s:1:\"c\";s:3:\"web\";s:1:\"r\";a:2:{i:0;i:1;i:1;i:2;}}i:178;a:4:{s:1:\"a\";i:179;s:1:\"b\";s:40:\"product_variant_attributes.view_children\";s:1:\"c\";s:3:\"web\";s:1:\"r\";a:2:{i:0;i:1;i:1;i:4;}}i:179;a:4:{s:1:\"a\";i:180;s:1:\"b\";s:36:\"product_variant_attributes.view_self\";s:1:\"c\";s:3:\"web\";s:1:\"r\";a:2:{i:0;i:1;i:1;i:3;}}i:180;a:4:{s:1:\"a\";i:181;s:1:\"b\";s:33:\"product_variant_attributes.create\";s:1:\"c\";s:3:\"web\";s:1:\"r\";a:2:{i:0;i:1;i:1;i:5;}}i:181;a:4:{s:1:\"a\";i:182;s:1:\"b\";s:37:\"product_variant_attributes.update_all\";s:1:\"c\";s:3:\"web\";s:1:\"r\";a:2:{i:0;i:1;i:1;i:2;}}i:182;a:4:{s:1:\"a\";i:183;s:1:\"b\";s:42:\"product_variant_attributes.update_children\";s:1:\"c\";s:3:\"web\";s:1:\"r\";a:2:{i:0;i:1;i:1;i:4;}}i:183;a:4:{s:1:\"a\";i:184;s:1:\"b\";s:38:\"product_variant_attributes.update_self\";s:1:\"c\";s:3:\"web\";s:1:\"r\";a:2:{i:0;i:1;i:1;i:3;}}i:184;a:4:{s:1:\"a\";i:185;s:1:\"b\";s:37:\"product_variant_attributes.delete_all\";s:1:\"c\";s:3:\"web\";s:1:\"r\";a:2:{i:0;i:1;i:1;i:2;}}i:185;a:4:{s:1:\"a\";i:186;s:1:\"b\";s:42:\"product_variant_attributes.delete_children\";s:1:\"c\";s:3:\"web\";s:1:\"r\";a:2:{i:0;i:1;i:1;i:4;}}i:186;a:4:{s:1:\"a\";i:187;s:1:\"b\";s:38:\"product_variant_attributes.delete_self\";s:1:\"c\";s:3:\"web\";s:1:\"r\";a:2:{i:0;i:1;i:1;i:3;}}i:187;a:4:{s:1:\"a\";i:188;s:1:\"b\";s:11:\"stocks.page\";s:1:\"c\";s:3:\"web\";s:1:\"r\";a:5:{i:0;i:1;i:1;i:2;i:2;i:3;i:3;i:4;i:4;i:5;}}i:188;a:4:{s:1:\"a\";i:189;s:1:\"b\";s:15:\"stocks.view_all\";s:1:\"c\";s:3:\"web\";s:1:\"r\";a:2:{i:0;i:1;i:1;i:2;}}i:189;a:4:{s:1:\"a\";i:190;s:1:\"b\";s:20:\"stocks.view_children\";s:1:\"c\";s:3:\"web\";s:1:\"r\";a:2:{i:0;i:1;i:1;i:4;}}i:190;a:4:{s:1:\"a\";i:191;s:1:\"b\";s:16:\"stocks.view_self\";s:1:\"c\";s:3:\"web\";s:1:\"r\";a:2:{i:0;i:1;i:1;i:3;}}i:191;a:4:{s:1:\"a\";i:192;s:1:\"b\";s:13:\"stocks.create\";s:1:\"c\";s:3:\"web\";s:1:\"r\";a:2:{i:0;i:1;i:1;i:5;}}i:192;a:4:{s:1:\"a\";i:193;s:1:\"b\";s:17:\"stocks.update_all\";s:1:\"c\";s:3:\"web\";s:1:\"r\";a:2:{i:0;i:1;i:1;i:2;}}i:193;a:4:{s:1:\"a\";i:194;s:1:\"b\";s:22:\"stocks.update_children\";s:1:\"c\";s:3:\"web\";s:1:\"r\";a:2:{i:0;i:1;i:1;i:4;}}i:194;a:4:{s:1:\"a\";i:195;s:1:\"b\";s:18:\"stocks.update_self\";s:1:\"c\";s:3:\"web\";s:1:\"r\";a:2:{i:0;i:1;i:1;i:3;}}i:195;a:4:{s:1:\"a\";i:196;s:1:\"b\";s:17:\"stocks.delete_all\";s:1:\"c\";s:3:\"web\";s:1:\"r\";a:2:{i:0;i:1;i:1;i:2;}}i:196;a:4:{s:1:\"a\";i:197;s:1:\"b\";s:22:\"stocks.delete_children\";s:1:\"c\";s:3:\"web\";s:1:\"r\";a:2:{i:0;i:1;i:1;i:4;}}i:197;a:4:{s:1:\"a\";i:198;s:1:\"b\";s:18:\"stocks.delete_self\";s:1:\"c\";s:3:\"web\";s:1:\"r\";a:2:{i:0;i:1;i:1;i:3;}}i:198;a:4:{s:1:\"a\";i:199;s:1:\"b\";s:13:\"invoices.page\";s:1:\"c\";s:3:\"web\";s:1:\"r\";a:5:{i:0;i:1;i:1;i:2;i:2;i:3;i:3;i:4;i:4;i:5;}}i:199;a:4:{s:1:\"a\";i:200;s:1:\"b\";s:17:\"invoices.view_all\";s:1:\"c\";s:3:\"web\";s:1:\"r\";a:2:{i:0;i:1;i:1;i:2;}}i:200;a:4:{s:1:\"a\";i:201;s:1:\"b\";s:22:\"invoices.view_children\";s:1:\"c\";s:3:\"web\";s:1:\"r\";a:2:{i:0;i:1;i:1;i:4;}}i:201;a:4:{s:1:\"a\";i:202;s:1:\"b\";s:18:\"invoices.view_self\";s:1:\"c\";s:3:\"web\";s:1:\"r\";a:2:{i:0;i:1;i:1;i:3;}}i:202;a:4:{s:1:\"a\";i:203;s:1:\"b\";s:15:\"invoices.create\";s:1:\"c\";s:3:\"web\";s:1:\"r\";a:2:{i:0;i:1;i:1;i:5;}}i:203;a:4:{s:1:\"a\";i:204;s:1:\"b\";s:19:\"invoices.update_all\";s:1:\"c\";s:3:\"web\";s:1:\"r\";a:2:{i:0;i:1;i:1;i:2;}}i:204;a:4:{s:1:\"a\";i:205;s:1:\"b\";s:24:\"invoices.update_children\";s:1:\"c\";s:3:\"web\";s:1:\"r\";a:2:{i:0;i:1;i:1;i:4;}}i:205;a:4:{s:1:\"a\";i:206;s:1:\"b\";s:20:\"invoices.update_self\";s:1:\"c\";s:3:\"web\";s:1:\"r\";a:2:{i:0;i:1;i:1;i:3;}}i:206;a:4:{s:1:\"a\";i:207;s:1:\"b\";s:19:\"invoices.delete_all\";s:1:\"c\";s:3:\"web\";s:1:\"r\";a:2:{i:0;i:1;i:1;i:2;}}i:207;a:4:{s:1:\"a\";i:208;s:1:\"b\";s:24:\"invoices.delete_children\";s:1:\"c\";s:3:\"web\";s:1:\"r\";a:2:{i:0;i:1;i:1;i:4;}}i:208;a:4:{s:1:\"a\";i:209;s:1:\"b\";s:20:\"invoices.delete_self\";s:1:\"c\";s:3:\"web\";s:1:\"r\";a:2:{i:0;i:1;i:1;i:3;}}i:209;a:4:{s:1:\"a\";i:210;s:1:\"b\";s:22:\"installment_plans.page\";s:1:\"c\";s:3:\"web\";s:1:\"r\";a:4:{i:0;i:1;i:1;i:2;i:2;i:4;i:3;i:5;}}i:210;a:4:{s:1:\"a\";i:211;s:1:\"b\";s:26:\"installment_plans.view_all\";s:1:\"c\";s:3:\"web\";s:1:\"r\";a:2:{i:0;i:1;i:1;i:2;}}i:211;a:4:{s:1:\"a\";i:212;s:1:\"b\";s:31:\"installment_plans.view_children\";s:1:\"c\";s:3:\"web\";s:1:\"r\";a:2:{i:0;i:1;i:1;i:4;}}i:212;a:4:{s:1:\"a\";i:213;s:1:\"b\";s:27:\"installment_plans.view_self\";s:1:\"c\";s:3:\"web\";s:1:\"r\";a:1:{i:0;i:1;}}i:213;a:4:{s:1:\"a\";i:214;s:1:\"b\";s:24:\"installment_plans.create\";s:1:\"c\";s:3:\"web\";s:1:\"r\";a:2:{i:0;i:1;i:1;i:5;}}i:214;a:4:{s:1:\"a\";i:215;s:1:\"b\";s:28:\"installment_plans.update_all\";s:1:\"c\";s:3:\"web\";s:1:\"r\";a:2:{i:0;i:1;i:1;i:2;}}i:215;a:4:{s:1:\"a\";i:216;s:1:\"b\";s:33:\"installment_plans.update_children\";s:1:\"c\";s:3:\"web\";s:1:\"r\";a:2:{i:0;i:1;i:1;i:4;}}i:216;a:4:{s:1:\"a\";i:217;s:1:\"b\";s:29:\"installment_plans.update_self\";s:1:\"c\";s:3:\"web\";s:1:\"r\";a:1:{i:0;i:1;}}i:217;a:4:{s:1:\"a\";i:218;s:1:\"b\";s:28:\"installment_plans.delete_all\";s:1:\"c\";s:3:\"web\";s:1:\"r\";a:2:{i:0;i:1;i:1;i:2;}}i:218;a:4:{s:1:\"a\";i:219;s:1:\"b\";s:33:\"installment_plans.delete_children\";s:1:\"c\";s:3:\"web\";s:1:\"r\";a:2:{i:0;i:1;i:1;i:4;}}i:219;a:4:{s:1:\"a\";i:220;s:1:\"b\";s:29:\"installment_plans.delete_self\";s:1:\"c\";s:3:\"web\";s:1:\"r\";a:1:{i:0;i:1;}}i:220;a:4:{s:1:\"a\";i:221;s:1:\"b\";s:17:\"installments.page\";s:1:\"c\";s:3:\"web\";s:1:\"r\";a:4:{i:0;i:1;i:1;i:2;i:2;i:4;i:3;i:5;}}i:221;a:4:{s:1:\"a\";i:222;s:1:\"b\";s:21:\"installments.view_all\";s:1:\"c\";s:3:\"web\";s:1:\"r\";a:2:{i:0;i:1;i:1;i:2;}}i:222;a:4:{s:1:\"a\";i:223;s:1:\"b\";s:26:\"installments.view_children\";s:1:\"c\";s:3:\"web\";s:1:\"r\";a:2:{i:0;i:1;i:1;i:4;}}i:223;a:4:{s:1:\"a\";i:224;s:1:\"b\";s:22:\"installments.view_self\";s:1:\"c\";s:3:\"web\";s:1:\"r\";a:1:{i:0;i:1;}}i:224;a:4:{s:1:\"a\";i:225;s:1:\"b\";s:19:\"installments.create\";s:1:\"c\";s:3:\"web\";s:1:\"r\";a:2:{i:0;i:1;i:1;i:5;}}i:225;a:4:{s:1:\"a\";i:226;s:1:\"b\";s:23:\"installments.update_all\";s:1:\"c\";s:3:\"web\";s:1:\"r\";a:2:{i:0;i:1;i:1;i:2;}}i:226;a:4:{s:1:\"a\";i:227;s:1:\"b\";s:28:\"installments.update_children\";s:1:\"c\";s:3:\"web\";s:1:\"r\";a:2:{i:0;i:1;i:1;i:4;}}i:227;a:4:{s:1:\"a\";i:228;s:1:\"b\";s:24:\"installments.update_self\";s:1:\"c\";s:3:\"web\";s:1:\"r\";a:1:{i:0;i:1;}}i:228;a:4:{s:1:\"a\";i:229;s:1:\"b\";s:23:\"installments.delete_all\";s:1:\"c\";s:3:\"web\";s:1:\"r\";a:2:{i:0;i:1;i:1;i:2;}}i:229;a:4:{s:1:\"a\";i:230;s:1:\"b\";s:28:\"installments.delete_children\";s:1:\"c\";s:3:\"web\";s:1:\"r\";a:2:{i:0;i:1;i:1;i:4;}}i:230;a:4:{s:1:\"a\";i:231;s:1:\"b\";s:24:\"installments.delete_self\";s:1:\"c\";s:3:\"web\";s:1:\"r\";a:1:{i:0;i:1;}}i:231;a:4:{s:1:\"a\";i:232;s:1:\"b\";s:25:\"installment_payments.page\";s:1:\"c\";s:3:\"web\";s:1:\"r\";a:4:{i:0;i:1;i:1;i:2;i:2;i:4;i:3;i:5;}}i:232;a:4:{s:1:\"a\";i:233;s:1:\"b\";s:29:\"installment_payments.view_all\";s:1:\"c\";s:3:\"web\";s:1:\"r\";a:2:{i:0;i:1;i:1;i:2;}}i:233;a:4:{s:1:\"a\";i:234;s:1:\"b\";s:34:\"installment_payments.view_children\";s:1:\"c\";s:3:\"web\";s:1:\"r\";a:2:{i:0;i:1;i:1;i:4;}}i:234;a:4:{s:1:\"a\";i:235;s:1:\"b\";s:30:\"installment_payments.view_self\";s:1:\"c\";s:3:\"web\";s:1:\"r\";a:1:{i:0;i:1;}}i:235;a:4:{s:1:\"a\";i:236;s:1:\"b\";s:27:\"installment_payments.create\";s:1:\"c\";s:3:\"web\";s:1:\"r\";a:2:{i:0;i:1;i:1;i:5;}}i:236;a:4:{s:1:\"a\";i:237;s:1:\"b\";s:31:\"installment_payments.update_all\";s:1:\"c\";s:3:\"web\";s:1:\"r\";a:2:{i:0;i:1;i:1;i:2;}}i:237;a:4:{s:1:\"a\";i:238;s:1:\"b\";s:36:\"installment_payments.update_children\";s:1:\"c\";s:3:\"web\";s:1:\"r\";a:2:{i:0;i:1;i:1;i:4;}}i:238;a:4:{s:1:\"a\";i:239;s:1:\"b\";s:32:\"installment_payments.update_self\";s:1:\"c\";s:3:\"web\";s:1:\"r\";a:1:{i:0;i:1;}}i:239;a:4:{s:1:\"a\";i:240;s:1:\"b\";s:31:\"installment_payments.delete_all\";s:1:\"c\";s:3:\"web\";s:1:\"r\";a:2:{i:0;i:1;i:1;i:2;}}i:240;a:4:{s:1:\"a\";i:241;s:1:\"b\";s:36:\"installment_payments.delete_children\";s:1:\"c\";s:3:\"web\";s:1:\"r\";a:2:{i:0;i:1;i:1;i:4;}}i:241;a:4:{s:1:\"a\";i:242;s:1:\"b\";s:32:\"installment_payments.delete_self\";s:1:\"c\";s:3:\"web\";s:1:\"r\";a:1:{i:0;i:1;}}i:242;a:4:{s:1:\"a\";i:243;s:1:\"b\";s:18:\"invoice_items.page\";s:1:\"c\";s:3:\"web\";s:1:\"r\";a:5:{i:0;i:1;i:1;i:2;i:2;i:3;i:3;i:4;i:4;i:5;}}i:243;a:4:{s:1:\"a\";i:244;s:1:\"b\";s:22:\"invoice_items.view_all\";s:1:\"c\";s:3:\"web\";s:1:\"r\";a:2:{i:0;i:1;i:1;i:2;}}i:244;a:4:{s:1:\"a\";i:245;s:1:\"b\";s:27:\"invoice_items.view_children\";s:1:\"c\";s:3:\"web\";s:1:\"r\";a:2:{i:0;i:1;i:1;i:4;}}i:245;a:4:{s:1:\"a\";i:246;s:1:\"b\";s:23:\"invoice_items.view_self\";s:1:\"c\";s:3:\"web\";s:1:\"r\";a:2:{i:0;i:1;i:1;i:3;}}i:246;a:4:{s:1:\"a\";i:247;s:1:\"b\";s:20:\"invoice_items.create\";s:1:\"c\";s:3:\"web\";s:1:\"r\";a:2:{i:0;i:1;i:1;i:5;}}i:247;a:4:{s:1:\"a\";i:248;s:1:\"b\";s:24:\"invoice_items.update_all\";s:1:\"c\";s:3:\"web\";s:1:\"r\";a:2:{i:0;i:1;i:1;i:2;}}i:248;a:4:{s:1:\"a\";i:249;s:1:\"b\";s:29:\"invoice_items.update_children\";s:1:\"c\";s:3:\"web\";s:1:\"r\";a:2:{i:0;i:1;i:1;i:4;}}i:249;a:4:{s:1:\"a\";i:250;s:1:\"b\";s:25:\"invoice_items.update_self\";s:1:\"c\";s:3:\"web\";s:1:\"r\";a:2:{i:0;i:1;i:1;i:3;}}i:250;a:4:{s:1:\"a\";i:251;s:1:\"b\";s:24:\"invoice_items.delete_all\";s:1:\"c\";s:3:\"web\";s:1:\"r\";a:2:{i:0;i:1;i:1;i:2;}}i:251;a:4:{s:1:\"a\";i:252;s:1:\"b\";s:29:\"invoice_items.delete_children\";s:1:\"c\";s:3:\"web\";s:1:\"r\";a:2:{i:0;i:1;i:1;i:4;}}i:252;a:4:{s:1:\"a\";i:253;s:1:\"b\";s:25:\"invoice_items.delete_self\";s:1:\"c\";s:3:\"web\";s:1:\"r\";a:2:{i:0;i:1;i:1;i:3;}}i:253;a:4:{s:1:\"a\";i:254;s:1:\"b\";s:13:\"payments.page\";s:1:\"c\";s:3:\"web\";s:1:\"r\";a:4:{i:0;i:1;i:1;i:2;i:2;i:4;i:3;i:5;}}i:254;a:4:{s:1:\"a\";i:255;s:1:\"b\";s:17:\"payments.view_all\";s:1:\"c\";s:3:\"web\";s:1:\"r\";a:2:{i:0;i:1;i:1;i:2;}}i:255;a:4:{s:1:\"a\";i:256;s:1:\"b\";s:22:\"payments.view_children\";s:1:\"c\";s:3:\"web\";s:1:\"r\";a:2:{i:0;i:1;i:1;i:4;}}i:256;a:4:{s:1:\"a\";i:257;s:1:\"b\";s:18:\"payments.view_self\";s:1:\"c\";s:3:\"web\";s:1:\"r\";a:1:{i:0;i:1;}}i:257;a:4:{s:1:\"a\";i:258;s:1:\"b\";s:15:\"payments.create\";s:1:\"c\";s:3:\"web\";s:1:\"r\";a:2:{i:0;i:1;i:1;i:5;}}i:258;a:4:{s:1:\"a\";i:259;s:1:\"b\";s:19:\"payments.update_all\";s:1:\"c\";s:3:\"web\";s:1:\"r\";a:2:{i:0;i:1;i:1;i:2;}}i:259;a:4:{s:1:\"a\";i:260;s:1:\"b\";s:24:\"payments.update_children\";s:1:\"c\";s:3:\"web\";s:1:\"r\";a:2:{i:0;i:1;i:1;i:4;}}i:260;a:4:{s:1:\"a\";i:261;s:1:\"b\";s:20:\"payments.update_self\";s:1:\"c\";s:3:\"web\";s:1:\"r\";a:1:{i:0;i:1;}}i:261;a:4:{s:1:\"a\";i:262;s:1:\"b\";s:19:\"payments.delete_all\";s:1:\"c\";s:3:\"web\";s:1:\"r\";a:2:{i:0;i:1;i:1;i:2;}}i:262;a:4:{s:1:\"a\";i:263;s:1:\"b\";s:24:\"payments.delete_children\";s:1:\"c\";s:3:\"web\";s:1:\"r\";a:2:{i:0;i:1;i:1;i:4;}}i:263;a:4:{s:1:\"a\";i:264;s:1:\"b\";s:20:\"payments.delete_self\";s:1:\"c\";s:3:\"web\";s:1:\"r\";a:1:{i:0;i:1;}}i:264;a:4:{s:1:\"a\";i:265;s:1:\"b\";s:20:\"payment_methods.page\";s:1:\"c\";s:3:\"web\";s:1:\"r\";a:4:{i:0;i:1;i:1;i:2;i:2;i:4;i:3;i:5;}}i:265;a:4:{s:1:\"a\";i:266;s:1:\"b\";s:24:\"payment_methods.view_all\";s:1:\"c\";s:3:\"web\";s:1:\"r\";a:2:{i:0;i:1;i:1;i:2;}}i:266;a:4:{s:1:\"a\";i:267;s:1:\"b\";s:29:\"payment_methods.view_children\";s:1:\"c\";s:3:\"web\";s:1:\"r\";a:2:{i:0;i:1;i:1;i:4;}}i:267;a:4:{s:1:\"a\";i:268;s:1:\"b\";s:25:\"payment_methods.view_self\";s:1:\"c\";s:3:\"web\";s:1:\"r\";a:1:{i:0;i:1;}}i:268;a:4:{s:1:\"a\";i:269;s:1:\"b\";s:22:\"payment_methods.create\";s:1:\"c\";s:3:\"web\";s:1:\"r\";a:2:{i:0;i:1;i:1;i:5;}}i:269;a:4:{s:1:\"a\";i:270;s:1:\"b\";s:26:\"payment_methods.update_all\";s:1:\"c\";s:3:\"web\";s:1:\"r\";a:2:{i:0;i:1;i:1;i:2;}}i:270;a:4:{s:1:\"a\";i:271;s:1:\"b\";s:31:\"payment_methods.update_children\";s:1:\"c\";s:3:\"web\";s:1:\"r\";a:2:{i:0;i:1;i:1;i:4;}}i:271;a:4:{s:1:\"a\";i:272;s:1:\"b\";s:27:\"payment_methods.update_self\";s:1:\"c\";s:3:\"web\";s:1:\"r\";a:1:{i:0;i:1;}}i:272;a:4:{s:1:\"a\";i:273;s:1:\"b\";s:26:\"payment_methods.delete_all\";s:1:\"c\";s:3:\"web\";s:1:\"r\";a:2:{i:0;i:1;i:1;i:2;}}i:273;a:4:{s:1:\"a\";i:274;s:1:\"b\";s:31:\"payment_methods.delete_children\";s:1:\"c\";s:3:\"web\";s:1:\"r\";a:2:{i:0;i:1;i:1;i:4;}}i:274;a:4:{s:1:\"a\";i:275;s:1:\"b\";s:27:\"payment_methods.delete_self\";s:1:\"c\";s:3:\"web\";s:1:\"r\";a:1:{i:0;i:1;}}i:275;a:4:{s:1:\"a\";i:276;s:1:\"b\";s:13:\"revenues.page\";s:1:\"c\";s:3:\"web\";s:1:\"r\";a:4:{i:0;i:1;i:1;i:2;i:2;i:4;i:3;i:5;}}i:276;a:4:{s:1:\"a\";i:277;s:1:\"b\";s:17:\"revenues.view_all\";s:1:\"c\";s:3:\"web\";s:1:\"r\";a:2:{i:0;i:1;i:1;i:2;}}i:277;a:4:{s:1:\"a\";i:278;s:1:\"b\";s:22:\"revenues.view_children\";s:1:\"c\";s:3:\"web\";s:1:\"r\";a:2:{i:0;i:1;i:1;i:4;}}i:278;a:4:{s:1:\"a\";i:279;s:1:\"b\";s:18:\"revenues.view_self\";s:1:\"c\";s:3:\"web\";s:1:\"r\";a:1:{i:0;i:1;}}i:279;a:4:{s:1:\"a\";i:280;s:1:\"b\";s:15:\"revenues.create\";s:1:\"c\";s:3:\"web\";s:1:\"r\";a:2:{i:0;i:1;i:1;i:5;}}i:280;a:4:{s:1:\"a\";i:281;s:1:\"b\";s:19:\"revenues.update_all\";s:1:\"c\";s:3:\"web\";s:1:\"r\";a:2:{i:0;i:1;i:1;i:2;}}i:281;a:4:{s:1:\"a\";i:282;s:1:\"b\";s:24:\"revenues.update_children\";s:1:\"c\";s:3:\"web\";s:1:\"r\";a:2:{i:0;i:1;i:1;i:4;}}i:282;a:4:{s:1:\"a\";i:283;s:1:\"b\";s:20:\"revenues.update_self\";s:1:\"c\";s:3:\"web\";s:1:\"r\";a:1:{i:0;i:1;}}i:283;a:4:{s:1:\"a\";i:284;s:1:\"b\";s:19:\"revenues.delete_all\";s:1:\"c\";s:3:\"web\";s:1:\"r\";a:2:{i:0;i:1;i:1;i:2;}}i:284;a:4:{s:1:\"a\";i:285;s:1:\"b\";s:24:\"revenues.delete_children\";s:1:\"c\";s:3:\"web\";s:1:\"r\";a:2:{i:0;i:1;i:1;i:4;}}i:285;a:4:{s:1:\"a\";i:286;s:1:\"b\";s:20:\"revenues.delete_self\";s:1:\"c\";s:3:\"web\";s:1:\"r\";a:1:{i:0;i:1;}}i:286;a:4:{s:1:\"a\";i:287;s:1:\"b\";s:12:\"profits.page\";s:1:\"c\";s:3:\"web\";s:1:\"r\";a:4:{i:0;i:1;i:1;i:2;i:2;i:4;i:3;i:5;}}i:287;a:4:{s:1:\"a\";i:288;s:1:\"b\";s:16:\"profits.view_all\";s:1:\"c\";s:3:\"web\";s:1:\"r\";a:2:{i:0;i:1;i:1;i:2;}}i:288;a:4:{s:1:\"a\";i:289;s:1:\"b\";s:21:\"profits.view_children\";s:1:\"c\";s:3:\"web\";s:1:\"r\";a:2:{i:0;i:1;i:1;i:4;}}i:289;a:4:{s:1:\"a\";i:290;s:1:\"b\";s:17:\"profits.view_self\";s:1:\"c\";s:3:\"web\";s:1:\"r\";a:1:{i:0;i:1;}}i:290;a:4:{s:1:\"a\";i:291;s:1:\"b\";s:14:\"profits.create\";s:1:\"c\";s:3:\"web\";s:1:\"r\";a:2:{i:0;i:1;i:1;i:5;}}i:291;a:4:{s:1:\"a\";i:292;s:1:\"b\";s:18:\"profits.update_all\";s:1:\"c\";s:3:\"web\";s:1:\"r\";a:2:{i:0;i:1;i:1;i:2;}}i:292;a:4:{s:1:\"a\";i:293;s:1:\"b\";s:23:\"profits.update_children\";s:1:\"c\";s:3:\"web\";s:1:\"r\";a:2:{i:0;i:1;i:1;i:4;}}i:293;a:4:{s:1:\"a\";i:294;s:1:\"b\";s:19:\"profits.update_self\";s:1:\"c\";s:3:\"web\";s:1:\"r\";a:1:{i:0;i:1;}}i:294;a:4:{s:1:\"a\";i:295;s:1:\"b\";s:18:\"profits.delete_all\";s:1:\"c\";s:3:\"web\";s:1:\"r\";a:2:{i:0;i:1;i:1;i:2;}}i:295;a:4:{s:1:\"a\";i:296;s:1:\"b\";s:23:\"profits.delete_children\";s:1:\"c\";s:3:\"web\";s:1:\"r\";a:2:{i:0;i:1;i:1;i:4;}}i:296;a:4:{s:1:\"a\";i:297;s:1:\"b\";s:19:\"profits.delete_self\";s:1:\"c\";s:3:\"web\";s:1:\"r\";a:1:{i:0;i:1;}}i:297;a:4:{s:1:\"a\";i:298;s:1:\"b\";s:13:\"services.page\";s:1:\"c\";s:3:\"web\";s:1:\"r\";a:4:{i:0;i:1;i:1;i:2;i:2;i:4;i:3;i:5;}}i:298;a:4:{s:1:\"a\";i:299;s:1:\"b\";s:17:\"services.view_all\";s:1:\"c\";s:3:\"web\";s:1:\"r\";a:2:{i:0;i:1;i:1;i:2;}}i:299;a:4:{s:1:\"a\";i:300;s:1:\"b\";s:22:\"services.view_children\";s:1:\"c\";s:3:\"web\";s:1:\"r\";a:2:{i:0;i:1;i:1;i:4;}}i:300;a:4:{s:1:\"a\";i:301;s:1:\"b\";s:18:\"services.view_self\";s:1:\"c\";s:3:\"web\";s:1:\"r\";a:1:{i:0;i:1;}}i:301;a:4:{s:1:\"a\";i:302;s:1:\"b\";s:15:\"services.create\";s:1:\"c\";s:3:\"web\";s:1:\"r\";a:2:{i:0;i:1;i:1;i:5;}}i:302;a:4:{s:1:\"a\";i:303;s:1:\"b\";s:19:\"services.update_all\";s:1:\"c\";s:3:\"web\";s:1:\"r\";a:2:{i:0;i:1;i:1;i:2;}}i:303;a:4:{s:1:\"a\";i:304;s:1:\"b\";s:24:\"services.update_children\";s:1:\"c\";s:3:\"web\";s:1:\"r\";a:2:{i:0;i:1;i:1;i:4;}}i:304;a:4:{s:1:\"a\";i:305;s:1:\"b\";s:20:\"services.update_self\";s:1:\"c\";s:3:\"web\";s:1:\"r\";a:1:{i:0;i:1;}}i:305;a:4:{s:1:\"a\";i:306;s:1:\"b\";s:19:\"services.delete_all\";s:1:\"c\";s:3:\"web\";s:1:\"r\";a:2:{i:0;i:1;i:1;i:2;}}i:306;a:4:{s:1:\"a\";i:307;s:1:\"b\";s:24:\"services.delete_children\";s:1:\"c\";s:3:\"web\";s:1:\"r\";a:2:{i:0;i:1;i:1;i:4;}}i:307;a:4:{s:1:\"a\";i:308;s:1:\"b\";s:20:\"services.delete_self\";s:1:\"c\";s:3:\"web\";s:1:\"r\";a:1:{i:0;i:1;}}i:308;a:4:{s:1:\"a\";i:309;s:1:\"b\";s:18:\"subscriptions.page\";s:1:\"c\";s:3:\"web\";s:1:\"r\";a:4:{i:0;i:1;i:1;i:2;i:2;i:4;i:3;i:5;}}i:309;a:4:{s:1:\"a\";i:310;s:1:\"b\";s:22:\"subscriptions.view_all\";s:1:\"c\";s:3:\"web\";s:1:\"r\";a:2:{i:0;i:1;i:1;i:2;}}i:310;a:4:{s:1:\"a\";i:311;s:1:\"b\";s:27:\"subscriptions.view_children\";s:1:\"c\";s:3:\"web\";s:1:\"r\";a:2:{i:0;i:1;i:1;i:4;}}i:311;a:4:{s:1:\"a\";i:312;s:1:\"b\";s:23:\"subscriptions.view_self\";s:1:\"c\";s:3:\"web\";s:1:\"r\";a:1:{i:0;i:1;}}i:312;a:4:{s:1:\"a\";i:313;s:1:\"b\";s:20:\"subscriptions.create\";s:1:\"c\";s:3:\"web\";s:1:\"r\";a:2:{i:0;i:1;i:1;i:5;}}i:313;a:4:{s:1:\"a\";i:314;s:1:\"b\";s:24:\"subscriptions.update_all\";s:1:\"c\";s:3:\"web\";s:1:\"r\";a:2:{i:0;i:1;i:1;i:2;}}i:314;a:4:{s:1:\"a\";i:315;s:1:\"b\";s:29:\"subscriptions.update_children\";s:1:\"c\";s:3:\"web\";s:1:\"r\";a:2:{i:0;i:1;i:1;i:4;}}i:315;a:4:{s:1:\"a\";i:316;s:1:\"b\";s:25:\"subscriptions.update_self\";s:1:\"c\";s:3:\"web\";s:1:\"r\";a:1:{i:0;i:1;}}i:316;a:4:{s:1:\"a\";i:317;s:1:\"b\";s:24:\"subscriptions.delete_all\";s:1:\"c\";s:3:\"web\";s:1:\"r\";a:2:{i:0;i:1;i:1;i:2;}}i:317;a:4:{s:1:\"a\";i:318;s:1:\"b\";s:29:\"subscriptions.delete_children\";s:1:\"c\";s:3:\"web\";s:1:\"r\";a:2:{i:0;i:1;i:1;i:4;}}i:318;a:4:{s:1:\"a\";i:319;s:1:\"b\";s:25:\"subscriptions.delete_self\";s:1:\"c\";s:3:\"web\";s:1:\"r\";a:1:{i:0;i:1;}}i:319;a:4:{s:1:\"a\";i:320;s:1:\"b\";s:10:\"roles.page\";s:1:\"c\";s:3:\"web\";s:1:\"r\";a:4:{i:0;i:1;i:1;i:2;i:2;i:4;i:3;i:5;}}i:320;a:4:{s:1:\"a\";i:321;s:1:\"b\";s:14:\"roles.view_all\";s:1:\"c\";s:3:\"web\";s:1:\"r\";a:2:{i:0;i:1;i:1;i:2;}}i:321;a:4:{s:1:\"a\";i:322;s:1:\"b\";s:19:\"roles.view_children\";s:1:\"c\";s:3:\"web\";s:1:\"r\";a:2:{i:0;i:1;i:1;i:4;}}i:322;a:4:{s:1:\"a\";i:323;s:1:\"b\";s:15:\"roles.view_self\";s:1:\"c\";s:3:\"web\";s:1:\"r\";a:1:{i:0;i:1;}}i:323;a:4:{s:1:\"a\";i:324;s:1:\"b\";s:12:\"roles.create\";s:1:\"c\";s:3:\"web\";s:1:\"r\";a:2:{i:0;i:1;i:1;i:5;}}i:324;a:4:{s:1:\"a\";i:325;s:1:\"b\";s:16:\"roles.update_all\";s:1:\"c\";s:3:\"web\";s:1:\"r\";a:2:{i:0;i:1;i:1;i:2;}}i:325;a:4:{s:1:\"a\";i:326;s:1:\"b\";s:21:\"roles.update_children\";s:1:\"c\";s:3:\"web\";s:1:\"r\";a:2:{i:0;i:1;i:1;i:4;}}i:326;a:4:{s:1:\"a\";i:327;s:1:\"b\";s:17:\"roles.update_self\";s:1:\"c\";s:3:\"web\";s:1:\"r\";a:1:{i:0;i:1;}}i:327;a:4:{s:1:\"a\";i:328;s:1:\"b\";s:16:\"roles.delete_all\";s:1:\"c\";s:3:\"web\";s:1:\"r\";a:2:{i:0;i:1;i:1;i:2;}}i:328;a:4:{s:1:\"a\";i:329;s:1:\"b\";s:21:\"roles.delete_children\";s:1:\"c\";s:3:\"web\";s:1:\"r\";a:2:{i:0;i:1;i:1;i:4;}}i:329;a:4:{s:1:\"a\";i:330;s:1:\"b\";s:17:\"roles.delete_self\";s:1:\"c\";s:3:\"web\";s:1:\"r\";a:1:{i:0;i:1;}}}s:5:\"roles\";a:5:{i:0;a:7:{s:1:\"a\";i:1;s:1:\"j\";i:1;s:1:\"k\";i:1;s:1:\"b\";s:17:\"مدير شركة\";s:1:\"l\";N;s:1:\"m\";N;s:1:\"c\";s:3:\"web\";}i:1;a:7:{s:1:\"a\";i:2;s:1:\"j\";i:1;s:1:\"k\";i:1;s:1:\"b\";s:34:\"ادارة جميع السجلات\";s:1:\"l\";N;s:1:\"m\";N;s:1:\"c\";s:3:\"web\";}i:2;a:7:{s:1:\"a\";i:3;s:1:\"j\";i:1;s:1:\"k\";i:1;s:1:\"b\";s:30:\"ادارة سجلاته فقط\";s:1:\"l\";N;s:1:\"m\";N;s:1:\"c\";s:3:\"web\";}i:3;a:7:{s:1:\"a\";i:4;s:1:\"j\";i:1;s:1:\"k\";i:1;s:1:\"b\";s:58:\"ادارة سجلاته وسجلات التابعين له\";s:1:\"l\";N;s:1:\"m\";N;s:1:\"c\";s:3:\"web\";}i:4;a:7:{s:1:\"a\";i:5;s:1:\"j\";i:1;s:1:\"k\";i:1;s:1:\"b\";s:21:\"اضافة سجلات\";s:1:\"l\";N;s:1:\"m\";N;s:1:\"c\";s:3:\"web\";}}}', 1771012241);

-- --------------------------------------------------------

--
-- بنية الجدول `cache_locks`
--

CREATE TABLE `cache_locks` (
  `key` varchar(255) NOT NULL,
  `owner` varchar(255) NOT NULL,
  `expiration` int(11) NOT NULL
) ENGINE=InnoDB DEFAULT CHARSET=utf8mb4 COLLATE=utf8mb4_unicode_ci;

-- --------------------------------------------------------

--
-- بنية الجدول `cash_boxes`
--

CREATE TABLE `cash_boxes` (
  `id` bigint(20) UNSIGNED NOT NULL,
  `name` varchar(255) NOT NULL,
  `balance` decimal(10,2) DEFAULT 0.00,
  `cash_box_type_id` bigint(20) UNSIGNED NOT NULL,
  `is_default` tinyint(1) NOT NULL DEFAULT 1,
  `is_active` tinyint(1) NOT NULL DEFAULT 1,
  `user_id` bigint(20) UNSIGNED NOT NULL,
  `created_by` bigint(20) UNSIGNED NOT NULL,
  `company_id` bigint(20) UNSIGNED NOT NULL,
  `description` varchar(255) DEFAULT NULL,
  `account_number` varchar(255) DEFAULT NULL,
  `created_at` timestamp NULL DEFAULT NULL,
  `updated_at` timestamp NULL DEFAULT NULL
) ENGINE=InnoDB DEFAULT CHARSET=utf8mb4 COLLATE=utf8mb4_unicode_ci;

--
-- إرجاع أو استيراد بيانات الجدول `cash_boxes`
--

INSERT INTO `cash_boxes` (`id`, `name`, `balance`, `cash_box_type_id`, `is_default`, `is_active`, `user_id`, `created_by`, `company_id`, `description`, `account_number`, `created_at`, `updated_at`) VALUES
(1, 'الخزنة النقدية', 0.00, 1, 0, 1, 1, 1, 1, 'تم إنشاؤها تلقائيًا مع المستخدم', NULL, '2025-07-09 06:15:49', '2026-02-07 09:49:47'),
(6, 'الخزنة النقدية', 0.00, 1, 1, 1, 5, 1, 1, 'تم إنشاؤها تلقائيًا مع المستخدم', NULL, '2025-07-09 06:43:59', '2025-07-09 06:43:59'),
(8, 'الخزنة النقدية', 113423.00, 1, 0, 1, 5, 1, 2, 'تم إنشاؤها تلقائيًا مع ربط المستخدم بالشركة', NULL, '2025-07-09 20:31:45', '2026-02-12 08:38:39'),
(9, 'الخزنة النقدية', 0.00, 1, 1, 1, 6, 1, 1, 'تم إنشاؤها تلقائيًا مع المستخدم', NULL, '2025-07-09 20:47:12', '2025-07-09 20:47:12'),
(10, 'الخزنة النقدية', 2760.00, 1, 0, 1, 6, 1, 3, 'تم إنشاؤها تلقائيًا مع ربط المستخدم بالشركة', NULL, '2025-07-09 20:58:14', '2026-02-07 09:49:47'),
(11, 'الخزنة النقدية', -6010.00, 1, 0, 1, 7, 5, 2, 'تم إنشاؤها تلقائيًا مع المستخدم', NULL, '2025-07-09 21:04:44', '2026-02-07 09:49:47'),
(14, 'الخزنة النقدية', -29587.50, 1, 0, 1, 10, 5, 2, 'تم إنشاؤها تلقائيًا مع المستخدم', NULL, '2025-07-11 08:35:15', '2026-02-07 11:00:00'),
(15, 'الخزنة النقدية', -4570.00, 1, 0, 1, 11, 5, 2, 'تم إنشاؤها تلقائيًا مع المستخدم', NULL, '2025-07-11 11:27:30', '2026-02-07 09:49:47'),
(16, 'الخزنة النقدية', -10360.00, 1, 0, 1, 12, 5, 2, 'تم إنشاؤها تلقائيًا مع المستخدم', NULL, '2025-07-11 14:08:59', '2026-02-07 09:49:47'),
(17, 'الخزنة النقدية', -16366.00, 1, 0, 1, 13, 5, 2, 'تم إنشاؤها تلقائيًا مع المستخدم', NULL, '2025-07-11 14:43:05', '2026-02-12 08:36:10'),
(19, 'الخزنة النقدية', 0.00, 1, 0, 1, 15, 1, 9, 'تم إنشاؤها تلقائيًا مع المستخدم', NULL, '2025-07-11 15:31:12', '2026-02-07 09:49:47'),
(20, 'الخزنة النقدية', 0.00, 1, 0, 1, 16, 15, 9, 'تم إنشاؤها تلقائيًا مع المستخدم', NULL, '2025-07-11 17:14:31', '2026-02-07 09:49:47'),
(21, 'الخزنة النقدية', 0.00, 1, 0, 1, 17, 15, 9, 'تم إنشاؤها تلقائيًا مع المستخدم', NULL, '2025-07-11 17:20:09', '2026-02-07 09:49:47'),
(22, 'الخزنة النقدية', 0.00, 1, 0, 1, 18, 15, 9, 'تم إنشاؤها تلقائيًا مع المستخدم', NULL, '2025-07-11 17:32:09', '2026-02-07 09:49:47'),
(23, 'الخزنة النقدية', 0.00, 1, 0, 1, 19, 15, 9, 'تم إنشاؤها تلقائيًا مع المستخدم', NULL, '2025-07-11 17:34:43', '2026-02-07 09:49:47'),
(24, 'الخزنة النقدية', 0.00, 1, 0, 1, 20, 15, 9, 'تم إنشاؤها تلقائيًا مع المستخدم', NULL, '2025-07-11 17:37:34', '2026-02-07 09:49:47'),
(25, 'الخزنة النقدية', 0.00, 1, 0, 1, 21, 15, 9, 'تم إنشاؤها تلقائيًا مع المستخدم', NULL, '2025-07-11 17:39:19', '2026-02-07 09:49:47'),
(26, 'الخزنة النقدية', 0.00, 1, 0, 1, 22, 15, 9, 'تم إنشاؤها تلقائيًا مع المستخدم', NULL, '2025-07-11 17:41:02', '2026-02-07 09:49:47'),
(27, 'الخزنة النقدية', 0.00, 1, 0, 1, 23, 15, 9, 'تم إنشاؤها تلقائيًا مع المستخدم', NULL, '2025-07-11 17:41:49', '2026-02-07 09:49:47'),
(28, 'الخزنة النقدية', 0.00, 1, 0, 1, 24, 15, 9, 'تم إنشاؤها تلقائيًا مع المستخدم', NULL, '2025-07-11 17:45:24', '2026-02-07 09:49:47'),
(29, 'الخزنة النقدية', 0.00, 1, 0, 1, 25, 15, 9, 'تم إنشاؤها تلقائيًا مع المستخدم', NULL, '2025-07-11 17:46:45', '2026-02-07 09:49:47'),
(30, 'الخزنة النقدية', 0.00, 1, 0, 1, 26, 15, 9, 'تم إنشاؤها تلقائيًا مع المستخدم', NULL, '2025-07-11 17:56:14', '2026-02-07 09:49:47'),
(31, 'الخزنة النقدية', 0.00, 1, 0, 1, 27, 15, 9, 'تم إنشاؤها تلقائيًا مع المستخدم', NULL, '2025-07-11 17:58:43', '2026-02-07 09:49:47'),
(32, 'الخزنة النقدية', 0.00, 1, 0, 1, 28, 15, 9, 'تم إنشاؤها تلقائيًا مع المستخدم', NULL, '2025-07-11 18:00:06', '2026-02-07 09:49:47'),
(33, 'الخزنة النقدية', 0.00, 1, 0, 1, 29, 15, 9, 'تم إنشاؤها تلقائيًا مع المستخدم', NULL, '2025-07-11 18:01:24', '2026-02-07 09:49:47'),
(34, 'الخزنة النقدية', 0.00, 1, 0, 1, 30, 15, 9, 'تم إنشاؤها تلقائيًا مع المستخدم', NULL, '2025-07-11 18:03:45', '2026-02-07 09:49:47'),
(35, 'الخزنة النقدية', 0.00, 1, 0, 1, 31, 15, 9, 'تم إنشاؤها تلقائيًا مع المستخدم', NULL, '2025-07-11 18:24:52', '2026-02-07 09:49:47'),
(36, 'الخزنة النقدية', 0.00, 1, 0, 1, 32, 15, 9, 'تم إنشاؤها تلقائيًا مع المستخدم', NULL, '2025-07-11 18:27:53', '2026-02-07 09:49:47'),
(37, 'الخزنة النقدية', 0.00, 1, 0, 1, 33, 15, 9, 'تم إنشاؤها تلقائيًا مع المستخدم', NULL, '2025-07-11 18:29:38', '2026-02-07 09:49:47'),
(38, 'الخزنة النقدية', 0.00, 1, 0, 1, 6, 1, 9, 'تم إنشاؤها تلقائيًا مع ربط المستخدم بالشركة', NULL, '2025-07-11 18:30:54', '2026-02-07 09:49:47'),
(39, 'الخزنة النقدية', 0.00, 1, 0, 1, 34, 15, 9, 'تم إنشاؤها تلقائيًا مع المستخدم', NULL, '2025-07-11 18:30:59', '2026-02-07 09:49:47'),
(40, 'الخزنة النقدية', 0.00, 1, 0, 1, 35, 15, 9, 'تم إنشاؤها تلقائيًا مع المستخدم', NULL, '2025-07-11 18:35:30', '2026-02-07 09:49:47'),
(41, 'الخزنة النقدية', 0.00, 1, 0, 1, 36, 15, 9, 'تم إنشاؤها تلقائيًا مع المستخدم', NULL, '2025-07-11 18:36:51', '2026-02-07 09:49:47'),
(42, 'الخزنة النقدية', 0.00, 1, 0, 1, 37, 15, 9, 'تم إنشاؤها تلقائيًا مع المستخدم', NULL, '2025-07-11 18:37:54', '2026-02-07 09:49:47'),
(43, 'الخزنة النقدية', 0.00, 1, 0, 1, 38, 15, 9, 'تم إنشاؤها تلقائيًا مع المستخدم', NULL, '2025-07-11 18:39:41', '2026-02-07 09:49:47'),
(44, 'الخزنة النقدية', 0.00, 1, 0, 1, 39, 15, 9, 'تم إنشاؤها تلقائيًا مع المستخدم', NULL, '2025-07-11 18:41:55', '2026-02-07 09:49:47'),
(45, 'الخزنة النقدية', 0.00, 1, 0, 1, 40, 15, 9, 'تم إنشاؤها تلقائيًا مع المستخدم', NULL, '2025-07-11 18:44:00', '2026-02-07 09:49:47'),
(46, 'الخزنة النقدية', 0.00, 1, 0, 1, 41, 15, 9, 'تم إنشاؤها تلقائيًا مع المستخدم', NULL, '2025-07-11 18:50:44', '2026-02-07 09:49:47'),
(47, 'الخزنة النقدية', 0.00, 1, 0, 1, 42, 15, 9, 'تم إنشاؤها تلقائيًا مع المستخدم', NULL, '2025-07-11 18:54:49', '2026-02-07 09:49:47'),
(48, 'الخزنة النقدية', 0.00, 1, 0, 1, 43, 15, 9, 'تم إنشاؤها تلقائيًا مع المستخدم', NULL, '2025-07-11 18:56:01', '2026-02-07 09:49:47'),
(49, 'الخزنة النقدية', 0.00, 1, 0, 1, 44, 15, 9, 'تم إنشاؤها تلقائيًا مع المستخدم', NULL, '2025-07-11 18:58:14', '2026-02-07 09:49:47'),
(50, 'الخزنة النقدية', 0.00, 1, 0, 1, 45, 15, 9, 'تم إنشاؤها تلقائيًا مع المستخدم', NULL, '2025-07-11 19:00:25', '2026-02-07 09:49:47'),
(51, 'الخزنة النقدية', 0.00, 1, 0, 1, 46, 15, 9, 'تم إنشاؤها تلقائيًا مع المستخدم', NULL, '2025-07-11 19:05:32', '2026-02-07 09:49:47'),
(52, 'الخزنة النقدية', 0.00, 1, 0, 1, 47, 15, 9, 'تم إنشاؤها تلقائيًا مع المستخدم', NULL, '2025-07-11 19:07:18', '2026-02-07 09:49:47'),
(53, 'الخزنة النقدية', 0.00, 1, 0, 1, 48, 15, 9, 'تم إنشاؤها تلقائيًا مع المستخدم', NULL, '2025-07-11 19:08:33', '2026-02-07 09:49:47'),
(54, 'الخزنة النقدية', 0.00, 1, 0, 1, 49, 15, 9, 'تم إنشاؤها تلقائيًا مع المستخدم', NULL, '2025-07-11 19:10:38', '2026-02-07 09:49:47'),
(55, 'الخزنة النقدية', 0.00, 1, 0, 1, 50, 15, 9, 'تم إنشاؤها تلقائيًا مع المستخدم', NULL, '2025-07-11 19:14:53', '2026-02-07 09:49:47'),
(56, 'الخزنة النقدية', 0.00, 1, 0, 1, 51, 15, 9, 'تم إنشاؤها تلقائيًا مع المستخدم', NULL, '2025-07-11 19:17:00', '2026-02-07 09:49:47'),
(57, 'الخزنة النقدية', 0.00, 1, 0, 1, 52, 15, 9, 'تم إنشاؤها تلقائيًا مع المستخدم', NULL, '2025-07-11 19:20:35', '2026-02-07 09:49:47'),
(58, 'الخزنة النقدية', 0.00, 1, 0, 1, 53, 15, 9, 'تم إنشاؤها تلقائيًا مع المستخدم', NULL, '2025-07-11 19:23:33', '2026-02-07 09:49:47'),
(59, 'الخزنة النقدية', 0.00, 1, 0, 1, 54, 15, 9, 'تم إنشاؤها تلقائيًا مع المستخدم', NULL, '2025-07-11 19:25:20', '2026-02-07 09:49:47'),
(60, 'الخزنة النقدية', 0.00, 1, 0, 1, 55, 15, 9, 'تم إنشاؤها تلقائيًا مع المستخدم', NULL, '2025-07-11 19:27:19', '2026-02-07 09:49:47'),
(61, 'الخزنة النقدية', 0.00, 1, 0, 1, 56, 15, 9, 'تم إنشاؤها تلقائيًا مع المستخدم', NULL, '2025-07-11 19:30:06', '2026-02-07 09:49:47'),
(62, 'الخزنة النقدية', 0.00, 1, 0, 1, 57, 15, 9, 'تم إنشاؤها تلقائيًا مع المستخدم', NULL, '2025-07-11 19:30:54', '2026-02-07 09:49:47'),
(63, 'الخزنة النقدية', 0.00, 1, 0, 1, 58, 15, 9, 'تم إنشاؤها تلقائيًا مع المستخدم', NULL, '2025-07-11 19:33:45', '2026-02-07 09:49:47'),
(64, 'الخزنة النقدية', 0.00, 1, 0, 1, 59, 15, 9, 'تم إنشاؤها تلقائيًا مع المستخدم', NULL, '2025-07-11 19:36:23', '2026-02-07 09:49:47'),
(65, 'الخزنة النقدية', 0.00, 1, 0, 1, 60, 15, 9, 'تم إنشاؤها تلقائيًا مع المستخدم', NULL, '2025-07-11 19:38:20', '2026-02-07 09:49:47'),
(66, 'الخزنة النقدية', 0.00, 1, 0, 1, 61, 15, 9, 'تم إنشاؤها تلقائيًا مع المستخدم', NULL, '2025-07-11 19:41:00', '2026-02-07 09:49:47'),
(67, 'الخزنة النقدية', 0.00, 1, 0, 1, 62, 15, 9, 'تم إنشاؤها تلقائيًا مع المستخدم', NULL, '2025-07-11 19:43:33', '2026-02-07 09:49:47'),
(68, 'الخزنة النقدية', 0.00, 1, 0, 1, 63, 5, 10, 'تم إنشاؤها تلقائيًا مع المستخدم', NULL, '2025-07-11 20:43:39', '2026-02-07 09:49:47'),
(69, 'الخزنة النقدية', 0.00, 1, 0, 1, 64, 5, 10, 'تم إنشاؤها تلقائيًا مع المستخدم', NULL, '2025-07-12 11:13:52', '2026-02-07 09:49:47'),
(72, 'الخزنة النقدية', -16687.50, 1, 0, 1, 65, 6, 3, 'تم إنشاؤها تلقائيًا مع المستخدم', NULL, '2025-07-16 19:31:11', '2026-02-11 22:24:27'),
(73, 'الخزنة النقدية', 0.00, 1, 1, 1, 66, 6, 3, 'تم إنشاؤها تلقائيًا مع المستخدم', NULL, '2025-07-16 19:32:31', '2026-02-10 13:43:44'),
(74, 'الخزنة النقدية', 0.00, 1, 0, 1, 67, 5, 2, 'تم إنشاؤها تلقائيًا مع المستخدم', NULL, '2025-07-21 18:08:39', '2026-02-07 09:49:47'),
(75, 'الخزنة النقدية', -3511.67, 1, 0, 1, 68, 5, 2, 'تم إنشاؤها تلقائيًا مع المستخدم', NULL, '2025-07-21 18:10:40', '2026-02-07 09:49:47'),
(77, 'الخزنة النقدية', -2986.00, 1, 0, 1, 6, 1, 2, 'تم إنشاؤها تلقائيًا مع ربط المستخدم بالشركة', NULL, '2025-07-22 04:06:49', '2026-02-07 09:49:47'),
(78, 'الخزنة النقدية', 0.00, 1, 0, 1, 6, 1, 10, 'تم إنشاؤها تلقائيًا مع ربط المستخدم بالشركة', NULL, '2025-07-22 04:06:49', '2026-02-07 09:49:47'),
(79, 'الخزنة النقدية', 0.00, 1, 0, 1, 69, 5, 2, 'تم إنشاؤها تلقائيًا مع المستخدم', NULL, '2025-07-28 12:20:02', '2026-02-07 09:49:47'),
(80, 'الخزنة النقدية', 0.00, 1, 0, 1, 58, 6, 10, 'تم إنشاؤها تلقائيًا مع ربط المستخدم بالشركة', NULL, '2025-07-30 09:06:06', '2026-02-07 09:49:47'),
(81, 'الخزنة النقدية', 0.00, 1, 0, 1, 58, 6, 2, 'تم إنشاؤها تلقائيًا مع ربط المستخدم بالشركة', NULL, '2025-07-30 09:06:06', '2026-02-07 09:49:47'),
(83, 'الخزنة النقدية', 0.00, 1, 0, 1, 45, 15, 2, 'تم إنشاؤها تلقائيًا مع ربط المستخدم بالشركة', NULL, '2025-08-02 09:36:11', '2026-02-07 09:49:47'),
(84, 'الخزنة النقدية', -12663.00, 1, 0, 1, 70, 5, 2, 'تم إنشاؤها تلقائيًا مع المستخدم', NULL, '2025-08-16 21:49:16', '2026-02-07 09:49:47'),
(85, 'الخزنة النقدية', 41970.00, 1, 0, 1, 71, 5, 12, 'تم إنشاؤها تلقائيًا مع المستخدم', NULL, '2025-09-16 09:47:10', '2026-02-07 09:49:47'),
(86, 'الخزنة النقدية', 0.00, 1, 0, 1, 72, 5, 2, 'تم إنشاؤها تلقائيًا مع المستخدم', NULL, '2025-09-18 18:39:25', '2026-02-07 09:49:47'),
(87, 'الخزنة النقدية', -20955.58, 1, 0, 1, 73, 5, 2, 'تم إنشاؤها تلقائيًا مع المستخدم', NULL, '2025-10-08 15:53:01', '2026-02-07 09:49:47'),
(88, 'الخزنة النقدية', -1662.58, 1, 0, 1, 74, 5, 2, 'تم إنشاؤها تلقائيًا مع المستخدم', NULL, '2025-10-12 18:43:08', '2026-02-07 09:49:47'),
(106, 'الخزنة النقدية', 0.00, 1, 0, 1, 85, 6, 13, 'تم إنشاؤها تلقائيًا مع المستخدم', NULL, '2025-11-02 20:13:07', '2026-02-07 09:49:47'),
(108, 'الخزنة النقدية', -5950.50, 1, 0, 1, 35, 15, 2, 'تم إنشاؤها تلقائيًا مع ربط المستخدم بالشركة', NULL, '2025-12-03 21:04:11', '2026-02-07 10:58:54'),
(109, 'الخزنة النقدية', -7722.83, 1, 0, 1, 86, 5, 2, 'تم إنشاؤها تلقائيًا مع المستخدم', NULL, '2025-12-03 21:08:01', '2026-02-12 08:38:40'),
(110, 'الخزنة النقدية', -3676.00, 1, 0, 1, 87, 5, 2, 'تم إنشاؤها تلقائيًا مع المستخدم', NULL, '2025-12-04 19:01:51', '2026-02-07 09:49:47'),
(111, 'الخزنة النقدية', 0.00, 1, 0, 1, 1, 1, 3, 'تصحيح بيانات: تم إنشاؤها تلقائيًا للشركة: **تيست شركة**', NULL, '2025-12-05 11:24:10', '2026-02-07 09:49:47'),
(112, 'الخزنة النقدية', 0.00, 1, 0, 1, 1, 1, 9, 'تصحيح بيانات: تم إنشاؤها تلقائيًا للشركة: **هونكس**', NULL, '2025-12-05 11:24:10', '2026-02-07 09:49:47'),
(113, 'الخزنة النقدية', 0.00, 1, 0, 1, 5, 1, 10, 'تصحيح بيانات: تم إنشاؤها تلقائيًا للشركة: **مكتبه ابوندي**', NULL, '2025-12-05 11:24:10', '2026-02-07 09:49:47'),
(114, 'الخزنة النقدية', 0.00, 1, 0, 1, 45, 1, 10, 'تصحيح بيانات: تم إنشاؤها تلقائيًا للشركة: **مكتبه ابوندي**', NULL, '2025-12-05 11:24:10', '2026-02-07 09:49:47'),
(115, 'الخزنة النقدية', 0.00, 1, 0, 1, 5, 1, 12, 'تصحيح بيانات: تم إنشاؤها تلقائيًا للشركة: **تناتيش الكوثر**', NULL, '2025-12-05 11:24:10', '2026-02-07 09:49:47'),
(116, 'الخزنة النقدية', 0.00, 1, 0, 1, 6, 6, 13, 'تصحيح بيانات: تم إنشاؤها تلقائيًا للشركة: **تيست**', NULL, '2025-12-05 11:24:10', '2026-02-07 09:49:47'),
(953, 'الخزنة النقدية', 0.00, 1, 1, 1, 1, 1, 2, 'تم إنشاؤها تلقائيًا مع ارتباط المستخدم بشركة: اقساط', NULL, '2026-02-05 05:35:46', '2026-02-05 05:35:46'),
(956, 'الخزنة النقدية', 0.00, 1, 1, 1, 1, 1, 10, 'تم إنشاؤها تلقائيًا مع ارتباط المستخدم بشركة: مكتبه ابوندي', NULL, '2026-02-05 11:04:10', '2026-02-05 11:04:10'),
(957, 'الخزنة النقدية', 0.00, 1, 0, 1, 92, 1, 2, 'تم إنشاؤها تلقائيًا مع ارتباط المستخدم بشركة: اقساط', NULL, '2026-02-05 11:13:03', '2026-02-07 09:49:47'),
(1256, 'الخزنة النقدية', 0.00, 9, 1, 1, 1, 1, 1, 'تم إنشاؤها تلقائيًا مع ارتباط المستخدم بشركة: الشركة الافتراضية', NULL, '2026-02-07 09:49:47', '2026-02-07 09:49:47'),
(1257, 'الخزنة النقدية', 830.00, 17, 1, 1, 5, 1, 2, 'تم إنشاؤها تلقائيًا مع ارتباط المستخدم بشركة: اقساط', NULL, '2026-02-07 09:49:47', '2026-02-12 08:38:39'),
(1258, 'الخزنة النقدية', -3310.00, 17, 1, 1, 7, 5, 2, 'تم إنشاؤها تلقائيًا مع ارتباط المستخدم بشركة: اقساط', NULL, '2026-02-07 09:49:47', '2026-02-07 09:49:47'),
(1259, 'الخزنة النقدية', -507.50, 17, 1, 1, 10, 5, 2, 'تم إنشاؤها تلقائيًا مع ارتباط المستخدم بشركة: اقساط', NULL, '2026-02-07 09:49:47', '2026-02-07 11:00:00'),
(1260, 'الخزنة النقدية', 0.00, 17, 1, 1, 11, 5, 2, 'تم إنشاؤها تلقائيًا مع ارتباط المستخدم بشركة: اقساط', NULL, '2026-02-07 09:49:47', '2026-02-07 09:49:47'),
(1261, 'الخزنة النقدية', 0.00, 17, 1, 1, 12, 5, 2, 'تم إنشاؤها تلقائيًا مع ارتباط المستخدم بشركة: اقساط', NULL, '2026-02-07 09:49:47', '2026-02-07 09:49:47'),
(1262, 'الخزنة النقدية', -11456.00, 17, 1, 1, 13, 5, 2, 'تم إنشاؤها تلقائيًا مع ارتباط المستخدم بشركة: اقساط', NULL, '2026-02-07 09:49:47', '2026-02-12 08:36:10'),
(1263, 'الخزنة النقدية', 0.00, 17, 1, 1, 67, 5, 2, 'تم إنشاؤها تلقائيًا مع ارتباط المستخدم بشركة: اقساط', NULL, '2026-02-07 09:49:47', '2026-02-07 09:49:47'),
(1264, 'الخزنة النقدية', -3511.67, 17, 1, 1, 68, 5, 2, 'تم إنشاؤها تلقائيًا مع ارتباط المستخدم بشركة: اقساط', NULL, '2026-02-07 09:49:47', '2026-02-07 09:49:47'),
(1265, 'الخزنة النقدية', -2986.00, 17, 1, 1, 6, 1, 2, 'تم إنشاؤها تلقائيًا مع ارتباط المستخدم بشركة: اقساط', NULL, '2026-02-07 09:49:47', '2026-02-07 09:49:47'),
(1266, 'الخزنة النقدية', 0.00, 17, 1, 1, 69, 5, 2, 'تم إنشاؤها تلقائيًا مع ارتباط المستخدم بشركة: اقساط', NULL, '2026-02-07 09:49:47', '2026-02-07 09:49:47'),
(1267, 'الخزنة النقدية', 0.00, 17, 1, 1, 58, 1, 2, 'تم إنشاؤها تلقائيًا مع ارتباط المستخدم بشركة: اقساط', NULL, '2026-02-07 09:49:47', '2026-02-07 09:49:47'),
(1268, 'الخزنة النقدية', 0.00, 17, 1, 1, 45, 1, 2, 'تم إنشاؤها تلقائيًا مع ارتباط المستخدم بشركة: اقساط', NULL, '2026-02-07 09:49:47', '2026-02-07 09:49:47'),
(1269, 'الخزنة النقدية', -12663.00, 17, 1, 1, 70, 5, 2, 'تم إنشاؤها تلقائيًا مع ارتباط المستخدم بشركة: اقساط', NULL, '2026-02-07 09:49:47', '2026-02-07 09:49:47'),
(1270, 'الخزنة النقدية', 0.00, 17, 1, 1, 72, 5, 2, 'تم إنشاؤها تلقائيًا مع ارتباط المستخدم بشركة: اقساط', NULL, '2026-02-07 09:49:47', '2026-02-07 09:49:47'),
(1271, 'الخزنة النقدية', -20955.58, 17, 1, 1, 73, 5, 2, 'تم إنشاؤها تلقائيًا مع ارتباط المستخدم بشركة: اقساط', NULL, '2026-02-07 09:49:47', '2026-02-07 09:49:47'),
(1272, 'الخزنة النقدية', -1662.58, 17, 1, 1, 74, 5, 2, 'تم إنشاؤها تلقائيًا مع ارتباط المستخدم بشركة: اقساط', NULL, '2026-02-07 09:49:47', '2026-02-07 09:49:47'),
(1273, 'الخزنة النقدية', -5640.50, 17, 1, 1, 35, 5, 2, 'تم إنشاؤها تلقائيًا مع ارتباط المستخدم بشركة: اقساط', NULL, '2026-02-07 09:49:47', '2026-02-07 10:58:54'),
(1274, 'الخزنة النقدية', -7262.83, 17, 1, 1, 86, 5, 2, 'تم إنشاؤها تلقائيًا مع ارتباط المستخدم بشركة: اقساط', NULL, '2026-02-07 09:49:47', '2026-02-12 08:38:40'),
(1275, 'الخزنة النقدية', -3676.00, 17, 1, 1, 87, 5, 2, 'تم إنشاؤها تلقائيًا مع ارتباط المستخدم بشركة: اقساط', NULL, '2026-02-07 09:49:47', '2026-02-07 09:49:47'),
(1276, 'الخزنة النقدية', 0.00, 17, 1, 1, 88, 5, 2, 'تم إنشاؤها تلقائيًا مع ارتباط المستخدم بشركة: اقساط', NULL, '2026-02-07 09:49:47', '2026-02-07 09:49:47'),
(1277, 'الخزنة النقدية', 0.00, 17, 1, 1, 89, 5, 2, 'تم إنشاؤها تلقائيًا مع ارتباط المستخدم بشركة: اقساط', NULL, '2026-02-07 09:49:47', '2026-02-07 09:49:47'),
(1278, 'الخزنة النقدية', 0.00, 17, 1, 1, 90, 5, 2, 'تم إنشاؤها تلقائيًا مع ارتباط المستخدم بشركة: اقساط', NULL, '2026-02-07 09:49:47', '2026-02-07 09:49:47'),
(1279, 'الخزنة النقدية', 0.00, 17, 1, 1, 92, 5, 2, 'تم إنشاؤها تلقائيًا مع ارتباط المستخدم بشركة: اقساط', NULL, '2026-02-07 09:49:47', '2026-02-07 09:49:47'),
(1280, 'الخزنة النقدية', 0.00, 25, 1, 1, 1, 1, 3, 'تم إنشاؤها تلقائيًا مع ارتباط المستخدم بشركة: تيست شركة', NULL, '2026-02-07 09:49:47', '2026-02-07 09:49:47'),
(1281, 'الخزنة النقدية', 0.00, 25, 1, 1, 6, 1, 3, 'تم إنشاؤها تلقائيًا مع ارتباط المستخدم بشركة: تيست شركة', NULL, '2026-02-07 09:49:47', '2026-02-07 09:49:47'),
(1282, 'الخزنة النقدية', 0.00, 33, 1, 1, 1, 1, 9, 'تم إنشاؤها تلقائيًا مع ارتباط المستخدم بشركة: هونكس', NULL, '2026-02-07 09:49:47', '2026-02-07 09:49:47'),
(1283, 'الخزنة النقدية', 0.00, 33, 1, 1, 15, 1, 9, 'تم إنشاؤها تلقائيًا مع ارتباط المستخدم بشركة: هونكس', NULL, '2026-02-07 09:49:47', '2026-02-07 09:49:47'),
(1284, 'الخزنة النقدية', 0.00, 33, 1, 1, 16, 15, 9, 'تم إنشاؤها تلقائيًا مع ارتباط المستخدم بشركة: هونكس', NULL, '2026-02-07 09:49:47', '2026-02-07 09:49:47'),
(1285, 'الخزنة النقدية', 0.00, 33, 1, 1, 17, 15, 9, 'تم إنشاؤها تلقائيًا مع ارتباط المستخدم بشركة: هونكس', NULL, '2026-02-07 09:49:47', '2026-02-07 09:49:47'),
(1286, 'الخزنة النقدية', 0.00, 33, 1, 1, 18, 15, 9, 'تم إنشاؤها تلقائيًا مع ارتباط المستخدم بشركة: هونكس', NULL, '2026-02-07 09:49:47', '2026-02-07 09:49:47'),
(1287, 'الخزنة النقدية', 0.00, 33, 1, 1, 19, 15, 9, 'تم إنشاؤها تلقائيًا مع ارتباط المستخدم بشركة: هونكس', NULL, '2026-02-07 09:49:47', '2026-02-07 09:49:47'),
(1288, 'الخزنة النقدية', 0.00, 33, 1, 1, 20, 15, 9, 'تم إنشاؤها تلقائيًا مع ارتباط المستخدم بشركة: هونكس', NULL, '2026-02-07 09:49:47', '2026-02-07 09:49:47'),
(1289, 'الخزنة النقدية', 0.00, 33, 1, 1, 21, 15, 9, 'تم إنشاؤها تلقائيًا مع ارتباط المستخدم بشركة: هونكس', NULL, '2026-02-07 09:49:47', '2026-02-07 09:49:47'),
(1290, 'الخزنة النقدية', 0.00, 33, 1, 1, 22, 15, 9, 'تم إنشاؤها تلقائيًا مع ارتباط المستخدم بشركة: هونكس', NULL, '2026-02-07 09:49:47', '2026-02-07 09:49:47'),
(1291, 'الخزنة النقدية', 0.00, 33, 1, 1, 23, 15, 9, 'تم إنشاؤها تلقائيًا مع ارتباط المستخدم بشركة: هونكس', NULL, '2026-02-07 09:49:47', '2026-02-07 09:49:47'),
(1292, 'الخزنة النقدية', 0.00, 33, 1, 1, 24, 15, 9, 'تم إنشاؤها تلقائيًا مع ارتباط المستخدم بشركة: هونكس', NULL, '2026-02-07 09:49:47', '2026-02-07 09:49:47'),
(1293, 'الخزنة النقدية', 0.00, 33, 1, 1, 25, 15, 9, 'تم إنشاؤها تلقائيًا مع ارتباط المستخدم بشركة: هونكس', NULL, '2026-02-07 09:49:47', '2026-02-07 09:49:47'),
(1294, 'الخزنة النقدية', 0.00, 33, 1, 1, 26, 15, 9, 'تم إنشاؤها تلقائيًا مع ارتباط المستخدم بشركة: هونكس', NULL, '2026-02-07 09:49:47', '2026-02-07 09:49:47'),
(1295, 'الخزنة النقدية', 0.00, 33, 1, 1, 27, 15, 9, 'تم إنشاؤها تلقائيًا مع ارتباط المستخدم بشركة: هونكس', NULL, '2026-02-07 09:49:47', '2026-02-07 09:49:47'),
(1296, 'الخزنة النقدية', 0.00, 33, 1, 1, 28, 15, 9, 'تم إنشاؤها تلقائيًا مع ارتباط المستخدم بشركة: هونكس', NULL, '2026-02-07 09:49:47', '2026-02-07 09:49:47'),
(1297, 'الخزنة النقدية', 0.00, 33, 1, 1, 29, 15, 9, 'تم إنشاؤها تلقائيًا مع ارتباط المستخدم بشركة: هونكس', NULL, '2026-02-07 09:49:47', '2026-02-07 09:49:47'),
(1298, 'الخزنة النقدية', 0.00, 33, 1, 1, 30, 15, 9, 'تم إنشاؤها تلقائيًا مع ارتباط المستخدم بشركة: هونكس', NULL, '2026-02-07 09:49:47', '2026-02-07 09:49:47'),
(1299, 'الخزنة النقدية', 0.00, 33, 1, 1, 31, 15, 9, 'تم إنشاؤها تلقائيًا مع ارتباط المستخدم بشركة: هونكس', NULL, '2026-02-07 09:49:47', '2026-02-07 09:49:47'),
(1300, 'الخزنة النقدية', 0.00, 33, 1, 1, 32, 15, 9, 'تم إنشاؤها تلقائيًا مع ارتباط المستخدم بشركة: هونكس', NULL, '2026-02-07 09:49:47', '2026-02-07 09:49:47'),
(1301, 'الخزنة النقدية', 0.00, 33, 1, 1, 33, 15, 9, 'تم إنشاؤها تلقائيًا مع ارتباط المستخدم بشركة: هونكس', NULL, '2026-02-07 09:49:47', '2026-02-07 09:49:47'),
(1302, 'الخزنة النقدية', 0.00, 33, 1, 1, 34, 15, 9, 'تم إنشاؤها تلقائيًا مع ارتباط المستخدم بشركة: هونكس', NULL, '2026-02-07 09:49:47', '2026-02-07 09:49:47'),
(1303, 'الخزنة النقدية', 0.00, 33, 1, 1, 35, 15, 9, 'تم إنشاؤها تلقائيًا مع ارتباط المستخدم بشركة: هونكس', NULL, '2026-02-07 09:49:47', '2026-02-07 09:49:47'),
(1304, 'الخزنة النقدية', 0.00, 33, 1, 1, 36, 15, 9, 'تم إنشاؤها تلقائيًا مع ارتباط المستخدم بشركة: هونكس', NULL, '2026-02-07 09:49:47', '2026-02-07 09:49:47'),
(1305, 'الخزنة النقدية', 0.00, 33, 1, 1, 37, 15, 9, 'تم إنشاؤها تلقائيًا مع ارتباط المستخدم بشركة: هونكس', NULL, '2026-02-07 09:49:47', '2026-02-07 09:49:47'),
(1306, 'الخزنة النقدية', 0.00, 33, 1, 1, 38, 15, 9, 'تم إنشاؤها تلقائيًا مع ارتباط المستخدم بشركة: هونكس', NULL, '2026-02-07 09:49:47', '2026-02-07 09:49:47'),
(1307, 'الخزنة النقدية', 0.00, 33, 1, 1, 39, 15, 9, 'تم إنشاؤها تلقائيًا مع ارتباط المستخدم بشركة: هونكس', NULL, '2026-02-07 09:49:47', '2026-02-07 09:49:47'),
(1308, 'الخزنة النقدية', 0.00, 33, 1, 1, 40, 15, 9, 'تم إنشاؤها تلقائيًا مع ارتباط المستخدم بشركة: هونكس', NULL, '2026-02-07 09:49:47', '2026-02-07 09:49:47'),
(1309, 'الخزنة النقدية', 0.00, 33, 1, 1, 41, 15, 9, 'تم إنشاؤها تلقائيًا مع ارتباط المستخدم بشركة: هونكس', NULL, '2026-02-07 09:49:47', '2026-02-07 09:49:47'),
(1310, 'الخزنة النقدية', 0.00, 33, 1, 1, 42, 15, 9, 'تم إنشاؤها تلقائيًا مع ارتباط المستخدم بشركة: هونكس', NULL, '2026-02-07 09:49:47', '2026-02-07 09:49:47'),
(1311, 'الخزنة النقدية', 0.00, 33, 1, 1, 43, 15, 9, 'تم إنشاؤها تلقائيًا مع ارتباط المستخدم بشركة: هونكس', NULL, '2026-02-07 09:49:47', '2026-02-07 09:49:47'),
(1312, 'الخزنة النقدية', 0.00, 33, 1, 1, 44, 15, 9, 'تم إنشاؤها تلقائيًا مع ارتباط المستخدم بشركة: هونكس', NULL, '2026-02-07 09:49:47', '2026-02-07 09:49:47'),
(1313, 'الخزنة النقدية', 0.00, 33, 1, 1, 46, 15, 9, 'تم إنشاؤها تلقائيًا مع ارتباط المستخدم بشركة: هونكس', NULL, '2026-02-07 09:49:47', '2026-02-07 09:49:47'),
(1314, 'الخزنة النقدية', 0.00, 33, 1, 1, 47, 15, 9, 'تم إنشاؤها تلقائيًا مع ارتباط المستخدم بشركة: هونكس', NULL, '2026-02-07 09:49:47', '2026-02-07 09:49:47'),
(1315, 'الخزنة النقدية', 0.00, 33, 1, 1, 48, 15, 9, 'تم إنشاؤها تلقائيًا مع ارتباط المستخدم بشركة: هونكس', NULL, '2026-02-07 09:49:47', '2026-02-07 09:49:47'),
(1316, 'الخزنة النقدية', 0.00, 33, 1, 1, 49, 15, 9, 'تم إنشاؤها تلقائيًا مع ارتباط المستخدم بشركة: هونكس', NULL, '2026-02-07 09:49:47', '2026-02-07 09:49:47'),
(1317, 'الخزنة النقدية', 0.00, 33, 1, 1, 50, 15, 9, 'تم إنشاؤها تلقائيًا مع ارتباط المستخدم بشركة: هونكس', NULL, '2026-02-07 09:49:47', '2026-02-07 09:49:47'),
(1318, 'الخزنة النقدية', 0.00, 33, 1, 1, 51, 15, 9, 'تم إنشاؤها تلقائيًا مع ارتباط المستخدم بشركة: هونكس', NULL, '2026-02-07 09:49:47', '2026-02-07 09:49:47'),
(1319, 'الخزنة النقدية', 0.00, 33, 1, 1, 52, 15, 9, 'تم إنشاؤها تلقائيًا مع ارتباط المستخدم بشركة: هونكس', NULL, '2026-02-07 09:49:47', '2026-02-07 09:49:47'),
(1320, 'الخزنة النقدية', 0.00, 33, 1, 1, 53, 15, 9, 'تم إنشاؤها تلقائيًا مع ارتباط المستخدم بشركة: هونكس', NULL, '2026-02-07 09:49:47', '2026-02-07 09:49:47'),
(1321, 'الخزنة النقدية', 0.00, 33, 1, 1, 54, 15, 9, 'تم إنشاؤها تلقائيًا مع ارتباط المستخدم بشركة: هونكس', NULL, '2026-02-07 09:49:47', '2026-02-07 09:49:47'),
(1322, 'الخزنة النقدية', 0.00, 33, 1, 1, 55, 15, 9, 'تم إنشاؤها تلقائيًا مع ارتباط المستخدم بشركة: هونكس', NULL, '2026-02-07 09:49:47', '2026-02-07 09:49:47'),
(1323, 'الخزنة النقدية', 0.00, 33, 1, 1, 56, 15, 9, 'تم إنشاؤها تلقائيًا مع ارتباط المستخدم بشركة: هونكس', NULL, '2026-02-07 09:49:47', '2026-02-07 09:49:47'),
(1324, 'الخزنة النقدية', 0.00, 33, 1, 1, 57, 15, 9, 'تم إنشاؤها تلقائيًا مع ارتباط المستخدم بشركة: هونكس', NULL, '2026-02-07 09:49:47', '2026-02-07 09:49:47'),
(1325, 'الخزنة النقدية', 0.00, 33, 1, 1, 59, 15, 9, 'تم إنشاؤها تلقائيًا مع ارتباط المستخدم بشركة: هونكس', NULL, '2026-02-07 09:49:47', '2026-02-07 09:49:47'),
(1326, 'الخزنة النقدية', 0.00, 33, 1, 1, 60, 15, 9, 'تم إنشاؤها تلقائيًا مع ارتباط المستخدم بشركة: هونكس', NULL, '2026-02-07 09:49:47', '2026-02-07 09:49:47'),
(1327, 'الخزنة النقدية', 0.00, 33, 1, 1, 61, 15, 9, 'تم إنشاؤها تلقائيًا مع ارتباط المستخدم بشركة: هونكس', NULL, '2026-02-07 09:49:47', '2026-02-07 09:49:47'),
(1328, 'الخزنة النقدية', 0.00, 33, 1, 1, 62, 15, 9, 'تم إنشاؤها تلقائيًا مع ارتباط المستخدم بشركة: هونكس', NULL, '2026-02-07 09:49:47', '2026-02-07 09:49:47'),
(1329, 'الخزنة النقدية', 0.00, 33, 1, 1, 6, 1, 9, 'تم إنشاؤها تلقائيًا مع ارتباط المستخدم بشركة: هونكس', NULL, '2026-02-07 09:49:47', '2026-02-07 09:49:47'),
(1330, 'الخزنة النقدية', 0.00, 33, 1, 1, 58, 1, 9, 'تم إنشاؤها تلقائيًا مع ارتباط المستخدم بشركة: هونكس', NULL, '2026-02-07 09:49:47', '2026-02-07 09:49:47'),
(1331, 'الخزنة النقدية', 0.00, 33, 1, 1, 45, 1, 9, 'تم إنشاؤها تلقائيًا مع ارتباط المستخدم بشركة: هونكس', NULL, '2026-02-07 09:49:47', '2026-02-07 09:49:47'),
(1332, 'الخزنة النقدية', 0.00, 41, 1, 1, 5, 1, 10, 'تم إنشاؤها تلقائيًا مع ارتباط المستخدم بشركة: مكتبه ابوندي', NULL, '2026-02-07 09:49:47', '2026-02-07 09:49:47'),
(1333, 'الخزنة النقدية', 0.00, 41, 1, 1, 6, 1, 10, 'تم إنشاؤها تلقائيًا مع ارتباط المستخدم بشركة: مكتبه ابوندي', NULL, '2026-02-07 09:49:47', '2026-02-07 09:49:47'),
(1334, 'الخزنة النقدية', 0.00, 41, 1, 1, 45, 1, 10, 'تم إنشاؤها تلقائيًا مع ارتباط المستخدم بشركة: مكتبه ابوندي', NULL, '2026-02-07 09:49:47', '2026-02-07 09:49:47'),
(1335, 'الخزنة النقدية', 0.00, 41, 1, 1, 58, 1, 10, 'تم إنشاؤها تلقائيًا مع ارتباط المستخدم بشركة: مكتبه ابوندي', NULL, '2026-02-07 09:49:47', '2026-02-07 09:49:47'),
(1336, 'الخزنة النقدية', 0.00, 41, 1, 1, 63, 5, 10, 'تم إنشاؤها تلقائيًا مع ارتباط المستخدم بشركة: مكتبه ابوندي', NULL, '2026-02-07 09:49:47', '2026-02-07 09:49:47'),
(1337, 'الخزنة النقدية', 0.00, 41, 1, 1, 64, 5, 10, 'تم إنشاؤها تلقائيًا مع ارتباط المستخدم بشركة: مكتبه ابوندي', NULL, '2026-02-07 09:49:47', '2026-02-07 09:49:47'),
(1338, 'الخزنة النقدية', 0.00, 41, 1, 1, 91, 5, 10, 'تم إنشاؤها تلقائيًا مع ارتباط المستخدم بشركة: مكتبه ابوندي', NULL, '2026-02-07 09:49:47', '2026-02-07 09:49:47'),
(1339, 'الخزنة النقدية', 0.00, 49, 1, 1, 5, 1, 12, 'تم إنشاؤها تلقائيًا مع ارتباط المستخدم بشركة: تناتيش الكوثر', NULL, '2026-02-07 09:49:47', '2026-02-07 09:49:47'),
(1340, 'الخزنة النقدية', 0.00, 49, 1, 1, 71, 5, 12, 'تم إنشاؤها تلقائيًا مع ارتباط المستخدم بشركة: تناتيش الكوثر', NULL, '2026-02-07 09:49:47', '2026-02-07 09:49:47'),
(1341, 'الخزنة النقدية', 0.00, 57, 1, 1, 6, 6, 13, 'تم إنشاؤها تلقائيًا مع ارتباط المستخدم بشركة: تيست', NULL, '2026-02-07 09:49:47', '2026-02-07 09:49:47'),
(1342, 'الخزنة النقدية', 0.00, 57, 1, 1, 85, 6, 13, 'تم إنشاؤها تلقائيًا مع ارتباط المستخدم بشركة: تيست', NULL, '2026-02-07 09:49:47', '2026-02-07 09:49:47'),
(1404, 'الخزنة النقدية', -16687.50, 25, 0, 1, 65, 1, 3, 'تم إنشاؤها تلقائيًا مع ارتباط المستخدم بشركة: تيست شركة', NULL, '2026-02-09 11:14:54', '2026-02-11 22:24:27'),
(1541, 'الخزنة النقدية', 0.00, 41, 1, 1, 93, 1, 10, 'تم إنشاؤها تلقائيًا مع ارتباط المستخدم بشركة: مكتبه ابوندي', NULL, '2026-02-10 09:18:59', '2026-02-10 09:18:59'),
(1542, 'الخزنة النقدية', 0.00, 57, 1, 1, 93, 1, 13, 'تم إنشاؤها تلقائيًا مع ارتباط المستخدم بشركة: تيست', NULL, '2026-02-10 09:18:59', '2026-02-10 09:18:59'),
(1548, 'الخزنة النقدية', 0.00, 17, 1, 1, 1, 1, 2, 'تم إنشاؤها تلقائيًا مع ارتباط المستخدم بشركة: اقساط', NULL, '2026-02-10 10:23:25', '2026-02-10 10:23:25'),
(1581, 'الخزنة النقدية', -16687.50, 25, 1, 1, 65, 1, 3, 'تم إنشاؤها تلقائيًا مع ارتباط المستخدم بشركة: تيست شركة', NULL, '2026-02-10 14:03:16', '2026-02-11 22:24:27'),
(1666, 'الخزنة النقدية', 0.00, 25, 1, 1, 66, 1, 3, 'تم إنشاؤها تلقائيًا مع ارتباط المستخدم بشركة: تيست شركة', NULL, '2026-02-11 05:33:59', '2026-02-11 05:33:59'),
(2924, 'الخزنة النقدية', 0.00, 17, 1, 1, 65, 1, 2, 'تم إنشاؤها تلقائيًا مع ارتباط المستخدم بشركة: اقساط', NULL, '2026-02-12 00:07:01', '2026-02-12 00:07:01'),
(2925, 'الخزنة النقدية', 0.00, 17, 1, 1, 66, 1, 2, 'تم إنشاؤها تلقائيًا مع ارتباط المستخدم بشركة: اقساط', NULL, '2026-02-12 13:27:05', '2026-02-12 13:27:05'),
(2926, 'الخزنة النقدية', 0.00, 17, 1, 1, 93, 1, 2, 'تم إنشاؤها تلقائيًا مع ارتباط المستخدم بشركة: اقساط', NULL, '2026-02-12 16:50:07', '2026-02-12 16:50:07');

-- --------------------------------------------------------

--
-- بنية الجدول `cash_box_types`
--

CREATE TABLE `cash_box_types` (
  `id` bigint(20) UNSIGNED NOT NULL,
  `name` varchar(255) NOT NULL,
  `description` text DEFAULT NULL,
  `is_system` tinyint(1) NOT NULL DEFAULT 0,
  `is_active` tinyint(1) NOT NULL DEFAULT 1,
  `company_id` bigint(20) UNSIGNED DEFAULT NULL,
  `created_by` bigint(20) UNSIGNED DEFAULT NULL,
  `created_at` timestamp NULL DEFAULT NULL,
  `updated_at` timestamp NULL DEFAULT NULL
) ENGINE=InnoDB DEFAULT CHARSET=utf8mb4 COLLATE=utf8mb4_unicode_ci;

--
-- إرجاع أو استيراد بيانات الجدول `cash_box_types`
--

INSERT INTO `cash_box_types` (`id`, `name`, `description`, `is_system`, `is_active`, `company_id`, `created_by`, `created_at`, `updated_at`) VALUES
(1, 'نقدي', 'صندوق نقدي - للاحتفاظ بالنقود السائلة', 1, 1, NULL, NULL, '2025-07-09 06:15:49', '2026-02-07 09:58:18'),
(2, 'بطاقة ائتمان', 'حساب مخصص لمدفوعات البطاقات الائتمانية', 0, 1, NULL, NULL, '2025-07-09 06:15:49', '2026-02-07 09:58:18'),
(3, 'تحويل بنكي', 'خزنة مخصصة للتحويلات البنكية', 0, 1, NULL, NULL, '2025-07-09 06:15:49', '2025-07-09 06:15:49'),
(4, 'باي بال', 'حساب باي بال للمدفوعات الدولية', 0, 1, NULL, NULL, '2025-07-09 06:15:49', '2026-02-07 09:58:18'),
(5, 'فودافون كاش', 'محفظة فودافون كاش الإلكترونية', 0, 1, NULL, NULL, '2025-07-09 06:15:49', '2026-02-07 09:58:18'),
(6, 'اتصالات كاش', 'محفظة اتصالات كاش الإلكترونية', 0, 1, NULL, NULL, '2025-07-09 06:15:49', '2026-02-07 09:58:18'),
(7, 'اورنج كاش', 'خزنة مخصصة لاورنج كاش', 0, 1, NULL, NULL, '2025-07-09 06:15:49', '2025-07-09 06:15:49'),
(8, 'فوري', 'حساب فوري للدفع الإلكتروني', 0, 1, NULL, NULL, '2025-07-09 06:15:49', '2026-02-07 09:58:18'),
(9, 'نقدي', 'خزنة مخصصة للدفع النقدي', 0, 1, 1, NULL, '2026-02-07 09:49:47', '2026-02-07 09:49:47'),
(10, 'بطاقة ائتمان', 'خزنة مخصصة لبطاقات الائتمان', 0, 1, 1, NULL, '2026-02-07 09:49:47', '2026-02-07 09:49:47'),
(11, 'تحويل بنكي', 'خزنة مخصصة للتحويلات البنكية', 0, 1, 1, NULL, '2026-02-07 09:49:47', '2026-02-07 09:49:47'),
(12, 'باي بال', 'خزنة مخصصة لباي بال', 0, 1, 1, NULL, '2026-02-07 09:49:47', '2026-02-07 09:49:47'),
(13, 'فودافون كاش', 'خزنة مخصصة لفودافون كاش', 0, 1, 1, NULL, '2026-02-07 09:49:47', '2026-02-07 09:49:47'),
(14, 'اتصالات كاش', 'خزنة مخصصة لاتصالات كاش', 0, 1, 1, NULL, '2026-02-07 09:49:47', '2026-02-07 09:49:47'),
(15, 'اورنج كاش', 'خزنة مخصصة لاورنج كاش', 0, 1, 1, NULL, '2026-02-07 09:49:47', '2026-02-07 09:49:47'),
(16, 'فوري', 'خزنة مخصصة لفوري', 0, 1, 1, NULL, '2026-02-07 09:49:47', '2026-02-07 09:49:47'),
(17, 'نقدي', 'خزنة مخصصة للدفع النقدي', 0, 1, 2, NULL, '2026-02-07 09:49:47', '2026-02-07 09:49:47'),
(18, 'بطاقة ائتمان', 'خزنة مخصصة لبطاقات الائتمان', 0, 1, 2, NULL, '2026-02-07 09:49:47', '2026-02-07 09:49:47'),
(19, 'تحويل بنكي', 'خزنة مخصصة للتحويلات البنكية', 0, 1, 2, NULL, '2026-02-07 09:49:47', '2026-02-07 09:49:47'),
(20, 'باي بال', 'خزنة مخصصة لباي بال', 0, 1, 2, NULL, '2026-02-07 09:49:47', '2026-02-07 09:49:47'),
(21, 'فودافون كاش', 'خزنة مخصصة لفودافون كاش', 0, 1, 2, NULL, '2026-02-07 09:49:47', '2026-02-07 09:49:47'),
(22, 'اتصالات كاش', 'خزنة مخصصة لاتصالات كاش', 0, 1, 2, NULL, '2026-02-07 09:49:47', '2026-02-07 09:49:47'),
(23, 'اورنج كاش', 'خزنة مخصصة لاورنج كاش', 0, 1, 2, NULL, '2026-02-07 09:49:47', '2026-02-07 09:49:47'),
(24, 'فوري', 'خزنة مخصصة لفوري', 0, 1, 2, NULL, '2026-02-07 09:49:47', '2026-02-07 09:49:47'),
(25, 'نقدي', 'خزنة مخصصة للدفع النقدي', 0, 1, 3, NULL, '2026-02-07 09:49:47', '2026-02-07 09:49:47'),
(26, 'بطاقة ائتمان', 'خزنة مخصصة لبطاقات الائتمان', 0, 1, 3, NULL, '2026-02-07 09:49:47', '2026-02-07 09:49:47'),
(27, 'تحويل بنكي', 'خزنة مخصصة للتحويلات البنكية', 0, 1, 3, NULL, '2026-02-07 09:49:47', '2026-02-07 09:49:47'),
(28, 'باي بال', 'خزنة مخصصة لباي بال', 0, 1, 3, NULL, '2026-02-07 09:49:47', '2026-02-07 09:49:47'),
(29, 'فودافون كاش', 'خزنة مخصصة لفودافون كاش', 0, 1, 3, NULL, '2026-02-07 09:49:47', '2026-02-07 09:49:47'),
(30, 'اتصالات كاش', 'خزنة مخصصة لاتصالات كاش', 0, 1, 3, NULL, '2026-02-07 09:49:47', '2026-02-07 09:49:47'),
(31, 'اورنج كاش', 'خزنة مخصصة لاورنج كاش', 0, 1, 3, NULL, '2026-02-07 09:49:47', '2026-02-07 09:49:47'),
(32, 'فوري', 'خزنة مخصصة لفوري', 0, 1, 3, NULL, '2026-02-07 09:49:47', '2026-02-07 09:49:47'),
(33, 'نقدي', 'خزنة مخصصة للدفع النقدي', 0, 1, 9, NULL, '2026-02-07 09:49:47', '2026-02-07 09:49:47'),
(34, 'بطاقة ائتمان', 'خزنة مخصصة لبطاقات الائتمان', 0, 1, 9, NULL, '2026-02-07 09:49:47', '2026-02-07 09:49:47'),
(35, 'تحويل بنكي', 'خزنة مخصصة للتحويلات البنكية', 0, 1, 9, NULL, '2026-02-07 09:49:47', '2026-02-07 09:49:47'),
(36, 'باي بال', 'خزنة مخصصة لباي بال', 0, 1, 9, NULL, '2026-02-07 09:49:47', '2026-02-07 09:49:47'),
(37, 'فودافون كاش', 'خزنة مخصصة لفودافون كاش', 0, 1, 9, NULL, '2026-02-07 09:49:47', '2026-02-07 09:49:47'),
(38, 'اتصالات كاش', 'خزنة مخصصة لاتصالات كاش', 0, 1, 9, NULL, '2026-02-07 09:49:47', '2026-02-07 09:49:47'),
(39, 'اورنج كاش', 'خزنة مخصصة لاورنج كاش', 0, 1, 9, NULL, '2026-02-07 09:49:47', '2026-02-07 09:49:47'),
(40, 'فوري', 'خزنة مخصصة لفوري', 0, 1, 9, NULL, '2026-02-07 09:49:47', '2026-02-07 09:49:47'),
(41, 'نقدي', 'خزنة مخصصة للدفع النقدي', 0, 1, 10, NULL, '2026-02-07 09:49:47', '2026-02-07 09:49:47'),
(42, 'بطاقة ائتمان', 'خزنة مخصصة لبطاقات الائتمان', 0, 1, 10, NULL, '2026-02-07 09:49:47', '2026-02-07 09:49:47'),
(43, 'تحويل بنكي', 'خزنة مخصصة للتحويلات البنكية', 0, 1, 10, NULL, '2026-02-07 09:49:47', '2026-02-07 09:49:47'),
(44, 'باي بال', 'خزنة مخصصة لباي بال', 0, 1, 10, NULL, '2026-02-07 09:49:47', '2026-02-07 09:49:47'),
(45, 'فودافون كاش', 'خزنة مخصصة لفودافون كاش', 0, 1, 10, NULL, '2026-02-07 09:49:47', '2026-02-07 09:49:47'),
(46, 'اتصالات كاش', 'خزنة مخصصة لاتصالات كاش', 0, 1, 10, NULL, '2026-02-07 09:49:47', '2026-02-07 09:49:47'),
(47, 'اورنج كاش', 'خزنة مخصصة لاورنج كاش', 0, 1, 10, NULL, '2026-02-07 09:49:47', '2026-02-07 09:49:47'),
(48, 'فوري', 'خزنة مخصصة لفوري', 0, 1, 10, NULL, '2026-02-07 09:49:47', '2026-02-07 09:49:47'),
(49, 'نقدي', 'خزنة مخصصة للدفع النقدي', 0, 1, 12, NULL, '2026-02-07 09:49:47', '2026-02-07 09:49:47'),
(50, 'بطاقة ائتمان', 'خزنة مخصصة لبطاقات الائتمان', 0, 1, 12, NULL, '2026-02-07 09:49:47', '2026-02-07 09:49:47'),
(51, 'تحويل بنكي', 'خزنة مخصصة للتحويلات البنكية', 0, 1, 12, NULL, '2026-02-07 09:49:47', '2026-02-07 09:49:47'),
(52, 'باي بال', 'خزنة مخصصة لباي بال', 0, 1, 12, NULL, '2026-02-07 09:49:47', '2026-02-07 09:49:47'),
(53, 'فودافون كاش', 'خزنة مخصصة لفودافون كاش', 0, 1, 12, NULL, '2026-02-07 09:49:47', '2026-02-07 09:49:47'),
(54, 'اتصالات كاش', 'خزنة مخصصة لاتصالات كاش', 0, 1, 12, NULL, '2026-02-07 09:49:47', '2026-02-07 09:49:47'),
(55, 'اورنج كاش', 'خزنة مخصصة لاورنج كاش', 0, 1, 12, NULL, '2026-02-07 09:49:47', '2026-02-07 09:49:47'),
(56, 'فوري', 'خزنة مخصصة لفوري', 0, 1, 12, NULL, '2026-02-07 09:49:47', '2026-02-07 09:49:47'),
(57, 'نقدي', 'خزنة مخصصة للدفع النقدي', 0, 1, 13, NULL, '2026-02-07 09:49:47', '2026-02-07 09:49:47'),
(58, 'بطاقة ائتمان', 'خزنة مخصصة لبطاقات الائتمان', 0, 1, 13, NULL, '2026-02-07 09:49:47', '2026-02-07 09:49:47'),
(59, 'تحويل بنكي', 'خزنة مخصصة للتحويلات البنكية', 0, 1, 13, NULL, '2026-02-07 09:49:47', '2026-02-07 09:49:47'),
(60, 'باي بال', 'خزنة مخصصة لباي بال', 0, 1, 13, NULL, '2026-02-07 09:49:47', '2026-02-07 09:49:47'),
(61, 'فودافون كاش', 'خزنة مخصصة لفودافون كاش', 0, 1, 13, NULL, '2026-02-07 09:49:47', '2026-02-07 09:49:47'),
(62, 'اتصالات كاش', 'خزنة مخصصة لاتصالات كاش', 0, 1, 13, NULL, '2026-02-07 09:49:47', '2026-02-07 09:49:47'),
(63, 'اورنج كاش', 'خزنة مخصصة لاورنج كاش', 0, 1, 13, NULL, '2026-02-07 09:49:47', '2026-02-07 09:49:47'),
(64, 'فوري', 'خزنة مخصصة لفوري', 0, 1, 13, NULL, '2026-02-07 09:49:47', '2026-02-07 09:49:47'),
(65, 'حساب بنكي', 'حساب بنكي - للتحويلات والمعاملات البنكية', 0, 1, NULL, NULL, '2026-02-07 09:58:18', '2026-02-07 09:58:18'),
(66, 'أورنج كاش', 'محفظة أورنج كاش الإلكترونية', 0, 1, NULL, NULL, '2026-02-07 09:58:18', '2026-02-07 09:58:18'),
(67, 'إنستاباي', 'حساب إنستاباي للتحويلات الفورية', 0, 1, NULL, NULL, '2026-02-07 09:58:18', '2026-02-07 09:58:18'),
(68, 'حساب بنكي', 'حساب بنكي - للتحويلات والمعاملات البنكية', 0, 1, 1, NULL, '2026-02-07 09:58:18', '2026-02-07 09:58:18'),
(69, 'أورنج كاش', 'محفظة أورنج كاش الإلكترونية', 0, 1, 1, NULL, '2026-02-07 09:58:18', '2026-02-07 09:58:18'),
(70, 'إنستاباي', 'حساب إنستاباي للتحويلات الفورية', 0, 1, 1, NULL, '2026-02-07 09:58:18', '2026-02-07 09:58:18'),
(71, 'حساب بنكي', 'حساب بنكي - للتحويلات والمعاملات البنكية', 0, 1, 2, NULL, '2026-02-07 09:58:18', '2026-02-07 09:58:18'),
(72, 'أورنج كاش', 'محفظة أورنج كاش الإلكترونية', 0, 1, 2, NULL, '2026-02-07 09:58:18', '2026-02-07 09:58:18'),
(73, 'إنستاباي', 'حساب إنستاباي للتحويلات الفورية', 0, 1, 2, NULL, '2026-02-07 09:58:18', '2026-02-07 09:58:18'),
(74, 'حساب بنكي', 'حساب بنكي - للتحويلات والمعاملات البنكية', 0, 1, 3, NULL, '2026-02-07 09:58:18', '2026-02-07 09:58:18'),
(75, 'أورنج كاش', 'محفظة أورنج كاش الإلكترونية', 0, 1, 3, NULL, '2026-02-07 09:58:18', '2026-02-07 09:58:18'),
(76, 'إنستاباي', 'حساب إنستاباي للتحويلات الفورية', 0, 1, 3, NULL, '2026-02-07 09:58:18', '2026-02-07 09:58:18'),
(77, 'حساب بنكي', 'حساب بنكي - للتحويلات والمعاملات البنكية', 0, 1, 9, NULL, '2026-02-07 09:58:18', '2026-02-07 09:58:18'),
(78, 'أورنج كاش', 'محفظة أورنج كاش الإلكترونية', 0, 1, 9, NULL, '2026-02-07 09:58:18', '2026-02-07 09:58:18'),
(79, 'إنستاباي', 'حساب إنستاباي للتحويلات الفورية', 0, 1, 9, NULL, '2026-02-07 09:58:18', '2026-02-07 09:58:18'),
(80, 'حساب بنكي', 'حساب بنكي - للتحويلات والمعاملات البنكية', 0, 1, 10, NULL, '2026-02-07 09:58:18', '2026-02-07 09:58:18'),
(81, 'أورنج كاش', 'محفظة أورنج كاش الإلكترونية', 0, 1, 10, NULL, '2026-02-07 09:58:18', '2026-02-07 09:58:18'),
(82, 'إنستاباي', 'حساب إنستاباي للتحويلات الفورية', 0, 1, 10, NULL, '2026-02-07 09:58:18', '2026-02-07 09:58:18'),
(83, 'حساب بنكي', 'حساب بنكي - للتحويلات والمعاملات البنكية', 0, 1, 12, NULL, '2026-02-07 09:58:18', '2026-02-07 09:58:18'),
(84, 'أورنج كاش', 'محفظة أورنج كاش الإلكترونية', 0, 1, 12, NULL, '2026-02-07 09:58:18', '2026-02-07 09:58:18'),
(85, 'إنستاباي', 'حساب إنستاباي للتحويلات الفورية', 0, 1, 12, NULL, '2026-02-07 09:58:19', '2026-02-07 09:58:19'),
(86, 'حساب بنكي', 'حساب بنكي - للتحويلات والمعاملات البنكية', 0, 1, 13, NULL, '2026-02-07 09:58:19', '2026-02-07 09:58:19'),
(87, 'أورنج كاش', 'محفظة أورنج كاش الإلكترونية', 0, 1, 13, NULL, '2026-02-07 09:58:19', '2026-02-07 09:58:19'),
(88, 'إنستاباي', 'حساب إنستاباي للتحويلات الفورية', 0, 1, 13, NULL, '2026-02-07 09:58:19', '2026-02-07 09:58:19');

-- --------------------------------------------------------

--
-- بنية الجدول `categories`
--

CREATE TABLE `categories` (
  `id` bigint(20) UNSIGNED NOT NULL,
  `company_id` bigint(20) UNSIGNED NOT NULL,
  `created_by` bigint(20) UNSIGNED NOT NULL,
  `parent_id` bigint(20) UNSIGNED DEFAULT NULL,
  `name` varchar(255) NOT NULL,
  `description` text DEFAULT NULL,
  `active` tinyint(1) NOT NULL DEFAULT 1,
  `created_at` timestamp NULL DEFAULT NULL,
  `updated_at` timestamp NULL DEFAULT NULL
) ENGINE=InnoDB DEFAULT CHARSET=utf8mb4 COLLATE=utf8mb4_unicode_ci;

--
-- إرجاع أو استيراد بيانات الجدول `categories`
--

INSERT INTO `categories` (`id`, `company_id`, `created_by`, `parent_id`, `name`, `description`, `active`, `created_at`, `updated_at`) VALUES
(1, 1, 1, NULL, ' الملابس الجاهزة', ' قسم الملابس الجاهزة', 1, '2025-07-09 06:15:50', '2025-07-09 06:15:50'),
(2, 2, 5, NULL, 'اجهزه كهربائيه', NULL, 1, '2025-07-10 17:21:27', '2025-07-10 17:21:27'),
(3, 2, 5, NULL, 'اجهزه الالكترونيه', NULL, 1, '2025-07-11 08:44:24', '2025-07-11 08:44:24'),
(4, 2, 5, NULL, 'رفايع', NULL, 1, '2025-07-11 11:37:01', '2025-07-11 11:37:01'),
(5, 9, 15, NULL, 'اطفال', NULL, 1, '2025-07-11 18:19:55', '2025-07-11 18:19:55'),
(6, 9, 15, NULL, 'رجالي', NULL, 1, '2025-07-11 18:20:36', '2025-07-11 18:20:36'),
(7, 9, 15, NULL, 'حريمي', NULL, 1, '2025-07-11 18:20:53', '2025-07-11 18:20:53'),
(8, 9, 15, NULL, 'بناتي', NULL, 1, '2025-07-11 18:21:00', '2025-07-11 18:21:00'),
(9, 10, 5, NULL, 'معطرات', NULL, 1, '2025-07-12 08:48:34', '2025-07-12 08:48:34'),
(10, 10, 5, NULL, 'كريمات', NULL, 1, '2025-07-12 08:48:47', '2025-07-12 08:48:47'),
(11, 10, 5, NULL, 'شامبوهات', NULL, 1, '2025-07-12 08:49:14', '2025-07-12 08:49:14'),
(12, 10, 5, NULL, 'صابون', NULL, 1, '2025-07-12 09:00:53', '2025-07-12 09:00:53'),
(13, 10, 5, NULL, 'جل', NULL, 1, '2025-07-12 09:02:36', '2025-07-12 09:02:36'),
(14, 10, 5, NULL, 'للشعر', NULL, 1, '2025-07-12 09:03:24', '2025-07-12 09:03:24'),
(15, 10, 5, NULL, 'العاب', NULL, 1, '2025-07-12 09:03:44', '2025-07-12 09:03:44'),
(16, 3, 6, NULL, 'قسم تيست', NULL, 1, '2025-07-16 19:26:19', '2025-07-16 19:26:19'),
(17, 3, 6, NULL, 'اطفالي', NULL, 1, '2025-07-19 17:22:52', '2025-07-19 17:22:52'),
(18, 2, 5, NULL, 'ادوات منزلية', NULL, 1, '2025-07-24 19:34:12', '2025-07-24 19:34:12'),
(19, 12, 5, NULL, 'الملامين', NULL, 1, '2025-09-17 20:12:06', '2025-09-17 20:12:06'),
(20, 12, 5, NULL, 'الصيني', NULL, 1, '2025-09-17 20:12:24', '2025-09-17 20:12:24'),
(21, 12, 5, NULL, 'اجهزه كهربائيه', NULL, 1, '2025-09-17 20:13:23', '2025-09-17 20:13:23'),
(22, 12, 5, NULL, 'الامونيوم', NULL, 1, '2025-09-17 20:15:05', '2025-09-17 20:15:05'),
(23, 12, 5, NULL, 'بلاستيك', NULL, 1, '2025-09-17 20:15:25', '2025-09-17 20:15:25'),
(24, 12, 5, NULL, 'رفايع', NULL, 1, '2025-09-17 20:15:47', '2025-09-17 20:15:47'),
(25, 12, 5, NULL, 'استيل', NULL, 1, '2025-09-18 09:49:21', '2025-09-18 09:49:21'),
(26, 12, 5, NULL, 'سراميك', NULL, 1, '2025-09-22 07:48:42', '2025-09-22 07:48:42'),
(27, 12, 5, NULL, 'ازاز', NULL, 1, '2025-09-22 08:03:24', '2025-09-22 08:03:24'),
(28, 12, 5, NULL, 'مفارش', NULL, 1, '2025-09-22 08:06:23', '2025-09-22 08:06:23'),
(29, 12, 5, NULL, 'رفايع', NULL, 1, '2025-09-22 08:07:49', '2025-09-22 08:07:49'),
(30, 2, 5, NULL, 'موعيو', NULL, 1, '2025-10-12 15:17:25', '2025-10-12 15:17:25'),
(31, 10, 5, NULL, 'الكترونيات', NULL, 1, '2026-02-12 09:57:45', '2026-02-12 09:57:45');

-- --------------------------------------------------------

--
-- بنية الجدول `companies`
--

CREATE TABLE `companies` (
  `id` bigint(20) UNSIGNED NOT NULL,
  `name` varchar(255) NOT NULL,
  `description` text DEFAULT NULL,
  `field` varchar(255) DEFAULT NULL,
  `owner_name` varchar(255) DEFAULT NULL,
  `tax_number` varchar(255) DEFAULT NULL,
  `address` varchar(255) DEFAULT NULL,
  `phone` varchar(255) DEFAULT NULL,
  `email` varchar(255) DEFAULT NULL,
  `website` varchar(255) DEFAULT NULL,
  `social_links` longtext CHARACTER SET utf8mb4 COLLATE utf8mb4_bin DEFAULT NULL CHECK (json_valid(`social_links`)),
  `settings` longtext CHARACTER SET utf8mb4 COLLATE utf8mb4_bin DEFAULT NULL CHECK (json_valid(`settings`)),
  `created_by` bigint(20) UNSIGNED DEFAULT NULL,
  `company_id` varchar(255) DEFAULT NULL,
  `created_at` timestamp NULL DEFAULT NULL,
  `updated_at` timestamp NULL DEFAULT NULL
) ENGINE=InnoDB DEFAULT CHARSET=utf8mb4 COLLATE=utf8mb4_unicode_ci;

--
-- إرجاع أو استيراد بيانات الجدول `companies`
--

INSERT INTO `companies` (`id`, `name`, `description`, `field`, `owner_name`, `tax_number`, `address`, `phone`, `email`, `website`, `social_links`, `settings`, `created_by`, `company_id`, `created_at`, `updated_at`) VALUES
(1, 'الشركة الافتراضية', NULL, 'الافتراضية', 'System Owner', NULL, 'الصالحيه الجديده/الكوثر /ش10', NULL, 'atssh.phone@gmail.com', NULL, NULL, '{\"print_settings\":{\"print_format\":\"a5\"}}', NULL, NULL, '2025-07-09 06:15:49', '2026-02-04 14:07:11'),
(2, 'اقساط', NULL, 'اقساط', NULL, NULL, 'الصالحيه الجديده/الكوثر /ش10', '01032447644', NULL, NULL, NULL, NULL, 1, '1', '2025-07-09 20:31:05', '2025-07-09 20:31:05'),
(3, 'تيست شركة', NULL, 'تيست', NULL, NULL, NULL, '123456789', 'atsh.ephone@gmail.com', NULL, NULL, NULL, 1, '1', '2025-07-09 20:50:13', '2025-07-09 20:50:13'),
(9, 'هونكس', 'شركة رائد في مجال الملابس الجاهزة رجالي اطفالي حريمي', 'الملابس الجاهزة والمفروشات', NULL, NULL, 'الصالحية الجديدة الكوثر', '1021215988', 'hwnix.eg@gmail.com', NULL, NULL, NULL, 1, '1', '2025-07-11 15:20:13', '2025-07-11 15:20:13'),
(10, 'مكتبه ابوندي', NULL, 'ادوات مدرسه وخردوات', NULL, NULL, 'الصالحيه الجديده /الكوثر /ش10', '01070475028', NULL, NULL, NULL, '{\"print_settings\":{\"print_format\":\"a5\"}}', 5, '2', '2025-07-11 20:37:20', '2026-02-12 10:45:41'),
(12, 'تناتيش الكوثر', NULL, 'رفايع وادوات منزليه', NULL, NULL, 'ش 10 الكوثر الصالحيه الجديده', '01070475028', NULL, NULL, NULL, NULL, 5, '2', '2025-09-16 09:22:48', '2025-09-16 09:22:48'),
(13, 'تيست', NULL, 'تيست تخصص', NULL, NULL, NULL, '12345678901', 'test@test.com', NULL, NULL, NULL, 6, '10', '2025-11-02 20:10:09', '2025-11-02 20:10:09');

-- --------------------------------------------------------

--
-- بنية الجدول `company_invoice_type`
--

CREATE TABLE `company_invoice_type` (
  `id` bigint(20) UNSIGNED NOT NULL,
  `company_id` bigint(20) UNSIGNED NOT NULL,
  `invoice_type_id` bigint(20) UNSIGNED NOT NULL,
  `is_active` tinyint(1) NOT NULL DEFAULT 1,
  `created_at` timestamp NULL DEFAULT NULL,
  `updated_at` timestamp NULL DEFAULT NULL
) ENGINE=InnoDB DEFAULT CHARSET=utf8mb4 COLLATE=utf8mb4_unicode_ci;

--
-- إرجاع أو استيراد بيانات الجدول `company_invoice_type`
--

INSERT INTO `company_invoice_type` (`id`, `company_id`, `invoice_type_id`, `is_active`, `created_at`, `updated_at`) VALUES
(1, 1, 1, 1, '2026-02-07 09:49:47', '2026-02-07 09:58:18'),
(2, 1, 2, 1, '2026-02-07 09:49:47', '2026-02-07 09:58:18'),
(3, 1, 3, 1, '2026-02-07 09:49:47', '2026-02-07 09:58:18'),
(4, 1, 4, 1, '2026-02-07 09:49:47', '2026-02-07 09:58:18'),
(5, 1, 5, 1, '2026-02-07 09:49:47', '2026-02-07 09:58:18'),
(6, 1, 6, 1, '2026-02-07 09:49:47', '2026-02-07 09:58:18'),
(7, 1, 7, 1, '2026-02-07 09:49:47', '2026-02-07 09:58:18'),
(8, 1, 8, 1, '2026-02-07 09:49:47', '2026-02-07 09:58:18'),
(9, 1, 9, 1, '2026-02-07 09:49:47', '2026-02-07 09:58:18'),
(10, 1, 10, 1, '2026-02-07 09:49:47', '2026-02-07 09:58:18'),
(11, 1, 11, 1, '2026-02-07 09:49:47', '2026-02-07 09:58:18'),
(12, 1, 12, 1, '2026-02-07 09:49:47', '2026-02-07 09:58:18'),
(13, 1, 13, 1, '2026-02-07 09:49:47', '2026-02-07 09:58:18'),
(14, 1, 14, 1, '2026-02-07 09:49:47', '2026-02-07 09:58:18'),
(15, 1, 15, 1, '2026-02-07 09:49:47', '2026-02-07 09:58:18'),
(16, 1, 16, 1, '2026-02-07 09:49:47', '2026-02-07 09:58:18'),
(17, 2, 1, 1, '2026-02-07 09:49:47', '2026-02-07 09:58:18'),
(18, 2, 2, 1, '2026-02-07 09:49:47', '2026-02-07 09:58:18'),
(19, 2, 3, 1, '2026-02-07 09:49:47', '2026-02-07 09:58:18'),
(20, 2, 4, 1, '2026-02-07 09:49:47', '2026-02-07 09:58:18'),
(21, 2, 5, 1, '2026-02-07 09:49:47', '2026-02-07 09:58:18'),
(22, 2, 6, 1, '2026-02-07 09:49:47', '2026-02-07 09:58:18'),
(23, 2, 7, 1, '2026-02-07 09:49:47', '2026-02-07 09:58:18'),
(24, 2, 8, 1, '2026-02-07 09:49:47', '2026-02-07 09:58:18'),
(25, 2, 9, 1, '2026-02-07 09:49:47', '2026-02-07 09:58:18'),
(26, 2, 10, 1, '2026-02-07 09:49:47', '2026-02-07 09:58:18'),
(27, 2, 11, 1, '2026-02-07 09:49:47', '2026-02-07 09:58:18'),
(28, 2, 12, 1, '2026-02-07 09:49:47', '2026-02-07 09:58:18'),
(29, 2, 13, 1, '2026-02-07 09:49:47', '2026-02-07 09:58:18'),
(30, 2, 14, 1, '2026-02-07 09:49:47', '2026-02-07 09:58:18'),
(31, 2, 15, 1, '2026-02-07 09:49:47', '2026-02-07 09:58:18'),
(32, 2, 16, 1, '2026-02-07 09:49:47', '2026-02-07 09:58:18'),
(33, 3, 1, 1, '2026-02-07 09:49:47', '2026-02-07 09:58:18'),
(34, 3, 2, 1, '2026-02-07 09:49:47', '2026-02-07 09:58:18'),
(35, 3, 3, 1, '2026-02-07 09:49:47', '2026-02-07 09:58:18'),
(36, 3, 4, 1, '2026-02-07 09:49:47', '2026-02-07 09:58:18'),
(37, 3, 5, 1, '2026-02-07 09:49:47', '2026-02-07 09:58:18'),
(38, 3, 6, 1, '2026-02-07 09:49:47', '2026-02-07 09:58:18'),
(39, 3, 7, 1, '2026-02-07 09:49:47', '2026-02-07 09:58:18'),
(40, 3, 8, 1, '2026-02-07 09:49:47', '2026-02-07 09:58:18'),
(41, 3, 9, 1, '2026-02-07 09:49:47', '2026-02-07 09:58:18'),
(42, 3, 10, 1, '2026-02-07 09:49:47', '2026-02-07 09:58:18'),
(43, 3, 11, 1, '2026-02-07 09:49:47', '2026-02-07 09:58:18'),
(44, 3, 12, 1, '2026-02-07 09:49:47', '2026-02-07 09:58:18'),
(45, 3, 13, 1, '2026-02-07 09:49:47', '2026-02-07 09:58:18'),
(46, 3, 14, 1, '2026-02-07 09:49:47', '2026-02-07 09:58:18'),
(47, 3, 15, 1, '2026-02-07 09:49:47', '2026-02-07 09:58:18'),
(48, 3, 16, 1, '2026-02-07 09:49:47', '2026-02-07 09:58:18'),
(49, 9, 1, 1, '2026-02-07 09:49:47', '2026-02-07 09:58:18'),
(50, 9, 2, 1, '2026-02-07 09:49:47', '2026-02-07 09:58:18'),
(51, 9, 3, 1, '2026-02-07 09:49:47', '2026-02-07 09:58:18'),
(52, 9, 4, 1, '2026-02-07 09:49:47', '2026-02-07 09:58:18'),
(53, 9, 5, 1, '2026-02-07 09:49:47', '2026-02-07 09:58:18'),
(54, 9, 6, 1, '2026-02-07 09:49:47', '2026-02-07 09:58:18'),
(55, 9, 7, 1, '2026-02-07 09:49:47', '2026-02-07 09:58:18'),
(56, 9, 8, 1, '2026-02-07 09:49:47', '2026-02-07 09:58:18'),
(57, 9, 9, 1, '2026-02-07 09:49:47', '2026-02-07 09:58:18'),
(58, 9, 10, 1, '2026-02-07 09:49:47', '2026-02-07 09:58:18'),
(59, 9, 11, 1, '2026-02-07 09:49:47', '2026-02-07 09:58:18'),
(60, 9, 12, 1, '2026-02-07 09:49:47', '2026-02-07 09:58:18'),
(61, 9, 13, 1, '2026-02-07 09:49:47', '2026-02-07 09:58:18'),
(62, 9, 14, 1, '2026-02-07 09:49:47', '2026-02-07 09:58:18'),
(63, 9, 15, 1, '2026-02-07 09:49:47', '2026-02-07 09:58:18'),
(64, 9, 16, 1, '2026-02-07 09:49:47', '2026-02-07 09:58:18'),
(65, 10, 1, 1, '2026-02-07 09:49:47', '2026-02-07 09:58:18'),
(66, 10, 2, 1, '2026-02-07 09:49:47', '2026-02-07 09:58:18'),
(67, 10, 3, 1, '2026-02-07 09:49:47', '2026-02-07 09:58:18'),
(68, 10, 4, 1, '2026-02-07 09:49:47', '2026-02-07 09:58:18'),
(69, 10, 5, 1, '2026-02-07 09:49:47', '2026-02-07 09:58:18'),
(70, 10, 6, 1, '2026-02-07 09:49:47', '2026-02-07 09:58:18'),
(71, 10, 7, 1, '2026-02-07 09:49:47', '2026-02-07 09:58:18'),
(72, 10, 8, 1, '2026-02-07 09:49:47', '2026-02-07 09:58:18'),
(73, 10, 9, 1, '2026-02-07 09:49:47', '2026-02-07 09:58:18'),
(74, 10, 10, 1, '2026-02-07 09:49:47', '2026-02-07 09:58:18'),
(75, 10, 11, 1, '2026-02-07 09:49:47', '2026-02-07 09:58:18'),
(76, 10, 12, 1, '2026-02-07 09:49:47', '2026-02-07 09:58:18'),
(77, 10, 13, 1, '2026-02-07 09:49:47', '2026-02-07 09:58:18'),
(78, 10, 14, 1, '2026-02-07 09:49:47', '2026-02-07 09:58:18'),
(79, 10, 15, 1, '2026-02-07 09:49:47', '2026-02-07 09:58:18'),
(80, 10, 16, 1, '2026-02-07 09:49:47', '2026-02-07 09:58:18'),
(81, 12, 1, 1, '2026-02-07 09:49:47', '2026-02-07 09:58:18'),
(82, 12, 2, 1, '2026-02-07 09:49:47', '2026-02-07 09:58:18'),
(83, 12, 3, 1, '2026-02-07 09:49:47', '2026-02-07 09:58:18'),
(84, 12, 4, 1, '2026-02-07 09:49:47', '2026-02-07 09:58:18'),
(85, 12, 5, 1, '2026-02-07 09:49:47', '2026-02-07 09:58:18'),
(86, 12, 6, 1, '2026-02-07 09:49:47', '2026-02-07 09:58:18'),
(87, 12, 7, 1, '2026-02-07 09:49:47', '2026-02-07 09:58:18'),
(88, 12, 8, 1, '2026-02-07 09:49:47', '2026-02-07 09:58:18'),
(89, 12, 9, 1, '2026-02-07 09:49:47', '2026-02-07 09:58:18'),
(90, 12, 10, 1, '2026-02-07 09:49:47', '2026-02-07 09:58:18'),
(91, 12, 11, 1, '2026-02-07 09:49:47', '2026-02-07 09:58:18'),
(92, 12, 12, 1, '2026-02-07 09:49:47', '2026-02-07 09:58:18'),
(93, 12, 13, 1, '2026-02-07 09:49:47', '2026-02-07 09:58:18'),
(94, 12, 14, 1, '2026-02-07 09:49:47', '2026-02-07 09:58:18'),
(95, 12, 15, 1, '2026-02-07 09:49:47', '2026-02-07 09:58:18'),
(96, 12, 16, 1, '2026-02-07 09:49:47', '2026-02-07 09:58:18'),
(97, 13, 1, 1, '2026-02-07 09:49:47', '2026-02-07 09:58:18'),
(98, 13, 2, 1, '2026-02-07 09:49:47', '2026-02-07 09:58:18'),
(99, 13, 3, 1, '2026-02-07 09:49:47', '2026-02-07 09:58:18'),
(100, 13, 4, 1, '2026-02-07 09:49:47', '2026-02-07 09:58:18'),
(101, 13, 5, 1, '2026-02-07 09:49:47', '2026-02-07 09:58:18'),
(102, 13, 6, 1, '2026-02-07 09:49:47', '2026-02-07 09:58:18'),
(103, 13, 7, 1, '2026-02-07 09:49:47', '2026-02-07 09:58:18'),
(104, 13, 8, 1, '2026-02-07 09:49:47', '2026-02-07 09:58:18'),
(105, 13, 9, 1, '2026-02-07 09:49:47', '2026-02-07 09:58:18'),
(106, 13, 10, 1, '2026-02-07 09:49:47', '2026-02-07 09:58:18'),
(107, 13, 11, 1, '2026-02-07 09:49:47', '2026-02-07 09:58:18'),
(108, 13, 12, 1, '2026-02-07 09:49:47', '2026-02-07 09:58:18'),
(109, 13, 13, 1, '2026-02-07 09:49:47', '2026-02-07 09:58:18'),
(110, 13, 14, 1, '2026-02-07 09:49:47', '2026-02-07 09:58:18'),
(111, 13, 15, 1, '2026-02-07 09:49:47', '2026-02-07 09:58:18'),
(112, 13, 16, 1, '2026-02-07 09:49:47', '2026-02-07 09:58:18');

-- --------------------------------------------------------

--
-- بنية الجدول `company_user`
--

CREATE TABLE `company_user` (
  `id` bigint(20) UNSIGNED NOT NULL,
  `company_id` bigint(20) UNSIGNED NOT NULL,
  `user_id` bigint(20) UNSIGNED NOT NULL,
  `created_by` bigint(20) UNSIGNED NOT NULL,
  `nickname_in_company` varchar(255) DEFAULT NULL COMMENT 'الاسم المستعار للمستخدم داخل هذه الشركة',
  `full_name_in_company` varchar(255) DEFAULT NULL COMMENT 'الاسم الكامل للمستخدم/العميل كما تعرفه هذه الشركة',
  `position_in_company` varchar(255) DEFAULT NULL COMMENT 'المسمى الوظيفي للمستخدم في هذه الشركة (للموظفين)',
  `balance_in_company` decimal(15,2) NOT NULL DEFAULT 0.00 COMMENT 'رصيد العميل في هذه الشركة',
  `customer_type_in_company` varchar(255) NOT NULL DEFAULT 'retail' COMMENT 'نوع العميل (تجزئة/جملة) في سياق هذه الشركة',
  `sales_count` int(10) UNSIGNED NOT NULL DEFAULT 0,
  `created_at` timestamp NULL DEFAULT NULL,
  `updated_at` timestamp NULL DEFAULT NULL,
  `role` enum('manager','employee','customer') DEFAULT 'customer',
  `status` enum('active','pending','suspended') DEFAULT 'active'
) ENGINE=InnoDB DEFAULT CHARSET=utf8mb4 COLLATE=utf8mb4_unicode_ci;

--
-- إرجاع أو استيراد بيانات الجدول `company_user`
--

INSERT INTO `company_user` (`id`, `company_id`, `user_id`, `created_by`, `nickname_in_company`, `full_name_in_company`, `position_in_company`, `balance_in_company`, `customer_type_in_company`, `sales_count`, `created_at`, `updated_at`, `role`, `status`) VALUES
(1, 1, 1, 1, 'System Owner', 'Admin', NULL, 0.00, 'retail', 0, '2025-07-09 06:15:49', '2025-07-09 20:39:58', 'customer', 'active'),
(4, 2, 5, 1, 'ابو ندي', 'وائل محمد احمد', NULL, 0.00, 'retail', 0, '2025-07-09 20:31:45', '2026-02-05 07:09:42', 'customer', 'active'),
(6, 3, 1, 1, 'System Owner', 'Admin', NULL, 0.00, 'retail', 0, NULL, NULL, 'customer', 'active'),
(8, 2, 7, 5, 'ام براء', 'ام براء', NULL, -3310.00, 'retail', 0, '2025-07-09 21:04:44', '2025-07-09 21:04:44', 'customer', 'active'),
(16, 2, 10, 5, 'رضا صقر', 'رضا نجاح صقر', NULL, -507.50, 'retail', 0, '2025-07-11 08:35:15', '2025-07-11 08:35:15', 'customer', 'active'),
(17, 2, 11, 5, 'ام محمد', 'ام محمد بيت عمي السيد', NULL, 0.00, 'retail', 0, '2025-07-11 11:27:30', '2025-07-11 11:27:30', 'customer', 'active'),
(18, 2, 12, 5, 'فؤاد', 'محمد فؤاد ابواليزيد', NULL, 0.00, 'retail', 0, '2025-07-11 14:08:59', '2025-07-11 14:08:59', 'customer', 'active'),
(19, 2, 13, 5, 'اخت وجدي', 'هويده العربي', NULL, -11826.00, 'retail', 0, '2025-07-11 14:43:05', '2025-07-11 14:43:05', 'customer', 'active'),
(20, 9, 1, 1, 'System Owner', 'Admin', NULL, 0.00, 'retail', 0, NULL, NULL, 'customer', 'active'),
(21, 9, 15, 1, 'شيما محمود', 'شيماء محمود محمد احمد', NULL, 0.00, 'retail', 0, '2025-07-11 15:31:12', '2025-07-11 15:31:12', 'customer', 'active'),
(22, 9, 16, 15, 'ايه طلعت', 'ايه طلعت', NULL, 0.00, 'retail', 0, '2025-07-11 17:14:31', '2025-07-11 17:14:31', 'customer', 'active'),
(23, 9, 17, 15, 'ام دعاء نوره', 'ام دعاء نوره', NULL, 0.00, 'retail', 0, '2025-07-11 17:20:09', '2025-07-11 17:20:09', 'customer', 'active'),
(24, 9, 18, 15, 'لمى عطيه', 'لمى عطيه', NULL, 0.00, 'retail', 0, '2025-07-11 17:32:09', '2025-07-11 17:32:09', 'customer', 'active'),
(25, 9, 19, 15, 'ام مالك الحلاق', 'ام مالك الحلاق', NULL, 0.00, 'retail', 0, '2025-07-11 17:34:43', '2025-07-11 17:34:43', 'customer', 'active'),
(26, 9, 20, 15, 'سميحه مرات محمد واعر', 'سميحه مرات محمد واعر', NULL, 0.00, 'retail', 0, '2025-07-11 17:37:34', '2025-07-11 18:48:05', 'customer', 'active'),
(27, 9, 21, 15, 'ام روناء', 'ام روناء مرات علي موسي', NULL, 0.00, 'retail', 0, '2025-07-11 17:39:19', '2025-07-11 17:39:19', 'customer', 'active'),
(28, 9, 22, 15, 'ام زينب عصام', 'ام زينب عصام العريشيه', NULL, 0.00, 'retail', 0, '2025-07-11 17:41:02', '2025-07-11 17:41:02', 'customer', 'active'),
(29, 9, 23, 15, 'ام حنين احمد', 'ام حنين احمد الخرده', NULL, 0.00, 'retail', 0, '2025-07-11 17:41:49', '2025-07-11 17:41:49', 'customer', 'active'),
(30, 9, 24, 15, 'ام نانسي', 'ام نانسي', NULL, 0.00, 'retail', 0, '2025-07-11 17:45:24', '2025-07-11 17:45:24', 'customer', 'active'),
(31, 9, 25, 15, 'ام شيماء سلفتي', 'ام شيماء سلفتي', NULL, 0.00, 'retail', 0, '2025-07-11 17:46:45', '2025-07-11 17:46:45', 'customer', 'active'),
(32, 9, 26, 15, 'ام اسماء وفداء', 'ام اسماء وفداء يوزر', NULL, 0.00, 'retail', 0, '2025-07-11 17:56:14', '2025-07-11 17:56:14', 'customer', 'active'),
(33, 9, 27, 15, 'نوره تبع ملك اشرف', 'نوره تبع ملك اشرف', NULL, 0.00, 'retail', 0, '2025-07-11 17:58:43', '2025-07-11 18:22:53', 'customer', 'active'),
(34, 9, 28, 15, 'ام مالك', 'ام مالك محمد عبد العزيز', NULL, 0.00, 'retail', 0, '2025-07-11 18:00:06', '2025-07-11 18:00:06', 'customer', 'active'),
(35, 9, 29, 15, 'ام احمد محمد فوزي', 'ام احمد محمد فوزي', NULL, 0.00, 'retail', 0, '2025-07-11 18:01:24', '2025-07-11 18:01:24', 'customer', 'active'),
(36, 9, 30, 15, 'ام فارس تبع ام عزت', 'ام فارس تبع عزت', NULL, 0.00, 'retail', 0, '2025-07-11 18:03:45', '2025-07-11 18:03:45', 'customer', 'active'),
(37, 9, 31, 15, 'ام ملك اشرف', 'ام ملك اشرف', NULL, 0.00, 'retail', 0, '2025-07-11 18:24:52', '2025-07-11 18:24:52', 'customer', 'active'),
(38, 9, 32, 15, 'ايه العرايشيه السكر', 'ايه العرايشيه السكر', NULL, 0.00, 'retail', 0, '2025-07-11 18:27:53', '2025-07-11 18:27:53', 'customer', 'active'),
(39, 9, 33, 15, 'عبدو حسن السيد', 'عبدو حسن السيد', NULL, 0.00, 'retail', 0, '2025-07-11 18:29:38', '2025-07-11 18:29:38', 'customer', 'active'),
(41, 9, 34, 15, 'ام عزت وجنه', 'ام عزت وجنه', NULL, 0.00, 'retail', 0, '2025-07-11 18:30:59', '2025-07-11 18:30:59', 'customer', 'active'),
(42, 9, 35, 15, 'راندا العربي', 'راندا العربي', NULL, 0.00, 'retail', 0, '2025-07-11 18:35:30', '2025-07-11 18:35:30', 'customer', 'active'),
(43, 9, 36, 15, 'ام دنيا جويفل', 'ام دنيا جويفل', NULL, 0.00, 'retail', 0, '2025-07-11 18:36:51', '2025-07-11 18:36:51', 'customer', 'active'),
(44, 9, 37, 15, 'ام ندا جويفل', 'ام ندا جويفل', NULL, 0.00, 'retail', 0, '2025-07-11 18:37:54', '2025-07-11 18:37:54', 'customer', 'active'),
(45, 9, 38, 15, 'ام محمد حمديه', 'ام محمد حمديه', NULL, 0.00, 'retail', 0, '2025-07-11 18:39:41', '2025-07-11 18:39:41', 'customer', 'active'),
(46, 9, 39, 15, 'ام علياء', 'ام علياء', NULL, 0.00, 'retail', 0, '2025-07-11 18:41:55', '2025-07-11 18:41:55', 'customer', 'active'),
(47, 9, 40, 15, 'فاطمه صلاح شفيق', 'فاطمه صلاح شفيق', NULL, 0.00, 'retail', 0, '2025-07-11 18:44:00', '2025-07-11 18:44:00', 'customer', 'active'),
(48, 9, 41, 15, 'ام شهد صلاح', 'ام شهد صلاح', NULL, 0.00, 'retail', 0, '2025-07-11 18:50:44', '2025-07-11 18:50:44', 'customer', 'active'),
(49, 9, 42, 15, 'اسماء مرات عبدو عطيه', 'اسماء مرات عبدو عطيه', NULL, 0.00, 'retail', 0, '2025-07-11 18:54:49', '2025-07-11 18:54:49', 'customer', 'active'),
(50, 9, 43, 15, 'بسمله ذيدان', 'بسمله ذيدان', NULL, 0.00, 'retail', 0, '2025-07-11 18:56:01', '2025-07-11 18:56:01', 'customer', 'active'),
(51, 9, 44, 15, 'اسماء ام زياد خالد', 'اسماء ام زياد خالد', NULL, 0.00, 'retail', 0, '2025-07-11 18:58:14', '2025-07-11 18:58:14', 'customer', 'active'),
(53, 9, 46, 15, 'ام مريم عليوه', 'ام مريم عليوه', NULL, 0.00, 'retail', 0, '2025-07-11 19:05:32', '2025-07-11 19:05:32', 'customer', 'active'),
(54, 9, 47, 15, 'ام ساره', 'ام ساره', NULL, 0.00, 'retail', 0, '2025-07-11 19:07:18', '2025-07-11 19:07:18', 'customer', 'active'),
(55, 9, 48, 15, 'ام سحاب', 'ام سحاب', NULL, 0.00, 'retail', 0, '2025-07-11 19:08:33', '2025-07-11 19:08:33', 'customer', 'active'),
(56, 9, 49, 15, 'ام ريماس عطيه', 'ام ريماس عطيه', NULL, 0.00, 'retail', 0, '2025-07-11 19:10:38', '2025-07-11 19:10:38', 'customer', 'active'),
(57, 9, 50, 15, 'ام ندين السيسي', 'ام ندين السيسي', NULL, 0.00, 'retail', 0, '2025-07-11 19:14:53', '2025-07-11 19:14:53', 'customer', 'active'),
(58, 9, 51, 15, 'ام سما', 'ام سما', NULL, 0.00, 'retail', 0, '2025-07-11 19:17:00', '2025-07-11 19:17:00', 'customer', 'active'),
(59, 9, 52, 15, 'ام احمد خالد ذيدان', 'ام احمد خالد ذيدان', NULL, 0.00, 'retail', 0, '2025-07-11 19:20:35', '2025-07-11 19:20:35', 'customer', 'active'),
(60, 9, 53, 15, 'ام اماني العريشيه', 'ام اماني العريشيه', NULL, 0.00, 'retail', 0, '2025-07-11 19:23:33', '2025-07-11 19:23:33', 'customer', 'active'),
(61, 9, 54, 15, 'ام احمد تناتيش', 'ام احمد تناتيش', NULL, 0.00, 'retail', 0, '2025-07-11 19:25:20', '2025-07-11 19:25:20', 'customer', 'active'),
(62, 9, 55, 15, 'ايمان رمضان', 'ايمان رمضان', NULL, 0.00, 'retail', 0, '2025-07-11 19:27:19', '2025-07-11 19:27:19', 'customer', 'active'),
(63, 9, 56, 15, 'ام فارس جارت ام مالك', 'ام فارس جارت ام مالك', NULL, 0.00, 'retail', 0, '2025-07-11 19:30:06', '2025-07-11 19:30:06', 'customer', 'active'),
(64, 9, 57, 15, 'ام كريم سامي', 'ام كريم سامي', NULL, 0.00, 'retail', 0, '2025-07-11 19:30:54', '2025-07-11 19:30:54', 'customer', 'active'),
(66, 9, 59, 15, 'ام احمد الصعيديه', 'ام احمد الصعيديه', NULL, 0.00, 'retail', 0, '2025-07-11 19:36:23', '2025-07-11 19:36:23', 'customer', 'active'),
(67, 9, 60, 15, 'مرات الحج موسي البكرشي', 'مرات الحج موسي البكرشي', NULL, 0.00, 'retail', 0, '2025-07-11 19:38:20', '2025-07-11 19:38:20', 'customer', 'active'),
(68, 9, 61, 15, 'ام اسماعيل', 'ام اسماعيل', NULL, 0.00, 'retail', 0, '2025-07-11 19:41:00', '2025-07-11 19:41:00', 'customer', 'active'),
(69, 9, 62, 15, 'ام دنيا جارت ام اسماعيل', 'ام دنيا جارت ام اسماعيل', NULL, 0.00, 'retail', 0, '2025-07-11 19:43:33', '2025-07-11 19:43:33', 'customer', 'active'),
(70, 10, 5, 1, 'ابو ندي', 'وائل محمد احمد', NULL, 0.00, 'retail', 0, NULL, '2025-09-22 20:06:05', 'customer', 'active'),
(71, 10, 63, 5, 'البرومي', 'احمد البرومي', NULL, 0.00, 'wholesale', 0, '2025-07-11 20:43:39', '2025-07-11 20:43:39', 'customer', 'active'),
(72, 10, 64, 5, 'ابوكيان', 'مصطفي السيد احمد', NULL, 0.00, 'retail', 0, '2025-07-12 11:13:52', '2025-07-12 11:13:52', 'customer', 'active'),
(74, 3, 6, 1, 'ابو حبيبة', 'هشام محمد احمد', NULL, 0.00, 'retail', 0, '2025-07-16 18:59:13', '2025-07-22 04:06:49', 'customer', 'active'),
(75, 2, 67, 5, 'الاصنج', 'ام محمود', NULL, 0.00, 'retail', 0, '2025-07-21 18:08:39', '2025-07-21 18:08:39', 'customer', 'active'),
(76, 2, 68, 5, 'اخو ام براء', 'حسين الحفني', NULL, -3511.67, 'retail', 0, '2025-07-21 18:10:40', '2025-07-21 18:10:40', 'customer', 'active'),
(77, 9, 6, 1, 'ابو حبيبة', 'هشام محمد احمد', NULL, 0.00, 'retail', 0, '2025-07-22 04:06:49', '2025-07-22 04:06:49', 'customer', 'active'),
(78, 2, 6, 1, 'ابو حبيبة', 'هشام محمد احمد', NULL, -2986.00, 'retail', 0, '2025-07-22 04:06:49', '2025-07-22 04:06:49', 'customer', 'active'),
(79, 10, 6, 1, 'ابو حبيبة', 'هشام محمد احمد', NULL, 0.00, 'retail', 0, '2025-07-22 04:06:49', '2025-07-22 04:06:49', 'customer', 'active'),
(80, 2, 69, 5, 'احمد صابر', 'احمد صابر', NULL, 0.00, 'retail', 0, '2025-07-28 12:20:02', '2025-07-28 15:29:19', 'customer', 'active'),
(84, 2, 58, 1, 'ام ياسين الديسوقي', 'ام ياسين الديسوقي', NULL, 0.00, 'retail', 0, '2025-08-04 07:15:43', '2025-08-04 07:15:43', 'customer', 'active'),
(85, 9, 58, 1, 'ام ياسين الديسوقي', 'ام ياسين الديسوقي', NULL, 0.00, 'retail', 0, '2025-08-04 07:15:43', '2025-08-04 07:15:43', 'customer', 'active'),
(86, 10, 58, 1, 'ام ياسين الديسوقي', 'ام ياسين الديسوقي', NULL, 0.00, 'retail', 0, '2025-08-04 07:15:43', '2025-08-04 07:15:43', 'customer', 'active'),
(87, 9, 45, 1, 'ام محمد السيسي', 'ام محمد السيسي', NULL, 0.00, 'retail', 0, '2025-08-04 07:16:24', '2025-08-04 07:16:24', 'customer', 'active'),
(88, 10, 45, 1, 'ام محمد السيسي', 'ام محمد السيسي', NULL, 0.00, 'retail', 0, '2025-08-04 07:16:24', '2025-08-04 07:16:24', 'customer', 'active'),
(89, 2, 45, 1, 'ام محمد السيسي', 'ام محمد السيسي', NULL, 0.00, 'retail', 0, '2025-08-04 07:16:24', '2025-08-04 07:16:24', 'customer', 'active'),
(90, 2, 70, 5, 'ابواميمه', 'محمود محمد عبدالمعبود', NULL, -12663.00, 'retail', 0, '2025-08-16 21:49:16', '2025-08-16 21:49:16', 'customer', 'active'),
(91, 12, 5, 1, 'ابو ندي', 'وائل محمد احمد', NULL, 0.00, 'retail', 0, '2025-09-16 09:22:48', '2025-09-22 20:06:05', 'customer', 'active'),
(92, 12, 71, 5, 'شمس', 'عبدالكريم شمس', NULL, 0.00, 'retail', 0, '2025-09-16 09:47:10', '2025-09-16 09:47:10', 'customer', 'active'),
(93, 2, 72, 5, 'ابورباح', 'محمد حسين رباح', NULL, 0.00, 'retail', 0, '2025-09-18 18:39:25', '2025-09-18 18:39:25', 'customer', 'active'),
(94, 2, 73, 5, 'الرفاعي', 'محمد صلاح الرفاعي', NULL, -20955.58, 'retail', 0, '2025-10-08 15:53:01', '2025-10-08 15:53:01', 'customer', 'active'),
(95, 2, 74, 5, 'عمي احمدي', 'احمد احمد عبد المعبود', NULL, -1662.58, 'retail', 0, '2025-10-12 18:43:08', '2025-10-12 18:43:08', 'customer', 'active'),
(103, 13, 6, 6, NULL, NULL, NULL, 0.00, 'retail', 0, '2025-11-02 20:10:09', '2025-11-02 20:10:09', 'customer', 'active'),
(104, 13, 85, 6, 'تيست', 'مستخدم تيست', NULL, 0.00, 'retail', 0, '2025-11-02 20:13:07', '2025-11-02 20:17:32', 'customer', 'active'),
(105, 2, 35, 5, 'اخت هويدا', 'اخت هويدا اخت وجدي', NULL, -5640.50, 'retail', 0, '2025-12-03 21:04:11', '2025-12-07 21:27:42', 'customer', 'active'),
(106, 2, 86, 5, 'ام فتحي', 'ام فتحي الكوثر', NULL, -7722.83, 'retail', 0, '2025-12-03 21:08:01', '2025-12-03 21:08:01', 'customer', 'active'),
(107, 2, 87, 5, 'الترزي', 'ام السيد الترزي', NULL, -3676.00, 'retail', 0, '2025-12-04 19:01:51', '2025-12-04 19:01:51', 'customer', 'active'),
(108, 2, 88, 5, 'ام ياسمين السيسي', 'ام ياسمين السيسي', NULL, 0.00, 'retail', 0, '2025-12-14 20:31:03', '2025-12-14 20:31:43', 'customer', 'active'),
(109, 2, 89, 5, 'ام السيد نجاتي', 'ام السيدنجات', NULL, 0.00, 'retail', 0, '2026-01-11 13:01:01', '2026-01-11 13:01:01', 'customer', 'active'),
(110, 2, 90, 5, 'ام حبيبه الترزي', 'السيد الترزي', NULL, 0.00, 'retail', 0, '2026-01-30 19:49:48', '2026-01-30 19:49:48', 'customer', 'active'),
(111, 10, 91, 5, 'مكتبه العمله', 'اسماعيل مكتبه العمله', NULL, 0.00, 'retail', 0, '2026-02-01 07:24:19', '2026-02-01 07:24:19', 'customer', 'active'),
(112, 2, 92, 5, 'خلود مصطفي', 'خلود مصطفي', NULL, 0.00, 'retail', 0, '2026-02-01 13:22:28', '2026-02-01 13:22:28', 'customer', 'active'),
(113, 10, 93, 1, 'ابو حبيبة تيست', 'هشام محمد احمد تيست', NULL, 0.00, 'retail', 0, '2026-02-10 09:18:59', '2026-02-10 09:18:59', 'customer', 'active'),
(114, 13, 93, 1, 'ابو حبيبة تيست', 'هشام محمد احمد تيست', NULL, 0.00, 'retail', 0, '2026-02-10 09:18:59', '2026-02-10 09:18:59', 'customer', 'active');

-- --------------------------------------------------------

--
-- بنية الجدول `daily_sales_summary`
--

CREATE TABLE `daily_sales_summary` (
  `id` bigint(20) UNSIGNED NOT NULL,
  `date` date NOT NULL,
  `company_id` bigint(20) UNSIGNED NOT NULL,
  `total_revenue` decimal(15,2) NOT NULL DEFAULT 0.00 COMMENT 'إجمالي الإيرادات',
  `sales_count` int(11) NOT NULL DEFAULT 0 COMMENT 'عدد المبيعات',
  `total_cogs` decimal(15,2) NOT NULL DEFAULT 0.00 COMMENT 'تكلفة البضاعة المباعة',
  `total_expenses` decimal(15,2) NOT NULL DEFAULT 0.00 COMMENT 'إجمالي المصاريف التشغيلية',
  `gross_profit` decimal(15,2) NOT NULL DEFAULT 0.00 COMMENT 'الربح الإجمالي (Revenue - COGS)',
  `net_profit` decimal(15,2) NOT NULL DEFAULT 0.00 COMMENT 'صافي الربح',
  `created_at` timestamp NULL DEFAULT NULL,
  `updated_at` timestamp NULL DEFAULT NULL
) ENGINE=InnoDB DEFAULT CHARSET=utf8mb4 COLLATE=utf8mb4_unicode_ci;

--
-- إرجاع أو استيراد بيانات الجدول `daily_sales_summary`
--

INSERT INTO `daily_sales_summary` (`id`, `date`, `company_id`, `total_revenue`, `sales_count`, `total_cogs`, `total_expenses`, `gross_profit`, `net_profit`, `created_at`, `updated_at`) VALUES
(1, '2025-07-10', 2, 3000.00, 1, 0.00, 0.00, 3000.00, 3000.00, '2026-02-05 05:34:22', '2026-02-05 05:34:22'),
(2, '2025-07-11', 2, 40100.00, 6, 17000.00, 0.00, 23100.00, 23100.00, '2026-02-05 05:34:22', '2026-02-11 23:16:38'),
(3, '2025-07-12', 10, 35.00, 1, 31.00, 0.00, 4.00, 4.00, '2026-02-05 05:34:22', '2026-02-05 05:34:22'),
(4, '2025-07-19', 3, 1000.00, 1, 4960.00, 0.00, -3960.00, -3960.00, '2026-02-05 05:34:22', '2026-02-05 05:34:22'),
(5, '2025-07-22', 3, 4000.00, 1, 4900.00, 0.00, -900.00, -900.00, '2026-02-05 05:34:22', '2026-02-05 05:34:22'),
(6, '2025-07-23', 3, 8000.00, 1, 9800.00, 0.00, -1800.00, -1800.00, '2026-02-05 05:34:22', '2026-02-05 05:34:22'),
(7, '2025-07-29', 3, 4000.00, 1, 4900.00, 0.00, -900.00, -900.00, '2026-02-05 05:34:22', '2026-02-05 05:34:22'),
(8, '2025-07-30', 2, 29300.00, 4, 17399.00, 0.00, 11901.00, 11901.00, '2026-02-05 05:34:22', '2026-02-11 23:16:38'),
(9, '2025-08-11', 2, 3000.00, 1, 0.00, 0.00, 3000.00, 3000.00, '2026-02-05 05:34:22', '2026-02-05 05:34:22'),
(10, '2025-08-26', 2, 16600.00, 1, 13000.00, 0.00, 3600.00, 3600.00, '2026-02-05 05:34:22', '2026-02-05 05:34:22'),
(11, '2025-09-22', 12, 41970.00, 3, 41970.00, 0.00, 0.00, 0.00, '2026-02-05 05:34:22', '2026-02-05 05:34:22'),
(12, '2025-10-03', 2, 2800.00, 1, 2710.00, 0.00, 90.00, 90.00, '2026-02-05 05:34:22', '2026-02-05 05:34:22'),
(13, '2025-10-12', 2, 3250.00, 1, 0.00, 0.00, 3250.00, 3250.00, '2026-02-05 05:34:22', '2026-02-05 05:34:22'),
(14, '2025-10-20', 2, 15850.00, 1, 14450.00, 0.00, 1400.00, 1400.00, '2026-02-05 05:34:22', '2026-02-05 05:34:22'),
(15, '2025-12-04', 2, 23700.00, 7, 5100.00, 0.00, 18600.00, 18600.00, '2026-02-05 05:34:22', '2026-02-11 23:16:38'),
(16, '2025-12-07', 2, 36700.00, 8, 10800.00, 0.00, 25900.00, 25900.00, '2026-02-05 05:34:22', '2026-02-11 23:16:38'),
(17, '2025-12-08', 2, 65730.00, 2, 32000.00, 0.00, 33730.00, 33730.00, '2026-02-05 05:34:22', '2026-02-11 23:16:38'),
(18, '2026-01-04', 2, 2000.00, 1, 1590.00, 0.00, 410.00, 410.00, '2026-02-05 05:34:22', '2026-02-05 05:34:22'),
(19, '2026-01-05', 2, 3200.00, 1, 2630.00, 0.00, 570.00, 570.00, '2026-02-05 05:34:22', '2026-02-05 05:34:22'),
(20, '2026-01-06', 2, 1300.00, 1, 1100.00, 0.00, 200.00, 200.00, '2026-02-05 05:34:22', '2026-02-05 05:34:22'),
(21, '2026-01-13', 2, 8500.00, 1, 8100.00, 0.00, 400.00, 400.00, '2026-02-05 05:34:22', '2026-02-05 05:34:22'),
(22, '2026-01-29', 2, 3200.00, 1, 2800.00, 0.00, 400.00, 400.00, '2026-02-05 05:34:22', '2026-02-05 05:34:22'),
(23, '2025-07-16', 3, 3000.00, 2, 0.00, 0.00, 3000.00, 3000.00, '2026-02-11 23:16:38', '2026-02-11 23:16:38'),
(24, '2025-07-17', 3, 12000.00, 12, 0.00, 0.00, 12000.00, 12000.00, '2026-02-11 23:16:38', '2026-02-11 23:16:38'),
(25, '2025-07-17', 2, 4900.00, 1, 0.00, 0.00, 4900.00, 4900.00, '2026-02-11 23:16:38', '2026-02-11 23:16:38'),
(26, '2025-07-18', 2, 4900.00, 1, 0.00, 0.00, 4900.00, 4900.00, '2026-02-11 23:16:38', '2026-02-11 23:16:38'),
(27, '2025-07-22', 2, 9000.00, 3, 0.00, 0.00, 9000.00, 9000.00, '2026-02-11 23:16:38', '2026-02-11 23:16:38'),
(28, '2025-07-24', 2, 2300.00, 1, 0.00, 0.00, 2300.00, 2300.00, '2026-02-11 23:16:38', '2026-02-11 23:16:38'),
(29, '2025-08-16', 2, 19400.00, 2, 0.00, 0.00, 19400.00, 19400.00, '2026-02-11 23:16:38', '2026-02-11 23:16:38'),
(30, '2025-09-15', 9, 3975.00, 1, 0.00, 0.00, 3975.00, 3975.00, '2026-02-11 23:16:38', '2026-02-11 23:16:38'),
(31, '2025-09-16', 2, 15850.00, 1, 0.00, 0.00, 15850.00, 15850.00, '2026-02-11 23:16:38', '2026-02-11 23:16:38'),
(32, '2025-09-22', 2, 15850.00, 1, 0.00, 0.00, 15850.00, 15850.00, '2026-02-11 23:16:38', '2026-02-11 23:16:38'),
(33, '2026-01-11', 2, 19000.00, 1, 0.00, 0.00, 19000.00, 19000.00, '2026-02-11 23:16:38', '2026-02-11 23:16:38');

-- --------------------------------------------------------

--
-- بنية الجدول `digital_product_deliveries`
--

CREATE TABLE `digital_product_deliveries` (
  `id` bigint(20) UNSIGNED NOT NULL,
  `invoice_item_id` bigint(20) UNSIGNED NOT NULL,
  `product_id` bigint(20) UNSIGNED NOT NULL,
  `user_id` bigint(20) UNSIGNED NOT NULL,
  `delivery_type` enum('license_key','download_link','account_credentials','code','other') NOT NULL,
  `delivery_data` longtext CHARACTER SET utf8mb4 COLLATE utf8mb4_bin DEFAULT NULL CHECK (json_valid(`delivery_data`)),
  `status` enum('pending','delivered','activated','expired','revoked') NOT NULL DEFAULT 'pending',
  `delivered_at` datetime DEFAULT NULL,
  `activated_at` datetime DEFAULT NULL,
  `expires_at` datetime DEFAULT NULL,
  `download_count` int(11) NOT NULL DEFAULT 0,
  `last_downloaded_at` datetime DEFAULT NULL,
  `activation_count` int(11) NOT NULL DEFAULT 0,
  `last_activated_at` datetime DEFAULT NULL,
  `notes` text DEFAULT NULL,
  `company_id` bigint(20) UNSIGNED NOT NULL,
  `created_by` bigint(20) UNSIGNED DEFAULT NULL,
  `updated_by` bigint(20) UNSIGNED DEFAULT NULL,
  `created_at` timestamp NULL DEFAULT NULL,
  `updated_at` timestamp NULL DEFAULT NULL,
  `deleted_at` timestamp NULL DEFAULT NULL
) ENGINE=InnoDB DEFAULT CHARSET=utf8mb4 COLLATE=utf8mb4_unicode_ci;

-- --------------------------------------------------------

--
-- بنية الجدول `error_reports`
--

CREATE TABLE `error_reports` (
  `id` bigint(20) UNSIGNED NOT NULL,
  `user_id` bigint(20) UNSIGNED DEFAULT NULL,
  `company_id` bigint(20) UNSIGNED DEFAULT NULL,
  `type` varchar(255) NOT NULL DEFAULT 'error',
  `message` text NOT NULL,
  `stack_trace` longtext DEFAULT NULL,
  `url` varchar(255) DEFAULT NULL,
  `browser` varchar(255) DEFAULT NULL,
  `os` varchar(255) DEFAULT NULL,
  `user_notes` text DEFAULT NULL,
  `payload` longtext CHARACTER SET utf8mb4 COLLATE utf8mb4_bin DEFAULT NULL CHECK (json_valid(`payload`)),
  `screenshot_url` varchar(255) DEFAULT NULL,
  `status` varchar(255) NOT NULL DEFAULT 'pending',
  `severity` varchar(255) NOT NULL DEFAULT 'medium',
  `created_at` timestamp NULL DEFAULT NULL,
  `updated_at` timestamp NULL DEFAULT NULL
) ENGINE=InnoDB DEFAULT CHARSET=utf8mb4 COLLATE=utf8mb4_unicode_ci;

--
-- إرجاع أو استيراد بيانات الجدول `error_reports`
--

INSERT INTO `error_reports` (`id`, `user_id`, `company_id`, `type`, `message`, `stack_trace`, `url`, `browser`, `os`, `user_notes`, `payload`, `screenshot_url`, `status`, `severity`, `created_at`, `updated_at`) VALUES
(1, NULL, NULL, 'server_error', 'Request failed with status code 500', 'AxiosError: Request failed with status code 500\r\n    at yt (https://bill.hwnix.com/assets/vendor-utils-B6ljUJY8.js:3:1026)\r\n    at XMLHttpRequest.C (https://bill.hwnix.com/assets/vendor-utils-B6ljUJY8.js:3:5606)\r\n    at Q.request (https://bill.hwnix.com/assets/vendor-utils-B6ljUJY8.js:5:2046)\r\n    at async u.update (https://bill.hwnix.com/assets/task-group.service-D0gfjflC.js:1:739)\r\n    at async Proxy.F (https://bill.hwnix.com/assets/user.store-CkW1eNHl.js:1:1706)\r\n    at async handleSave (https://bill.hwnix.com/assets/UserList-BgC37Ohq.js:1:10199)', 'https://bill.hwnix.com/app/users?page=1&per_page=10&sort_by=created_at&sort_order=desc&search=%D9%86%D8%AF', 'Chrome 144', 'Linux', NULL, '{\"timestamp\":\"2026-02-05T07:11:37.167Z\",\"timezone\":\"Africa\\/Cairo\",\"locale\":\"ar\",\"route\":\"\\/app\\/users\",\"screen\":{\"width\":980,\"height\":1805},\"request\":{\"method\":\"PUT\",\"url\":\"users\\/5\",\"data\":\"{\\\"roles\\\":[\\\"\\u0627\\u062f\\u0627\\u0631\\u0629 \\u0633\\u062c\\u0644\\u0627\\u062a\\u0647 \\u0641\\u0642\\u0637\\\"],\\\"permissions\\\":[\\\"admin.company\\\"]}\"},\"status\":500,\"code\":\"ERR_BAD_RESPONSE\",\"serverMessage\":\"\\u062e\\u0637\\u0623 \\u0641\\u064a \\u062c\\u0644\\u0628 \\u0627\\u0644\\u0628\\u064a\\u0627\\u0646\\u0627\\u062a\",\"user_id\":1,\"username\":\"system_owner\"}', NULL, 'pending', 'medium', '2026-02-05 07:12:32', '2026-02-05 07:12:32'),
(2, NULL, NULL, 'bad_request', 'Request failed with status code 400', 'AxiosError: Request failed with status code 400\r\n    at yt (https://bill.hwnix.com/assets/vendor-utils-B6ljUJY8.js:3:1026)\r\n    at XMLHttpRequest.C (https://bill.hwnix.com/assets/vendor-utils-B6ljUJY8.js:3:5606)\r\n    at Q.request (https://bill.hwnix.com/assets/vendor-utils-B6ljUJY8.js:5:2046)\r\n    at async Proxy.u (https://bill.hwnix.com/assets/index-X50w0k6x.js:52:4516)\r\n    at async Proxy.handleSwitch (https://bill.hwnix.com/assets/MainLayout-CIv_68_6.js:2:2544)', 'https://bill.hwnix.com/app/admin/dashboard', 'Chrome 144', 'Android', NULL, '{\"timestamp\":\"2026-02-05T08:55:12.064Z\",\"timezone\":\"Africa\\/Cairo\",\"locale\":\"ar\",\"route\":\"\\/app\\/admin\\/dashboard\",\"screen\":{\"width\":360,\"height\":664},\"request\":{\"method\":\"PUT\",\"url\":\"change-company\\/5\",\"data\":\"{\\\"company_id\\\":10}\"},\"status\":400,\"code\":\"ERR_BAD_REQUEST\",\"serverMessage\":\"\\u0627\\u0644\\u0645\\u0633\\u062a\\u062e\\u062f\\u0645 \\u063a\\u064a\\u0631 \\u0645\\u0631\\u062a\\u0628\\u0637 \\u0628\\u0627\\u0644\\u0634\\u0631\\u0643\\u0629 \\u0627\\u0644\\u0645\\u062d\\u062f\\u062f\\u0629.\",\"user_id\":5,\"username\":null}', NULL, 'pending', 'medium', '2026-02-05 08:55:17', '2026-02-05 08:55:17'),
(3, NULL, NULL, 'bad_request', 'Request failed with status code 400', 'AxiosError: Request failed with status code 400\r\n    at yt (https://bill.hwnix.com/assets/vendor-utils-B6ljUJY8.js:3:1026)\r\n    at XMLHttpRequest.C (https://bill.hwnix.com/assets/vendor-utils-B6ljUJY8.js:3:5606)\r\n    at Q.request (https://bill.hwnix.com/assets/vendor-utils-B6ljUJY8.js:5:2046)\r\n    at async Proxy.u (https://bill.hwnix.com/assets/index-X50w0k6x.js:52:4516)\r\n    at async Proxy.handleSwitch (https://bill.hwnix.com/assets/MainLayout-CIv_68_6.js:2:2544)', 'https://bill.hwnix.com/app/admin/dashboard', 'Chrome 144', 'Android', NULL, '{\"timestamp\":\"2026-02-05T08:57:02.820Z\",\"timezone\":\"Africa\\/Cairo\",\"locale\":\"ar\",\"route\":\"\\/app\\/admin\\/dashboard\",\"screen\":{\"width\":360,\"height\":664},\"request\":{\"method\":\"PUT\",\"url\":\"change-company\\/5\",\"data\":\"{\\\"company_id\\\":10}\"},\"status\":400,\"code\":\"ERR_BAD_REQUEST\",\"serverMessage\":\"\\u0627\\u0644\\u0645\\u0633\\u062a\\u062e\\u062f\\u0645 \\u063a\\u064a\\u0631 \\u0645\\u0631\\u062a\\u0628\\u0637 \\u0628\\u0627\\u0644\\u0634\\u0631\\u0643\\u0629 \\u0627\\u0644\\u0645\\u062d\\u062f\\u062f\\u0629.\",\"user_id\":5,\"username\":null}', NULL, 'pending', 'medium', '2026-02-05 08:57:08', '2026-02-05 08:57:08'),
(4, NULL, NULL, 'server_error', 'Request failed with status code 404', 'AxiosError: Request failed with status code 404\r\n    at yt (https://bill.hwnix.com/assets/vendor-utils-BpeNd0Wx.js:3:1026)\r\n    at XMLHttpRequest.C (https://bill.hwnix.com/assets/vendor-utils-BpeNd0Wx.js:3:5606)\r\n    at Q.request (https://bill.hwnix.com/assets/vendor-utils-BpeNd0Wx.js:5:2046)\r\n    at async u.getOne (https://bill.hwnix.com/assets/base.service-E2sMvaoB.js:1:1377)\r\n    at async Proxy.A (https://bill.hwnix.com/assets/user.store-D02c9yf_.js:1:1321)\r\n    at async loadUser (https://bill.hwnix.com/assets/useUser-NBMAYyWb.js:1:814)\r\n    at async k (https://bill.hwnix.com/assets/UserView-CEm0jt6L.js:1:2317)', 'https://bill.hwnix.com/app/users/93', 'Chrome 144', 'Linux', NULL, '{\"timestamp\":\"2026-02-05T11:13:45.624Z\",\"timezone\":\"Africa\\/Cairo\",\"locale\":\"ar\",\"route\":\"\\/app\\/users\\/93\",\"screen\":{\"width\":980,\"height\":1805},\"request\":{\"method\":\"GET\",\"url\":\"users\\/93\"},\"status\":404,\"code\":\"ERR_BAD_REQUEST\",\"serverMessage\":\"No query results for model [App\\\\Models\\\\User] 93\",\"user_id\":1,\"username\":\"system_owner\"}', NULL, 'pending', 'medium', '2026-02-05 11:14:02', '2026-02-05 11:14:02'),
(5, NULL, NULL, 'server_error', 'Request failed with status code 500', 'AxiosError: Request failed with status code 500\r\n    at yt (https://bill.hwnix.com/assets/vendor-utils-BpeNd0Wx.js:3:1026)\r\n    at XMLHttpRequest.C (https://bill.hwnix.com/assets/vendor-utils-BpeNd0Wx.js:3:5606)\r\n    at Q.request (https://bill.hwnix.com/assets/vendor-utils-BpeNd0Wx.js:5:2046)\r\n    at async y.getPaymentDetails (https://bill.hwnix.com/assets/subscription.service-y993afwr.js:1:3973)\r\n    at async $ (https://bill.hwnix.com/assets/InstallmentPlanView-OJzTZ4Ef.js:1:3737)', 'https://bill.hwnix.com/app/installment-plans/1', 'Chrome 144', 'Android', NULL, '{\"timestamp\":\"2026-02-05T13:07:41.620Z\",\"timezone\":\"Africa\\/Cairo\",\"locale\":\"ar\",\"route\":\"\\/app\\/installment-plans\\/1\",\"screen\":{\"width\":360,\"height\":664},\"request\":{\"method\":\"GET\",\"url\":\"installment-payment-details\",\"params\":{\"installment_id\":1}},\"status\":500,\"code\":\"ERR_BAD_RESPONSE\",\"serverMessage\":\"\\u062e\\u0637\\u0623 \\u0641\\u064a \\u062c\\u0644\\u0628 \\u0627\\u0644\\u0628\\u064a\\u0627\\u0646\\u0627\\u062a\",\"user_id\":5,\"username\":null}', NULL, 'pending', 'medium', '2026-02-05 13:07:46', '2026-02-05 13:07:46'),
(6, NULL, NULL, 'server_error', 'Request failed with status code 500', 'AxiosError: Request failed with status code 500\r\n    at vt (https://bill.hwnix.com/assets/vendor-utils-IhGEt4lQ.js:3:1026)\r\n    at XMLHttpRequest.C (https://bill.hwnix.com/assets/vendor-utils-IhGEt4lQ.js:3:5606)\r\n    at re.request (https://bill.hwnix.com/assets/vendor-utils-IhGEt4lQ.js:5:2047)\r\n    at async Object.get (https://bill.hwnix.com/assets/useApi-BaRLzbD5.js:1:464)\r\n    at async a (https://bill.hwnix.com/assets/InvoiceList-D2SyWYIz.js:1:12182)\r\n    at async i (https://bill.hwnix.com/assets/useDataTable-DSQrldMe.js:1:1257)', 'https://bill.hwnix.com/app/invoices', 'Chrome 144', 'Android', NULL, '{\"timestamp\":\"2026-02-12T11:16:12.590Z\",\"timezone\":\"Africa\\/Cairo\",\"locale\":\"ar\",\"route\":\"\\/app\\/invoices\",\"screen\":{\"width\":360,\"height\":664},\"request\":{\"method\":\"GET\",\"url\":\"invoices\",\"params\":{\"page\":1,\"per_page\":10,\"sort_by\":\"id\",\"sort_order\":\"desc\"}},\"status\":500,\"code\":\"ERR_BAD_RESPONSE\",\"serverMessage\":\"\\u062e\\u0637\\u0623 \\u0641\\u064a \\u062c\\u0644\\u0628 \\u0627\\u0644\\u0628\\u064a\\u0627\\u0646\\u0627\\u062a\",\"serverResponse\":{\"status\":false,\"message\":\"\\u062e\\u0637\\u0623 \\u0641\\u064a \\u062c\\u0644\\u0628 \\u0627\\u0644\\u0628\\u064a\\u0627\\u0646\\u0627\\u062a\",\"error\":\"Call to undefined relationship [cashBoxDefault] on model [App\\\\Models\\\\User].\",\"exception\":\"Illuminate\\\\Database\\\\Eloquent\\\\RelationNotFoundException\",\"file\":\"\\/home\\/u715355537\\/domains\\/hwnix.com\\/public_html\\/bill-api\\/vendor\\/laravel\\/framework\\/src\\/Illuminate\\/Database\\/Eloquent\\/RelationNotFoundException.php\",\"line\":35,\"trace\":[]},\"user_id\":5,\"username\":null}', NULL, 'pending', 'medium', '2026-02-12 11:16:17', '2026-02-12 11:16:17'),
(7, NULL, NULL, 'server_error', 'Request failed with status code 500', 'AxiosError: Request failed with status code 500\r\n    at vt (https://bill.hwnix.com/assets/vendor-utils-IhGEt4lQ.js:3:1026)\r\n    at XMLHttpRequest.C (https://bill.hwnix.com/assets/vendor-utils-IhGEt4lQ.js:3:5606)\r\n    at re.request (https://bill.hwnix.com/assets/vendor-utils-IhGEt4lQ.js:5:2047)\r\n    at async Object.get (https://bill.hwnix.com/assets/useApi-DAl-wjjS.js:1:464)\r\n    at async a (https://bill.hwnix.com/assets/InvoiceList-DmDXchxs.js:1:12182)\r\n    at async i (https://bill.hwnix.com/assets/useDataTable-DSQrldMe.js:1:1257)', 'https://bill.hwnix.com/app/invoices', 'Chrome 144', 'Android', NULL, '{\"timestamp\":\"2026-02-12T12:33:15.319Z\",\"timezone\":\"Africa\\/Cairo\",\"locale\":\"ar\",\"route\":\"\\/app\\/invoices\",\"screen\":{\"width\":360,\"height\":711},\"request\":{\"method\":\"GET\",\"url\":\"invoices\",\"params\":{\"page\":1,\"per_page\":10,\"sort_by\":\"id\",\"sort_order\":\"desc\"}},\"status\":500,\"code\":\"ERR_BAD_RESPONSE\",\"serverMessage\":\"\\u062e\\u0637\\u0623 \\u0641\\u064a \\u062c\\u0644\\u0628 \\u0627\\u0644\\u0628\\u064a\\u0627\\u0646\\u0627\\u062a\",\"serverResponse\":{\"status\":false,\"message\":\"\\u062e\\u0637\\u0623 \\u0641\\u064a \\u062c\\u0644\\u0628 \\u0627\\u0644\\u0628\\u064a\\u0627\\u0646\\u0627\\u062a\",\"error\":\"Call to undefined relationship [cashBoxDefault] on model [App\\\\Models\\\\User].\",\"exception\":\"Illuminate\\\\Database\\\\Eloquent\\\\RelationNotFoundException\",\"file\":\"\\/home\\/u715355537\\/domains\\/hwnix.com\\/public_html\\/bill-api\\/vendor\\/laravel\\/framework\\/src\\/Illuminate\\/Database\\/Eloquent\\/RelationNotFoundException.php\",\"line\":35,\"trace\":[]},\"user_id\":1,\"username\":\"system_owner\"}', NULL, 'pending', 'medium', '2026-02-12 12:33:20', '2026-02-12 12:33:20');

-- --------------------------------------------------------

--
-- بنية الجدول `expenses`
--

CREATE TABLE `expenses` (
  `id` bigint(20) UNSIGNED NOT NULL,
  `expense_category_id` bigint(20) UNSIGNED NOT NULL,
  `amount` decimal(15,2) NOT NULL,
  `expense_date` date NOT NULL,
  `payment_method` varchar(255) NOT NULL DEFAULT 'cash',
  `cash_box_id` bigint(20) UNSIGNED DEFAULT NULL,
  `reference_number` varchar(255) DEFAULT NULL,
  `notes` text DEFAULT NULL,
  `company_id` bigint(20) UNSIGNED NOT NULL,
  `created_by` bigint(20) UNSIGNED DEFAULT NULL,
  `updated_by` bigint(20) UNSIGNED DEFAULT NULL,
  `deleted_at` timestamp NULL DEFAULT NULL,
  `created_at` timestamp NULL DEFAULT NULL,
  `updated_at` timestamp NULL DEFAULT NULL
) ENGINE=InnoDB DEFAULT CHARSET=utf8mb4 COLLATE=utf8mb4_unicode_ci;

-- --------------------------------------------------------

--
-- بنية الجدول `expense_categories`
--

CREATE TABLE `expense_categories` (
  `id` bigint(20) UNSIGNED NOT NULL,
  `name` varchar(255) NOT NULL COMMENT 'اسم التصنيف مثل: إيجار، رواتب، كهرباء',
  `code` varchar(255) DEFAULT NULL COMMENT 'كود نظامي اختياري',
  `description` text DEFAULT NULL,
  `company_id` bigint(20) UNSIGNED NOT NULL,
  `created_by` bigint(20) UNSIGNED DEFAULT NULL,
  `updated_by` bigint(20) UNSIGNED DEFAULT NULL,
  `deleted_at` timestamp NULL DEFAULT NULL,
  `created_at` timestamp NULL DEFAULT NULL,
  `updated_at` timestamp NULL DEFAULT NULL
) ENGINE=InnoDB DEFAULT CHARSET=utf8mb4 COLLATE=utf8mb4_unicode_ci;

--
-- إرجاع أو استيراد بيانات الجدول `expense_categories`
--

INSERT INTO `expense_categories` (`id`, `name`, `code`, `description`, `company_id`, `created_by`, `updated_by`, `deleted_at`, `created_at`, `updated_at`) VALUES
(1, 'إيجار', 'RENT', NULL, 1, NULL, NULL, NULL, '2026-02-07 09:58:18', '2026-02-07 09:58:18'),
(2, 'رواتب وأجور', 'SALARIES', NULL, 1, NULL, NULL, NULL, '2026-02-07 09:58:18', '2026-02-07 09:58:18'),
(3, 'كهرباء ومياه', 'UTILITIES', NULL, 1, NULL, NULL, NULL, '2026-02-07 09:58:18', '2026-02-07 09:58:18'),
(4, 'صيانة وإصلاحات', 'MAINTENANCE', NULL, 1, NULL, NULL, NULL, '2026-02-07 09:58:18', '2026-02-07 09:58:18'),
(5, 'دعاية وإعلان', 'MARKETING', NULL, 1, NULL, NULL, NULL, '2026-02-07 09:58:18', '2026-02-07 09:58:18'),
(6, 'مصاريف بنكية', 'BANK_FEES', NULL, 1, NULL, NULL, NULL, '2026-02-07 09:58:18', '2026-02-07 09:58:18'),
(7, 'أدوات مكتبية', 'OFFICE_SUPPLIES', NULL, 1, NULL, NULL, NULL, '2026-02-07 09:58:18', '2026-02-07 09:58:18'),
(8, 'نثرية ومصاريف أخرى', 'MISC', NULL, 1, NULL, NULL, NULL, '2026-02-07 09:58:18', '2026-02-07 09:58:18'),
(9, 'إيجار', 'RENT', NULL, 2, NULL, NULL, NULL, '2026-02-07 09:58:18', '2026-02-07 09:58:18'),
(10, 'رواتب وأجور', 'SALARIES', NULL, 2, NULL, NULL, NULL, '2026-02-07 09:58:18', '2026-02-07 09:58:18'),
(11, 'كهرباء ومياه', 'UTILITIES', NULL, 2, NULL, NULL, NULL, '2026-02-07 09:58:18', '2026-02-07 09:58:18'),
(12, 'صيانة وإصلاحات', 'MAINTENANCE', NULL, 2, NULL, NULL, NULL, '2026-02-07 09:58:18', '2026-02-07 09:58:18'),
(13, 'دعاية وإعلان', 'MARKETING', NULL, 2, NULL, NULL, NULL, '2026-02-07 09:58:18', '2026-02-07 09:58:18'),
(14, 'مصاريف بنكية', 'BANK_FEES', NULL, 2, NULL, NULL, NULL, '2026-02-07 09:58:18', '2026-02-07 09:58:18'),
(15, 'أدوات مكتبية', 'OFFICE_SUPPLIES', NULL, 2, NULL, NULL, NULL, '2026-02-07 09:58:18', '2026-02-07 09:58:18'),
(16, 'نثرية ومصاريف أخرى', 'MISC', NULL, 2, NULL, NULL, NULL, '2026-02-07 09:58:18', '2026-02-07 09:58:18'),
(17, 'إيجار', 'RENT', NULL, 3, NULL, NULL, NULL, '2026-02-07 09:58:18', '2026-02-07 09:58:18'),
(18, 'رواتب وأجور', 'SALARIES', NULL, 3, NULL, NULL, NULL, '2026-02-07 09:58:18', '2026-02-07 09:58:18'),
(19, 'كهرباء ومياه', 'UTILITIES', NULL, 3, NULL, NULL, NULL, '2026-02-07 09:58:18', '2026-02-07 09:58:18'),
(20, 'صيانة وإصلاحات', 'MAINTENANCE', NULL, 3, NULL, NULL, NULL, '2026-02-07 09:58:18', '2026-02-07 09:58:18'),
(21, 'دعاية وإعلان', 'MARKETING', NULL, 3, NULL, NULL, NULL, '2026-02-07 09:58:18', '2026-02-07 09:58:18'),
(22, 'مصاريف بنكية', 'BANK_FEES', NULL, 3, NULL, NULL, NULL, '2026-02-07 09:58:18', '2026-02-07 09:58:18'),
(23, 'أدوات مكتبية', 'OFFICE_SUPPLIES', NULL, 3, NULL, NULL, NULL, '2026-02-07 09:58:18', '2026-02-07 09:58:18'),
(24, 'نثرية ومصاريف أخرى', 'MISC', NULL, 3, NULL, NULL, NULL, '2026-02-07 09:58:18', '2026-02-07 09:58:18'),
(25, 'إيجار', 'RENT', NULL, 9, NULL, NULL, NULL, '2026-02-07 09:58:18', '2026-02-07 09:58:18'),
(26, 'رواتب وأجور', 'SALARIES', NULL, 9, NULL, NULL, NULL, '2026-02-07 09:58:18', '2026-02-07 09:58:18'),
(27, 'كهرباء ومياه', 'UTILITIES', NULL, 9, NULL, NULL, NULL, '2026-02-07 09:58:18', '2026-02-07 09:58:18'),
(28, 'صيانة وإصلاحات', 'MAINTENANCE', NULL, 9, NULL, NULL, NULL, '2026-02-07 09:58:18', '2026-02-07 09:58:18'),
(29, 'دعاية وإعلان', 'MARKETING', NULL, 9, NULL, NULL, NULL, '2026-02-07 09:58:18', '2026-02-07 09:58:18'),
(30, 'مصاريف بنكية', 'BANK_FEES', NULL, 9, NULL, NULL, NULL, '2026-02-07 09:58:18', '2026-02-07 09:58:18'),
(31, 'أدوات مكتبية', 'OFFICE_SUPPLIES', NULL, 9, NULL, NULL, NULL, '2026-02-07 09:58:18', '2026-02-07 09:58:18'),
(32, 'نثرية ومصاريف أخرى', 'MISC', NULL, 9, NULL, NULL, NULL, '2026-02-07 09:58:18', '2026-02-07 09:58:18'),
(33, 'إيجار', 'RENT', NULL, 10, NULL, NULL, NULL, '2026-02-07 09:58:18', '2026-02-07 09:58:18'),
(34, 'رواتب وأجور', 'SALARIES', NULL, 10, NULL, NULL, NULL, '2026-02-07 09:58:18', '2026-02-07 09:58:18'),
(35, 'كهرباء ومياه', 'UTILITIES', NULL, 10, NULL, NULL, NULL, '2026-02-07 09:58:18', '2026-02-07 09:58:18'),
(36, 'صيانة وإصلاحات', 'MAINTENANCE', NULL, 10, NULL, NULL, NULL, '2026-02-07 09:58:18', '2026-02-07 09:58:18'),
(37, 'دعاية وإعلان', 'MARKETING', NULL, 10, NULL, NULL, NULL, '2026-02-07 09:58:18', '2026-02-07 09:58:18'),
(38, 'مصاريف بنكية', 'BANK_FEES', NULL, 10, NULL, NULL, NULL, '2026-02-07 09:58:18', '2026-02-07 09:58:18'),
(39, 'أدوات مكتبية', 'OFFICE_SUPPLIES', NULL, 10, NULL, NULL, NULL, '2026-02-07 09:58:18', '2026-02-07 09:58:18'),
(40, 'نثرية ومصاريف أخرى', 'MISC', NULL, 10, NULL, NULL, NULL, '2026-02-07 09:58:18', '2026-02-07 09:58:18'),
(41, 'إيجار', 'RENT', NULL, 12, NULL, NULL, NULL, '2026-02-07 09:58:18', '2026-02-07 09:58:18'),
(42, 'رواتب وأجور', 'SALARIES', NULL, 12, NULL, NULL, NULL, '2026-02-07 09:58:18', '2026-02-07 09:58:18'),
(43, 'كهرباء ومياه', 'UTILITIES', NULL, 12, NULL, NULL, NULL, '2026-02-07 09:58:18', '2026-02-07 09:58:18'),
(44, 'صيانة وإصلاحات', 'MAINTENANCE', NULL, 12, NULL, NULL, NULL, '2026-02-07 09:58:18', '2026-02-07 09:58:18'),
(45, 'دعاية وإعلان', 'MARKETING', NULL, 12, NULL, NULL, NULL, '2026-02-07 09:58:18', '2026-02-07 09:58:18'),
(46, 'مصاريف بنكية', 'BANK_FEES', NULL, 12, NULL, NULL, NULL, '2026-02-07 09:58:18', '2026-02-07 09:58:18'),
(47, 'أدوات مكتبية', 'OFFICE_SUPPLIES', NULL, 12, NULL, NULL, NULL, '2026-02-07 09:58:18', '2026-02-07 09:58:18'),
(48, 'نثرية ومصاريف أخرى', 'MISC', NULL, 12, NULL, NULL, NULL, '2026-02-07 09:58:18', '2026-02-07 09:58:18'),
(49, 'إيجار', 'RENT', NULL, 13, NULL, NULL, NULL, '2026-02-07 09:58:18', '2026-02-07 09:58:18'),
(50, 'رواتب وأجور', 'SALARIES', NULL, 13, NULL, NULL, NULL, '2026-02-07 09:58:18', '2026-02-07 09:58:18'),
(51, 'كهرباء ومياه', 'UTILITIES', NULL, 13, NULL, NULL, NULL, '2026-02-07 09:58:18', '2026-02-07 09:58:18'),
(52, 'صيانة وإصلاحات', 'MAINTENANCE', NULL, 13, NULL, NULL, NULL, '2026-02-07 09:58:18', '2026-02-07 09:58:18'),
(53, 'دعاية وإعلان', 'MARKETING', NULL, 13, NULL, NULL, NULL, '2026-02-07 09:58:18', '2026-02-07 09:58:18'),
(54, 'مصاريف بنكية', 'BANK_FEES', NULL, 13, NULL, NULL, NULL, '2026-02-07 09:58:18', '2026-02-07 09:58:18'),
(55, 'أدوات مكتبية', 'OFFICE_SUPPLIES', NULL, 13, NULL, NULL, NULL, '2026-02-07 09:58:18', '2026-02-07 09:58:18'),
(56, 'نثرية ومصاريف أخرى', 'MISC', NULL, 13, NULL, NULL, NULL, '2026-02-07 09:58:18', '2026-02-07 09:58:18');

-- --------------------------------------------------------

--
-- بنية الجدول `failed_jobs`
--

CREATE TABLE `failed_jobs` (
  `id` bigint(20) UNSIGNED NOT NULL,
  `uuid` varchar(255) NOT NULL,
  `connection` text NOT NULL,
  `queue` text NOT NULL,
  `payload` longtext NOT NULL,
  `exception` longtext NOT NULL,
  `failed_at` timestamp NOT NULL DEFAULT current_timestamp()
) ENGINE=InnoDB DEFAULT CHARSET=utf8mb4 COLLATE=utf8mb4_unicode_ci;

-- --------------------------------------------------------

--
-- بنية الجدول `financial_ledger`
--

CREATE TABLE `financial_ledger` (
  `id` bigint(20) UNSIGNED NOT NULL,
  `entry_date` datetime NOT NULL,
  `type` enum('debit','credit') NOT NULL COMMENT 'مدين أو دائن',
  `amount` decimal(15,2) NOT NULL,
  `description` varchar(255) DEFAULT NULL,
  `source_type` varchar(255) NOT NULL COMMENT 'invoice, expense, transaction, etc',
  `source_id` bigint(20) UNSIGNED NOT NULL,
  `account_type` enum('revenue','expense','asset','liability','equity') NOT NULL,
  `company_id` bigint(20) UNSIGNED NOT NULL,
  `created_by` bigint(20) UNSIGNED DEFAULT NULL,
  `updated_by` bigint(20) UNSIGNED DEFAULT NULL,
  `created_at` timestamp NULL DEFAULT NULL,
  `updated_at` timestamp NULL DEFAULT NULL
) ENGINE=InnoDB DEFAULT CHARSET=utf8mb4 COLLATE=utf8mb4_unicode_ci;

--
-- إرجاع أو استيراد بيانات الجدول `financial_ledger`
--

INSERT INTO `financial_ledger` (`id`, `entry_date`, `type`, `amount`, `description`, `source_type`, `source_id`, `account_type`, `company_id`, `created_by`, `updated_by`, `created_at`, `updated_at`) VALUES
(1, '2026-02-11 23:16:38', 'credit', 1000.00, 'إيرادات مبيعات - فاتورة رقم: SALE-250716-3-000001', 'App\\Models\\Invoice', 13, 'revenue', 3, NULL, NULL, '2026-02-11 23:16:38', '2026-02-11 23:16:38'),
(2, '2026-02-11 23:16:38', 'debit', 1000.00, 'زيادة أصول (مبيعات) - فاتورة رقم: SALE-250716-3-000001', 'App\\Models\\Invoice', 13, 'asset', 3, NULL, NULL, '2026-02-11 23:16:38', '2026-02-11 23:16:38'),
(3, '2026-02-11 23:16:38', 'credit', 2000.00, 'إيرادات مبيعات - فاتورة رقم: SALE-250716-3-000002', 'App\\Models\\Invoice', 14, 'revenue', 3, NULL, NULL, '2026-02-11 23:16:38', '2026-02-11 23:16:38'),
(4, '2026-02-11 23:16:38', 'debit', 2000.00, 'زيادة أصول (مبيعات) - فاتورة رقم: SALE-250716-3-000002', 'App\\Models\\Invoice', 14, 'asset', 3, NULL, NULL, '2026-02-11 23:16:38', '2026-02-11 23:16:38'),
(5, '2026-02-11 23:16:38', 'credit', 1000.00, 'إيرادات مبيعات - فاتورة رقم: SALE-250717-3-000003', 'App\\Models\\Invoice', 15, 'revenue', 3, NULL, NULL, '2026-02-11 23:16:38', '2026-02-11 23:16:38'),
(6, '2026-02-11 23:16:38', 'debit', 1000.00, 'زيادة أصول (مبيعات) - فاتورة رقم: SALE-250717-3-000003', 'App\\Models\\Invoice', 15, 'asset', 3, NULL, NULL, '2026-02-11 23:16:38', '2026-02-11 23:16:38'),
(7, '2026-02-11 23:16:38', 'debit', 1000.00, 'زيادة مخزون - فاتورة شراء رقم: PURC-250717-3-000001', 'App\\Models\\Invoice', 16, 'asset', 3, NULL, NULL, '2026-02-11 23:16:38', '2026-02-11 23:16:38'),
(8, '2026-02-11 23:16:38', 'credit', 1000.00, 'نقص نقدية/زيادة التزامات - شراء فاتورة رقم: PURC-250717-3-000001', 'App\\Models\\Invoice', 16, 'asset', 3, NULL, NULL, '2026-02-11 23:16:38', '2026-02-11 23:16:38'),
(9, '2026-02-11 23:16:38', 'debit', 1000.00, 'زيادة مخزون - فاتورة شراء رقم: PURC-250717-3-000002', 'App\\Models\\Invoice', 17, 'asset', 3, NULL, NULL, '2026-02-11 23:16:38', '2026-02-11 23:16:38'),
(10, '2026-02-11 23:16:38', 'credit', 1000.00, 'نقص نقدية/زيادة التزامات - شراء فاتورة رقم: PURC-250717-3-000002', 'App\\Models\\Invoice', 17, 'asset', 3, NULL, NULL, '2026-02-11 23:16:38', '2026-02-11 23:16:38'),
(11, '2026-02-11 23:16:38', 'credit', 1000.00, 'إيرادات مبيعات - فاتورة رقم: SALE-250717-3-000004', 'App\\Models\\Invoice', 18, 'revenue', 3, NULL, NULL, '2026-02-11 23:16:38', '2026-02-11 23:16:38'),
(12, '2026-02-11 23:16:38', 'debit', 1000.00, 'زيادة أصول (مبيعات) - فاتورة رقم: SALE-250717-3-000004', 'App\\Models\\Invoice', 18, 'asset', 3, NULL, NULL, '2026-02-11 23:16:38', '2026-02-11 23:16:38'),
(13, '2026-02-11 23:16:38', 'debit', 1000.00, 'زيادة مخزون - فاتورة شراء رقم: PURC-250717-3-000003', 'App\\Models\\Invoice', 19, 'asset', 3, NULL, NULL, '2026-02-11 23:16:38', '2026-02-11 23:16:38'),
(14, '2026-02-11 23:16:38', 'credit', 1000.00, 'نقص نقدية/زيادة التزامات - شراء فاتورة رقم: PURC-250717-3-000003', 'App\\Models\\Invoice', 19, 'asset', 3, NULL, NULL, '2026-02-11 23:16:38', '2026-02-11 23:16:38'),
(15, '2026-02-11 23:16:38', 'credit', 1000.00, 'إيرادات مبيعات - فاتورة رقم: SALE-250717-3-000005', 'App\\Models\\Invoice', 20, 'revenue', 3, NULL, NULL, '2026-02-11 23:16:38', '2026-02-11 23:16:38'),
(16, '2026-02-11 23:16:38', 'debit', 1000.00, 'زيادة أصول (مبيعات) - فاتورة رقم: SALE-250717-3-000005', 'App\\Models\\Invoice', 20, 'asset', 3, NULL, NULL, '2026-02-11 23:16:38', '2026-02-11 23:16:38'),
(17, '2026-02-11 23:16:38', 'credit', 3975.00, 'إيرادات مبيعات - فاتورة رقم: SALE-250915-9-000001', 'App\\Models\\Invoice', 62, 'revenue', 9, NULL, NULL, '2026-02-11 23:16:38', '2026-02-11 23:16:38'),
(18, '2026-02-11 23:16:38', 'debit', 3975.00, 'زيادة أصول (مبيعات) - فاتورة رقم: SALE-250915-9-000001', 'App\\Models\\Invoice', 62, 'asset', 9, NULL, NULL, '2026-02-11 23:16:38', '2026-02-11 23:16:38');

-- --------------------------------------------------------

--
-- بنية الجدول `images`
--

CREATE TABLE `images` (
  `id` bigint(20) UNSIGNED NOT NULL,
  `url` varchar(255) NOT NULL,
  `type` varchar(255) NOT NULL,
  `is_primary` tinyint(1) NOT NULL DEFAULT 0,
  `imageable_id` bigint(20) UNSIGNED DEFAULT NULL,
  `imageable_type` varchar(255) DEFAULT NULL,
  `company_id` bigint(20) UNSIGNED DEFAULT NULL,
  `created_by` bigint(20) UNSIGNED NOT NULL,
  `created_at` timestamp NULL DEFAULT NULL,
  `updated_at` timestamp NULL DEFAULT NULL,
  `is_temp` int(11) DEFAULT 1
) ENGINE=InnoDB DEFAULT CHARSET=utf8mb4 COLLATE=utf8mb4_unicode_ci;

--
-- إرجاع أو استيراد بيانات الجدول `images`
--

INSERT INTO `images` (`id`, `url`, `type`, `is_primary`, `imageable_id`, `imageable_type`, `company_id`, `created_by`, `created_at`, `updated_at`, `is_temp`) VALUES
(10, '/storage/uploads/2/user/avatar/user_72_68cc51dd0f1a1.png', 'avatar', 0, 72, 'App\\Models\\User', 2, 5, '2025-07-11 11:58:10', '2025-09-18 18:39:25', 1),
(11, '/storage/uploads/10/company/logo/company_13_6907baa18841e.jpg', 'logo', 0, 13, 'App\\Models\\Company', 3, 6, '2025-07-11 12:45:17', '2025-11-02 20:10:09', 1),
(13, '/storage/uploads/1/company/logo/company_1_687129b18619d.png', 'logo', 0, 1, 'App\\Models\\Company', 1, 1, '2025-07-11 15:11:25', '2025-07-11 15:11:45', 1),
(14, '/storage/uploads/1/company/logo/company_9_68712bad063ff.png', 'logo', 0, 9, 'App\\Models\\Company', 1, 1, '2025-07-11 15:19:30', '2025-07-11 15:20:13', 1),
(15, '/storage/uploads/2/company/logo/company_10_68717601007d8.jpg', 'logo', 0, 10, 'App\\Models\\Company', 2, 5, '2025-07-11 20:37:10', '2025-07-11 20:37:21', 1),
(16, '/storage/uploads/3/company/logo/company_3_6877fc29d546f.jpg', 'logo', 0, 3, 'App\\Models\\Company', 3, 6, '2025-07-16 19:23:12', '2025-07-16 19:23:21', 1),
(17, '/storage/uploads/12/user/avatar/user_71_68c9321ec956f.jpg', 'avatar', 0, 71, 'App\\Models\\User', 2, 5, '2025-09-14 09:07:21', '2025-09-16 09:47:10', 1),
(18, '/storage/uploads/temp/temp_5_68c68bab3a0c8.png', 'misc', 0, NULL, NULL, 2, 5, '2025-09-14 09:32:27', '2025-09-14 09:32:27', 1),
(19, '/storage/uploads/temp/temp_5_68c68bbb8475c.png', 'misc', 0, NULL, NULL, 2, 5, '2025-09-14 09:32:43', '2025-09-14 09:32:43', 1),
(20, '/storage/uploads/2/company/logo/company_12_68c92c684a722.png', 'logo', 0, 12, 'App\\Models\\Company', 2, 5, '2025-09-14 09:33:50', '2025-09-16 09:22:48', 1),
(21, '/storage/uploads/temp/temp_5_68c7bf21423da.png', 'misc', 0, NULL, NULL, 2, 5, '2025-09-15 07:24:17', '2025-09-15 07:24:17', 1),
(22, '/storage/uploads/temp/temp_6_68d1abb587b11.jpg', 'misc', 0, NULL, NULL, 10, 6, '2025-09-22 20:04:05', '2025-09-22 20:04:05', 1),
(24, '/storage/uploads/temp/temp_6_6907bbe40bc06.jpg', 'misc', 0, NULL, NULL, 13, 6, '2025-11-02 20:15:32', '2025-11-02 20:15:32', 1),
(25, '/storage/uploads/13/user/avatar/user_85_6907bc1696c69.jpg', 'avatar', 0, 85, 'App\\Models\\User', 13, 6, '2025-11-02 20:16:14', '2025-11-02 20:16:22', 1),
(26, 'https://bill-api.hwnix.com/storage/seeders/payment-methods/cash.png', 'logo', 0, 1, 'App\\Models\\PaymentMethod', 1, 1, '2026-02-07 09:58:18', '2026-02-07 09:58:18', 0),
(27, 'https://bill-api.hwnix.com/storage/seeders/payment-methods/credit_card.png', 'logo', 0, 2, 'App\\Models\\PaymentMethod', 1, 1, '2026-02-07 09:58:18', '2026-02-07 09:58:18', 0),
(28, 'https://bill-api.hwnix.com/storage/seeders/payment-methods/credit_card.png', 'logo', 0, 10, 'App\\Models\\PaymentMethod', 1, 1, '2026-02-07 09:58:18', '2026-02-07 09:58:18', 0),
(29, 'https://bill-api.hwnix.com/storage/seeders/payment-methods/bank_transfer.png', 'logo', 0, 3, 'App\\Models\\PaymentMethod', 1, 1, '2026-02-07 09:58:18', '2026-02-07 09:58:18', 0),
(30, 'https://bill-api.hwnix.com/storage/seeders/payment-methods/vodafone_cash.png', 'logo', 0, 5, 'App\\Models\\PaymentMethod', 1, 1, '2026-02-07 09:58:18', '2026-02-07 09:58:18', 0),
(31, 'https://bill-api.hwnix.com/storage/seeders/payment-methods/instapay.png', 'logo', 0, 12, 'App\\Models\\PaymentMethod', 1, 1, '2026-02-07 09:58:18', '2026-02-07 09:58:18', 0),
(32, 'https://bill-api.hwnix.com/storage/seeders/payment-methods/fawry.png', 'logo', 0, 8, 'App\\Models\\PaymentMethod', 1, 1, '2026-02-07 09:58:18', '2026-02-07 09:58:18', 0),
(33, 'https://bill-api.hwnix.com/storage/seeders/payment-methods/paypal.png', 'logo', 0, 4, 'App\\Models\\PaymentMethod', 1, 1, '2026-02-07 09:58:18', '2026-02-07 09:58:18', 0),
(34, 'https://bill-api.hwnix.com/storage/seeders/payment-methods/credit_card.png', 'logo', 0, 13, 'App\\Models\\PaymentMethod', 1, 1, '2026-02-07 09:58:18', '2026-02-07 09:58:18', 0),
(35, 'https://bill-api.hwnix.com/storage/seeders/payment-methods/credit_card.png', 'logo', 0, 14, 'App\\Models\\PaymentMethod', 1, 1, '2026-02-07 09:58:18', '2026-02-07 09:58:18', 0),
(36, 'https://bill-api.hwnix.com/storage/seeders/payment-methods/cash.png', 'logo', 0, 19, 'App\\Models\\PaymentMethod', 1, 1, '2026-02-07 09:58:18', '2026-02-07 09:58:18', 0),
(37, 'https://bill-api.hwnix.com/storage/seeders/payment-methods/credit_card.png', 'logo', 0, 20, 'App\\Models\\PaymentMethod', 1, 1, '2026-02-07 09:58:18', '2026-02-07 09:58:18', 0),
(38, 'https://bill-api.hwnix.com/storage/seeders/payment-methods/bank_transfer.png', 'logo', 0, 21, 'App\\Models\\PaymentMethod', 1, 1, '2026-02-07 09:58:18', '2026-02-07 09:58:18', 0),
(39, 'https://bill-api.hwnix.com/storage/seeders/payment-methods/paypal.png', 'logo', 0, 22, 'App\\Models\\PaymentMethod', 1, 1, '2026-02-07 09:58:18', '2026-02-07 09:58:18', 0),
(40, 'https://bill-api.hwnix.com/storage/seeders/payment-methods/vodafone_cash.png', 'logo', 0, 23, 'App\\Models\\PaymentMethod', 1, 1, '2026-02-07 09:58:18', '2026-02-07 09:58:18', 0),
(41, 'https://bill-api.hwnix.com/storage/seeders/payment-methods/fawry.png', 'logo', 0, 26, 'App\\Models\\PaymentMethod', 1, 1, '2026-02-07 09:58:18', '2026-02-07 09:58:18', 0),
(42, 'https://bill-api.hwnix.com/storage/seeders/payment-methods/credit_card.png', 'logo', 0, 28, 'App\\Models\\PaymentMethod', 1, 1, '2026-02-07 09:58:18', '2026-02-07 09:58:18', 0),
(43, 'https://bill-api.hwnix.com/storage/seeders/payment-methods/instapay.png', 'logo', 0, 30, 'App\\Models\\PaymentMethod', 1, 1, '2026-02-07 09:58:18', '2026-02-07 09:58:18', 0),
(44, 'https://bill-api.hwnix.com/storage/seeders/payment-methods/credit_card.png', 'logo', 0, 31, 'App\\Models\\PaymentMethod', 1, 1, '2026-02-07 09:58:18', '2026-02-07 09:58:18', 0),
(45, 'https://bill-api.hwnix.com/storage/seeders/payment-methods/credit_card.png', 'logo', 0, 32, 'App\\Models\\PaymentMethod', 1, 1, '2026-02-07 09:58:18', '2026-02-07 09:58:18', 0),
(46, 'https://bill-api.hwnix.com/storage/seeders/payment-methods/cash.png', 'logo', 0, 37, 'App\\Models\\PaymentMethod', 2, 1, '2026-02-07 09:58:18', '2026-02-07 09:58:18', 0),
(47, 'https://bill-api.hwnix.com/storage/seeders/payment-methods/credit_card.png', 'logo', 0, 38, 'App\\Models\\PaymentMethod', 2, 1, '2026-02-07 09:58:18', '2026-02-07 09:58:18', 0),
(48, 'https://bill-api.hwnix.com/storage/seeders/payment-methods/bank_transfer.png', 'logo', 0, 39, 'App\\Models\\PaymentMethod', 2, 1, '2026-02-07 09:58:18', '2026-02-07 09:58:18', 0),
(49, 'https://bill-api.hwnix.com/storage/seeders/payment-methods/paypal.png', 'logo', 0, 40, 'App\\Models\\PaymentMethod', 2, 1, '2026-02-07 09:58:18', '2026-02-07 09:58:18', 0),
(50, 'https://bill-api.hwnix.com/storage/seeders/payment-methods/vodafone_cash.png', 'logo', 0, 41, 'App\\Models\\PaymentMethod', 2, 1, '2026-02-07 09:58:18', '2026-02-07 09:58:18', 0),
(51, 'https://bill-api.hwnix.com/storage/seeders/payment-methods/fawry.png', 'logo', 0, 44, 'App\\Models\\PaymentMethod', 2, 1, '2026-02-07 09:58:18', '2026-02-07 09:58:18', 0),
(52, 'https://bill-api.hwnix.com/storage/seeders/payment-methods/credit_card.png', 'logo', 0, 46, 'App\\Models\\PaymentMethod', 2, 1, '2026-02-07 09:58:18', '2026-02-07 09:58:18', 0),
(53, 'https://bill-api.hwnix.com/storage/seeders/payment-methods/instapay.png', 'logo', 0, 48, 'App\\Models\\PaymentMethod', 2, 1, '2026-02-07 09:58:18', '2026-02-07 09:58:18', 0),
(54, 'https://bill-api.hwnix.com/storage/seeders/payment-methods/credit_card.png', 'logo', 0, 49, 'App\\Models\\PaymentMethod', 2, 1, '2026-02-07 09:58:18', '2026-02-07 09:58:18', 0),
(55, 'https://bill-api.hwnix.com/storage/seeders/payment-methods/credit_card.png', 'logo', 0, 50, 'App\\Models\\PaymentMethod', 2, 1, '2026-02-07 09:58:18', '2026-02-07 09:58:18', 0),
(56, 'https://bill-api.hwnix.com/storage/seeders/payment-methods/cash.png', 'logo', 0, 55, 'App\\Models\\PaymentMethod', 3, 1, '2026-02-07 09:58:18', '2026-02-07 09:58:18', 0),
(57, 'https://bill-api.hwnix.com/storage/seeders/payment-methods/credit_card.png', 'logo', 0, 56, 'App\\Models\\PaymentMethod', 3, 1, '2026-02-07 09:58:18', '2026-02-07 09:58:18', 0),
(58, 'https://bill-api.hwnix.com/storage/seeders/payment-methods/bank_transfer.png', 'logo', 0, 57, 'App\\Models\\PaymentMethod', 3, 1, '2026-02-07 09:58:18', '2026-02-07 09:58:18', 0),
(59, 'https://bill-api.hwnix.com/storage/seeders/payment-methods/paypal.png', 'logo', 0, 58, 'App\\Models\\PaymentMethod', 3, 1, '2026-02-07 09:58:18', '2026-02-07 09:58:18', 0),
(60, 'https://bill-api.hwnix.com/storage/seeders/payment-methods/vodafone_cash.png', 'logo', 0, 59, 'App\\Models\\PaymentMethod', 3, 1, '2026-02-07 09:58:18', '2026-02-07 09:58:18', 0),
(61, 'https://bill-api.hwnix.com/storage/seeders/payment-methods/fawry.png', 'logo', 0, 62, 'App\\Models\\PaymentMethod', 3, 1, '2026-02-07 09:58:18', '2026-02-07 09:58:18', 0),
(62, 'https://bill-api.hwnix.com/storage/seeders/payment-methods/credit_card.png', 'logo', 0, 64, 'App\\Models\\PaymentMethod', 3, 1, '2026-02-07 09:58:18', '2026-02-07 09:58:18', 0),
(63, 'https://bill-api.hwnix.com/storage/seeders/payment-methods/instapay.png', 'logo', 0, 66, 'App\\Models\\PaymentMethod', 3, 1, '2026-02-07 09:58:18', '2026-02-07 09:58:18', 0),
(64, 'https://bill-api.hwnix.com/storage/seeders/payment-methods/credit_card.png', 'logo', 0, 67, 'App\\Models\\PaymentMethod', 3, 1, '2026-02-07 09:58:18', '2026-02-07 09:58:18', 0),
(65, 'https://bill-api.hwnix.com/storage/seeders/payment-methods/credit_card.png', 'logo', 0, 68, 'App\\Models\\PaymentMethod', 3, 1, '2026-02-07 09:58:18', '2026-02-07 09:58:18', 0),
(66, 'https://bill-api.hwnix.com/storage/seeders/payment-methods/cash.png', 'logo', 0, 73, 'App\\Models\\PaymentMethod', 9, 1, '2026-02-07 09:58:18', '2026-02-07 09:58:18', 0),
(67, 'https://bill-api.hwnix.com/storage/seeders/payment-methods/credit_card.png', 'logo', 0, 74, 'App\\Models\\PaymentMethod', 9, 1, '2026-02-07 09:58:18', '2026-02-07 09:58:18', 0),
(68, 'https://bill-api.hwnix.com/storage/seeders/payment-methods/bank_transfer.png', 'logo', 0, 75, 'App\\Models\\PaymentMethod', 9, 1, '2026-02-07 09:58:18', '2026-02-07 09:58:18', 0),
(69, 'https://bill-api.hwnix.com/storage/seeders/payment-methods/paypal.png', 'logo', 0, 76, 'App\\Models\\PaymentMethod', 9, 1, '2026-02-07 09:58:18', '2026-02-07 09:58:18', 0),
(70, 'https://bill-api.hwnix.com/storage/seeders/payment-methods/vodafone_cash.png', 'logo', 0, 77, 'App\\Models\\PaymentMethod', 9, 1, '2026-02-07 09:58:18', '2026-02-07 09:58:18', 0),
(71, 'https://bill-api.hwnix.com/storage/seeders/payment-methods/fawry.png', 'logo', 0, 80, 'App\\Models\\PaymentMethod', 9, 1, '2026-02-07 09:58:18', '2026-02-07 09:58:18', 0),
(72, 'https://bill-api.hwnix.com/storage/seeders/payment-methods/credit_card.png', 'logo', 0, 82, 'App\\Models\\PaymentMethod', 9, 1, '2026-02-07 09:58:18', '2026-02-07 09:58:18', 0),
(73, 'https://bill-api.hwnix.com/storage/seeders/payment-methods/instapay.png', 'logo', 0, 84, 'App\\Models\\PaymentMethod', 9, 1, '2026-02-07 09:58:18', '2026-02-07 09:58:18', 0),
(74, 'https://bill-api.hwnix.com/storage/seeders/payment-methods/credit_card.png', 'logo', 0, 85, 'App\\Models\\PaymentMethod', 9, 1, '2026-02-07 09:58:18', '2026-02-07 09:58:18', 0),
(75, 'https://bill-api.hwnix.com/storage/seeders/payment-methods/credit_card.png', 'logo', 0, 86, 'App\\Models\\PaymentMethod', 9, 1, '2026-02-07 09:58:18', '2026-02-07 09:58:18', 0),
(76, 'https://bill-api.hwnix.com/storage/seeders/payment-methods/cash.png', 'logo', 0, 91, 'App\\Models\\PaymentMethod', 10, 1, '2026-02-07 09:58:18', '2026-02-07 09:58:18', 0),
(77, 'https://bill-api.hwnix.com/storage/seeders/payment-methods/credit_card.png', 'logo', 0, 92, 'App\\Models\\PaymentMethod', 10, 1, '2026-02-07 09:58:18', '2026-02-07 09:58:18', 0),
(78, 'https://bill-api.hwnix.com/storage/seeders/payment-methods/bank_transfer.png', 'logo', 0, 93, 'App\\Models\\PaymentMethod', 10, 1, '2026-02-07 09:58:18', '2026-02-07 09:58:18', 0),
(79, 'https://bill-api.hwnix.com/storage/seeders/payment-methods/paypal.png', 'logo', 0, 94, 'App\\Models\\PaymentMethod', 10, 1, '2026-02-07 09:58:18', '2026-02-07 09:58:18', 0),
(80, 'https://bill-api.hwnix.com/storage/seeders/payment-methods/vodafone_cash.png', 'logo', 0, 95, 'App\\Models\\PaymentMethod', 10, 1, '2026-02-07 09:58:18', '2026-02-07 09:58:18', 0),
(81, 'https://bill-api.hwnix.com/storage/seeders/payment-methods/fawry.png', 'logo', 0, 98, 'App\\Models\\PaymentMethod', 10, 1, '2026-02-07 09:58:18', '2026-02-07 09:58:18', 0),
(82, 'https://bill-api.hwnix.com/storage/seeders/payment-methods/credit_card.png', 'logo', 0, 100, 'App\\Models\\PaymentMethod', 10, 1, '2026-02-07 09:58:18', '2026-02-07 09:58:18', 0),
(83, 'https://bill-api.hwnix.com/storage/seeders/payment-methods/instapay.png', 'logo', 0, 102, 'App\\Models\\PaymentMethod', 10, 1, '2026-02-07 09:58:18', '2026-02-07 09:58:18', 0),
(84, 'https://bill-api.hwnix.com/storage/seeders/payment-methods/credit_card.png', 'logo', 0, 103, 'App\\Models\\PaymentMethod', 10, 1, '2026-02-07 09:58:18', '2026-02-07 09:58:18', 0),
(85, 'https://bill-api.hwnix.com/storage/seeders/payment-methods/credit_card.png', 'logo', 0, 104, 'App\\Models\\PaymentMethod', 10, 1, '2026-02-07 09:58:18', '2026-02-07 09:58:18', 0),
(86, 'https://bill-api.hwnix.com/storage/seeders/payment-methods/cash.png', 'logo', 0, 109, 'App\\Models\\PaymentMethod', 12, 1, '2026-02-07 09:58:18', '2026-02-07 09:58:18', 0),
(87, 'https://bill-api.hwnix.com/storage/seeders/payment-methods/credit_card.png', 'logo', 0, 110, 'App\\Models\\PaymentMethod', 12, 1, '2026-02-07 09:58:18', '2026-02-07 09:58:18', 0),
(88, 'https://bill-api.hwnix.com/storage/seeders/payment-methods/bank_transfer.png', 'logo', 0, 111, 'App\\Models\\PaymentMethod', 12, 1, '2026-02-07 09:58:18', '2026-02-07 09:58:18', 0),
(89, 'https://bill-api.hwnix.com/storage/seeders/payment-methods/paypal.png', 'logo', 0, 112, 'App\\Models\\PaymentMethod', 12, 1, '2026-02-07 09:58:18', '2026-02-07 09:58:18', 0),
(90, 'https://bill-api.hwnix.com/storage/seeders/payment-methods/vodafone_cash.png', 'logo', 0, 113, 'App\\Models\\PaymentMethod', 12, 1, '2026-02-07 09:58:18', '2026-02-07 09:58:18', 0),
(91, 'https://bill-api.hwnix.com/storage/seeders/payment-methods/fawry.png', 'logo', 0, 116, 'App\\Models\\PaymentMethod', 12, 1, '2026-02-07 09:58:18', '2026-02-07 09:58:18', 0),
(92, 'https://bill-api.hwnix.com/storage/seeders/payment-methods/credit_card.png', 'logo', 0, 118, 'App\\Models\\PaymentMethod', 12, 1, '2026-02-07 09:58:18', '2026-02-07 09:58:18', 0),
(93, 'https://bill-api.hwnix.com/storage/seeders/payment-methods/instapay.png', 'logo', 0, 120, 'App\\Models\\PaymentMethod', 12, 1, '2026-02-07 09:58:18', '2026-02-07 09:58:18', 0),
(94, 'https://bill-api.hwnix.com/storage/seeders/payment-methods/credit_card.png', 'logo', 0, 121, 'App\\Models\\PaymentMethod', 12, 1, '2026-02-07 09:58:18', '2026-02-07 09:58:18', 0),
(95, 'https://bill-api.hwnix.com/storage/seeders/payment-methods/credit_card.png', 'logo', 0, 122, 'App\\Models\\PaymentMethod', 12, 1, '2026-02-07 09:58:18', '2026-02-07 09:58:18', 0),
(96, 'https://bill-api.hwnix.com/storage/seeders/payment-methods/cash.png', 'logo', 0, 127, 'App\\Models\\PaymentMethod', 13, 1, '2026-02-07 09:58:18', '2026-02-07 09:58:18', 0),
(97, 'https://bill-api.hwnix.com/storage/seeders/payment-methods/credit_card.png', 'logo', 0, 128, 'App\\Models\\PaymentMethod', 13, 1, '2026-02-07 09:58:18', '2026-02-07 09:58:18', 0),
(98, 'https://bill-api.hwnix.com/storage/seeders/payment-methods/bank_transfer.png', 'logo', 0, 129, 'App\\Models\\PaymentMethod', 13, 1, '2026-02-07 09:58:18', '2026-02-07 09:58:18', 0),
(99, 'https://bill-api.hwnix.com/storage/seeders/payment-methods/paypal.png', 'logo', 0, 130, 'App\\Models\\PaymentMethod', 13, 1, '2026-02-07 09:58:18', '2026-02-07 09:58:18', 0),
(100, 'https://bill-api.hwnix.com/storage/seeders/payment-methods/vodafone_cash.png', 'logo', 0, 131, 'App\\Models\\PaymentMethod', 13, 1, '2026-02-07 09:58:18', '2026-02-07 09:58:18', 0),
(101, 'https://bill-api.hwnix.com/storage/seeders/payment-methods/fawry.png', 'logo', 0, 134, 'App\\Models\\PaymentMethod', 13, 1, '2026-02-07 09:58:18', '2026-02-07 09:58:18', 0),
(102, 'https://bill-api.hwnix.com/storage/seeders/payment-methods/credit_card.png', 'logo', 0, 136, 'App\\Models\\PaymentMethod', 13, 1, '2026-02-07 09:58:18', '2026-02-07 09:58:18', 0),
(103, 'https://bill-api.hwnix.com/storage/seeders/payment-methods/instapay.png', 'logo', 0, 138, 'App\\Models\\PaymentMethod', 13, 1, '2026-02-07 09:58:18', '2026-02-07 09:58:18', 0),
(104, 'https://bill-api.hwnix.com/storage/seeders/payment-methods/credit_card.png', 'logo', 0, 139, 'App\\Models\\PaymentMethod', 13, 1, '2026-02-07 09:58:18', '2026-02-07 09:58:18', 0),
(105, 'https://bill-api.hwnix.com/storage/seeders/payment-methods/credit_card.png', 'logo', 0, 140, 'App\\Models\\PaymentMethod', 13, 1, '2026-02-07 09:58:18', '2026-02-07 09:58:18', 0);

-- --------------------------------------------------------

--
-- بنية الجدول `installments`
--

CREATE TABLE `installments` (
  `id` bigint(20) UNSIGNED NOT NULL,
  `installment_plan_id` bigint(20) UNSIGNED NOT NULL,
  `user_id` bigint(20) UNSIGNED NOT NULL,
  `created_by` bigint(20) UNSIGNED NOT NULL,
  `installment_number` varchar(255) DEFAULT NULL,
  `due_date` date NOT NULL,
  `amount` decimal(15,2) NOT NULL,
  `status` varchar(255) NOT NULL,
  `paid_at` timestamp NULL DEFAULT NULL,
  `remaining` decimal(15,2) NOT NULL DEFAULT 0.00,
  `created_at` timestamp NULL DEFAULT NULL,
  `updated_at` timestamp NULL DEFAULT NULL,
  `company_id` int(11) DEFAULT NULL,
  `deleted_at` timestamp NULL DEFAULT NULL
) ENGINE=InnoDB DEFAULT CHARSET=utf8mb4 COLLATE=utf8mb4_unicode_ci;

--
-- إرجاع أو استيراد بيانات الجدول `installments`
--

INSERT INTO `installments` (`id`, `installment_plan_id`, `user_id`, `created_by`, `installment_number`, `due_date`, `amount`, `status`, `paid_at`, `remaining`, `created_at`, `updated_at`, `company_id`, `deleted_at`) VALUES
(1, 1, 7, 5, '1', '2024-11-05', 300.00, 'paid', '2025-07-10 00:00:00', 0.00, '2025-07-10 18:04:10', '2026-02-10 13:43:43', 2, NULL),
(2, 1, 7, 5, '2', '2024-12-05', 300.00, 'paid', '2025-07-10 00:00:00', 0.00, '2025-07-10 18:04:10', '2026-02-10 13:43:43', 2, NULL),
(3, 1, 7, 5, '3', '2025-01-05', 300.00, 'paid', '2025-07-10 00:00:00', 0.00, '2025-07-10 18:04:10', '2026-02-10 13:43:43', 2, NULL),
(4, 1, 7, 5, '4', '2025-02-05', 300.00, 'paid', '2025-07-11 00:00:00', 0.00, '2025-07-10 18:04:10', '2026-02-10 13:43:43', 2, NULL),
(5, 1, 7, 5, '5', '2025-03-05', 300.00, 'paid', '2025-07-11 00:00:00', 0.00, '2025-07-10 18:04:10', '2026-02-10 13:43:43', 2, NULL),
(6, 1, 7, 5, '6', '2025-04-05', 300.00, 'paid', '2025-07-11 00:00:00', 0.00, '2025-07-10 18:04:11', '2026-02-10 13:43:43', 2, NULL),
(7, 1, 7, 5, '7', '2025-05-05', 300.00, 'paid', '2025-07-11 00:00:00', 0.00, '2025-07-10 18:04:11', '2026-02-10 13:43:43', 2, NULL),
(8, 1, 7, 5, '8', '2025-06-05', 300.00, 'paid', '2025-07-11 00:00:00', 0.00, '2025-07-10 18:04:11', '2026-02-10 13:43:43', 2, NULL),
(9, 1, 7, 5, '9', '2025-07-05', 300.00, 'paid', '2025-07-11 00:00:00', 0.00, '2025-07-10 18:04:11', '2026-02-10 13:43:43', 2, NULL),
(10, 1, 7, 5, '10', '2025-08-05', 300.00, 'paid', '2025-09-21 00:00:00', 0.00, '2025-07-10 18:04:11', '2025-09-21 19:00:01', 2, NULL),
(11, 1, 7, 5, '11', '2025-09-05', 300.00, 'paid', '2025-09-21 00:00:00', 0.00, '2025-07-10 18:04:11', '2025-09-21 19:00:18', 2, NULL),
(12, 1, 7, 5, '12', '2025-10-05', 249.00, 'paid', '2025-12-31 00:00:00', 0.00, '2025-07-10 18:04:11', '2025-12-31 21:54:51', 2, NULL),
(25, 3, 10, 5, '1', '2024-11-01', 1000.00, 'paid', '2025-07-11 00:00:00', 0.00, '2025-07-11 10:49:13', '2026-02-10 13:43:43', 2, NULL),
(26, 3, 10, 5, '2', '2024-12-01', 1000.00, 'paid', '2025-07-11 00:00:00', 0.00, '2025-07-11 10:49:13', '2026-02-10 13:43:43', 2, NULL),
(27, 3, 10, 5, '3', '2025-01-01', 1000.00, 'paid', '2025-07-11 00:00:00', 0.00, '2025-07-11 10:49:13', '2026-02-10 13:43:43', 2, NULL),
(28, 3, 10, 5, '4', '2025-02-01', 1000.00, 'paid', '2025-07-11 00:00:00', 0.00, '2025-07-11 10:49:13', '2026-02-10 13:43:43', 2, NULL),
(29, 3, 10, 5, '5', '2025-03-01', 1000.00, 'paid', '2025-07-11 00:00:00', 0.00, '2025-07-11 10:49:13', '2026-02-10 13:43:43', 2, NULL),
(30, 3, 10, 5, '6', '2025-04-01', 1000.00, 'paid', '2025-07-11 00:00:00', 0.00, '2025-07-11 10:49:13', '2026-02-10 13:43:43', 2, NULL),
(31, 3, 10, 5, '7', '2025-05-01', 1000.00, 'paid', '2025-07-11 00:00:00', 0.00, '2025-07-11 10:49:13', '2026-02-10 13:43:43', 2, NULL),
(32, 3, 10, 5, '8', '2025-06-01', 1000.00, 'paid', '2025-07-11 00:00:00', 0.00, '2025-07-11 10:49:13', '2026-02-10 13:43:43', 2, NULL),
(33, 3, 10, 5, '9', '2025-07-01', 1000.00, 'paid', '2025-07-11 00:00:00', 0.00, '2025-07-11 10:49:13', '2026-02-10 13:43:43', 2, NULL),
(34, 3, 10, 5, '10', '2025-08-01', 1000.00, 'paid', '2025-07-28 00:00:00', 0.00, '2025-07-11 10:49:13', '2025-07-28 19:37:48', 2, NULL),
(35, 3, 10, 5, '11', '2025-09-01', 1000.00, 'paid', '2025-09-16 00:00:00', 0.00, '2025-07-11 10:49:13', '2025-09-16 06:35:20', 2, NULL),
(36, 3, 10, 5, '12', '2025-10-01', 960.00, 'paid', '2026-01-04 00:00:00', 0.00, '2025-07-11 10:49:13', '2026-01-04 09:31:29', 2, NULL),
(37, 4, 11, 5, '1', '2025-01-01', 460.00, 'paid', '2025-07-11 00:00:00', 0.00, '2025-07-11 11:50:15', '2026-02-10 13:43:43', 2, NULL),
(38, 4, 11, 5, '2', '2025-02-01', 460.00, 'paid', '2025-07-11 00:00:00', 0.00, '2025-07-11 11:50:15', '2026-02-10 13:43:43', 2, NULL),
(39, 4, 11, 5, '3', '2025-03-01', 460.00, 'paid', '2025-07-11 00:00:00', 0.00, '2025-07-11 11:50:15', '2026-02-10 13:43:43', 2, NULL),
(40, 4, 11, 5, '4', '2025-04-01', 460.00, 'paid', '2025-07-11 00:00:00', 0.00, '2025-07-11 11:50:15', '2026-02-10 13:43:43', 2, NULL),
(41, 4, 11, 5, '5', '2025-05-01', 460.00, 'paid', '2025-07-11 00:00:00', 0.00, '2025-07-11 11:50:15', '2026-02-10 13:43:43', 2, NULL),
(42, 4, 11, 5, '6', '2025-06-01', 460.00, 'paid', '2025-07-11 00:00:00', 0.00, '2025-07-11 11:50:15', '2026-02-10 13:43:43', 2, NULL),
(43, 4, 11, 5, '7', '2025-07-01', 460.00, 'paid', '2025-07-11 00:00:00', 0.00, '2025-07-11 11:50:15', '2026-02-10 13:43:43', 2, NULL),
(44, 4, 11, 5, '8', '2025-08-01', 460.00, 'paid', '2025-09-16 00:00:00', 0.00, '2025-07-11 11:50:15', '2025-09-16 06:34:45', 2, NULL),
(45, 4, 11, 5, '9', '2025-09-01', 460.00, 'paid', '2025-09-16 00:00:00', 0.00, '2025-07-11 11:50:15', '2025-09-16 06:34:50', 2, NULL),
(46, 4, 11, 5, '10', '2025-10-01', 460.00, 'paid', '2026-01-04 00:00:00', 0.00, '2025-07-11 11:50:15', '2026-01-04 09:30:51', 2, NULL),
(47, 4, 11, 5, '11', '2025-11-01', 460.00, 'paid', '2026-01-04 00:00:00', 0.00, '2025-07-11 11:50:15', '2026-01-04 09:30:55', 2, NULL),
(48, 4, 11, 5, '12', '2025-12-01', 452.00, 'paid', '2026-01-04 00:00:00', 0.00, '2025-07-11 11:50:15', '2026-01-04 09:31:00', 2, NULL),
(49, 5, 12, 5, '1', '2025-02-01', 820.00, 'canceled', NULL, 820.00, '2025-07-11 14:14:35', '2025-08-26 09:37:41', 2, NULL),
(50, 5, 12, 5, '2', '2025-03-01', 820.00, 'canceled', NULL, 820.00, '2025-07-11 14:14:35', '2025-08-26 09:37:41', 2, NULL),
(51, 5, 12, 5, '3', '2025-04-01', 820.00, 'canceled', NULL, 820.00, '2025-07-11 14:14:35', '2025-08-26 09:37:41', 2, NULL),
(52, 5, 12, 5, '4', '2025-05-01', 820.00, 'canceled', NULL, 820.00, '2025-07-11 14:14:35', '2025-08-26 09:37:41', 2, NULL),
(53, 5, 12, 5, '5', '2025-06-01', 820.00, 'canceled', NULL, 820.00, '2025-07-11 14:14:35', '2025-08-26 09:37:41', 2, NULL),
(54, 5, 12, 5, '6', '2025-07-01', 820.00, 'canceled', NULL, 820.00, '2025-07-11 14:14:35', '2025-08-26 09:37:41', 2, NULL),
(55, 5, 12, 5, '7', '2025-08-01', 820.00, 'canceled', NULL, 820.00, '2025-07-11 14:14:35', '2025-08-26 09:37:41', 2, NULL),
(56, 5, 12, 5, '8', '2025-09-01', 820.00, 'canceled', NULL, 820.00, '2025-07-11 14:14:35', '2025-08-26 09:37:41', 2, NULL),
(57, 5, 12, 5, '9', '2025-10-01', 820.00, 'canceled', NULL, 820.00, '2025-07-11 14:14:35', '2025-08-26 09:37:41', 2, NULL),
(58, 5, 12, 5, '10', '2025-11-01', 820.00, 'canceled', NULL, 820.00, '2025-07-11 14:14:35', '2025-08-26 09:37:41', 2, NULL),
(59, 5, 12, 5, '11', '2025-12-01', 820.00, 'canceled', NULL, 820.00, '2025-07-11 14:14:35', '2025-08-26 09:37:41', 2, NULL),
(60, 5, 12, 5, '12', '2026-01-01', 730.00, 'canceled', NULL, 730.00, '2025-07-11 14:14:35', '2025-08-26 09:37:41', 2, NULL),
(61, 6, 12, 5, '1', '2025-02-01', 390.00, 'canceled', NULL, 390.00, '2025-07-11 14:19:30', '2025-08-26 09:37:27', 2, NULL),
(62, 6, 12, 5, '2', '2025-03-01', 390.00, 'canceled', NULL, 390.00, '2025-07-11 14:19:30', '2025-08-26 09:37:27', 2, NULL),
(63, 6, 12, 5, '3', '2025-04-01', 390.00, 'canceled', NULL, 390.00, '2025-07-11 14:19:30', '2025-08-26 09:37:27', 2, NULL),
(64, 6, 12, 5, '4', '2025-05-01', 390.00, 'canceled', NULL, 390.00, '2025-07-11 14:19:30', '2025-08-26 09:37:27', 2, NULL),
(65, 6, 12, 5, '5', '2025-06-01', 390.00, 'canceled', NULL, 390.00, '2025-07-11 14:19:30', '2025-08-26 09:37:27', 2, NULL),
(66, 6, 12, 5, '6', '2025-07-01', 390.00, 'canceled', NULL, 390.00, '2025-07-11 14:19:30', '2025-08-26 09:37:27', 2, NULL),
(67, 6, 12, 5, '7', '2025-08-01', 390.00, 'canceled', NULL, 390.00, '2025-07-11 14:19:30', '2025-08-26 09:37:27', 2, NULL),
(68, 6, 12, 5, '8', '2025-09-01', 390.00, 'canceled', NULL, 390.00, '2025-07-11 14:19:30', '2025-08-26 09:37:27', 2, NULL),
(69, 6, 12, 5, '9', '2025-10-01', 390.00, 'canceled', NULL, 390.00, '2025-07-11 14:19:30', '2025-08-26 09:37:27', 2, NULL),
(70, 6, 12, 5, '10', '2025-11-01', 390.00, 'canceled', NULL, 390.00, '2025-07-11 14:19:30', '2025-08-26 09:37:27', 2, NULL),
(71, 6, 12, 5, '11', '2025-12-01', 390.00, 'canceled', NULL, 390.00, '2025-07-11 14:19:30', '2025-08-26 09:37:27', 2, NULL),
(72, 6, 12, 5, '12', '2026-01-01', 390.00, 'canceled', NULL, 390.00, '2025-07-11 14:19:30', '2025-08-26 09:37:27', 2, NULL),
(73, 7, 12, 5, '1', '2025-02-01', 200.00, 'canceled', NULL, 200.00, '2025-07-11 14:21:52', '2025-08-26 09:09:57', 2, NULL),
(74, 7, 12, 5, '2', '2025-03-01', 200.00, 'canceled', NULL, 200.00, '2025-07-11 14:21:52', '2025-08-26 09:09:57', 2, NULL),
(75, 7, 12, 5, '3', '2025-04-01', 200.00, 'canceled', NULL, 200.00, '2025-07-11 14:21:52', '2025-08-26 09:09:57', 2, NULL),
(76, 7, 12, 5, '4', '2025-05-01', 200.00, 'canceled', NULL, 200.00, '2025-07-11 14:21:52', '2025-08-26 09:09:57', 2, NULL),
(77, 7, 12, 5, '5', '2025-06-01', 200.00, 'canceled', NULL, 200.00, '2025-07-11 14:21:52', '2025-08-26 09:09:57', 2, NULL),
(78, 7, 12, 5, '6', '2025-07-01', 200.00, 'canceled', NULL, 200.00, '2025-07-11 14:21:52', '2025-08-26 09:09:57', 2, NULL),
(79, 7, 12, 5, '7', '2025-08-01', 200.00, 'canceled', NULL, 200.00, '2025-07-11 14:21:52', '2025-08-26 09:09:57', 2, NULL),
(80, 7, 12, 5, '8', '2025-09-01', 200.00, 'canceled', NULL, 200.00, '2025-07-11 14:21:52', '2025-08-26 09:09:57', 2, NULL),
(81, 7, 12, 5, '9', '2025-10-01', 200.00, 'canceled', NULL, 200.00, '2025-07-11 14:21:52', '2025-08-26 09:09:57', 2, NULL),
(82, 7, 12, 5, '10', '2025-11-01', 200.00, 'canceled', NULL, 200.00, '2025-07-11 14:21:52', '2025-08-26 09:09:57', 2, NULL),
(83, 7, 12, 5, '11', '2025-12-01', 200.00, 'canceled', NULL, 200.00, '2025-07-11 14:21:52', '2025-08-26 09:09:57', 2, NULL),
(84, 7, 12, 5, '12', '2026-01-01', 140.00, 'canceled', NULL, 140.00, '2025-07-11 14:21:52', '2025-08-26 09:09:57', 2, NULL),
(85, 8, 13, 5, '1', '2025-08-11', 530.00, 'canceled', NULL, 530.00, '2025-07-11 19:07:36', '2025-07-17 08:26:31', 2, NULL),
(86, 8, 13, 5, '2', '2025-09-11', 530.00, 'canceled', NULL, 530.00, '2025-07-11 19:07:36', '2025-07-17 08:26:31', 2, NULL),
(87, 8, 13, 5, '3', '2025-10-11', 530.00, 'canceled', NULL, 530.00, '2025-07-11 19:07:36', '2025-07-17 08:26:31', 2, NULL),
(88, 8, 13, 5, '4', '2025-11-11', 530.00, 'canceled', NULL, 530.00, '2025-07-11 19:07:36', '2025-07-17 08:26:31', 2, NULL),
(89, 8, 13, 5, '5', '2025-12-11', 530.00, 'canceled', NULL, 530.00, '2025-07-11 19:07:36', '2025-07-17 08:26:31', 2, NULL),
(90, 8, 13, 5, '6', '2026-01-11', 530.00, 'canceled', NULL, 530.00, '2025-07-11 19:07:36', '2025-07-17 08:26:31', 2, NULL),
(91, 8, 13, 5, '7', '2026-02-11', 530.00, 'canceled', NULL, 530.00, '2025-07-11 19:07:36', '2025-07-17 08:26:31', 2, NULL),
(92, 8, 13, 5, '8', '2026-03-11', 530.00, 'canceled', NULL, 530.00, '2025-07-11 19:07:36', '2025-07-17 08:26:31', 2, NULL),
(93, 8, 13, 5, '9', '2026-04-11', 530.00, 'canceled', NULL, 530.00, '2025-07-11 19:07:36', '2025-07-17 08:26:31', 2, NULL),
(94, 8, 13, 5, '10', '2026-05-11', 530.00, 'canceled', NULL, 530.00, '2025-07-11 19:07:36', '2025-07-17 08:26:31', 2, NULL),
(95, 8, 13, 5, '11', '2026-06-11', 530.00, 'canceled', NULL, 530.00, '2025-07-11 19:07:36', '2025-07-17 08:26:31', 2, NULL),
(96, 8, 13, 5, '12', '2026-07-11', 475.00, 'canceled', NULL, 475.00, '2025-07-11 19:07:36', '2025-07-17 08:26:31', 2, NULL),
(97, 9, 65, 6, '1', '2025-08-17', 90.00, 'canceled', NULL, 90.00, '2025-07-17 02:33:15', '2026-02-10 13:43:43', 3, NULL),
(98, 9, 65, 6, '2', '2025-09-17', 90.00, 'canceled', NULL, 90.00, '2025-07-17 02:33:15', '2026-02-10 13:43:43', 3, NULL),
(99, 9, 65, 6, '3', '2025-10-17', 90.00, 'canceled', NULL, 90.00, '2025-07-17 02:33:15', '2026-02-10 13:43:43', 3, NULL),
(100, 9, 65, 6, '4', '2025-11-17', 90.00, 'canceled', NULL, 90.00, '2025-07-17 02:33:15', '2026-02-10 13:43:43', 3, NULL),
(101, 9, 65, 6, '5', '2025-12-17', 90.00, 'canceled', NULL, 90.00, '2025-07-17 02:33:15', '2026-02-10 13:43:43', 3, NULL),
(102, 9, 65, 6, '6', '2026-01-17', 90.00, 'canceled', NULL, 90.00, '2025-07-17 02:33:15', '2026-02-10 13:43:43', 3, NULL),
(103, 9, 65, 6, '7', '2026-02-17', 90.00, 'canceled', NULL, 90.00, '2025-07-17 02:33:15', '2026-02-10 13:43:43', 3, NULL),
(104, 9, 65, 6, '8', '2026-03-17', 90.00, 'canceled', NULL, 90.00, '2025-07-17 02:33:15', '2026-02-10 13:43:43', 3, NULL),
(105, 9, 65, 6, '9', '2026-04-17', 90.00, 'canceled', NULL, 90.00, '2025-07-17 02:33:15', '2026-02-10 13:43:43', 3, NULL),
(106, 9, 65, 6, '10', '2026-05-17', 90.00, 'canceled', NULL, 90.00, '2025-07-17 02:33:15', '2026-02-10 13:43:43', 3, NULL),
(107, 9, 65, 6, '11', '2026-06-17', 90.00, 'canceled', NULL, 90.00, '2025-07-17 02:33:15', '2026-02-10 13:43:43', 3, NULL),
(108, 9, 65, 6, '12', '2026-07-17', 50.00, 'canceled', NULL, 50.00, '2025-07-17 02:33:15', '2026-02-10 13:43:43', 3, NULL),
(109, 10, 65, 6, '1', '2025-08-17', 70.00, 'canceled', NULL, 70.00, '2025-07-17 02:34:17', '2026-02-10 13:43:43', 3, NULL),
(110, 10, 65, 6, '2', '2025-09-17', 70.00, 'canceled', NULL, 70.00, '2025-07-17 02:34:17', '2026-02-10 13:43:43', 3, NULL),
(111, 10, 65, 6, '3', '2025-10-17', 70.00, 'canceled', NULL, 70.00, '2025-07-17 02:34:17', '2026-02-10 13:43:43', 3, NULL),
(112, 10, 65, 6, '4', '2025-11-17', 70.00, 'canceled', NULL, 70.00, '2025-07-17 02:34:17', '2026-02-10 13:43:43', 3, NULL),
(113, 10, 65, 6, '5', '2025-12-17', 70.00, 'canceled', NULL, 70.00, '2025-07-17 02:34:17', '2026-02-10 13:43:43', 3, NULL),
(114, 10, 65, 6, '6', '2026-01-17', 70.00, 'canceled', NULL, 70.00, '2025-07-17 02:34:17', '2026-02-10 13:43:43', 3, NULL),
(115, 10, 65, 6, '7', '2026-02-17', 70.00, 'canceled', NULL, 70.00, '2025-07-17 02:34:17', '2026-02-10 13:43:43', 3, NULL),
(116, 10, 65, 6, '8', '2026-03-17', 70.00, 'canceled', NULL, 70.00, '2025-07-17 02:34:17', '2026-02-10 13:43:43', 3, NULL),
(117, 10, 65, 6, '9', '2026-04-17', 70.00, 'canceled', NULL, 70.00, '2025-07-17 02:34:17', '2026-02-10 13:43:43', 3, NULL),
(118, 10, 65, 6, '10', '2026-05-17', 70.00, 'canceled', NULL, 70.00, '2025-07-17 02:34:17', '2026-02-10 13:43:43', 3, NULL),
(119, 10, 65, 6, '11', '2026-06-17', 70.00, 'canceled', NULL, 70.00, '2025-07-17 02:34:17', '2026-02-10 13:43:43', 3, NULL),
(120, 10, 65, 6, '12', '2026-07-17', 10.00, 'canceled', NULL, 10.00, '2025-07-17 02:34:17', '2026-02-10 13:43:43', 3, NULL),
(121, 11, 65, 6, '1', '2025-08-17', 90.00, 'canceled', NULL, 90.00, '2025-07-17 02:39:25', '2025-07-19 13:13:07', 3, NULL),
(122, 11, 65, 6, '2', '2025-09-17', 90.00, 'canceled', NULL, 90.00, '2025-07-17 02:39:25', '2025-07-19 13:13:07', 3, NULL),
(123, 11, 65, 6, '3', '2025-10-17', 90.00, 'canceled', NULL, 90.00, '2025-07-17 02:39:25', '2025-07-19 13:13:07', 3, NULL),
(124, 11, 65, 6, '4', '2025-11-17', 90.00, 'canceled', NULL, 90.00, '2025-07-17 02:39:25', '2025-07-19 13:13:07', 3, NULL),
(125, 11, 65, 6, '5', '2025-12-17', 90.00, 'canceled', NULL, 90.00, '2025-07-17 02:39:25', '2025-07-19 13:13:07', 3, NULL),
(126, 11, 65, 6, '6', '2026-01-17', 90.00, 'canceled', NULL, 90.00, '2025-07-17 02:39:25', '2025-07-19 13:13:07', 3, NULL),
(127, 11, 65, 6, '7', '2026-02-17', 90.00, 'canceled', NULL, 90.00, '2025-07-17 02:39:25', '2025-07-19 13:13:07', 3, NULL),
(128, 11, 65, 6, '8', '2026-03-17', 90.00, 'canceled', NULL, 90.00, '2025-07-17 02:39:25', '2025-07-19 13:13:07', 3, NULL),
(129, 11, 65, 6, '9', '2026-04-17', 90.00, 'canceled', NULL, 90.00, '2025-07-17 02:39:25', '2025-07-19 13:13:07', 3, NULL),
(130, 11, 65, 6, '10', '2026-05-17', 90.00, 'canceled', NULL, 90.00, '2025-07-17 02:39:25', '2025-07-19 13:13:07', 3, NULL),
(131, 11, 65, 6, '11', '2026-06-17', 90.00, 'canceled', NULL, 90.00, '2025-07-17 02:39:25', '2025-07-19 13:13:07', 3, NULL),
(132, 11, 65, 6, '12', '2026-07-17', 50.00, 'canceled', NULL, 50.00, '2025-07-17 02:39:25', '2025-07-19 13:13:07', 3, NULL),
(133, 12, 66, 6, '1', '2025-08-17', 100.00, 'canceled', NULL, 100.00, '2025-07-17 03:31:08', '2026-02-10 13:43:43', 3, NULL),
(134, 12, 66, 6, '2', '2025-09-17', 100.00, 'canceled', NULL, 100.00, '2025-07-17 03:31:08', '2026-02-10 13:43:43', 3, NULL),
(135, 12, 66, 6, '3', '2025-10-17', 100.00, 'canceled', NULL, 100.00, '2025-07-17 03:31:08', '2026-02-10 13:43:43', 3, NULL),
(136, 12, 66, 6, '4', '2025-11-17', 100.00, 'canceled', NULL, 100.00, '2025-07-17 03:31:08', '2026-02-10 13:43:43', 3, NULL),
(137, 12, 66, 6, '5', '2025-12-17', 100.00, 'canceled', NULL, 100.00, '2025-07-17 03:31:08', '2026-02-10 13:43:43', 3, NULL),
(138, 12, 66, 6, '6', '2026-01-17', 100.00, 'canceled', NULL, 100.00, '2025-07-17 03:31:08', '2026-02-10 13:43:43', 3, NULL),
(139, 12, 66, 6, '7', '2026-02-17', 100.00, 'canceled', NULL, 100.00, '2025-07-17 03:31:08', '2026-02-10 13:43:43', 3, NULL),
(140, 12, 66, 6, '8', '2026-03-17', 100.00, 'canceled', NULL, 100.00, '2025-07-17 03:31:08', '2026-02-10 13:43:43', 3, NULL),
(141, 12, 66, 6, '9', '2026-04-17', 100.00, 'canceled', NULL, 100.00, '2025-07-17 03:31:08', '2026-02-10 13:43:43', 3, NULL),
(142, 12, 66, 6, '10', '2026-05-17', 100.00, 'canceled', NULL, 100.00, '2025-07-17 03:31:08', '2026-02-10 13:43:43', 3, NULL),
(143, 12, 66, 6, '11', '2026-06-17', 100.00, 'canceled', NULL, 100.00, '2025-07-17 03:31:08', '2026-02-10 13:43:43', 3, NULL),
(144, 12, 66, 6, '12', '2026-07-17', 70.00, 'canceled', NULL, 70.00, '2025-07-17 03:31:08', '2026-02-10 13:43:43', 3, NULL),
(145, 13, 66, 6, '1', '2025-08-17', 100.00, 'canceled', NULL, 100.00, '2025-07-17 03:35:59', '2025-07-19 13:12:57', 3, NULL),
(146, 13, 66, 6, '2', '2025-09-17', 100.00, 'canceled', NULL, 100.00, '2025-07-17 03:35:59', '2025-07-19 13:12:57', 3, NULL),
(147, 13, 66, 6, '3', '2025-10-17', 100.00, 'canceled', NULL, 100.00, '2025-07-17 03:35:59', '2025-07-19 13:12:57', 3, NULL),
(148, 13, 66, 6, '4', '2025-11-17', 100.00, 'canceled', NULL, 100.00, '2025-07-17 03:35:59', '2025-07-19 13:12:57', 3, NULL),
(149, 13, 66, 6, '5', '2025-12-17', 100.00, 'canceled', NULL, 100.00, '2025-07-17 03:35:59', '2025-07-19 13:12:57', 3, NULL),
(150, 13, 66, 6, '6', '2026-01-17', 100.00, 'canceled', NULL, 100.00, '2025-07-17 03:35:59', '2025-07-19 13:12:57', 3, NULL),
(151, 13, 66, 6, '7', '2026-02-17', 100.00, 'canceled', NULL, 100.00, '2025-07-17 03:35:59', '2025-07-19 13:12:57', 3, NULL),
(152, 13, 66, 6, '8', '2026-03-17', 100.00, 'canceled', NULL, 100.00, '2025-07-17 03:35:59', '2025-07-19 13:12:57', 3, NULL),
(153, 13, 66, 6, '9', '2026-04-17', 100.00, 'canceled', NULL, 100.00, '2025-07-17 03:35:59', '2025-07-19 13:12:57', 3, NULL),
(154, 13, 66, 6, '10', '2026-05-17', 100.00, 'canceled', NULL, 100.00, '2025-07-17 03:35:59', '2025-07-19 13:12:57', 3, NULL),
(155, 13, 66, 6, '11', '2026-06-17', 100.00, 'canceled', NULL, 100.00, '2025-07-17 03:35:59', '2025-07-19 13:12:57', 3, NULL),
(156, 13, 66, 6, '12', '2026-07-17', 70.00, 'canceled', NULL, 70.00, '2025-07-17 03:35:59', '2025-07-19 13:12:57', 3, NULL),
(157, 14, 65, 6, '1', '2025-08-17', 90.00, 'canceled', NULL, 90.00, '2025-07-17 03:42:05', '2026-02-10 13:43:43', 3, NULL),
(158, 14, 65, 6, '2', '2025-09-17', 90.00, 'canceled', NULL, 90.00, '2025-07-17 03:42:05', '2026-02-10 13:43:43', 3, NULL),
(159, 14, 65, 6, '3', '2025-10-17', 90.00, 'canceled', NULL, 90.00, '2025-07-17 03:42:05', '2026-02-10 13:43:43', 3, NULL),
(160, 14, 65, 6, '4', '2025-11-17', 90.00, 'canceled', NULL, 90.00, '2025-07-17 03:42:05', '2026-02-10 13:43:43', 3, NULL),
(161, 14, 65, 6, '5', '2025-12-17', 90.00, 'canceled', NULL, 90.00, '2025-07-17 03:42:05', '2026-02-10 13:43:43', 3, NULL),
(162, 14, 65, 6, '6', '2026-01-17', 90.00, 'canceled', NULL, 90.00, '2025-07-17 03:42:05', '2026-02-10 13:43:43', 3, NULL),
(163, 14, 65, 6, '7', '2026-02-17', 90.00, 'canceled', NULL, 90.00, '2025-07-17 03:42:05', '2026-02-10 13:43:43', 3, NULL),
(164, 14, 65, 6, '8', '2026-03-17', 90.00, 'canceled', NULL, 90.00, '2025-07-17 03:42:05', '2026-02-10 13:43:43', 3, NULL),
(165, 14, 65, 6, '9', '2026-04-17', 90.00, 'canceled', NULL, 90.00, '2025-07-17 03:42:05', '2026-02-10 13:43:43', 3, NULL),
(166, 14, 65, 6, '10', '2026-05-17', 90.00, 'canceled', NULL, 90.00, '2025-07-17 03:42:05', '2026-02-10 13:43:43', 3, NULL),
(167, 14, 65, 6, '11', '2026-06-17', 90.00, 'canceled', NULL, 90.00, '2025-07-17 03:42:05', '2026-02-10 13:43:43', 3, NULL),
(168, 14, 65, 6, '12', '2026-07-17', 50.00, 'canceled', NULL, 50.00, '2025-07-17 03:42:05', '2026-02-10 13:43:43', 3, NULL),
(169, 15, 65, 6, '1', '2025-08-17', 90.00, 'canceled', NULL, 90.00, '2025-07-17 03:44:06', '2025-07-19 13:13:00', 3, NULL),
(170, 15, 65, 6, '2', '2025-09-17', 90.00, 'canceled', NULL, 90.00, '2025-07-17 03:44:06', '2025-07-19 13:13:00', 3, NULL),
(171, 15, 65, 6, '3', '2025-10-17', 90.00, 'canceled', NULL, 90.00, '2025-07-17 03:44:06', '2025-07-19 13:13:00', 3, NULL),
(172, 15, 65, 6, '4', '2025-11-17', 90.00, 'canceled', NULL, 90.00, '2025-07-17 03:44:06', '2025-07-19 13:13:00', 3, NULL),
(173, 15, 65, 6, '5', '2025-12-17', 90.00, 'canceled', NULL, 90.00, '2025-07-17 03:44:06', '2025-07-19 13:13:00', 3, NULL),
(174, 15, 65, 6, '6', '2026-01-17', 90.00, 'canceled', NULL, 90.00, '2025-07-17 03:44:06', '2025-07-19 13:13:00', 3, NULL),
(175, 15, 65, 6, '7', '2026-02-17', 90.00, 'canceled', NULL, 90.00, '2025-07-17 03:44:06', '2025-07-19 13:13:00', 3, NULL),
(176, 15, 65, 6, '8', '2026-03-17', 90.00, 'canceled', NULL, 90.00, '2025-07-17 03:44:06', '2025-07-19 13:13:00', 3, NULL),
(177, 15, 65, 6, '9', '2026-04-17', 90.00, 'canceled', NULL, 90.00, '2025-07-17 03:44:06', '2025-07-19 13:13:00', 3, NULL),
(178, 15, 65, 6, '10', '2026-05-17', 90.00, 'canceled', NULL, 90.00, '2025-07-17 03:44:06', '2025-07-19 13:13:00', 3, NULL),
(179, 15, 65, 6, '11', '2026-06-17', 90.00, 'canceled', NULL, 90.00, '2025-07-17 03:44:06', '2025-07-19 13:13:00', 3, NULL),
(180, 15, 65, 6, '12', '2026-07-17', 50.00, 'canceled', NULL, 50.00, '2025-07-17 03:44:06', '2025-07-19 13:13:00', 3, NULL),
(181, 16, 65, 6, '1', '2025-08-17', 90.00, 'canceled', NULL, 90.00, '2025-07-17 04:39:11', '2025-07-17 04:44:46', 3, NULL),
(182, 16, 65, 6, '2', '2025-09-17', 90.00, 'canceled', NULL, 90.00, '2025-07-17 04:39:11', '2025-07-17 04:44:46', 3, NULL),
(183, 16, 65, 6, '3', '2025-10-17', 90.00, 'canceled', NULL, 90.00, '2025-07-17 04:39:11', '2025-07-17 04:44:46', 3, NULL),
(184, 16, 65, 6, '4', '2025-11-17', 90.00, 'canceled', NULL, 90.00, '2025-07-17 04:39:11', '2025-07-17 04:44:46', 3, NULL),
(185, 16, 65, 6, '5', '2025-12-17', 90.00, 'canceled', NULL, 90.00, '2025-07-17 04:39:11', '2025-07-17 04:44:46', 3, NULL),
(186, 16, 65, 6, '6', '2026-01-17', 90.00, 'canceled', NULL, 90.00, '2025-07-17 04:39:11', '2025-07-17 04:44:46', 3, NULL),
(187, 16, 65, 6, '7', '2026-02-17', 90.00, 'canceled', NULL, 90.00, '2025-07-17 04:39:11', '2025-07-17 04:44:46', 3, NULL),
(188, 16, 65, 6, '8', '2026-03-17', 90.00, 'canceled', NULL, 90.00, '2025-07-17 04:39:11', '2025-07-17 04:44:46', 3, NULL),
(189, 16, 65, 6, '9', '2026-04-17', 90.00, 'canceled', NULL, 90.00, '2025-07-17 04:39:11', '2025-07-17 04:44:46', 3, NULL),
(190, 16, 65, 6, '10', '2026-05-17', 90.00, 'canceled', NULL, 90.00, '2025-07-17 04:39:11', '2025-07-17 04:44:46', 3, NULL),
(191, 16, 65, 6, '11', '2026-06-17', 90.00, 'canceled', NULL, 90.00, '2025-07-17 04:39:11', '2025-07-17 04:44:46', 3, NULL),
(192, 16, 65, 6, '12', '2026-07-17', 50.00, 'canceled', NULL, 50.00, '2025-07-17 04:39:11', '2025-07-17 04:44:46', 3, NULL),
(193, 17, 65, 6, '1', '2025-08-17', 90.00, 'canceled', NULL, 90.00, '2025-07-17 04:44:46', '2025-07-19 13:13:03', 3, NULL),
(194, 17, 65, 6, '2', '2025-09-17', 90.00, 'canceled', NULL, 90.00, '2025-07-17 04:44:46', '2025-07-19 13:13:03', 3, NULL),
(195, 17, 65, 6, '3', '2025-10-17', 90.00, 'canceled', NULL, 90.00, '2025-07-17 04:44:46', '2025-07-19 13:13:03', 3, NULL),
(196, 17, 65, 6, '4', '2025-11-17', 90.00, 'canceled', NULL, 90.00, '2025-07-17 04:44:46', '2025-07-19 13:13:03', 3, NULL),
(197, 17, 65, 6, '5', '2025-12-17', 90.00, 'canceled', NULL, 90.00, '2025-07-17 04:44:46', '2025-07-19 13:13:03', 3, NULL),
(198, 17, 65, 6, '6', '2026-01-17', 90.00, 'canceled', NULL, 90.00, '2025-07-17 04:44:46', '2025-07-19 13:13:03', 3, NULL),
(199, 17, 65, 6, '7', '2026-02-17', 90.00, 'canceled', NULL, 90.00, '2025-07-17 04:44:46', '2025-07-19 13:13:03', 3, NULL),
(200, 17, 65, 6, '8', '2026-03-17', 90.00, 'canceled', NULL, 90.00, '2025-07-17 04:44:46', '2025-07-19 13:13:03', 3, NULL),
(201, 17, 65, 6, '9', '2026-04-17', 90.00, 'canceled', NULL, 90.00, '2025-07-17 04:44:46', '2025-07-19 13:13:03', 3, NULL),
(202, 17, 65, 6, '10', '2026-05-17', 90.00, 'canceled', NULL, 90.00, '2025-07-17 04:44:46', '2025-07-19 13:13:03', 3, NULL),
(203, 17, 65, 6, '11', '2026-06-17', 90.00, 'canceled', NULL, 90.00, '2025-07-17 04:44:46', '2025-07-19 13:13:03', 3, NULL),
(204, 17, 65, 6, '12', '2026-07-17', 50.00, 'canceled', NULL, 50.00, '2025-07-17 04:44:46', '2025-07-19 13:13:03', 3, NULL),
(205, 18, 13, 5, '1', '2025-02-20', 530.00, 'canceled', NULL, 530.00, '2025-07-17 08:26:31', '2025-07-18 20:02:50', 2, NULL),
(206, 18, 13, 5, '2', '2025-03-20', 530.00, 'canceled', NULL, 530.00, '2025-07-17 08:26:31', '2025-07-18 20:02:50', 2, NULL),
(207, 18, 13, 5, '3', '2025-04-20', 530.00, 'canceled', NULL, 530.00, '2025-07-17 08:26:31', '2025-07-18 20:02:50', 2, NULL),
(208, 18, 13, 5, '4', '2025-05-20', 530.00, 'canceled', NULL, 530.00, '2025-07-17 08:26:31', '2025-07-18 20:02:50', 2, NULL),
(209, 18, 13, 5, '5', '2025-06-20', 530.00, 'canceled', NULL, 530.00, '2025-07-17 08:26:31', '2025-07-18 20:02:50', 2, NULL),
(210, 18, 13, 5, '6', '2025-07-20', 530.00, 'canceled', NULL, 530.00, '2025-07-17 08:26:31', '2025-07-18 20:02:50', 2, NULL),
(211, 18, 13, 5, '7', '2025-08-20', 530.00, 'canceled', NULL, 530.00, '2025-07-17 08:26:31', '2025-07-18 20:02:50', 2, NULL),
(212, 18, 13, 5, '8', '2025-09-20', 530.00, 'canceled', NULL, 530.00, '2025-07-17 08:26:31', '2025-07-18 20:02:50', 2, NULL),
(213, 18, 13, 5, '9', '2025-10-20', 530.00, 'canceled', NULL, 530.00, '2025-07-17 08:26:32', '2025-07-18 20:02:50', 2, NULL),
(214, 18, 13, 5, '10', '2025-11-20', 530.00, 'canceled', NULL, 530.00, '2025-07-17 08:26:32', '2025-07-18 20:02:50', 2, NULL),
(215, 18, 13, 5, '11', '2025-12-20', 530.00, 'canceled', NULL, 530.00, '2025-07-17 08:26:32', '2025-07-18 20:02:50', 2, NULL),
(216, 18, 13, 5, '12', '2026-01-20', 475.00, 'canceled', NULL, 475.00, '2025-07-17 08:26:32', '2025-07-18 20:02:50', 2, NULL),
(217, 19, 13, 5, '1', '2025-02-20', 530.00, 'canceled', NULL, 530.00, '2025-07-18 20:02:50', '2025-08-26 09:09:39', 2, NULL),
(218, 19, 13, 5, '2', '2025-03-20', 530.00, 'canceled', NULL, 530.00, '2025-07-18 20:02:50', '2025-08-26 09:09:39', 2, NULL),
(219, 19, 13, 5, '3', '2025-04-20', 530.00, 'canceled', NULL, 530.00, '2025-07-18 20:02:50', '2025-08-26 09:09:39', 2, NULL),
(220, 19, 13, 5, '4', '2025-05-20', 530.00, 'canceled', NULL, 530.00, '2025-07-18 20:02:50', '2025-08-26 09:09:39', 2, NULL),
(221, 19, 13, 5, '5', '2025-06-20', 530.00, 'canceled', NULL, 530.00, '2025-07-18 20:02:50', '2025-08-26 09:09:39', 2, NULL),
(222, 19, 13, 5, '6', '2025-07-20', 530.00, 'canceled', NULL, 530.00, '2025-07-18 20:02:50', '2025-08-26 09:09:39', 2, NULL),
(223, 19, 13, 5, '7', '2025-08-20', 530.00, 'canceled', NULL, 530.00, '2025-07-18 20:02:50', '2025-08-26 09:09:39', 2, NULL),
(224, 19, 13, 5, '8', '2025-09-20', 530.00, 'canceled', NULL, 530.00, '2025-07-18 20:02:50', '2025-08-26 09:09:39', 2, NULL),
(225, 19, 13, 5, '9', '2025-10-20', 530.00, 'canceled', NULL, 530.00, '2025-07-18 20:02:50', '2025-08-26 09:09:39', 2, NULL),
(226, 19, 13, 5, '10', '2025-11-20', 530.00, 'canceled', NULL, 530.00, '2025-07-18 20:02:50', '2025-08-26 09:09:39', 2, NULL),
(227, 19, 13, 5, '11', '2025-12-20', 530.00, 'canceled', NULL, 530.00, '2025-07-18 20:02:50', '2025-08-26 09:09:39', 2, NULL),
(228, 19, 13, 5, '12', '2026-01-20', 475.00, 'canceled', NULL, 475.00, '2025-07-18 20:02:50', '2025-08-26 09:09:39', 2, NULL),
(229, 20, 67, 5, '1', '2025-04-01', 380.00, 'canceled', NULL, 380.00, '2025-07-22 08:52:06', '2025-07-22 08:53:29', 2, NULL),
(230, 20, 67, 5, '2', '2025-05-01', 380.00, 'canceled', NULL, 380.00, '2025-07-22 08:52:06', '2025-07-22 08:53:29', 2, NULL),
(231, 20, 67, 5, '3', '2025-06-01', 380.00, 'canceled', NULL, 380.00, '2025-07-22 08:52:06', '2025-07-22 08:53:29', 2, NULL),
(232, 20, 67, 5, '4', '2025-07-01', 380.00, 'canceled', NULL, 380.00, '2025-07-22 08:52:06', '2025-07-22 08:53:29', 2, NULL),
(233, 20, 67, 5, '5', '2025-08-01', 380.00, 'canceled', NULL, 380.00, '2025-07-22 08:52:06', '2025-07-22 08:53:29', 2, NULL),
(234, 20, 67, 5, '6', '2025-09-01', 380.00, 'canceled', NULL, 380.00, '2025-07-22 08:52:06', '2025-07-22 08:53:29', 2, NULL),
(235, 20, 67, 5, '7', '2025-10-01', 380.00, 'canceled', NULL, 380.00, '2025-07-22 08:52:06', '2025-07-22 08:53:29', 2, NULL),
(236, 20, 67, 5, '8', '2025-11-01', 380.00, 'canceled', NULL, 380.00, '2025-07-22 08:52:06', '2025-07-22 08:53:29', 2, NULL),
(237, 20, 67, 5, '9', '2025-12-01', 380.00, 'canceled', NULL, 380.00, '2025-07-22 08:52:06', '2025-07-22 08:53:29', 2, NULL),
(238, 20, 67, 5, '10', '2026-01-01', 380.00, 'canceled', NULL, 380.00, '2025-07-22 08:52:06', '2025-07-22 08:53:29', 2, NULL),
(239, 20, 67, 5, '11', '2026-02-01', 100.00, 'canceled', NULL, 100.00, '2025-07-22 08:52:06', '2025-07-22 08:53:29', 2, NULL),
(240, 21, 67, 5, '1', '2025-03-01', 350.00, 'canceled', NULL, 350.00, '2025-07-22 08:53:29', '2025-07-22 09:06:55', 2, NULL),
(241, 21, 67, 5, '2', '2025-04-01', 350.00, 'canceled', NULL, 350.00, '2025-07-22 08:53:29', '2025-07-22 09:06:55', 2, NULL),
(242, 21, 67, 5, '3', '2025-05-01', 350.00, 'canceled', NULL, 350.00, '2025-07-22 08:53:29', '2025-07-22 09:06:55', 2, NULL),
(243, 21, 67, 5, '4', '2025-06-01', 350.00, 'canceled', NULL, 350.00, '2025-07-22 08:53:29', '2025-07-22 09:06:55', 2, NULL),
(244, 21, 67, 5, '5', '2025-07-01', 350.00, 'canceled', NULL, 350.00, '2025-07-22 08:53:29', '2025-07-22 09:06:55', 2, NULL),
(245, 21, 67, 5, '6', '2025-08-01', 350.00, 'canceled', NULL, 350.00, '2025-07-22 08:53:29', '2025-07-22 09:06:55', 2, NULL),
(246, 21, 67, 5, '7', '2025-09-01', 350.00, 'canceled', NULL, 350.00, '2025-07-22 08:53:29', '2025-07-22 09:06:55', 2, NULL),
(247, 21, 67, 5, '8', '2025-10-01', 350.00, 'canceled', NULL, 350.00, '2025-07-22 08:53:29', '2025-07-22 09:06:55', 2, NULL),
(248, 21, 67, 5, '9', '2025-11-01', 350.00, 'canceled', NULL, 350.00, '2025-07-22 08:53:29', '2025-07-22 09:06:55', 2, NULL),
(249, 21, 67, 5, '10', '2025-12-01', 350.00, 'canceled', NULL, 350.00, '2025-07-22 08:53:29', '2025-07-22 09:06:55', 2, NULL),
(250, 21, 67, 5, '11', '2026-01-01', 325.00, 'canceled', NULL, 325.00, '2025-07-22 08:53:29', '2025-07-22 09:06:55', 2, NULL),
(251, 22, 67, 5, '1', '2025-03-01', 330.00, 'canceled', NULL, 330.00, '2025-07-22 09:06:56', '2025-08-11 07:08:55', 2, NULL),
(252, 22, 67, 5, '2', '2025-04-01', 330.00, 'canceled', NULL, 330.00, '2025-07-22 09:06:56', '2025-08-11 07:08:55', 2, NULL),
(253, 22, 67, 5, '3', '2025-05-01', 330.00, 'canceled', NULL, 330.00, '2025-07-22 09:06:56', '2025-08-11 07:08:55', 2, NULL),
(254, 22, 67, 5, '4', '2025-06-01', 330.00, 'canceled', NULL, 330.00, '2025-07-22 09:06:56', '2025-08-11 07:08:55', 2, NULL),
(255, 22, 67, 5, '5', '2025-07-01', 330.00, 'canceled', NULL, 330.00, '2025-07-22 09:06:56', '2025-08-11 07:08:55', 2, NULL),
(256, 22, 67, 5, '6', '2025-08-01', 330.00, 'canceled', NULL, 330.00, '2025-07-22 09:06:56', '2025-08-11 07:08:55', 2, NULL),
(257, 22, 67, 5, '7', '2025-09-01', 330.00, 'canceled', NULL, 330.00, '2025-07-22 09:06:56', '2025-08-11 07:08:55', 2, NULL),
(258, 22, 67, 5, '8', '2025-10-01', 330.00, 'canceled', NULL, 330.00, '2025-07-22 09:06:56', '2025-08-11 07:08:55', 2, NULL),
(259, 22, 67, 5, '9', '2025-11-01', 330.00, 'canceled', NULL, 330.00, '2025-07-22 09:06:56', '2025-08-11 07:08:55', 2, NULL),
(260, 22, 67, 5, '10', '2025-12-01', 330.00, 'canceled', NULL, 330.00, '2025-07-22 09:06:56', '2025-08-11 07:08:55', 2, NULL),
(261, 22, 67, 5, '11', '2026-01-01', 330.00, 'canceled', NULL, 330.00, '2025-07-22 09:06:56', '2025-08-11 07:08:55', 2, NULL),
(262, 22, 67, 5, '12', '2026-02-01', 270.00, 'canceled', NULL, 270.00, '2025-07-22 09:06:56', '2025-08-11 07:08:55', 2, NULL),
(263, 23, 65, 6, '1', '2025-08-22', 430.00, 'paid', '2025-07-23 00:00:00', 0.00, '2025-07-22 10:29:35', '2025-07-23 08:26:23', 3, NULL),
(264, 23, 65, 6, '2', '2025-09-22', 430.00, 'paid', '2025-07-23 00:00:00', 0.00, '2025-07-22 10:29:35', '2025-07-23 08:26:36', 3, NULL),
(265, 23, 65, 6, '3', '2025-10-22', 430.00, 'pending', NULL, 430.00, '2025-07-22 10:29:36', '2025-07-22 10:29:36', 3, NULL),
(266, 23, 65, 6, '4', '2025-11-22', 430.00, 'pending', NULL, 430.00, '2025-07-22 10:29:36', '2025-07-22 10:29:36', 3, NULL),
(267, 23, 65, 6, '5', '2025-12-22', 430.00, 'pending', NULL, 430.00, '2025-07-22 10:29:36', '2025-07-22 10:29:36', 3, NULL),
(268, 23, 65, 6, '6', '2026-01-22', 430.00, 'pending', NULL, 430.00, '2025-07-22 10:29:36', '2025-07-22 10:29:36', 3, NULL),
(269, 23, 65, 6, '7', '2026-02-22', 430.00, 'pending', NULL, 430.00, '2025-07-22 10:29:36', '2025-07-22 10:29:36', 3, NULL),
(270, 23, 65, 6, '8', '2026-03-22', 430.00, 'pending', NULL, 430.00, '2025-07-22 10:29:36', '2025-07-22 10:29:36', 3, NULL),
(271, 23, 65, 6, '9', '2026-04-22', 430.00, 'pending', NULL, 430.00, '2025-07-22 10:29:36', '2025-07-22 10:29:36', 3, NULL),
(272, 23, 65, 6, '10', '2026-05-22', 430.00, 'pending', NULL, 430.00, '2025-07-22 10:29:36', '2025-07-22 10:29:36', 3, NULL),
(273, 23, 65, 6, '11', '2026-06-22', 430.00, 'pending', NULL, 430.00, '2025-07-22 10:29:36', '2025-07-22 10:29:36', 3, NULL),
(274, 23, 65, 6, '12', '2026-07-22', 405.00, 'pending', NULL, 405.00, '2025-07-22 10:29:36', '2025-07-22 10:29:36', 3, NULL),
(275, 24, 65, 6, '1', '2025-08-23', 730.00, 'paid', '2025-07-23 00:00:00', 0.00, '2025-07-23 07:09:30', '2025-07-23 07:12:39', 3, NULL),
(276, 24, 65, 6, '2', '2025-09-23', 730.00, 'paid', '2025-07-23 00:00:00', 0.00, '2025-07-23 07:09:30', '2025-07-23 07:12:55', 3, NULL),
(277, 24, 65, 6, '3', '2025-10-23', 730.00, 'paid', '2025-07-23 00:00:00', 0.00, '2025-07-23 07:09:30', '2025-07-23 07:12:58', 3, NULL),
(278, 24, 65, 6, '4', '2025-11-23', 730.00, 'paid', '2025-07-23 00:00:00', 0.00, '2025-07-23 07:09:30', '2025-07-23 08:23:08', 3, NULL),
(279, 24, 65, 6, '5', '2025-12-23', 730.00, 'paid', '2025-07-23 00:00:00', 0.00, '2025-07-23 07:09:30', '2025-07-23 08:26:00', 3, NULL),
(280, 24, 65, 6, '6', '2026-01-23', 730.00, 'pending', NULL, 730.00, '2025-07-23 07:09:30', '2025-07-23 07:09:30', 3, NULL),
(281, 24, 65, 6, '7', '2026-02-23', 730.00, 'pending', NULL, 730.00, '2025-07-23 07:09:30', '2025-07-23 07:09:30', 3, NULL),
(282, 24, 65, 6, '8', '2026-03-23', 730.00, 'pending', NULL, 730.00, '2025-07-23 07:09:30', '2025-07-23 07:09:30', 3, NULL),
(283, 24, 65, 6, '9', '2026-04-23', 730.00, 'pending', NULL, 730.00, '2025-07-23 07:09:30', '2025-07-23 07:09:30', 3, NULL),
(284, 24, 65, 6, '10', '2026-05-23', 730.00, 'pending', NULL, 730.00, '2025-07-23 07:09:30', '2025-07-23 07:09:30', 3, NULL),
(285, 24, 65, 6, '11', '2026-06-23', 730.00, 'pending', NULL, 730.00, '2025-07-23 07:09:30', '2025-07-23 07:09:30', 3, NULL),
(286, 24, 65, 6, '12', '2026-07-23', 730.00, 'pending', NULL, 730.00, '2025-07-23 07:09:30', '2025-07-23 07:09:30', 3, NULL),
(287, 24, 65, 6, '13', '2026-08-23', 730.00, 'pending', NULL, 730.00, '2025-07-23 07:09:30', '2025-07-23 07:09:30', 3, NULL),
(288, 24, 65, 6, '14', '2026-09-23', 730.00, 'pending', NULL, 730.00, '2025-07-23 07:09:30', '2025-07-23 07:09:30', 3, NULL),
(289, 24, 65, 6, '15', '2026-10-23', 642.50, 'pending', NULL, 642.50, '2025-07-23 07:09:30', '2025-07-23 07:09:30', 3, NULL),
(290, 25, 7, 5, '1', '2025-08-24', 195.00, 'canceled', NULL, 195.00, '2025-07-24 19:38:39', '2025-07-30 06:30:48', 2, NULL),
(291, 25, 7, 5, '2', '2025-09-24', 195.00, 'canceled', NULL, 195.00, '2025-07-24 19:38:39', '2025-07-30 06:30:48', 2, NULL),
(292, 25, 7, 5, '3', '2025-10-24', 195.00, 'canceled', NULL, 195.00, '2025-07-24 19:38:39', '2025-07-30 06:30:48', 2, NULL),
(293, 25, 7, 5, '4', '2025-11-24', 195.00, 'canceled', NULL, 195.00, '2025-07-24 19:38:39', '2025-07-30 06:30:48', 2, NULL),
(294, 25, 7, 5, '5', '2025-12-24', 195.00, 'canceled', NULL, 195.00, '2025-07-24 19:38:39', '2025-07-30 06:30:48', 2, NULL),
(295, 25, 7, 5, '6', '2026-01-24', 195.00, 'canceled', NULL, 195.00, '2025-07-24 19:38:39', '2025-07-30 06:30:48', 2, NULL),
(296, 25, 7, 5, '7', '2026-02-24', 195.00, 'canceled', NULL, 195.00, '2025-07-24 19:38:39', '2025-07-30 06:30:48', 2, NULL),
(297, 25, 7, 5, '8', '2026-03-24', 195.00, 'canceled', NULL, 195.00, '2025-07-24 19:38:39', '2025-07-30 06:30:48', 2, NULL),
(298, 25, 7, 5, '9', '2026-04-24', 195.00, 'canceled', NULL, 195.00, '2025-07-24 19:38:39', '2025-07-30 06:30:48', 2, NULL),
(299, 25, 7, 5, '10', '2026-05-24', 195.00, 'canceled', NULL, 195.00, '2025-07-24 19:38:39', '2025-07-30 06:30:48', 2, NULL),
(300, 25, 7, 5, '11', '2026-06-24', 195.00, 'canceled', NULL, 195.00, '2025-07-24 19:38:39', '2025-07-30 06:30:48', 2, NULL),
(301, 25, 7, 5, '12', '2026-07-24', 195.00, 'canceled', NULL, 195.00, '2025-07-24 19:38:39', '2025-07-30 06:30:48', 2, NULL),
(302, 26, 65, 6, '1', '2025-08-29', 440.00, 'pending', NULL, 440.00, '2025-07-29 15:57:34', '2025-07-29 15:57:34', 3, NULL),
(303, 26, 65, 6, '2', '2025-09-29', 440.00, 'pending', NULL, 440.00, '2025-07-29 15:57:34', '2025-07-29 15:57:34', 3, NULL),
(304, 26, 65, 6, '3', '2025-10-29', 440.00, 'pending', NULL, 440.00, '2025-07-29 15:57:34', '2025-07-29 15:57:34', 3, NULL),
(305, 26, 65, 6, '4', '2025-11-29', 440.00, 'pending', NULL, 440.00, '2025-07-29 15:57:34', '2025-07-29 15:57:34', 3, NULL),
(306, 26, 65, 6, '5', '2025-12-29', 440.00, 'pending', NULL, 440.00, '2025-07-29 15:57:34', '2025-07-29 15:57:34', 3, NULL),
(307, 26, 65, 6, '6', '2026-01-29', 440.00, 'pending', NULL, 440.00, '2025-07-29 15:57:34', '2025-07-29 15:57:34', 3, NULL),
(308, 26, 65, 6, '7', '2026-03-01', 440.00, 'pending', NULL, 440.00, '2025-07-29 15:57:34', '2025-07-29 15:57:34', 3, NULL),
(309, 26, 65, 6, '8', '2026-03-29', 440.00, 'pending', NULL, 440.00, '2025-07-29 15:57:34', '2025-07-29 15:57:34', 3, NULL),
(310, 26, 65, 6, '9', '2026-04-29', 440.00, 'pending', NULL, 440.00, '2025-07-29 15:57:34', '2025-07-29 15:57:34', 3, NULL),
(311, 26, 65, 6, '10', '2026-05-29', 440.00, 'pending', NULL, 440.00, '2025-07-29 15:57:34', '2025-07-29 15:57:34', 3, NULL),
(312, 26, 65, 6, '11', '2026-06-29', 440.00, 'pending', NULL, 440.00, '2025-07-29 15:57:34', '2025-07-29 15:57:34', 3, NULL),
(313, 26, 65, 6, '12', '2026-07-29', 360.00, 'pending', NULL, 360.00, '2025-07-29 15:57:34', '2025-07-29 15:57:34', 3, NULL),
(314, 27, 7, 5, '1', '2025-05-29', 195.00, 'paid', '2025-07-30 00:00:00', 0.00, '2025-07-30 06:30:48', '2025-07-30 06:31:19', 2, NULL),
(315, 27, 7, 5, '2', '2025-06-29', 195.00, 'paid', '2025-07-30 00:00:00', 0.00, '2025-07-30 06:30:48', '2025-07-30 06:31:28', 2, NULL),
(316, 27, 7, 5, '3', '2025-07-29', 195.00, 'paid', '2025-07-30 00:00:00', 0.00, '2025-07-30 06:30:48', '2025-07-30 06:31:40', 2, NULL),
(317, 27, 7, 5, '4', '2025-08-29', 195.00, 'paid', '2025-09-22 00:00:00', 0.00, '2025-07-30 06:30:48', '2025-09-22 19:13:43', 2, NULL),
(318, 27, 7, 5, '5', '2025-09-29', 195.00, 'paid', '2025-10-28 00:00:00', 0.00, '2025-07-30 06:30:48', '2025-10-28 15:30:48', 2, NULL),
(319, 27, 7, 5, '6', '2025-10-29', 195.00, 'paid', '2025-10-28 00:00:00', 0.00, '2025-07-30 06:30:48', '2025-10-28 15:30:56', 2, NULL),
(320, 27, 7, 5, '7', '2025-11-29', 195.00, 'paid', '2025-12-08 00:00:00', 0.00, '2025-07-30 06:30:48', '2025-12-08 17:06:41', 2, NULL),
(321, 27, 7, 5, '8', '2025-12-29', 195.00, 'paid', '2025-12-31 00:00:00', 0.00, '2025-07-30 06:30:48', '2025-12-31 21:53:53', 2, NULL),
(322, 27, 7, 5, '9', '2026-01-29', 195.00, 'pending', NULL, 195.00, '2025-07-30 06:30:48', '2025-07-30 06:30:48', 2, NULL),
(323, 27, 7, 5, '10', '2026-03-01', 195.00, 'pending', NULL, 195.00, '2025-07-30 06:30:48', '2025-07-30 06:30:48', 2, NULL),
(324, 27, 7, 5, '11', '2026-03-29', 195.00, 'pending', NULL, 195.00, '2025-07-30 06:30:48', '2025-07-30 06:30:48', 2, NULL),
(325, 27, 7, 5, '12', '2026-04-29', 195.00, 'pending', NULL, 195.00, '2025-07-30 06:30:48', '2025-07-30 06:30:48', 2, NULL),
(326, 28, 69, 5, '1', '2025-08-29', 970.00, 'paid', '2025-08-25 00:00:00', 0.00, '2025-07-30 06:39:39', '2025-08-25 20:27:32', 2, NULL),
(327, 28, 69, 5, '2', '2025-09-29', 970.00, 'paid', '2025-10-03 00:00:00', 0.00, '2025-07-30 06:39:39', '2025-10-03 08:08:50', 2, NULL),
(328, 28, 69, 5, '3', '2025-10-29', 970.00, 'paid', '2025-10-28 00:00:00', 0.00, '2025-07-30 06:39:39', '2025-10-28 15:30:03', 2, NULL),
(329, 28, 69, 5, '4', '2025-11-29', 940.00, 'paid', '2025-11-29 00:00:00', 0.00, '2025-07-30 06:39:39', '2025-11-29 07:39:54', 2, NULL),
(330, 29, 6, 5, '1', '2025-08-30', 1000.00, 'canceled', NULL, 1000.00, '2025-07-30 06:47:22', '2025-07-30 06:48:39', 2, NULL),
(331, 29, 6, 5, '2', '2025-09-30', 1000.00, 'canceled', NULL, 1000.00, '2025-07-30 06:47:22', '2025-07-30 06:48:39', 2, NULL),
(332, 29, 6, 5, '3', '2025-10-30', 1000.00, 'canceled', NULL, 1000.00, '2025-07-30 06:47:22', '2025-07-30 06:48:39', 2, NULL),
(333, 29, 6, 5, '4', '2025-11-30', 1000.00, 'canceled', NULL, 1000.00, '2025-07-30 06:47:22', '2025-07-30 06:48:39', 2, NULL),
(334, 29, 6, 5, '5', '2025-12-30', 1000.00, 'canceled', NULL, 1000.00, '2025-07-30 06:47:22', '2025-07-30 06:48:39', 2, NULL),
(335, 29, 6, 5, '6', '2026-01-30', 1000.00, 'canceled', NULL, 1000.00, '2025-07-30 06:47:22', '2025-07-30 06:48:39', 2, NULL),
(336, 29, 6, 5, '7', '2026-03-02', 1000.00, 'canceled', NULL, 1000.00, '2025-07-30 06:47:22', '2025-07-30 06:48:39', 2, NULL),
(337, 29, 6, 5, '8', '2026-03-30', 1000.00, 'canceled', NULL, 1000.00, '2025-07-30 06:47:22', '2025-07-30 06:48:39', 2, NULL),
(338, 29, 6, 5, '9', '2026-04-30', 1000.00, 'canceled', NULL, 1000.00, '2025-07-30 06:47:22', '2025-07-30 06:48:39', 2, NULL),
(339, 29, 6, 5, '10', '2026-05-30', 1000.00, 'canceled', NULL, 1000.00, '2025-07-30 06:47:22', '2025-07-30 06:48:39', 2, NULL),
(340, 29, 6, 5, '11', '2026-06-30', 1000.00, 'canceled', NULL, 1000.00, '2025-07-30 06:47:22', '2025-07-30 06:48:39', 2, NULL),
(341, 29, 6, 5, '12', '2026-07-30', 986.00, 'canceled', NULL, 986.00, '2025-07-30 06:47:22', '2025-07-30 06:48:39', 2, NULL),
(342, 30, 6, 5, '1', '2025-05-25', 1000.00, 'paid', '2025-07-30 00:00:00', 0.00, '2025-07-30 06:48:39', '2025-07-30 13:07:46', 2, NULL),
(343, 30, 6, 5, '2', '2025-06-25', 1000.00, 'paid', '2025-07-30 00:00:00', 0.00, '2025-07-30 06:48:39', '2025-07-30 13:09:13', 2, NULL),
(344, 30, 6, 5, '3', '2025-07-25', 1000.00, 'paid', '2025-07-30 00:00:00', 0.00, '2025-07-30 06:48:39', '2025-07-30 13:09:19', 2, NULL),
(345, 30, 6, 5, '4', '2025-08-25', 1000.00, 'paid', '2025-08-28 00:00:00', 0.00, '2025-07-30 06:48:39', '2025-08-28 10:39:37', 2, NULL),
(346, 30, 6, 5, '5', '2025-09-25', 1000.00, 'paid', '2025-10-03 00:00:00', 0.00, '2025-07-30 06:48:39', '2025-10-03 08:08:35', 2, NULL),
(347, 30, 6, 5, '6', '2025-10-25', 1000.00, 'paid', '2025-10-28 00:00:00', 0.00, '2025-07-30 06:48:39', '2025-10-28 15:29:08', 2, NULL),
(348, 30, 6, 5, '7', '2025-11-25', 1000.00, 'paid', '2025-12-08 00:00:00', 0.00, '2025-07-30 06:48:39', '2025-12-08 17:06:15', 2, NULL),
(349, 30, 6, 5, '8', '2025-12-25', 1000.00, 'paid', '2026-01-19 00:00:00', 0.00, '2025-07-30 06:48:39', '2026-01-19 13:10:15', 2, NULL),
(350, 30, 6, 5, '9', '2026-01-25', 1000.00, 'paid', '2026-02-02 00:00:00', 0.00, '2025-07-30 06:48:39', '2026-02-02 09:47:21', 2, NULL),
(351, 30, 6, 5, '10', '2026-02-25', 1000.00, 'pending', NULL, 1000.00, '2025-07-30 06:48:39', '2025-07-30 06:48:39', 2, NULL),
(352, 30, 6, 5, '11', '2026-03-25', 1000.00, 'pending', NULL, 1000.00, '2025-07-30 06:48:39', '2025-07-30 06:48:39', 2, NULL),
(353, 30, 6, 5, '12', '2026-04-25', 986.00, 'pending', NULL, 986.00, '2025-07-30 06:48:39', '2025-07-30 06:48:39', 2, NULL),
(354, 31, 67, 5, '1', '2025-03-01', 480.00, 'paid', '2025-08-11 00:00:00', 0.00, '2025-08-11 07:08:55', '2025-08-11 07:09:56', 2, NULL),
(355, 31, 67, 5, '2', '2025-04-01', 480.00, 'paid', '2025-08-11 00:00:00', 0.00, '2025-08-11 07:08:55', '2025-08-11 07:10:18', 2, NULL),
(356, 31, 67, 5, '3', '2025-05-01', 480.00, 'paid', '2025-08-11 00:00:00', 0.00, '2025-08-11 07:08:55', '2025-08-11 07:10:23', 2, NULL),
(357, 31, 67, 5, '4', '2025-06-01', 480.00, 'paid', '2025-08-11 00:00:00', 0.00, '2025-08-11 07:08:55', '2025-08-11 07:10:26', 2, NULL),
(358, 31, 67, 5, '5', '2025-07-01', 480.00, 'paid', '2025-08-11 00:00:00', 0.00, '2025-08-11 07:08:55', '2025-08-11 07:10:29', 2, NULL),
(359, 31, 67, 5, '6', '2025-08-01', 480.00, 'paid', '2025-08-11 00:00:00', 0.00, '2025-08-11 07:08:55', '2025-08-11 07:10:33', 2, NULL),
(360, 31, 67, 5, '7', '2025-09-01', 480.00, 'paid', '2025-08-28 00:00:00', 0.00, '2025-08-11 07:08:55', '2025-08-28 10:39:44', 2, NULL),
(361, 31, 67, 5, '8', '2025-10-01', 240.00, 'paid', '2025-10-03 00:00:00', 0.00, '2025-08-11 07:08:55', '2025-10-03 08:10:10', 2, NULL),
(362, 32, 70, 5, '1', '2025-09-17', 380.00, 'canceled', NULL, 380.00, '2025-08-16 21:51:35', '2025-08-16 21:55:34', 2, NULL),
(363, 32, 70, 5, '2', '2025-10-17', 380.00, 'canceled', NULL, 380.00, '2025-08-16 21:51:35', '2025-08-16 21:55:34', 2, NULL),
(364, 32, 70, 5, '3', '2025-11-17', 380.00, 'canceled', NULL, 380.00, '2025-08-16 21:51:35', '2025-08-16 21:55:34', 2, NULL),
(365, 32, 70, 5, '4', '2025-12-17', 380.00, 'canceled', NULL, 380.00, '2025-08-16 21:51:35', '2025-08-16 21:55:34', 2, NULL),
(366, 32, 70, 5, '5', '2026-01-17', 380.00, 'canceled', NULL, 380.00, '2025-08-16 21:51:35', '2025-08-16 21:55:34', 2, NULL),
(367, 32, 70, 5, '6', '2026-02-17', 380.00, 'canceled', NULL, 380.00, '2025-08-16 21:51:35', '2025-08-16 21:55:34', 2, NULL),
(368, 32, 70, 5, '7', '2026-03-17', 380.00, 'canceled', NULL, 380.00, '2025-08-16 21:51:35', '2025-08-16 21:55:34', 2, NULL),
(369, 32, 70, 5, '8', '2026-04-17', 380.00, 'canceled', NULL, 380.00, '2025-08-16 21:51:35', '2025-08-16 21:55:34', 2, NULL),
(370, 32, 70, 5, '9', '2026-05-17', 380.00, 'canceled', NULL, 380.00, '2025-08-16 21:51:35', '2025-08-16 21:55:34', 2, NULL),
(371, 32, 70, 5, '10', '2026-06-17', 380.00, 'canceled', NULL, 380.00, '2025-08-16 21:51:35', '2025-08-16 21:55:34', 2, NULL),
(372, 32, 70, 5, '11', '2026-07-17', 380.00, 'canceled', NULL, 380.00, '2025-08-16 21:51:35', '2025-08-16 21:55:34', 2, NULL),
(373, 32, 70, 5, '12', '2026-08-17', 370.00, 'canceled', NULL, 370.00, '2025-08-16 21:51:35', '2025-08-16 21:55:34', 2, NULL),
(374, 33, 70, 5, '1', '2025-09-17', 750.00, 'canceled', NULL, 750.00, '2025-08-16 21:55:34', '2025-09-16 06:29:04', 2, NULL),
(375, 33, 70, 5, '2', '2025-10-17', 750.00, 'canceled', NULL, 750.00, '2025-08-16 21:55:34', '2025-09-16 06:29:04', 2, NULL),
(376, 33, 70, 5, '3', '2025-11-17', 750.00, 'canceled', NULL, 750.00, '2025-08-16 21:55:34', '2025-09-16 06:29:04', 2, NULL),
(377, 33, 70, 5, '4', '2025-12-17', 750.00, 'canceled', NULL, 750.00, '2025-08-16 21:55:34', '2025-09-16 06:29:04', 2, NULL),
(378, 33, 70, 5, '5', '2026-01-17', 750.00, 'canceled', NULL, 750.00, '2025-08-16 21:55:34', '2025-09-16 06:29:04', 2, NULL),
(379, 33, 70, 5, '6', '2026-02-17', 750.00, 'canceled', NULL, 750.00, '2025-08-16 21:55:34', '2025-09-16 06:29:04', 2, NULL),
(380, 33, 70, 5, '7', '2026-03-17', 750.00, 'canceled', NULL, 750.00, '2025-08-16 21:55:34', '2025-09-16 06:29:04', 2, NULL),
(381, 33, 70, 5, '8', '2026-04-17', 750.00, 'canceled', NULL, 750.00, '2025-08-16 21:55:34', '2025-09-16 06:29:04', 2, NULL),
(382, 33, 70, 5, '9', '2026-05-17', 750.00, 'canceled', NULL, 750.00, '2025-08-16 21:55:34', '2025-09-16 06:29:04', 2, NULL),
(383, 33, 70, 5, '10', '2026-06-17', 750.00, 'canceled', NULL, 750.00, '2025-08-16 21:55:34', '2025-09-16 06:29:04', 2, NULL),
(384, 33, 70, 5, '11', '2026-07-17', 750.00, 'canceled', NULL, 750.00, '2025-08-16 21:55:34', '2025-09-16 06:29:04', 2, NULL),
(385, 33, 70, 5, '12', '2026-08-17', 720.00, 'canceled', NULL, 720.00, '2025-08-16 21:55:34', '2025-09-16 06:29:04', 2, NULL),
(386, 34, 12, 5, '1', '2025-01-02', 1410.00, 'paid', '2025-08-26 00:00:00', 0.00, '2025-08-26 09:46:40', '2025-08-26 10:04:36', 2, NULL),
(387, 34, 12, 5, '2', '2025-02-02', 1410.00, 'paid', '2025-08-26 00:00:00', 0.00, '2025-08-26 09:46:40', '2025-08-26 10:04:46', 2, NULL),
(388, 34, 12, 5, '3', '2025-03-02', 1410.00, 'paid', '2025-08-26 00:00:00', 0.00, '2025-08-26 09:46:40', '2025-08-26 10:06:22', 2, NULL),
(389, 34, 12, 5, '4', '2025-04-02', 1410.00, 'paid', '2025-08-26 00:00:00', 0.00, '2025-08-26 09:46:40', '2025-08-26 10:06:31', 2, NULL),
(390, 34, 12, 5, '5', '2025-05-02', 1410.00, 'paid', '2025-08-26 00:00:00', 0.00, '2025-08-26 09:46:40', '2025-08-26 10:06:39', 2, NULL),
(391, 34, 12, 5, '6', '2025-06-02', 1410.00, 'paid', '2025-08-26 00:00:00', 0.00, '2025-08-26 09:46:40', '2025-08-26 10:06:49', 2, NULL),
(392, 34, 12, 5, '7', '2025-07-02', 1410.00, 'paid', '2025-08-26 00:00:00', 0.00, '2025-08-26 09:46:40', '2025-08-26 10:06:59', 2, NULL),
(393, 34, 12, 5, '8', '2025-08-02', 1410.00, 'paid', '2025-08-26 00:00:00', 0.00, '2025-08-26 09:46:40', '2025-08-26 10:07:22', 2, NULL),
(394, 34, 12, 5, '9', '2025-09-02', 1410.00, 'paid', '2025-09-07 00:00:00', 0.00, '2025-08-26 09:46:40', '2025-09-07 09:50:24', 2, NULL),
(395, 34, 12, 5, '10', '2025-10-02', 1410.00, 'paid', '2025-11-29 00:00:00', 0.00, '2025-08-26 09:46:40', '2025-11-29 20:18:35', 2, NULL),
(396, 34, 12, 5, '11', '2025-11-02', 1410.00, 'paid', '2025-11-29 00:00:00', 0.00, '2025-08-26 09:46:40', '2025-11-29 20:19:04', 2, NULL),
(397, 34, 12, 5, '12', '2025-12-02', 1390.00, 'paid', '2025-11-29 00:00:00', 0.00, '2025-08-26 09:46:40', '2025-11-29 20:23:26', 2, NULL),
(398, 35, 70, 5, '1', '2025-09-17', 1230.00, 'canceled', NULL, 1230.00, '2025-09-16 06:29:04', '2025-09-22 05:58:58', 2, NULL),
(399, 35, 70, 5, '2', '2025-10-17', 1230.00, 'canceled', NULL, 1230.00, '2025-09-16 06:29:04', '2025-09-22 05:58:58', 2, NULL),
(400, 35, 70, 5, '3', '2025-11-17', 1230.00, 'canceled', NULL, 1230.00, '2025-09-16 06:29:04', '2025-09-22 05:58:58', 2, NULL),
(401, 35, 70, 5, '4', '2025-12-17', 1230.00, 'canceled', NULL, 1230.00, '2025-09-16 06:29:04', '2025-09-22 05:58:58', 2, NULL),
(402, 35, 70, 5, '5', '2026-01-17', 1230.00, 'canceled', NULL, 1230.00, '2025-09-16 06:29:04', '2025-09-22 05:58:58', 2, NULL),
(403, 35, 70, 5, '6', '2026-02-17', 1230.00, 'canceled', NULL, 1230.00, '2025-09-16 06:29:04', '2025-09-22 05:58:58', 2, NULL),
(404, 35, 70, 5, '7', '2026-03-17', 1230.00, 'canceled', NULL, 1230.00, '2025-09-16 06:29:04', '2025-09-22 05:58:58', 2, NULL),
(405, 35, 70, 5, '8', '2026-04-17', 1230.00, 'canceled', NULL, 1230.00, '2025-09-16 06:29:04', '2025-09-22 05:58:58', 2, NULL),
(406, 35, 70, 5, '9', '2026-05-17', 1230.00, 'canceled', NULL, 1230.00, '2025-09-16 06:29:04', '2025-09-22 05:58:58', 2, NULL),
(407, 35, 70, 5, '10', '2026-06-17', 1230.00, 'canceled', NULL, 1230.00, '2025-09-16 06:29:04', '2025-09-22 05:58:58', 2, NULL),
(408, 35, 70, 5, '11', '2026-07-17', 1230.00, 'canceled', NULL, 1230.00, '2025-09-16 06:29:04', '2025-09-22 05:58:58', 2, NULL);
INSERT INTO `installments` (`id`, `installment_plan_id`, `user_id`, `created_by`, `installment_number`, `due_date`, `amount`, `status`, `paid_at`, `remaining`, `created_at`, `updated_at`, `company_id`, `deleted_at`) VALUES
(409, 35, 70, 5, '12', '2026-08-17', 1225.00, 'canceled', NULL, 1225.00, '2025-09-16 06:29:04', '2025-09-22 05:58:58', 2, NULL),
(410, 36, 70, 5, '1', '2025-09-17', 1260.00, 'canceled', NULL, 1260.00, '2025-09-22 05:58:58', '2025-10-20 17:37:21', 2, NULL),
(411, 36, 70, 5, '2', '2025-10-17', 1260.00, 'canceled', NULL, 1260.00, '2025-09-22 05:58:58', '2025-10-20 17:37:21', 2, NULL),
(412, 36, 70, 5, '3', '2025-11-17', 1260.00, 'canceled', NULL, 1260.00, '2025-09-22 05:58:58', '2025-10-20 17:37:21', 2, NULL),
(413, 36, 70, 5, '4', '2025-12-17', 1260.00, 'canceled', NULL, 1260.00, '2025-09-22 05:58:58', '2025-10-20 17:37:21', 2, NULL),
(414, 36, 70, 5, '5', '2026-01-17', 1260.00, 'canceled', NULL, 1260.00, '2025-09-22 05:58:58', '2025-10-20 17:37:21', 2, NULL),
(415, 36, 70, 5, '6', '2026-02-17', 1260.00, 'canceled', NULL, 1260.00, '2025-09-22 05:58:58', '2025-10-20 17:37:21', 2, NULL),
(416, 36, 70, 5, '7', '2026-03-17', 1260.00, 'canceled', NULL, 1260.00, '2025-09-22 05:58:58', '2025-10-20 17:37:21', 2, NULL),
(417, 36, 70, 5, '8', '2026-04-17', 1260.00, 'canceled', NULL, 1260.00, '2025-09-22 05:58:58', '2025-10-20 17:37:21', 2, NULL),
(418, 36, 70, 5, '9', '2026-05-17', 1260.00, 'canceled', NULL, 1260.00, '2025-09-22 05:58:58', '2025-10-20 17:37:21', 2, NULL),
(419, 36, 70, 5, '10', '2026-06-17', 1260.00, 'canceled', NULL, 1260.00, '2025-09-22 05:58:58', '2025-10-20 17:37:21', 2, NULL),
(420, 36, 70, 5, '11', '2026-07-17', 1260.00, 'canceled', NULL, 1260.00, '2025-09-22 05:58:58', '2025-10-20 17:37:21', 2, NULL),
(421, 36, 70, 5, '12', '2026-08-17', 895.00, 'canceled', NULL, 895.00, '2025-09-22 05:58:58', '2025-10-20 17:37:21', 2, NULL),
(422, 37, 10, 5, '1', '2025-11-03', 520.00, 'paid', '2025-10-28 00:00:00', 0.00, '2025-10-03 08:23:06', '2025-10-28 15:27:13', 2, NULL),
(423, 37, 10, 5, '2', '2025-12-03', 520.00, 'paid', '2025-12-08 00:00:00', 0.00, '2025-10-03 08:23:07', '2025-12-08 17:06:22', 2, NULL),
(424, 37, 10, 5, '3', '2026-01-03', 520.00, 'paid', '2026-01-19 00:00:00', 0.00, '2025-10-03 08:23:07', '2026-01-19 13:10:26', 2, NULL),
(425, 37, 10, 5, '4', '2026-02-03', 520.00, 'paid', '2026-02-07 00:00:00', 0.00, '2025-10-03 08:23:07', '2026-02-07 11:00:00', 2, NULL),
(426, 37, 10, 5, '5', '2026-03-03', 507.50, 'pending', NULL, 507.50, '2025-10-03 08:23:07', '2025-10-03 08:23:07', 2, NULL),
(427, 38, 74, 5, '1', '2025-11-12', 558.00, 'paid', '2025-11-07 00:00:00', 0.00, '2025-10-12 19:17:56', '2025-11-07 13:51:11', 2, NULL),
(428, 38, 74, 5, '2', '2025-12-12', 558.00, 'paid', '2025-11-29 00:00:00', 0.00, '2025-10-12 19:17:56', '2025-11-29 07:55:39', 2, NULL),
(429, 38, 74, 5, '3', '2026-01-12', 558.00, 'paid', '2026-01-01 00:00:00', 0.00, '2025-10-12 19:17:56', '2026-01-01 19:30:07', 2, NULL),
(430, 38, 74, 5, '4', '2026-02-12', 558.00, 'paid', '2026-01-27 00:00:00', 0.00, '2025-10-12 19:17:56', '2026-01-27 14:18:41', 2, NULL),
(431, 38, 74, 5, '5', '2026-03-12', 558.00, 'pending', NULL, 558.00, '2025-10-12 19:17:56', '2025-10-12 19:17:56', 2, NULL),
(432, 38, 74, 5, '6', '2026-04-12', 558.00, 'pending', NULL, 558.00, '2025-10-12 19:17:56', '2025-10-12 19:17:56', 2, NULL),
(433, 38, 74, 5, '7', '2026-05-12', 546.58, 'pending', NULL, 546.58, '2025-10-12 19:17:56', '2025-10-12 19:17:56', 2, NULL),
(434, 39, 70, 5, '1', '2025-09-17', 1310.00, 'partially_paid', NULL, 310.00, '2025-10-20 17:37:21', '2025-10-28 15:28:23', 2, NULL),
(435, 39, 70, 5, '2', '2025-10-17', 1310.00, 'partially_paid', NULL, 310.00, '2025-10-20 17:37:21', '2026-01-01 19:26:33', 2, NULL),
(436, 39, 70, 5, '3', '2025-11-17', 1310.00, 'pending', NULL, 1310.00, '2025-10-20 17:37:21', '2025-10-20 17:37:21', 2, NULL),
(437, 39, 70, 5, '4', '2025-12-17', 1310.00, 'pending', NULL, 1310.00, '2025-10-20 17:37:21', '2025-10-20 17:37:21', 2, NULL),
(438, 39, 70, 5, '5', '2026-01-17', 1310.00, 'pending', NULL, 1310.00, '2025-10-20 17:37:21', '2025-10-20 17:37:21', 2, NULL),
(439, 39, 70, 5, '6', '2026-02-17', 1310.00, 'partially_paid', NULL, 310.00, '2025-10-20 17:37:21', '2026-02-01 12:44:57', 2, NULL),
(440, 39, 70, 5, '7', '2026-03-17', 1310.00, 'pending', NULL, 1310.00, '2025-10-20 17:37:21', '2025-10-20 17:37:21', 2, NULL),
(441, 39, 70, 5, '8', '2026-04-17', 1310.00, 'pending', NULL, 1310.00, '2025-10-20 17:37:21', '2025-10-20 17:37:21', 2, NULL),
(442, 39, 70, 5, '9', '2026-05-17', 1310.00, 'pending', NULL, 1310.00, '2025-10-20 17:37:21', '2025-10-20 17:37:21', 2, NULL),
(443, 39, 70, 5, '10', '2026-06-17', 1310.00, 'pending', NULL, 1310.00, '2025-10-20 17:37:21', '2025-10-20 17:37:21', 2, NULL),
(444, 39, 70, 5, '11', '2026-07-17', 1310.00, 'pending', NULL, 1310.00, '2025-10-20 17:37:21', '2025-10-20 17:37:21', 2, NULL),
(445, 39, 70, 5, '12', '2026-08-17', 1253.00, 'pending', NULL, 1253.00, '2025-10-20 17:37:21', '2025-10-20 17:37:21', 2, NULL),
(446, 40, 13, 5, '1', '2026-01-04', 870.00, 'canceled', NULL, 870.00, '2025-12-04 13:19:29', '2025-12-04 13:20:10', 2, NULL),
(447, 40, 13, 5, '2', '2026-02-04', 870.00, 'canceled', NULL, 870.00, '2025-12-04 13:19:29', '2025-12-04 13:20:10', 2, NULL),
(448, 40, 13, 5, '3', '2026-03-04', 870.00, 'canceled', NULL, 870.00, '2025-12-04 13:19:29', '2025-12-04 13:20:10', 2, NULL),
(449, 40, 13, 5, '4', '2026-04-04', 870.00, 'canceled', NULL, 870.00, '2025-12-04 13:19:29', '2025-12-04 13:20:10', 2, NULL),
(450, 40, 13, 5, '5', '2026-05-04', 870.00, 'canceled', NULL, 870.00, '2025-12-04 13:19:29', '2025-12-04 13:20:10', 2, NULL),
(451, 40, 13, 5, '6', '2026-06-04', 870.00, 'canceled', NULL, 870.00, '2025-12-04 13:19:29', '2025-12-04 13:20:10', 2, NULL),
(452, 40, 13, 5, '7', '2026-07-04', 870.00, 'canceled', NULL, 870.00, '2025-12-04 13:19:29', '2025-12-04 13:20:10', 2, NULL),
(453, 40, 13, 5, '8', '2026-08-04', 870.00, 'canceled', NULL, 870.00, '2025-12-04 13:19:29', '2025-12-04 13:20:10', 2, NULL),
(454, 40, 13, 5, '9', '2026-09-04', 870.00, 'canceled', NULL, 870.00, '2025-12-04 13:19:29', '2025-12-04 13:20:10', 2, NULL),
(455, 40, 13, 5, '10', '2026-10-04', 870.00, 'canceled', NULL, 870.00, '2025-12-04 13:19:29', '2025-12-04 13:20:10', 2, NULL),
(456, 40, 13, 5, '11', '2026-11-04', 870.00, 'canceled', NULL, 870.00, '2025-12-04 13:19:29', '2025-12-04 13:20:10', 2, NULL),
(457, 40, 13, 5, '12', '2026-12-04', 780.00, 'canceled', NULL, 780.00, '2025-12-04 13:19:29', '2025-12-04 13:20:10', 2, NULL),
(458, 41, 87, 5, '1', '2026-01-04', 370.00, 'canceled', NULL, 370.00, '2025-12-04 19:05:06', '2025-12-04 19:06:18', 2, NULL),
(459, 41, 87, 5, '2', '2026-02-04', 370.00, 'canceled', NULL, 370.00, '2025-12-04 19:05:06', '2025-12-04 19:06:18', 2, NULL),
(460, 41, 87, 5, '3', '2026-03-04', 370.00, 'canceled', NULL, 370.00, '2025-12-04 19:05:06', '2025-12-04 19:06:18', 2, NULL),
(461, 41, 87, 5, '4', '2026-04-04', 370.00, 'canceled', NULL, 370.00, '2025-12-04 19:05:06', '2025-12-04 19:06:18', 2, NULL),
(462, 41, 87, 5, '5', '2026-05-04', 370.00, 'canceled', NULL, 370.00, '2025-12-04 19:05:06', '2025-12-04 19:06:18', 2, NULL),
(463, 41, 87, 5, '6', '2026-06-04', 370.00, 'canceled', NULL, 370.00, '2025-12-04 19:05:06', '2025-12-04 19:06:18', 2, NULL),
(464, 41, 87, 5, '7', '2026-07-04', 370.00, 'canceled', NULL, 370.00, '2025-12-04 19:05:06', '2025-12-04 19:06:18', 2, NULL),
(465, 41, 87, 5, '8', '2026-08-04', 370.00, 'canceled', NULL, 370.00, '2025-12-04 19:05:06', '2025-12-04 19:06:18', 2, NULL),
(466, 41, 87, 5, '9', '2026-09-04', 370.00, 'canceled', NULL, 370.00, '2025-12-04 19:05:06', '2025-12-04 19:06:18', 2, NULL),
(467, 41, 87, 5, '10', '2026-10-04', 370.00, 'canceled', NULL, 370.00, '2025-12-04 19:05:06', '2025-12-04 19:06:18', 2, NULL),
(468, 41, 87, 5, '11', '2026-11-04', 370.00, 'canceled', NULL, 370.00, '2025-12-04 19:05:06', '2025-12-04 19:06:18', 2, NULL),
(469, 41, 87, 5, '12', '2026-12-04', 346.00, 'canceled', NULL, 346.00, '2025-12-04 19:05:06', '2025-12-04 19:06:18', 2, NULL),
(470, 42, 87, 5, '1', '2026-01-04', 370.00, 'paid', '2026-01-04 00:00:00', 0.00, '2025-12-04 19:06:18', '2026-01-04 08:54:19', 2, NULL),
(471, 42, 87, 5, '2', '2026-02-04', 370.00, 'paid', '2026-02-02 00:00:00', 0.00, '2025-12-04 19:06:18', '2026-02-02 09:31:12', 2, NULL),
(472, 42, 87, 5, '3', '2026-03-04', 370.00, 'pending', NULL, 370.00, '2025-12-04 19:06:18', '2025-12-04 19:06:18', 2, NULL),
(473, 42, 87, 5, '4', '2026-04-04', 370.00, 'pending', NULL, 370.00, '2025-12-04 19:06:18', '2025-12-04 19:06:18', 2, NULL),
(474, 42, 87, 5, '5', '2026-05-04', 370.00, 'pending', NULL, 370.00, '2025-12-04 19:06:18', '2025-12-04 19:06:18', 2, NULL),
(475, 42, 87, 5, '6', '2026-06-04', 370.00, 'pending', NULL, 370.00, '2025-12-04 19:06:18', '2025-12-04 19:06:18', 2, NULL),
(476, 42, 87, 5, '7', '2026-07-04', 370.00, 'pending', NULL, 370.00, '2025-12-04 19:06:18', '2025-12-04 19:06:18', 2, NULL),
(477, 42, 87, 5, '8', '2026-08-04', 370.00, 'pending', NULL, 370.00, '2025-12-04 19:06:18', '2025-12-04 19:06:18', 2, NULL),
(478, 42, 87, 5, '9', '2026-09-04', 370.00, 'pending', NULL, 370.00, '2025-12-04 19:06:18', '2025-12-04 19:06:18', 2, NULL),
(479, 42, 87, 5, '10', '2026-10-04', 370.00, 'pending', NULL, 370.00, '2025-12-04 19:06:18', '2025-12-04 19:06:18', 2, NULL),
(480, 42, 87, 5, '11', '2026-11-04', 370.00, 'pending', NULL, 370.00, '2025-12-04 19:06:18', '2025-12-04 19:06:18', 2, NULL),
(481, 42, 87, 5, '12', '2026-12-04', 346.00, 'pending', NULL, 346.00, '2025-12-04 19:06:18', '2025-12-04 19:06:18', 2, NULL),
(482, 43, 86, 5, '1', '2026-01-04', 200.00, 'canceled', NULL, 200.00, '2025-12-04 19:21:08', '2025-12-04 19:22:28', 2, NULL),
(483, 43, 86, 5, '2', '2026-02-04', 200.00, 'canceled', NULL, 200.00, '2025-12-04 19:21:08', '2025-12-04 19:22:28', 2, NULL),
(484, 43, 86, 5, '3', '2026-03-04', 200.00, 'canceled', NULL, 200.00, '2025-12-04 19:21:08', '2025-12-04 19:22:28', 2, NULL),
(485, 43, 86, 5, '4', '2026-04-04', 200.00, 'canceled', NULL, 200.00, '2025-12-04 19:21:08', '2025-12-04 19:22:28', 2, NULL),
(486, 43, 86, 5, '5', '2026-05-04', 200.00, 'canceled', NULL, 200.00, '2025-12-04 19:21:08', '2025-12-04 19:22:28', 2, NULL),
(487, 43, 86, 5, '6', '2026-06-04', 200.00, 'canceled', NULL, 200.00, '2025-12-04 19:21:08', '2025-12-04 19:22:28', 2, NULL),
(488, 43, 86, 5, '7', '2026-07-04', 200.00, 'canceled', NULL, 200.00, '2025-12-04 19:21:08', '2025-12-04 19:22:28', 2, NULL),
(489, 43, 86, 5, '8', '2026-08-04', 200.00, 'canceled', NULL, 200.00, '2025-12-04 19:21:08', '2025-12-04 19:22:28', 2, NULL),
(490, 43, 86, 5, '9', '2026-09-04', 200.00, 'canceled', NULL, 200.00, '2025-12-04 19:21:08', '2025-12-04 19:22:28', 2, NULL),
(491, 43, 86, 5, '10', '2026-10-04', 200.00, 'canceled', NULL, 200.00, '2025-12-04 19:21:08', '2025-12-04 19:22:28', 2, NULL),
(492, 43, 86, 5, '11', '2026-11-04', 167.50, 'canceled', NULL, 167.50, '2025-12-04 19:21:08', '2025-12-04 19:22:28', 2, NULL),
(493, 44, 86, 5, '1', '2025-11-05', 200.00, 'paid', '2025-12-07 00:00:00', 0.00, '2025-12-04 19:22:28', '2025-12-07 14:38:52', 2, NULL),
(494, 44, 86, 5, '2', '2025-12-05', 200.00, 'paid', '2025-12-07 00:00:00', 0.00, '2025-12-04 19:22:28', '2025-12-07 14:39:18', 2, NULL),
(495, 44, 86, 5, '3', '2026-01-05', 200.00, 'paid', '2026-01-06 00:00:00', 0.00, '2025-12-04 19:22:28', '2026-01-06 19:27:44', 2, NULL),
(496, 44, 86, 5, '4', '2026-02-05', 200.00, 'pending', NULL, 200.00, '2025-12-04 19:22:28', '2025-12-04 19:22:28', 2, NULL),
(497, 44, 86, 5, '5', '2026-03-05', 200.00, 'pending', NULL, 200.00, '2025-12-04 19:22:28', '2025-12-04 19:22:28', 2, NULL),
(498, 44, 86, 5, '6', '2026-04-05', 200.00, 'pending', NULL, 200.00, '2025-12-04 19:22:28', '2025-12-04 19:22:28', 2, NULL),
(499, 44, 86, 5, '7', '2026-05-05', 200.00, 'pending', NULL, 200.00, '2025-12-04 19:22:28', '2025-12-04 19:22:28', 2, NULL),
(500, 44, 86, 5, '8', '2026-06-05', 200.00, 'pending', NULL, 200.00, '2025-12-04 19:22:28', '2025-12-04 19:22:28', 2, NULL),
(501, 44, 86, 5, '9', '2026-07-05', 200.00, 'pending', NULL, 200.00, '2025-12-04 19:22:28', '2025-12-04 19:22:28', 2, NULL),
(502, 44, 86, 5, '10', '2026-08-05', 200.00, 'pending', NULL, 200.00, '2025-12-04 19:22:28', '2025-12-04 19:22:28', 2, NULL),
(503, 44, 86, 5, '11', '2026-09-05', 167.50, 'pending', NULL, 167.50, '2025-12-04 19:22:28', '2025-12-04 19:22:28', 2, NULL),
(504, 45, 86, 5, '1', '2026-02-02', 370.00, 'canceled', NULL, 370.00, '2025-12-04 19:25:33', '2025-12-07 14:38:12', 2, NULL),
(505, 45, 86, 5, '2', '2026-03-02', 370.00, 'canceled', NULL, 370.00, '2025-12-04 19:25:33', '2025-12-07 14:38:12', 2, NULL),
(506, 45, 86, 5, '3', '2026-04-02', 370.00, 'canceled', NULL, 370.00, '2025-12-04 19:25:33', '2025-12-07 14:38:12', 2, NULL),
(507, 45, 86, 5, '4', '2026-05-02', 370.00, 'canceled', NULL, 370.00, '2025-12-04 19:25:33', '2025-12-07 14:38:12', 2, NULL),
(508, 45, 86, 5, '5', '2026-06-02', 370.00, 'canceled', NULL, 370.00, '2025-12-04 19:25:33', '2025-12-07 14:38:12', 2, NULL),
(509, 45, 86, 5, '6', '2026-07-02', 370.00, 'canceled', NULL, 370.00, '2025-12-04 19:25:33', '2025-12-07 14:38:12', 2, NULL),
(510, 45, 86, 5, '7', '2026-08-02', 370.00, 'canceled', NULL, 370.00, '2025-12-04 19:25:33', '2025-12-07 14:38:12', 2, NULL),
(511, 45, 86, 5, '8', '2026-09-02', 370.00, 'canceled', NULL, 370.00, '2025-12-04 19:25:33', '2025-12-07 14:38:12', 2, NULL),
(512, 45, 86, 5, '9', '2026-10-02', 370.00, 'canceled', NULL, 370.00, '2025-12-04 19:25:33', '2025-12-07 14:38:12', 2, NULL),
(513, 45, 86, 5, '10', '2026-11-02', 370.00, 'canceled', NULL, 370.00, '2025-12-04 19:25:33', '2025-12-07 14:38:12', 2, NULL),
(514, 45, 86, 5, '11', '2026-12-02', 370.00, 'canceled', NULL, 370.00, '2025-12-04 19:25:33', '2025-12-07 14:38:12', 2, NULL),
(515, 45, 86, 5, '12', '2027-01-02', 346.00, 'canceled', NULL, 346.00, '2025-12-04 19:25:33', '2025-12-07 14:38:12', 2, NULL),
(516, 46, 86, 5, '1', '2026-02-05', 150.00, 'canceled', NULL, 150.00, '2025-12-04 19:31:01', '2026-01-06 19:36:47', 2, NULL),
(517, 46, 86, 5, '2', '2026-03-05', 150.00, 'canceled', NULL, 150.00, '2025-12-04 19:31:01', '2026-01-06 19:36:47', 2, NULL),
(518, 46, 86, 5, '3', '2026-04-05', 150.00, 'canceled', NULL, 150.00, '2025-12-04 19:31:01', '2026-01-06 19:36:47', 2, NULL),
(519, 46, 86, 5, '4', '2026-05-05', 150.00, 'canceled', NULL, 150.00, '2025-12-04 19:31:01', '2026-01-06 19:36:47', 2, NULL),
(520, 46, 86, 5, '5', '2026-06-05', 150.00, 'canceled', NULL, 150.00, '2025-12-04 19:31:01', '2026-01-06 19:36:47', 2, NULL),
(521, 46, 86, 5, '6', '2026-07-05', 150.00, 'canceled', NULL, 150.00, '2025-12-04 19:31:01', '2026-01-06 19:36:47', 2, NULL),
(522, 46, 86, 5, '7', '2026-08-05', 150.00, 'canceled', NULL, 150.00, '2025-12-04 19:31:01', '2026-01-06 19:36:47', 2, NULL),
(523, 46, 86, 5, '8', '2026-09-05', 150.00, 'canceled', NULL, 150.00, '2025-12-04 19:31:01', '2026-01-06 19:36:47', 2, NULL),
(524, 46, 86, 5, '9', '2026-10-05', 150.00, 'canceled', NULL, 150.00, '2025-12-04 19:31:01', '2026-01-06 19:36:47', 2, NULL),
(525, 46, 86, 5, '10', '2026-11-05', 150.00, 'canceled', NULL, 150.00, '2025-12-04 19:31:01', '2026-01-06 19:36:47', 2, NULL),
(526, 46, 86, 5, '11', '2026-12-05', 150.00, 'canceled', NULL, 150.00, '2025-12-04 19:31:01', '2026-01-06 19:36:47', 2, NULL),
(527, 46, 86, 5, '12', '2027-01-05', 144.00, 'canceled', NULL, 144.00, '2025-12-04 19:31:01', '2026-01-06 19:36:47', 2, NULL),
(528, 47, 86, 5, '1', '2026-02-02', 300.00, 'canceled', NULL, 300.00, '2025-12-07 14:38:12', '2025-12-07 21:50:11', 2, NULL),
(529, 47, 86, 5, '2', '2026-03-02', 300.00, 'canceled', NULL, 300.00, '2025-12-07 14:38:12', '2025-12-07 21:50:11', 2, NULL),
(530, 47, 86, 5, '3', '2026-04-02', 300.00, 'canceled', NULL, 300.00, '2025-12-07 14:38:12', '2025-12-07 21:50:11', 2, NULL),
(531, 47, 86, 5, '4', '2026-05-02', 300.00, 'canceled', NULL, 300.00, '2025-12-07 14:38:12', '2025-12-07 21:50:11', 2, NULL),
(532, 47, 86, 5, '5', '2026-06-02', 300.00, 'canceled', NULL, 300.00, '2025-12-07 14:38:12', '2025-12-07 21:50:11', 2, NULL),
(533, 47, 86, 5, '6', '2026-07-02', 300.00, 'canceled', NULL, 300.00, '2025-12-07 14:38:12', '2025-12-07 21:50:11', 2, NULL),
(534, 47, 86, 5, '7', '2026-08-02', 300.00, 'canceled', NULL, 300.00, '2025-12-07 14:38:12', '2025-12-07 21:50:11', 2, NULL),
(535, 47, 86, 5, '8', '2026-09-02', 300.00, 'canceled', NULL, 300.00, '2025-12-07 14:38:12', '2025-12-07 21:50:11', 2, NULL),
(536, 47, 86, 5, '9', '2026-10-02', 300.00, 'canceled', NULL, 300.00, '2025-12-07 14:38:12', '2025-12-07 21:50:11', 2, NULL),
(537, 47, 86, 5, '10', '2026-11-02', 300.00, 'canceled', NULL, 300.00, '2025-12-07 14:38:12', '2025-12-07 21:50:11', 2, NULL),
(538, 47, 86, 5, '11', '2026-12-02', 300.00, 'canceled', NULL, 300.00, '2025-12-07 14:38:12', '2025-12-07 21:50:11', 2, NULL),
(539, 47, 86, 5, '12', '2027-01-02', 300.00, 'canceled', NULL, 300.00, '2025-12-07 14:38:12', '2025-12-07 21:50:11', 2, NULL),
(540, 47, 86, 5, '13', '2027-02-02', 300.00, 'canceled', NULL, 300.00, '2025-12-07 14:38:12', '2025-12-07 21:50:11', 2, NULL),
(541, 47, 86, 5, '14', '2027-03-02', 300.00, 'canceled', NULL, 300.00, '2025-12-07 14:38:12', '2025-12-07 21:50:11', 2, NULL),
(542, 47, 86, 5, '15', '2027-04-02', 300.00, 'canceled', NULL, 300.00, '2025-12-07 14:38:12', '2025-12-07 21:50:11', 2, NULL),
(543, 47, 86, 5, '16', '2027-05-02', 278.67, 'canceled', NULL, 278.67, '2025-12-07 14:38:12', '2025-12-07 21:50:11', 2, NULL),
(544, 48, 35, 5, '1', '2026-02-05', 310.00, 'canceled', NULL, 310.00, '2025-12-07 21:29:42', '2025-12-07 21:40:16', 2, NULL),
(545, 48, 35, 5, '2', '2026-03-05', 310.00, 'canceled', NULL, 310.00, '2025-12-07 21:29:42', '2025-12-07 21:40:16', 2, NULL),
(546, 48, 35, 5, '3', '2026-04-05', 310.00, 'canceled', NULL, 310.00, '2025-12-07 21:29:42', '2025-12-07 21:40:16', 2, NULL),
(547, 48, 35, 5, '4', '2026-05-05', 310.00, 'canceled', NULL, 310.00, '2025-12-07 21:29:42', '2025-12-07 21:40:16', 2, NULL),
(548, 48, 35, 5, '5', '2026-06-05', 310.00, 'canceled', NULL, 310.00, '2025-12-07 21:29:42', '2025-12-07 21:40:16', 2, NULL),
(549, 48, 35, 5, '6', '2026-07-05', 294.50, 'canceled', NULL, 294.50, '2025-12-07 21:29:42', '2025-12-07 21:40:16', 2, NULL),
(550, 49, 13, 5, '1', '2026-01-07', 830.00, 'canceled', NULL, 830.00, '2025-12-07 21:36:03', '2025-12-07 21:37:14', 2, NULL),
(551, 49, 13, 5, '2', '2026-02-07', 830.00, 'canceled', NULL, 830.00, '2025-12-07 21:36:03', '2025-12-07 21:37:14', 2, NULL),
(552, 49, 13, 5, '3', '2026-03-07', 830.00, 'canceled', NULL, 830.00, '2025-12-07 21:36:03', '2025-12-07 21:37:14', 2, NULL),
(553, 49, 13, 5, '4', '2026-04-07', 830.00, 'canceled', NULL, 830.00, '2025-12-07 21:36:03', '2025-12-07 21:37:14', 2, NULL),
(554, 49, 13, 5, '5', '2026-05-07', 830.00, 'canceled', NULL, 830.00, '2025-12-07 21:36:03', '2025-12-07 21:37:14', 2, NULL),
(555, 49, 13, 5, '6', '2026-06-07', 830.00, 'canceled', NULL, 830.00, '2025-12-07 21:36:03', '2025-12-07 21:37:14', 2, NULL),
(556, 49, 13, 5, '7', '2026-07-07', 830.00, 'canceled', NULL, 830.00, '2025-12-07 21:36:03', '2025-12-07 21:37:14', 2, NULL),
(557, 49, 13, 5, '8', '2026-08-07', 830.00, 'canceled', NULL, 830.00, '2025-12-07 21:36:03', '2025-12-07 21:37:14', 2, NULL),
(558, 49, 13, 5, '9', '2026-09-07', 830.00, 'canceled', NULL, 830.00, '2025-12-07 21:36:03', '2025-12-07 21:37:14', 2, NULL),
(559, 49, 13, 5, '10', '2026-10-07', 830.00, 'canceled', NULL, 830.00, '2025-12-07 21:36:03', '2025-12-07 21:37:14', 2, NULL),
(560, 49, 13, 5, '11', '2026-11-07', 830.00, 'canceled', NULL, 830.00, '2025-12-07 21:36:03', '2025-12-07 21:37:14', 2, NULL),
(561, 49, 13, 5, '12', '2026-12-07', 770.00, 'canceled', NULL, 770.00, '2025-12-07 21:36:03', '2025-12-07 21:37:14', 2, NULL),
(562, 50, 13, 5, '1', '2026-01-05', 830.00, 'canceled', NULL, 830.00, '2025-12-07 21:37:14', '2025-12-07 21:41:29', 2, NULL),
(563, 50, 13, 5, '2', '2026-02-05', 830.00, 'canceled', NULL, 830.00, '2025-12-07 21:37:14', '2025-12-07 21:41:29', 2, NULL),
(564, 50, 13, 5, '3', '2026-03-05', 830.00, 'canceled', NULL, 830.00, '2025-12-07 21:37:14', '2025-12-07 21:41:29', 2, NULL),
(565, 50, 13, 5, '4', '2026-04-05', 830.00, 'canceled', NULL, 830.00, '2025-12-07 21:37:14', '2025-12-07 21:41:29', 2, NULL),
(566, 50, 13, 5, '5', '2026-05-05', 830.00, 'canceled', NULL, 830.00, '2025-12-07 21:37:14', '2025-12-07 21:41:29', 2, NULL),
(567, 50, 13, 5, '6', '2026-06-05', 830.00, 'canceled', NULL, 830.00, '2025-12-07 21:37:14', '2025-12-07 21:41:29', 2, NULL),
(568, 50, 13, 5, '7', '2026-07-05', 830.00, 'canceled', NULL, 830.00, '2025-12-07 21:37:14', '2025-12-07 21:41:29', 2, NULL),
(569, 50, 13, 5, '8', '2026-08-05', 830.00, 'canceled', NULL, 830.00, '2025-12-07 21:37:14', '2025-12-07 21:41:29', 2, NULL),
(570, 50, 13, 5, '9', '2026-09-05', 830.00, 'canceled', NULL, 830.00, '2025-12-07 21:37:14', '2025-12-07 21:41:29', 2, NULL),
(571, 50, 13, 5, '10', '2026-10-05', 830.00, 'canceled', NULL, 830.00, '2025-12-07 21:37:14', '2025-12-07 21:41:29', 2, NULL),
(572, 50, 13, 5, '11', '2026-11-05', 830.00, 'canceled', NULL, 830.00, '2025-12-07 21:37:14', '2025-12-07 21:41:29', 2, NULL),
(573, 50, 13, 5, '12', '2026-12-05', 770.00, 'canceled', NULL, 770.00, '2025-12-07 21:37:14', '2025-12-07 21:41:29', 2, NULL),
(574, 51, 35, 5, '1', '2026-01-05', 310.00, 'paid', '2025-12-31 00:00:00', 0.00, '2025-12-07 21:40:16', '2025-12-31 21:51:12', 2, NULL),
(575, 51, 35, 5, '2', '2026-02-05', 310.00, 'paid', '2026-02-07 00:00:00', 0.00, '2025-12-07 21:40:16', '2026-02-07 10:58:54', 2, NULL),
(576, 51, 35, 5, '3', '2026-03-05', 310.00, 'pending', NULL, 310.00, '2025-12-07 21:40:16', '2025-12-07 21:40:16', 2, NULL),
(577, 51, 35, 5, '4', '2026-04-05', 310.00, 'pending', NULL, 310.00, '2025-12-07 21:40:16', '2025-12-07 21:40:16', 2, NULL),
(578, 51, 35, 5, '5', '2026-05-05', 310.00, 'pending', NULL, 310.00, '2025-12-07 21:40:16', '2025-12-07 21:40:16', 2, NULL),
(579, 51, 35, 5, '6', '2026-06-05', 294.50, 'pending', NULL, 294.50, '2025-12-07 21:40:16', '2025-12-07 21:40:16', 2, NULL),
(580, 52, 13, 5, '1', '2025-12-05', 830.00, 'paid', '2025-12-07 00:00:00', 0.00, '2025-12-07 21:41:29', '2025-12-07 21:42:38', 2, NULL),
(581, 52, 13, 5, '2', '2026-01-05', 830.00, 'paid', '2026-01-06 00:00:00', 0.00, '2025-12-07 21:41:29', '2026-01-06 19:29:15', 2, NULL),
(582, 52, 13, 5, '3', '2026-02-05', 830.00, 'paid', '2026-02-07 00:00:00', 0.00, '2025-12-07 21:41:29', '2026-02-07 10:59:40', 2, NULL),
(583, 52, 13, 5, '4', '2026-03-05', 830.00, 'pending', NULL, 830.00, '2025-12-07 21:41:29', '2025-12-07 21:41:29', 2, NULL),
(584, 52, 13, 5, '5', '2026-04-05', 830.00, 'pending', NULL, 830.00, '2025-12-07 21:41:29', '2025-12-07 21:41:29', 2, NULL),
(585, 52, 13, 5, '6', '2026-05-05', 830.00, 'pending', NULL, 830.00, '2025-12-07 21:41:29', '2025-12-07 21:41:29', 2, NULL),
(586, 52, 13, 5, '7', '2026-06-05', 830.00, 'pending', NULL, 830.00, '2025-12-07 21:41:29', '2025-12-07 21:41:29', 2, NULL),
(587, 52, 13, 5, '8', '2026-07-05', 830.00, 'pending', NULL, 830.00, '2025-12-07 21:41:29', '2025-12-07 21:41:29', 2, NULL),
(588, 52, 13, 5, '9', '2026-08-05', 830.00, 'pending', NULL, 830.00, '2025-12-07 21:41:29', '2025-12-07 21:41:29', 2, NULL),
(589, 52, 13, 5, '10', '2026-09-05', 830.00, 'pending', NULL, 830.00, '2025-12-07 21:41:29', '2025-12-07 21:41:29', 2, NULL),
(590, 52, 13, 5, '11', '2026-10-05', 830.00, 'pending', NULL, 830.00, '2025-12-07 21:41:29', '2025-12-07 21:41:29', 2, NULL),
(591, 52, 13, 5, '12', '2026-11-05', 770.00, 'pending', NULL, 770.00, '2025-12-07 21:41:29', '2025-12-07 21:41:29', 2, NULL),
(592, 53, 86, 5, '1', '2025-12-05', 310.00, 'canceled', NULL, 310.00, '2025-12-07 21:50:11', '2025-12-07 21:51:57', 2, NULL),
(593, 53, 86, 5, '2', '2026-01-05', 310.00, 'canceled', NULL, 310.00, '2025-12-07 21:50:11', '2025-12-07 21:51:57', 2, NULL),
(594, 53, 86, 5, '3', '2026-02-05', 310.00, 'canceled', NULL, 310.00, '2025-12-07 21:50:11', '2025-12-07 21:51:57', 2, NULL),
(595, 53, 86, 5, '4', '2026-03-05', 310.00, 'canceled', NULL, 310.00, '2025-12-07 21:50:11', '2025-12-07 21:51:57', 2, NULL),
(596, 53, 86, 5, '5', '2026-04-05', 310.00, 'canceled', NULL, 310.00, '2025-12-07 21:50:11', '2025-12-07 21:51:57', 2, NULL),
(597, 53, 86, 5, '6', '2026-05-05', 310.00, 'canceled', NULL, 310.00, '2025-12-07 21:50:11', '2025-12-07 21:51:57', 2, NULL),
(598, 53, 86, 5, '7', '2026-06-05', 310.00, 'canceled', NULL, 310.00, '2025-12-07 21:50:11', '2025-12-07 21:51:57', 2, NULL),
(599, 53, 86, 5, '8', '2026-07-05', 310.00, 'canceled', NULL, 310.00, '2025-12-07 21:50:11', '2025-12-07 21:51:57', 2, NULL),
(600, 53, 86, 5, '9', '2026-08-05', 310.00, 'canceled', NULL, 310.00, '2025-12-07 21:50:11', '2025-12-07 21:51:57', 2, NULL),
(601, 53, 86, 5, '10', '2026-09-05', 310.00, 'canceled', NULL, 310.00, '2025-12-07 21:50:11', '2025-12-07 21:51:57', 2, NULL),
(602, 53, 86, 5, '11', '2026-10-05', 310.00, 'canceled', NULL, 310.00, '2025-12-07 21:50:11', '2025-12-07 21:51:57', 2, NULL),
(603, 53, 86, 5, '12', '2026-11-05', 310.00, 'canceled', NULL, 310.00, '2025-12-07 21:50:11', '2025-12-07 21:51:57', 2, NULL),
(604, 53, 86, 5, '13', '2026-12-05', 310.00, 'canceled', NULL, 310.00, '2025-12-07 21:50:11', '2025-12-07 21:51:57', 2, NULL),
(605, 53, 86, 5, '14', '2027-01-05', 310.00, 'canceled', NULL, 310.00, '2025-12-07 21:50:11', '2025-12-07 21:51:57', 2, NULL),
(606, 53, 86, 5, '15', '2027-02-05', 310.00, 'canceled', NULL, 310.00, '2025-12-07 21:50:11', '2025-12-07 21:51:57', 2, NULL),
(607, 53, 86, 5, '16', '2027-03-05', 171.33, 'canceled', NULL, 171.33, '2025-12-07 21:50:11', '2025-12-07 21:51:57', 2, NULL),
(608, 54, 86, 5, '1', '2026-01-05', 310.00, 'paid', '2026-01-06 00:00:00', 0.00, '2025-12-07 21:51:57', '2026-01-06 19:27:35', 2, NULL),
(609, 54, 86, 5, '2', '2026-02-05', 310.00, 'paid', '2026-02-12 00:00:00', 0.00, '2025-12-07 21:51:57', '2026-02-12 08:38:39', 2, NULL),
(610, 54, 86, 5, '3', '2026-03-05', 310.00, 'pending', NULL, 310.00, '2025-12-07 21:51:57', '2025-12-07 21:51:57', 2, NULL),
(611, 54, 86, 5, '4', '2026-04-05', 310.00, 'pending', NULL, 310.00, '2025-12-07 21:51:57', '2025-12-07 21:51:57', 2, NULL),
(612, 54, 86, 5, '5', '2026-05-05', 310.00, 'pending', NULL, 310.00, '2025-12-07 21:51:57', '2025-12-07 21:51:57', 2, NULL),
(613, 54, 86, 5, '6', '2026-06-05', 310.00, 'pending', NULL, 310.00, '2025-12-07 21:51:57', '2025-12-07 21:51:57', 2, NULL),
(614, 54, 86, 5, '7', '2026-07-05', 310.00, 'pending', NULL, 310.00, '2025-12-07 21:51:57', '2025-12-07 21:51:57', 2, NULL),
(615, 54, 86, 5, '8', '2026-08-05', 310.00, 'pending', NULL, 310.00, '2025-12-07 21:51:57', '2025-12-07 21:51:57', 2, NULL),
(616, 54, 86, 5, '9', '2026-09-05', 310.00, 'pending', NULL, 310.00, '2025-12-07 21:51:57', '2025-12-07 21:51:57', 2, NULL),
(617, 54, 86, 5, '10', '2026-10-05', 310.00, 'pending', NULL, 310.00, '2025-12-07 21:51:57', '2025-12-07 21:51:57', 2, NULL),
(618, 54, 86, 5, '11', '2026-11-05', 310.00, 'pending', NULL, 310.00, '2025-12-07 21:51:57', '2025-12-07 21:51:57', 2, NULL),
(619, 54, 86, 5, '12', '2026-12-05', 310.00, 'pending', NULL, 310.00, '2025-12-07 21:51:57', '2025-12-07 21:51:57', 2, NULL),
(620, 54, 86, 5, '13', '2027-01-05', 310.00, 'pending', NULL, 310.00, '2025-12-07 21:51:57', '2025-12-07 21:51:57', 2, NULL),
(621, 54, 86, 5, '14', '2027-02-05', 310.00, 'pending', NULL, 310.00, '2025-12-07 21:51:57', '2025-12-07 21:51:57', 2, NULL),
(622, 54, 86, 5, '15', '2027-03-05', 310.00, 'pending', NULL, 310.00, '2025-12-07 21:51:57', '2025-12-07 21:51:57', 2, NULL),
(623, 54, 86, 5, '16', '2027-04-05', 171.33, 'pending', NULL, 171.33, '2025-12-07 21:51:57', '2025-12-07 21:51:57', 2, NULL),
(624, 55, 73, 5, '1', '2026-01-08', 3050.00, 'canceled', NULL, 3050.00, '2025-12-08 16:53:08', '2025-12-08 17:05:33', 2, NULL),
(625, 55, 73, 5, '2', '2026-02-08', 3050.00, 'canceled', NULL, 3050.00, '2025-12-08 16:53:08', '2025-12-08 17:05:33', 2, NULL),
(626, 55, 73, 5, '3', '2026-03-08', 3050.00, 'canceled', NULL, 3050.00, '2025-12-08 16:53:08', '2025-12-08 17:05:33', 2, NULL),
(627, 55, 73, 5, '4', '2026-04-08', 3050.00, 'canceled', NULL, 3050.00, '2025-12-08 16:53:08', '2025-12-08 17:05:33', 2, NULL),
(628, 55, 73, 5, '5', '2026-05-08', 3050.00, 'canceled', NULL, 3050.00, '2025-12-08 16:53:08', '2025-12-08 17:05:33', 2, NULL),
(629, 55, 73, 5, '6', '2026-06-08', 3050.00, 'canceled', NULL, 3050.00, '2025-12-08 16:53:08', '2025-12-08 17:05:33', 2, NULL),
(630, 55, 73, 5, '7', '2026-07-08', 3050.00, 'canceled', NULL, 3050.00, '2025-12-08 16:53:08', '2025-12-08 17:05:33', 2, NULL),
(631, 55, 73, 5, '8', '2026-08-08', 3050.00, 'canceled', NULL, 3050.00, '2025-12-08 16:53:08', '2025-12-08 17:05:33', 2, NULL),
(632, 55, 73, 5, '9', '2026-09-08', 3050.00, 'canceled', NULL, 3050.00, '2025-12-08 16:53:08', '2025-12-08 17:05:33', 2, NULL),
(633, 55, 73, 5, '10', '2026-10-08', 2655.58, 'canceled', NULL, 2655.58, '2025-12-08 16:53:08', '2025-12-08 17:05:33', 2, NULL),
(634, 56, 73, 5, '1', '2025-11-02', 3050.00, 'paid', '2025-12-08 00:00:00', 0.00, '2025-12-08 17:05:33', '2025-12-08 17:06:06', 2, NULL),
(635, 56, 73, 5, '2', '2025-12-02', 3050.00, 'paid', '2025-12-08 00:00:00', 0.00, '2025-12-08 17:05:33', '2025-12-08 17:05:42', 2, NULL),
(636, 56, 73, 5, '3', '2026-01-02', 3050.00, 'paid', '2026-01-10 00:00:00', 0.00, '2025-12-08 17:05:33', '2026-01-10 18:47:00', 2, NULL),
(637, 56, 73, 5, '4', '2026-02-02', 3050.00, 'pending', NULL, 3050.00, '2025-12-08 17:05:33', '2025-12-08 17:05:33', 2, NULL),
(638, 56, 73, 5, '5', '2026-03-02', 3050.00, 'pending', NULL, 3050.00, '2025-12-08 17:05:33', '2025-12-08 17:05:33', 2, NULL),
(639, 56, 73, 5, '6', '2026-04-02', 3050.00, 'pending', NULL, 3050.00, '2025-12-08 17:05:33', '2025-12-08 17:05:33', 2, NULL),
(640, 56, 73, 5, '7', '2026-05-02', 3050.00, 'pending', NULL, 3050.00, '2025-12-08 17:05:33', '2025-12-08 17:05:33', 2, NULL),
(641, 56, 73, 5, '8', '2026-06-02', 3050.00, 'pending', NULL, 3050.00, '2025-12-08 17:05:33', '2025-12-08 17:05:33', 2, NULL),
(642, 56, 73, 5, '9', '2026-07-02', 3050.00, 'pending', NULL, 3050.00, '2025-12-08 17:05:33', '2025-12-08 17:05:33', 2, NULL),
(643, 56, 73, 5, '10', '2026-08-02', 2655.58, 'pending', NULL, 2655.58, '2025-12-08 17:05:33', '2025-12-08 17:05:33', 2, NULL),
(644, 57, 7, 5, '1', '2026-02-04', 230.00, 'paid', '2026-01-30 00:00:00', 0.00, '2026-01-04 17:06:51', '2026-01-30 02:54:35', 2, NULL),
(645, 57, 7, 5, '2', '2026-03-04', 230.00, 'pending', NULL, 230.00, '2026-01-04 17:06:51', '2026-01-04 17:06:51', 2, NULL),
(646, 57, 7, 5, '3', '2026-04-04', 230.00, 'pending', NULL, 230.00, '2026-01-04 17:06:51', '2026-01-04 17:06:51', 2, NULL),
(647, 57, 7, 5, '4', '2026-05-04', 230.00, 'pending', NULL, 230.00, '2026-01-04 17:06:51', '2026-01-04 17:06:51', 2, NULL),
(648, 57, 7, 5, '5', '2026-06-04', 230.00, 'pending', NULL, 230.00, '2026-01-04 17:06:51', '2026-01-04 17:06:51', 2, NULL),
(649, 57, 7, 5, '6', '2026-07-04', 230.00, 'pending', NULL, 230.00, '2026-01-04 17:06:51', '2026-01-04 17:06:51', 2, NULL),
(650, 57, 7, 5, '7', '2026-08-04', 230.00, 'pending', NULL, 230.00, '2026-01-04 17:06:51', '2026-01-04 17:06:51', 2, NULL),
(651, 57, 7, 5, '8', '2026-09-04', 230.00, 'pending', NULL, 230.00, '2026-01-04 17:06:51', '2026-01-04 17:06:51', 2, NULL),
(652, 57, 7, 5, '9', '2026-10-04', 230.00, 'pending', NULL, 230.00, '2026-01-04 17:06:51', '2026-01-04 17:06:51', 2, NULL),
(653, 57, 7, 5, '10', '2026-11-04', 230.00, 'pending', NULL, 230.00, '2026-01-04 17:06:51', '2026-01-04 17:06:51', 2, NULL),
(654, 57, 7, 5, '11', '2026-12-04', 230.00, 'pending', NULL, 230.00, '2026-01-04 17:06:51', '2026-01-04 17:06:51', 2, NULL),
(655, 57, 7, 5, '12', '2027-01-04', 230.00, 'pending', NULL, 230.00, '2026-01-04 17:06:51', '2026-01-04 17:06:51', 2, NULL),
(656, 58, 13, 5, '1', '2026-02-05', 370.00, 'paid', '2026-02-12 00:00:00', 0.00, '2026-01-05 21:15:12', '2026-02-12 08:36:10', 2, NULL),
(657, 58, 13, 5, '2', '2026-03-05', 370.00, 'pending', NULL, 370.00, '2026-01-05 21:15:12', '2026-01-05 21:15:12', 2, NULL),
(658, 58, 13, 5, '3', '2026-04-05', 370.00, 'pending', NULL, 370.00, '2026-01-05 21:15:12', '2026-01-05 21:15:12', 2, NULL),
(659, 58, 13, 5, '4', '2026-05-05', 370.00, 'pending', NULL, 370.00, '2026-01-05 21:15:12', '2026-01-05 21:15:12', 2, NULL),
(660, 58, 13, 5, '5', '2026-06-05', 370.00, 'pending', NULL, 370.00, '2026-01-05 21:15:12', '2026-01-05 21:15:12', 2, NULL),
(661, 58, 13, 5, '6', '2026-07-05', 370.00, 'pending', NULL, 370.00, '2026-01-05 21:15:12', '2026-01-05 21:15:12', 2, NULL),
(662, 58, 13, 5, '7', '2026-08-05', 370.00, 'pending', NULL, 370.00, '2026-01-05 21:15:12', '2026-01-05 21:15:12', 2, NULL),
(663, 58, 13, 5, '8', '2026-09-05', 370.00, 'pending', NULL, 370.00, '2026-01-05 21:15:12', '2026-01-05 21:15:12', 2, NULL),
(664, 58, 13, 5, '9', '2026-10-05', 370.00, 'pending', NULL, 370.00, '2026-01-05 21:15:12', '2026-01-05 21:15:12', 2, NULL),
(665, 58, 13, 5, '10', '2026-11-05', 370.00, 'pending', NULL, 370.00, '2026-01-05 21:15:12', '2026-01-05 21:15:12', 2, NULL),
(666, 58, 13, 5, '11', '2026-12-05', 370.00, 'pending', NULL, 370.00, '2026-01-05 21:15:12', '2026-01-05 21:15:12', 2, NULL),
(667, 58, 13, 5, '12', '2027-01-05', 346.00, 'pending', NULL, 346.00, '2026-01-05 21:15:12', '2026-01-05 21:15:12', 2, NULL),
(668, 59, 86, 5, '1', '2026-01-05', 150.00, 'paid', '2026-01-06 00:00:00', 0.00, '2026-01-06 19:36:47', '2026-01-06 19:37:19', 2, NULL),
(669, 59, 86, 5, '2', '2026-02-05', 150.00, 'paid', '2026-02-12 00:00:00', 0.00, '2026-01-06 19:36:47', '2026-02-12 08:31:14', 2, NULL),
(670, 59, 86, 5, '3', '2026-03-05', 150.00, 'pending', NULL, 150.00, '2026-01-06 19:36:47', '2026-01-06 19:36:47', 2, NULL),
(671, 59, 86, 5, '4', '2026-04-05', 150.00, 'pending', NULL, 150.00, '2026-01-06 19:36:47', '2026-01-06 19:36:47', 2, NULL),
(672, 59, 86, 5, '5', '2026-05-05', 150.00, 'pending', NULL, 150.00, '2026-01-06 19:36:47', '2026-01-06 19:36:47', 2, NULL),
(673, 59, 86, 5, '6', '2026-06-05', 150.00, 'pending', NULL, 150.00, '2026-01-06 19:36:47', '2026-01-06 19:36:47', 2, NULL),
(674, 59, 86, 5, '7', '2026-07-05', 150.00, 'pending', NULL, 150.00, '2026-01-06 19:36:47', '2026-01-06 19:36:47', 2, NULL),
(675, 59, 86, 5, '8', '2026-08-05', 150.00, 'pending', NULL, 150.00, '2026-01-06 19:36:47', '2026-01-06 19:36:47', 2, NULL),
(676, 59, 86, 5, '9', '2026-09-05', 150.00, 'pending', NULL, 150.00, '2026-01-06 19:36:47', '2026-01-06 19:36:47', 2, NULL),
(677, 59, 86, 5, '10', '2026-10-05', 150.00, 'pending', NULL, 150.00, '2026-01-06 19:36:47', '2026-01-06 19:36:47', 2, NULL),
(678, 59, 86, 5, '11', '2026-11-05', 150.00, 'pending', NULL, 150.00, '2026-01-06 19:36:47', '2026-01-06 19:36:47', 2, NULL),
(679, 59, 86, 5, '12', '2026-12-05', 144.00, 'pending', NULL, 144.00, '2026-01-06 19:36:47', '2026-01-06 19:36:47', 2, NULL),
(680, 60, 68, 5, '1', '2026-02-11', 1610.00, 'canceled', NULL, 1610.00, '2026-01-11 12:29:43', '2026-01-13 20:00:24', 2, NULL),
(681, 60, 68, 5, '2', '2026-03-11', 1610.00, 'canceled', NULL, 1610.00, '2026-01-11 12:29:43', '2026-01-13 20:00:24', 2, NULL),
(682, 60, 68, 5, '3', '2026-04-11', 1610.00, 'canceled', NULL, 1610.00, '2026-01-11 12:29:43', '2026-01-13 20:00:24', 2, NULL),
(683, 60, 68, 5, '4', '2026-05-11', 1610.00, 'canceled', NULL, 1610.00, '2026-01-11 12:29:43', '2026-01-13 20:00:24', 2, NULL),
(684, 60, 68, 5, '5', '2026-06-11', 1610.00, 'canceled', NULL, 1610.00, '2026-01-11 12:29:43', '2026-01-13 20:00:24', 2, NULL),
(685, 60, 68, 5, '6', '2026-07-11', 1610.00, 'canceled', NULL, 1610.00, '2026-01-11 12:29:43', '2026-01-13 20:00:24', 2, NULL),
(686, 60, 68, 5, '7', '2026-08-11', 1610.00, 'canceled', NULL, 1610.00, '2026-01-11 12:29:43', '2026-01-13 20:00:24', 2, NULL),
(687, 60, 68, 5, '8', '2026-09-11', 1610.00, 'canceled', NULL, 1610.00, '2026-01-11 12:29:43', '2026-01-13 20:00:24', 2, NULL),
(688, 60, 68, 5, '9', '2026-10-11', 1610.00, 'canceled', NULL, 1610.00, '2026-01-11 12:29:43', '2026-01-13 20:00:24', 2, NULL),
(689, 60, 68, 5, '10', '2026-11-11', 1610.00, 'canceled', NULL, 1610.00, '2026-01-11 12:29:43', '2026-01-13 20:00:24', 2, NULL),
(690, 60, 68, 5, '11', '2026-12-11', 1610.00, 'canceled', NULL, 1610.00, '2026-01-11 12:29:43', '2026-01-13 20:00:24', 2, NULL),
(691, 60, 68, 5, '12', '2027-01-11', 1610.00, 'canceled', NULL, 1610.00, '2026-01-11 12:29:43', '2026-01-13 20:00:24', 2, NULL),
(692, 61, 68, 5, '1', '2026-02-11', 890.00, 'paid', '2026-01-30 00:00:00', 0.00, '2026-01-13 20:00:24', '2026-01-30 02:55:50', 2, NULL),
(693, 61, 68, 5, '2', '2026-03-11', 890.00, 'pending', NULL, 890.00, '2026-01-13 20:00:24', '2026-01-13 20:00:24', 2, NULL),
(694, 61, 68, 5, '3', '2026-04-11', 890.00, 'pending', NULL, 890.00, '2026-01-13 20:00:24', '2026-01-13 20:00:24', 2, NULL),
(695, 61, 68, 5, '4', '2026-05-11', 890.00, 'pending', NULL, 890.00, '2026-01-13 20:00:24', '2026-01-13 20:00:24', 2, NULL),
(696, 61, 68, 5, '5', '2026-06-11', 841.67, 'pending', NULL, 841.67, '2026-01-13 20:00:24', '2026-01-13 20:00:24', 2, NULL),
(697, 62, 35, 5, '1', '2026-03-01', 370.00, 'pending', NULL, 370.00, '2026-01-29 17:50:24', '2026-01-29 17:50:24', 2, NULL),
(698, 62, 35, 5, '2', '2026-03-29', 370.00, 'pending', NULL, 370.00, '2026-01-29 17:50:24', '2026-01-29 17:50:24', 2, NULL),
(699, 62, 35, 5, '3', '2026-04-29', 370.00, 'pending', NULL, 370.00, '2026-01-29 17:50:24', '2026-01-29 17:50:24', 2, NULL),
(700, 62, 35, 5, '4', '2026-05-29', 370.00, 'pending', NULL, 370.00, '2026-01-29 17:50:24', '2026-01-29 17:50:24', 2, NULL),
(701, 62, 35, 5, '5', '2026-06-29', 370.00, 'pending', NULL, 370.00, '2026-01-29 17:50:24', '2026-01-29 17:50:24', 2, NULL),
(702, 62, 35, 5, '6', '2026-07-29', 370.00, 'pending', NULL, 370.00, '2026-01-29 17:50:24', '2026-01-29 17:50:24', 2, NULL),
(703, 62, 35, 5, '7', '2026-08-29', 370.00, 'pending', NULL, 370.00, '2026-01-29 17:50:24', '2026-01-29 17:50:24', 2, NULL),
(704, 62, 35, 5, '8', '2026-09-29', 370.00, 'pending', NULL, 370.00, '2026-01-29 17:50:24', '2026-01-29 17:50:24', 2, NULL),
(705, 62, 35, 5, '9', '2026-10-29', 370.00, 'pending', NULL, 370.00, '2026-01-29 17:50:24', '2026-01-29 17:50:24', 2, NULL),
(706, 62, 35, 5, '10', '2026-11-29', 370.00, 'pending', NULL, 370.00, '2026-01-29 17:50:24', '2026-01-29 17:50:24', 2, NULL),
(707, 62, 35, 5, '11', '2026-12-29', 370.00, 'pending', NULL, 370.00, '2026-01-29 17:50:24', '2026-01-29 17:50:24', 2, NULL),
(708, 62, 35, 5, '12', '2027-01-29', 346.00, 'pending', NULL, 346.00, '2026-01-29 17:50:24', '2026-01-29 17:50:24', 2, NULL);

-- --------------------------------------------------------

--
-- بنية الجدول `installment_payments`
--

CREATE TABLE `installment_payments` (
  `id` bigint(20) UNSIGNED NOT NULL,
  `installment_plan_id` bigint(20) UNSIGNED NOT NULL,
  `company_id` bigint(20) UNSIGNED NOT NULL,
  `created_by` bigint(20) UNSIGNED NOT NULL,
  `payment_date` date NOT NULL,
  `amount_paid` decimal(15,2) NOT NULL,
  `payment_method` varchar(255) NOT NULL,
  `reference_number` varchar(255) DEFAULT NULL,
  `notes` text DEFAULT NULL,
  `created_at` timestamp NULL DEFAULT NULL,
  `updated_at` timestamp NULL DEFAULT NULL,
  `cash_box_id` bigint(20) UNSIGNED DEFAULT NULL
) ENGINE=InnoDB DEFAULT CHARSET=utf8mb4 COLLATE=utf8mb4_unicode_ci;

--
-- إرجاع أو استيراد بيانات الجدول `installment_payments`
--

INSERT INTO `installment_payments` (`id`, `installment_plan_id`, `company_id`, `created_by`, `payment_date`, `amount_paid`, `payment_method`, `reference_number`, `notes`, `created_at`, `updated_at`, `cash_box_id`) VALUES
(1, 1, 2, 5, '2025-07-10', 300.00, 'default', NULL, '', '2025-07-10 18:38:26', '2025-07-10 18:38:26', NULL),
(2, 1, 2, 5, '2025-07-10', 300.00, 'default', NULL, '', '2025-07-10 18:44:38', '2025-07-10 18:44:38', NULL),
(3, 1, 2, 5, '2025-07-10', 400.00, 'default', NULL, '', '2025-07-10 18:46:56', '2025-07-10 18:46:56', NULL),
(4, 1, 2, 5, '2025-07-11', 300.00, 'default', NULL, '', '2025-07-11 08:18:40', '2025-07-11 08:18:40', NULL),
(5, 1, 2, 5, '2025-07-11', 300.00, 'default', NULL, '', '2025-07-11 08:19:28', '2025-07-11 08:19:28', NULL),
(6, 1, 2, 5, '2025-07-11', 300.00, 'default', NULL, '', '2025-07-11 08:19:47', '2025-07-11 08:19:47', NULL),
(7, 1, 2, 5, '2025-07-11', 300.00, 'default', NULL, '', '2025-07-11 08:20:22', '2025-07-11 08:20:22', NULL),
(8, 1, 2, 5, '2025-07-11', 300.00, 'default', NULL, '', '2025-07-11 08:20:41', '2025-07-11 08:20:41', NULL),
(9, 1, 2, 5, '2025-07-11', 300.00, 'default', NULL, '', '2025-07-11 08:20:57', '2025-07-11 08:20:57', NULL),
(10, 3, 2, 5, '2025-07-11', 1000.00, 'default', NULL, '', '2025-07-11 10:49:51', '2025-07-11 10:49:51', NULL),
(11, 3, 2, 5, '2025-07-11', 1000.00, 'default', NULL, '', '2025-07-11 10:51:02', '2025-07-11 10:51:02', NULL),
(12, 3, 2, 5, '2025-07-11', 1000.00, 'default', NULL, '', '2025-07-11 10:51:14', '2025-07-11 10:51:14', NULL),
(13, 3, 2, 5, '2025-07-11', 1000.00, 'default', NULL, '', '2025-07-11 10:51:24', '2025-07-11 10:51:24', NULL),
(14, 3, 2, 5, '2025-07-11', 1000.00, 'default', NULL, '', '2025-07-11 10:51:36', '2025-07-11 10:51:36', NULL),
(15, 3, 2, 5, '2025-07-11', 1000.00, 'default', NULL, '', '2025-07-11 10:51:49', '2025-07-11 10:51:49', NULL),
(16, 3, 2, 5, '2025-07-11', 1000.00, 'default', NULL, '', '2025-07-11 10:51:59', '2025-07-11 10:51:59', NULL),
(17, 3, 2, 5, '2025-07-11', 1000.00, 'default', NULL, '', '2025-07-11 10:52:13', '2025-07-11 10:52:13', NULL),
(18, 3, 2, 5, '2025-07-11', 1000.00, 'default', NULL, '', '2025-07-11 10:52:27', '2025-07-11 10:52:27', NULL),
(19, 4, 2, 5, '2025-07-11', 460.00, 'default', NULL, '', '2025-07-11 11:59:20', '2025-07-11 11:59:20', NULL),
(20, 4, 2, 5, '2025-07-11', 460.00, 'default', NULL, '', '2025-07-11 11:59:25', '2025-07-11 11:59:25', NULL),
(21, 4, 2, 5, '2025-07-11', 460.00, 'default', NULL, '', '2025-07-11 11:59:41', '2025-07-11 11:59:41', NULL),
(22, 4, 2, 5, '2025-07-11', 460.00, 'default', NULL, '', '2025-07-11 12:00:10', '2025-07-11 12:00:10', NULL),
(23, 4, 2, 5, '2025-07-11', 460.00, 'default', NULL, '', '2025-07-11 12:00:20', '2025-07-11 12:00:20', NULL),
(24, 4, 2, 5, '2025-07-11', 460.00, 'default', NULL, '', '2025-07-11 12:00:30', '2025-07-11 12:00:30', NULL),
(25, 4, 2, 5, '2025-07-11', 460.00, 'default', NULL, '', '2025-07-11 12:00:42', '2025-07-11 12:00:42', NULL),
(102, 24, 3, 6, '2025-07-23', 730.00, 'نقدي', NULL, '', '2025-07-23 07:12:39', '2025-07-23 07:12:39', NULL),
(103, 24, 3, 6, '2025-07-23', 730.00, 'نقدي', NULL, '', '2025-07-23 07:12:55', '2025-07-23 07:12:55', NULL),
(104, 24, 3, 6, '2025-07-23', 730.00, 'نقدي', NULL, '', '2025-07-23 07:12:58', '2025-07-23 07:12:58', NULL),
(105, 24, 3, 6, '2025-07-23', 730.00, 'نقدي', NULL, '', '2025-07-23 08:23:08', '2025-07-23 08:23:08', NULL),
(106, 24, 3, 6, '2025-07-23', 730.00, 'نقدي', NULL, '', '2025-07-23 08:26:00', '2025-07-23 08:26:00', NULL),
(107, 23, 3, 6, '2025-07-23', 430.00, 'نقدي', NULL, '', '2025-07-23 08:26:23', '2025-07-23 08:26:23', NULL),
(108, 23, 3, 6, '2025-07-23', 430.00, 'نقدي', NULL, '', '2025-07-23 08:26:36', '2025-07-23 08:26:36', NULL),
(109, 3, 2, 5, '2025-07-28', 1000.00, 'نقدي', NULL, '', '2025-07-28 19:37:48', '2025-07-28 19:37:48', NULL),
(110, 27, 2, 5, '2025-07-30', 195.00, 'نقدي', NULL, '', '2025-07-30 06:31:19', '2025-07-30 06:31:19', NULL),
(111, 27, 2, 5, '2025-07-30', 195.00, 'نقدي', NULL, '', '2025-07-30 06:31:28', '2025-07-30 06:31:28', NULL),
(112, 27, 2, 5, '2025-07-30', 195.00, 'نقدي', NULL, '', '2025-07-30 06:31:40', '2025-07-30 06:31:40', NULL),
(127, 30, 2, 5, '2025-07-30', 1000.00, 'نقدي', NULL, '', '2025-07-30 13:07:46', '2025-07-30 13:07:46', NULL),
(128, 30, 2, 5, '2025-07-30', 1000.00, 'نقدي', NULL, '', '2025-07-30 13:09:13', '2025-07-30 13:09:13', NULL),
(129, 30, 2, 5, '2025-07-30', 1000.00, 'نقدي', NULL, '', '2025-07-30 13:09:19', '2025-07-30 13:09:19', NULL),
(131, 3, 2, 5, '2025-08-08', 0.00, 'نقدي', NULL, '', '2025-08-08 11:02:52', '2025-08-08 11:02:52', NULL),
(132, 31, 2, 5, '2025-08-11', 480.00, 'نقدي', NULL, '', '2025-08-11 07:09:56', '2025-08-11 07:09:56', NULL),
(133, 31, 2, 5, '2025-08-11', 480.00, 'نقدي', NULL, '', '2025-08-11 07:10:18', '2025-08-11 07:10:18', NULL),
(134, 31, 2, 5, '2025-08-11', 480.00, 'نقدي', NULL, '', '2025-08-11 07:10:23', '2025-08-11 07:10:23', NULL),
(135, 31, 2, 5, '2025-08-11', 480.00, 'نقدي', NULL, '', '2025-08-11 07:10:26', '2025-08-11 07:10:26', NULL),
(136, 31, 2, 5, '2025-08-11', 480.00, 'نقدي', NULL, '', '2025-08-11 07:10:29', '2025-08-11 07:10:29', NULL),
(137, 31, 2, 5, '2025-08-11', 480.00, 'نقدي', NULL, '', '2025-08-11 07:10:33', '2025-08-11 07:10:33', NULL),
(141, 28, 2, 5, '2025-08-25', 970.00, 'نقدي', NULL, '', '2025-08-25 20:27:32', '2025-08-25 20:27:32', NULL),
(142, 34, 2, 5, '2025-08-26', 1410.00, 'نقدي', NULL, '', '2025-08-26 10:04:36', '2025-08-26 10:04:36', NULL),
(143, 34, 2, 5, '2025-08-26', 1410.00, 'نقدي', NULL, '', '2025-08-26 10:04:46', '2025-08-26 10:04:46', NULL),
(144, 34, 2, 5, '2025-08-26', 1410.00, 'نقدي', NULL, '', '2025-08-26 10:06:22', '2025-08-26 10:06:22', NULL),
(145, 34, 2, 5, '2025-08-26', 1410.00, 'نقدي', NULL, '', '2025-08-26 10:06:31', '2025-08-26 10:06:31', NULL),
(146, 34, 2, 5, '2025-08-26', 1410.00, 'نقدي', NULL, '', '2025-08-26 10:06:39', '2025-08-26 10:06:39', NULL),
(147, 34, 2, 5, '2025-08-26', 1410.00, 'نقدي', NULL, '', '2025-08-26 10:06:49', '2025-08-26 10:06:49', NULL),
(148, 34, 2, 5, '2025-08-26', 1410.00, 'نقدي', NULL, '', '2025-08-26 10:06:59', '2025-08-26 10:06:59', NULL),
(149, 34, 2, 5, '2025-08-26', 1410.00, 'نقدي', NULL, '', '2025-08-26 10:07:22', '2025-08-26 10:07:22', NULL),
(150, 30, 2, 5, '2025-08-28', 1000.00, 'نقدي', NULL, '', '2025-08-28 10:39:37', '2025-08-28 10:39:37', NULL),
(151, 31, 2, 5, '2025-08-28', 480.00, 'نقدي', NULL, '', '2025-08-28 10:39:44', '2025-08-28 10:39:44', NULL),
(152, 34, 2, 5, '2025-09-07', 1410.00, 'نقدي', NULL, '', '2025-09-07 09:50:24', '2025-09-07 09:50:24', NULL),
(153, 4, 2, 5, '2025-09-16', 460.00, 'نقدي', NULL, '', '2025-09-16 06:34:45', '2025-09-16 06:34:45', NULL),
(154, 4, 2, 5, '2025-09-16', 460.00, 'نقدي', NULL, '', '2025-09-16 06:34:50', '2025-09-16 06:34:50', NULL),
(155, 3, 2, 5, '2025-09-16', 1000.00, 'نقدي', NULL, '', '2025-09-16 06:35:20', '2025-09-16 06:35:20', NULL),
(156, 1, 2, 5, '2025-09-21', 300.00, 'نقدي', NULL, '', '2025-09-21 19:00:01', '2025-09-21 19:00:01', NULL),
(157, 1, 2, 5, '2025-09-21', 300.00, 'نقدي', NULL, '', '2025-09-21 19:00:18', '2025-09-21 19:00:18', NULL),
(158, 27, 2, 5, '2025-09-22', 195.00, 'نقدي', NULL, '', '2025-09-22 19:13:43', '2025-09-22 19:13:43', NULL),
(159, 30, 2, 5, '2025-10-03', 1000.00, 'نقدي', NULL, '', '2025-10-03 08:08:35', '2025-10-03 08:08:35', NULL),
(160, 28, 2, 5, '2025-10-03', 970.00, 'نقدي', NULL, '', '2025-10-03 08:08:50', '2025-10-03 08:08:50', NULL),
(161, 31, 2, 5, '2025-10-03', 240.00, 'نقدي', NULL, '', '2025-10-03 08:10:10', '2025-10-03 08:10:10', NULL),
(163, 37, 2, 5, '2025-10-28', 520.00, 'نقدي', NULL, '', '2025-10-28 15:27:13', '2025-10-28 15:27:13', NULL),
(164, 39, 2, 5, '2025-10-28', 1000.00, 'نقدي', NULL, '', '2025-10-28 15:28:23', '2025-10-28 15:28:23', NULL),
(165, 30, 2, 5, '2025-10-28', 1000.00, 'نقدي', NULL, '', '2025-10-28 15:29:08', '2025-10-28 15:29:08', NULL),
(166, 28, 2, 5, '2025-10-28', 970.00, 'نقدي', NULL, '', '2025-10-28 15:30:03', '2025-10-28 15:30:03', NULL),
(167, 27, 2, 5, '2025-10-28', 195.00, 'نقدي', NULL, '', '2025-10-28 15:30:48', '2025-10-28 15:30:48', NULL),
(168, 27, 2, 5, '2025-10-28', 195.00, 'نقدي', NULL, '', '2025-10-28 15:30:56', '2025-10-28 15:30:56', NULL),
(169, 38, 2, 5, '2025-11-07', 558.00, 'نقدي', NULL, '', '2025-11-07 13:51:11', '2025-11-07 13:51:11', NULL),
(170, 28, 2, 5, '2025-11-29', 940.00, 'نقدي', NULL, '', '2025-11-29 07:39:54', '2025-11-29 07:39:54', NULL),
(171, 38, 2, 5, '2025-11-29', 558.00, 'نقدي', NULL, '', '2025-11-29 07:55:39', '2025-11-29 07:55:39', NULL),
(172, 34, 2, 5, '2025-11-29', 1410.00, 'نقدي', NULL, '', '2025-11-29 20:18:35', '2025-11-29 20:18:35', NULL),
(173, 34, 2, 5, '2025-11-29', 1410.00, 'نقدي', NULL, '', '2025-11-29 20:19:04', '2025-11-29 20:19:04', NULL),
(174, 34, 2, 5, '2025-11-29', 1390.00, 'نقدي', NULL, '', '2025-11-29 20:23:26', '2025-11-29 20:23:26', NULL),
(176, 44, 2, 5, '2025-12-07', 200.00, 'نقدي', NULL, '', '2025-12-07 14:38:52', '2025-12-07 14:38:52', NULL),
(177, 44, 2, 5, '2025-12-07', 200.00, 'نقدي', NULL, '', '2025-12-07 14:39:18', '2025-12-07 14:39:18', NULL),
(178, 52, 2, 5, '2025-12-07', 830.00, 'نقدي', NULL, '', '2025-12-07 21:42:38', '2025-12-07 21:42:38', NULL),
(179, 56, 2, 5, '2025-12-08', 3050.00, 'نقدي', NULL, '', '2025-12-08 17:05:42', '2025-12-08 17:05:42', NULL),
(180, 56, 2, 5, '2025-12-08', 3050.00, 'نقدي', NULL, '', '2025-12-08 17:06:06', '2025-12-08 17:06:06', NULL),
(181, 30, 2, 5, '2025-12-08', 1000.00, 'نقدي', NULL, '', '2025-12-08 17:06:15', '2025-12-08 17:06:15', NULL),
(182, 37, 2, 5, '2025-12-08', 520.00, 'نقدي', NULL, '', '2025-12-08 17:06:22', '2025-12-08 17:06:22', NULL),
(183, 27, 2, 5, '2025-12-08', 195.00, 'نقدي', NULL, '', '2025-12-08 17:06:41', '2025-12-08 17:06:41', NULL),
(184, 51, 2, 5, '2025-12-31', 310.00, 'نقدي', NULL, '', '2025-12-31 21:51:12', '2025-12-31 21:51:12', NULL),
(185, 27, 2, 5, '2025-12-31', 195.00, 'نقدي', NULL, '', '2025-12-31 21:53:53', '2025-12-31 21:53:53', NULL),
(186, 1, 2, 5, '2025-12-31', 249.00, 'نقدي', NULL, '', '2025-12-31 21:54:51', '2025-12-31 21:54:51', NULL),
(187, 1, 2, 5, '2025-12-31', 0.00, 'نقدي', NULL, '', '2025-12-31 21:54:56', '2025-12-31 21:54:56', NULL),
(188, 39, 2, 5, '2026-01-01', 1000.00, 'نقدي', NULL, '', '2026-01-01 19:26:33', '2026-01-01 19:26:33', NULL),
(189, 38, 2, 5, '2026-01-01', 558.00, 'نقدي', NULL, '', '2026-01-01 19:30:07', '2026-01-01 19:30:07', NULL),
(190, 42, 2, 5, '2026-01-04', 370.00, 'نقدي', NULL, '', '2026-01-04 08:54:19', '2026-01-04 08:54:19', NULL),
(191, 4, 2, 5, '2026-01-04', 460.00, 'نقدي', NULL, '', '2026-01-04 09:30:51', '2026-01-04 09:30:51', NULL),
(192, 4, 2, 5, '2026-01-04', 460.00, 'نقدي', NULL, '', '2026-01-04 09:30:55', '2026-01-04 09:30:55', NULL),
(193, 4, 2, 5, '2026-01-04', 452.00, 'نقدي', NULL, '', '2026-01-04 09:31:00', '2026-01-04 09:31:00', NULL),
(194, 3, 2, 5, '2026-01-04', 960.00, 'نقدي', NULL, '', '2026-01-04 09:31:29', '2026-01-04 09:31:29', NULL),
(195, 1, 2, 5, '2026-01-04', 0.00, 'نقدي', NULL, '', '2026-01-04 09:31:56', '2026-01-04 09:31:56', NULL),
(196, 1, 2, 5, '2026-01-04', 0.00, 'نقدي', NULL, '', '2026-01-04 09:32:01', '2026-01-04 09:32:01', NULL),
(197, 1, 2, 5, '2026-01-04', 0.00, 'نقدي', NULL, '', '2026-01-04 09:32:04', '2026-01-04 09:32:04', NULL),
(198, 1, 2, 5, '2026-01-04', 0.00, 'نقدي', NULL, '', '2026-01-04 09:32:07', '2026-01-04 09:32:07', NULL),
(199, 1, 2, 5, '2026-01-04', 0.00, 'نقدي', NULL, '', '2026-01-04 09:32:10', '2026-01-04 09:32:10', NULL),
(200, 1, 2, 5, '2026-01-04', 0.00, 'نقدي', NULL, '', '2026-01-04 09:32:13', '2026-01-04 09:32:13', NULL),
(201, 1, 2, 5, '2026-01-04', 0.00, 'نقدي', NULL, '', '2026-01-04 09:32:15', '2026-01-04 09:32:15', NULL),
(202, 54, 2, 5, '2026-01-06', 310.00, 'نقدي', NULL, '', '2026-01-06 19:27:35', '2026-01-06 19:27:35', NULL),
(203, 44, 2, 5, '2026-01-06', 200.00, 'نقدي', NULL, '', '2026-01-06 19:27:44', '2026-01-06 19:27:44', NULL),
(204, 52, 2, 5, '2026-01-06', 830.00, 'نقدي', NULL, '', '2026-01-06 19:29:15', '2026-01-06 19:29:15', NULL),
(205, 59, 2, 5, '2026-01-06', 150.00, 'نقدي', NULL, '', '2026-01-06 19:37:19', '2026-01-06 19:37:19', NULL),
(206, 56, 2, 5, '2026-01-10', 3050.00, 'نقدي', NULL, '', '2026-01-10 18:47:00', '2026-01-10 18:47:00', NULL),
(207, 30, 2, 5, '2026-01-19', 1000.00, 'نقدي', NULL, '', '2026-01-19 13:10:15', '2026-01-19 13:10:15', NULL),
(208, 37, 2, 5, '2026-01-19', 520.00, 'نقدي', NULL, '', '2026-01-19 13:10:26', '2026-01-19 13:10:26', NULL),
(209, 38, 2, 5, '2026-01-27', 558.00, 'نقدي', NULL, '', '2026-01-27 14:18:41', '2026-01-27 14:18:41', NULL),
(210, 57, 2, 5, '2026-01-30', 230.00, 'نقدي', NULL, '', '2026-01-30 02:54:35', '2026-01-30 02:54:35', NULL),
(211, 61, 2, 5, '2026-01-30', 890.00, 'نقدي', NULL, '', '2026-01-30 02:55:50', '2026-01-30 02:55:50', NULL),
(212, 3, 2, 5, '2026-01-30', 0.00, 'نقدي', NULL, '', '2026-01-30 03:00:51', '2026-01-30 03:00:51', NULL),
(213, 3, 2, 5, '2026-01-30', 0.00, 'نقدي', NULL, '', '2026-01-30 03:00:56', '2026-01-30 03:00:56', NULL),
(214, 3, 2, 5, '2026-01-30', 0.00, 'نقدي', NULL, '', '2026-01-30 03:01:03', '2026-01-30 03:01:03', NULL),
(215, 3, 2, 5, '2026-01-30', 0.00, 'نقدي', NULL, '', '2026-01-30 03:01:10', '2026-01-30 03:01:10', NULL),
(216, 3, 2, 5, '2026-01-30', 0.00, 'نقدي', NULL, '', '2026-01-30 03:01:13', '2026-01-30 03:01:13', NULL),
(217, 3, 2, 5, '2026-01-30', 0.00, 'نقدي', NULL, '', '2026-01-30 03:01:15', '2026-01-30 03:01:15', NULL),
(218, 3, 2, 5, '2026-01-30', 0.00, 'نقدي', NULL, '', '2026-01-30 03:01:41', '2026-01-30 03:01:41', NULL),
(219, 39, 2, 5, '2026-02-01', 1000.00, 'نقدي', NULL, '', '2026-02-01 12:44:57', '2026-02-01 12:44:57', NULL),
(220, 42, 2, 5, '2026-02-02', 370.00, 'نقدي', NULL, '', '2026-02-02 09:31:12', '2026-02-02 09:31:12', NULL),
(221, 30, 2, 5, '2026-02-02', 1000.00, 'نقدي', NULL, '', '2026-02-02 09:47:21', '2026-02-02 09:47:21', NULL),
(222, 51, 2, 5, '2026-02-07', 310.00, 'نقدي', NULL, '', '2026-02-07 10:58:54', '2026-02-07 10:58:54', 1257),
(223, 52, 2, 5, '2026-02-07', 830.00, 'نقدي', NULL, '', '2026-02-07 10:59:40', '2026-02-07 10:59:40', 1257),
(224, 37, 2, 5, '2026-02-07', 520.00, 'نقدي', NULL, '', '2026-02-07 11:00:00', '2026-02-07 11:00:00', 1257),
(225, 59, 2, 5, '2026-02-12', 150.00, 'نقدي', NULL, '', '2026-02-12 08:31:14', '2026-02-12 08:31:14', 1257),
(226, 58, 2, 5, '2026-02-12', 370.00, 'نقدي', NULL, '', '2026-02-12 08:36:10', '2026-02-12 08:36:10', 1257),
(227, 54, 2, 5, '2026-02-12', 310.00, 'نقدي', NULL, '', '2026-02-12 08:38:39', '2026-02-12 08:38:39', 1257);

-- --------------------------------------------------------

--
-- بنية الجدول `installment_payment_details`
--

CREATE TABLE `installment_payment_details` (
  `id` bigint(20) UNSIGNED NOT NULL,
  `installment_payment_id` bigint(20) UNSIGNED NOT NULL,
  `installment_id` bigint(20) UNSIGNED NOT NULL,
  `amount_paid` decimal(15,2) NOT NULL,
  `created_at` timestamp NULL DEFAULT NULL,
  `updated_at` timestamp NULL DEFAULT NULL
) ENGINE=InnoDB DEFAULT CHARSET=utf8mb4 COLLATE=utf8mb4_unicode_ci;

--
-- إرجاع أو استيراد بيانات الجدول `installment_payment_details`
--

INSERT INTO `installment_payment_details` (`id`, `installment_payment_id`, `installment_id`, `amount_paid`, `created_at`, `updated_at`) VALUES
(1, 1, 1, 300.00, '2025-07-10 18:38:26', '2025-07-10 18:38:26'),
(2, 2, 2, 300.00, '2025-07-10 18:44:38', '2025-07-10 18:44:38'),
(3, 3, 3, 300.00, '2025-07-10 18:46:56', '2025-07-10 18:46:56'),
(4, 4, 4, 300.00, '2025-07-11 08:18:40', '2025-07-11 08:18:40'),
(5, 5, 5, 300.00, '2025-07-11 08:19:28', '2025-07-11 08:19:28'),
(6, 6, 6, 300.00, '2025-07-11 08:19:47', '2025-07-11 08:19:47'),
(7, 7, 7, 300.00, '2025-07-11 08:20:22', '2025-07-11 08:20:22'),
(8, 8, 8, 300.00, '2025-07-11 08:20:41', '2025-07-11 08:20:41'),
(9, 9, 9, 300.00, '2025-07-11 08:20:57', '2025-07-11 08:20:57'),
(10, 10, 25, 1000.00, '2025-07-11 10:49:51', '2025-07-11 10:49:51'),
(11, 11, 26, 1000.00, '2025-07-11 10:51:02', '2025-07-11 10:51:02'),
(12, 12, 27, 1000.00, '2025-07-11 10:51:14', '2025-07-11 10:51:14'),
(13, 13, 28, 1000.00, '2025-07-11 10:51:24', '2025-07-11 10:51:24'),
(14, 14, 29, 1000.00, '2025-07-11 10:51:36', '2025-07-11 10:51:36'),
(15, 15, 30, 1000.00, '2025-07-11 10:51:49', '2025-07-11 10:51:49'),
(16, 16, 31, 1000.00, '2025-07-11 10:51:59', '2025-07-11 10:51:59'),
(17, 17, 32, 1000.00, '2025-07-11 10:52:13', '2025-07-11 10:52:13'),
(18, 18, 33, 1000.00, '2025-07-11 10:52:27', '2025-07-11 10:52:27'),
(19, 19, 37, 460.00, '2025-07-11 11:59:20', '2025-07-11 11:59:20'),
(20, 20, 38, 460.00, '2025-07-11 11:59:25', '2025-07-11 11:59:25'),
(21, 21, 39, 460.00, '2025-07-11 11:59:41', '2025-07-11 11:59:41'),
(22, 22, 40, 460.00, '2025-07-11 12:00:10', '2025-07-11 12:00:10'),
(23, 23, 41, 460.00, '2025-07-11 12:00:20', '2025-07-11 12:00:20'),
(24, 24, 42, 460.00, '2025-07-11 12:00:30', '2025-07-11 12:00:30'),
(25, 25, 43, 460.00, '2025-07-11 12:00:42', '2025-07-11 12:00:42'),
(102, 102, 275, 730.00, '2025-07-23 07:12:39', '2025-07-23 07:12:39'),
(103, 103, 276, 730.00, '2025-07-23 07:12:55', '2025-07-23 07:12:55'),
(104, 104, 277, 730.00, '2025-07-23 07:12:58', '2025-07-23 07:12:58'),
(105, 105, 278, 730.00, '2025-07-23 08:23:08', '2025-07-23 08:23:08'),
(106, 106, 279, 730.00, '2025-07-23 08:26:00', '2025-07-23 08:26:00'),
(107, 107, 263, 430.00, '2025-07-23 08:26:23', '2025-07-23 08:26:23'),
(108, 108, 264, 430.00, '2025-07-23 08:26:36', '2025-07-23 08:26:36'),
(109, 109, 34, 1000.00, '2025-07-28 19:37:48', '2025-07-28 19:37:48'),
(110, 110, 314, 195.00, '2025-07-30 06:31:19', '2025-07-30 06:31:19'),
(111, 111, 315, 195.00, '2025-07-30 06:31:28', '2025-07-30 06:31:28'),
(112, 112, 316, 195.00, '2025-07-30 06:31:40', '2025-07-30 06:31:40'),
(127, 127, 342, 1000.00, '2025-07-30 13:07:46', '2025-07-30 13:07:46'),
(128, 128, 343, 1000.00, '2025-07-30 13:09:13', '2025-07-30 13:09:13'),
(129, 129, 344, 1000.00, '2025-07-30 13:09:19', '2025-07-30 13:09:19'),
(131, 132, 354, 480.00, '2025-08-11 07:09:56', '2025-08-11 07:09:56'),
(132, 133, 355, 480.00, '2025-08-11 07:10:18', '2025-08-11 07:10:18'),
(133, 134, 356, 480.00, '2025-08-11 07:10:23', '2025-08-11 07:10:23'),
(134, 135, 357, 480.00, '2025-08-11 07:10:26', '2025-08-11 07:10:26'),
(135, 136, 358, 480.00, '2025-08-11 07:10:29', '2025-08-11 07:10:29'),
(136, 137, 359, 480.00, '2025-08-11 07:10:33', '2025-08-11 07:10:33'),
(140, 141, 326, 970.00, '2025-08-25 20:27:32', '2025-08-25 20:27:32'),
(141, 142, 386, 1410.00, '2025-08-26 10:04:36', '2025-08-26 10:04:36'),
(142, 143, 387, 1410.00, '2025-08-26 10:04:46', '2025-08-26 10:04:46'),
(143, 144, 388, 1410.00, '2025-08-26 10:06:22', '2025-08-26 10:06:22'),
(144, 145, 389, 1410.00, '2025-08-26 10:06:31', '2025-08-26 10:06:31'),
(145, 146, 390, 1410.00, '2025-08-26 10:06:39', '2025-08-26 10:06:39'),
(146, 147, 391, 1410.00, '2025-08-26 10:06:49', '2025-08-26 10:06:49'),
(147, 148, 392, 1410.00, '2025-08-26 10:06:59', '2025-08-26 10:06:59'),
(148, 149, 393, 1410.00, '2025-08-26 10:07:22', '2025-08-26 10:07:22'),
(149, 150, 345, 1000.00, '2025-08-28 10:39:37', '2025-08-28 10:39:37'),
(150, 151, 360, 480.00, '2025-08-28 10:39:44', '2025-08-28 10:39:44'),
(151, 152, 394, 1410.00, '2025-09-07 09:50:24', '2025-09-07 09:50:24'),
(152, 153, 44, 460.00, '2025-09-16 06:34:45', '2025-09-16 06:34:45'),
(153, 154, 45, 460.00, '2025-09-16 06:34:50', '2025-09-16 06:34:50'),
(154, 155, 35, 1000.00, '2025-09-16 06:35:20', '2025-09-16 06:35:20'),
(155, 156, 10, 300.00, '2025-09-21 19:00:01', '2025-09-21 19:00:01'),
(156, 157, 11, 300.00, '2025-09-21 19:00:18', '2025-09-21 19:00:18'),
(157, 158, 317, 195.00, '2025-09-22 19:13:43', '2025-09-22 19:13:43'),
(158, 159, 346, 1000.00, '2025-10-03 08:08:35', '2025-10-03 08:08:35'),
(159, 160, 327, 970.00, '2025-10-03 08:08:50', '2025-10-03 08:08:50'),
(160, 161, 361, 240.00, '2025-10-03 08:10:10', '2025-10-03 08:10:10'),
(162, 163, 422, 520.00, '2025-10-28 15:27:13', '2025-10-28 15:27:13'),
(163, 164, 434, 1000.00, '2025-10-28 15:28:23', '2025-10-28 15:28:23'),
(164, 165, 347, 1000.00, '2025-10-28 15:29:08', '2025-10-28 15:29:08'),
(165, 166, 328, 970.00, '2025-10-28 15:30:03', '2025-10-28 15:30:03'),
(166, 167, 318, 195.00, '2025-10-28 15:30:48', '2025-10-28 15:30:48'),
(167, 168, 319, 195.00, '2025-10-28 15:30:56', '2025-10-28 15:30:56'),
(168, 169, 427, 558.00, '2025-11-07 13:51:11', '2025-11-07 13:51:11'),
(169, 170, 329, 940.00, '2025-11-29 07:39:54', '2025-11-29 07:39:54'),
(170, 171, 428, 558.00, '2025-11-29 07:55:39', '2025-11-29 07:55:39'),
(171, 172, 395, 1410.00, '2025-11-29 20:18:35', '2025-11-29 20:18:35'),
(172, 173, 396, 1410.00, '2025-11-29 20:19:04', '2025-11-29 20:19:04'),
(173, 174, 397, 1390.00, '2025-11-29 20:23:26', '2025-11-29 20:23:26'),
(175, 176, 493, 200.00, '2025-12-07 14:38:52', '2025-12-07 14:38:52'),
(176, 177, 494, 200.00, '2025-12-07 14:39:18', '2025-12-07 14:39:18'),
(177, 178, 580, 830.00, '2025-12-07 21:42:38', '2025-12-07 21:42:38'),
(178, 179, 635, 3050.00, '2025-12-08 17:05:42', '2025-12-08 17:05:42'),
(179, 180, 634, 3050.00, '2025-12-08 17:06:06', '2025-12-08 17:06:06'),
(180, 181, 348, 1000.00, '2025-12-08 17:06:15', '2025-12-08 17:06:15'),
(181, 182, 423, 520.00, '2025-12-08 17:06:22', '2025-12-08 17:06:22'),
(182, 183, 320, 195.00, '2025-12-08 17:06:41', '2025-12-08 17:06:41'),
(183, 184, 574, 310.00, '2025-12-31 21:51:12', '2025-12-31 21:51:12'),
(184, 185, 321, 195.00, '2025-12-31 21:53:53', '2025-12-31 21:53:53'),
(185, 186, 12, 249.00, '2025-12-31 21:54:51', '2025-12-31 21:54:51'),
(186, 188, 435, 1000.00, '2026-01-01 19:26:33', '2026-01-01 19:26:33'),
(187, 189, 429, 558.00, '2026-01-01 19:30:07', '2026-01-01 19:30:07'),
(188, 190, 470, 370.00, '2026-01-04 08:54:19', '2026-01-04 08:54:19'),
(189, 191, 46, 460.00, '2026-01-04 09:30:51', '2026-01-04 09:30:51'),
(190, 192, 47, 460.00, '2026-01-04 09:30:55', '2026-01-04 09:30:55'),
(191, 193, 48, 452.00, '2026-01-04 09:31:00', '2026-01-04 09:31:00'),
(192, 194, 36, 960.00, '2026-01-04 09:31:29', '2026-01-04 09:31:29'),
(193, 202, 608, 310.00, '2026-01-06 19:27:35', '2026-01-06 19:27:35'),
(194, 203, 495, 200.00, '2026-01-06 19:27:44', '2026-01-06 19:27:44'),
(195, 204, 581, 830.00, '2026-01-06 19:29:15', '2026-01-06 19:29:15'),
(196, 205, 668, 150.00, '2026-01-06 19:37:19', '2026-01-06 19:37:19'),
(197, 206, 636, 3050.00, '2026-01-10 18:47:00', '2026-01-10 18:47:00'),
(198, 207, 349, 1000.00, '2026-01-19 13:10:15', '2026-01-19 13:10:15'),
(199, 208, 424, 520.00, '2026-01-19 13:10:26', '2026-01-19 13:10:26'),
(200, 209, 430, 558.00, '2026-01-27 14:18:41', '2026-01-27 14:18:41'),
(201, 210, 644, 230.00, '2026-01-30 02:54:35', '2026-01-30 02:54:35'),
(202, 211, 692, 890.00, '2026-01-30 02:55:50', '2026-01-30 02:55:50'),
(203, 219, 439, 1000.00, '2026-02-01 12:44:57', '2026-02-01 12:44:57'),
(204, 220, 471, 370.00, '2026-02-02 09:31:12', '2026-02-02 09:31:12'),
(205, 221, 350, 1000.00, '2026-02-02 09:47:21', '2026-02-02 09:47:21'),
(206, 222, 575, 310.00, '2026-02-07 10:58:54', '2026-02-07 10:58:54'),
(207, 223, 582, 830.00, '2026-02-07 10:59:40', '2026-02-07 10:59:40'),
(208, 224, 425, 520.00, '2026-02-07 11:00:00', '2026-02-07 11:00:00'),
(209, 225, 669, 150.00, '2026-02-12 08:31:14', '2026-02-12 08:31:14'),
(210, 226, 656, 370.00, '2026-02-12 08:36:10', '2026-02-12 08:36:10'),
(211, 227, 609, 310.00, '2026-02-12 08:38:39', '2026-02-12 08:38:39');

-- --------------------------------------------------------

--
-- بنية الجدول `installment_plans`
--

CREATE TABLE `installment_plans` (
  `id` bigint(20) UNSIGNED NOT NULL,
  `invoice_id` bigint(20) UNSIGNED NOT NULL,
  `user_id` bigint(20) UNSIGNED NOT NULL,
  `company_id` bigint(20) UNSIGNED NOT NULL,
  `created_by` bigint(20) UNSIGNED NOT NULL,
  `net_amount` decimal(15,2) NOT NULL,
  `down_payment` decimal(15,2) NOT NULL DEFAULT 0.00,
  `remaining_amount` decimal(15,2) NOT NULL,
  `interest_rate` decimal(5,2) NOT NULL DEFAULT 0.00,
  `interest_amount` decimal(15,2) NOT NULL DEFAULT 0.00,
  `total_amount` decimal(15,2) NOT NULL DEFAULT 0.00,
  `number_of_installments` int(11) NOT NULL,
  `frequency` varchar(255) NOT NULL DEFAULT 'monthly',
  `installment_amount` decimal(15,2) NOT NULL,
  `start_date` date NOT NULL,
  `end_date` date NOT NULL,
  `status` varchar(255) NOT NULL,
  `notes` text DEFAULT NULL,
  `created_at` timestamp NULL DEFAULT NULL,
  `updated_at` timestamp NULL DEFAULT NULL,
  `deleted_at` timestamp NULL DEFAULT NULL
) ENGINE=InnoDB DEFAULT CHARSET=utf8mb4 COLLATE=utf8mb4_unicode_ci;

--
-- إرجاع أو استيراد بيانات الجدول `installment_plans`
--

INSERT INTO `installment_plans` (`id`, `invoice_id`, `user_id`, `company_id`, `created_by`, `net_amount`, `down_payment`, `remaining_amount`, `interest_rate`, `interest_amount`, `total_amount`, `number_of_installments`, `frequency`, `installment_amount`, `start_date`, `end_date`, `status`, `notes`, `created_at`, `updated_at`, `deleted_at`) VALUES
(1, 1, 7, 2, 5, 3819.00, 270.00, 0.00, 0.00, 0.00, 3819.00, 12, 'monthly', 300.00, '2024-10-05', '2025-10-05', 'paid', NULL, '2025-07-10 18:04:10', '2026-02-10 13:43:43', NULL),
(3, 3, 10, 2, 5, 15760.00, 3800.00, 0.00, 0.00, 0.00, 15760.00, 12, 'monthly', 1000.00, '2024-10-01', '2025-10-01', 'paid', NULL, '2025-07-11 10:49:13', '2026-02-10 13:43:43', NULL),
(4, 4, 11, 2, 5, 6872.00, 1360.00, 0.00, 0.00, 0.00, 6872.00, 12, 'monthly', 460.00, '2024-12-01', '2025-12-01', 'paid', NULL, '2025-07-11 11:50:15', '2026-02-10 13:43:43', NULL),
(5, 5, 12, 2, 5, 11250.00, 1500.00, 0.00, 0.00, 0.00, 11250.00, 12, 'monthly', 820.00, '2025-01-01', '2026-01-01', 'canceled', NULL, '2025-07-11 14:14:35', '2025-08-26 09:37:41', NULL),
(6, 6, 12, 2, 5, 5680.00, 1000.00, 0.00, 0.00, 0.00, 5680.00, 12, 'monthly', 390.00, '2025-01-01', '2026-01-01', 'canceled', NULL, '2025-07-11 14:19:30', '2025-08-26 09:37:27', NULL),
(7, 7, 12, 2, 5, 3540.00, 1200.00, 0.00, 0.00, 0.00, 3540.00, 12, 'monthly', 200.00, '2025-01-01', '2026-01-01', 'canceled', NULL, '2025-07-11 14:21:52', '2025-08-26 09:09:57', NULL),
(8, 8, 13, 2, 5, 6355.00, 50.00, 0.00, 0.00, 0.00, 6355.00, 12, 'monthly', 530.00, '2025-07-11', '2026-07-11', 'canceled', NULL, '2025-07-11 19:07:36', '2025-07-17 08:26:31', NULL),
(9, 21, 65, 3, 6, 1240.00, 200.00, 0.00, 0.00, 0.00, 1240.00, 12, 'monthly', 90.00, '2025-07-17', '2026-07-17', 'pending', NULL, '2025-07-17 02:33:15', '2026-02-10 13:43:43', NULL),
(10, 22, 65, 3, 6, 1180.00, 400.00, 0.00, 0.00, 0.00, 1180.00, 12, 'monthly', 70.00, '2025-07-17', '2026-07-17', 'pending', NULL, '2025-07-17 02:34:17', '2026-02-10 13:43:43', NULL),
(11, 23, 65, 3, 6, 1240.00, 200.00, 0.00, 0.00, 0.00, 1240.00, 12, 'monthly', 90.00, '2025-07-17', '2026-07-17', 'canceled', NULL, '2025-07-17 02:39:25', '2025-07-19 13:13:07', NULL),
(12, 24, 66, 3, 6, 1270.00, 100.00, 0.00, 0.00, 0.00, 1270.00, 12, 'monthly', 100.00, '2025-07-17', '2026-07-17', 'pending', NULL, '2025-07-17 03:31:08', '2026-02-10 13:43:43', NULL),
(13, 25, 66, 3, 6, 1270.00, 100.00, 0.00, 0.00, 0.00, 1270.00, 12, 'monthly', 100.00, '2025-07-17', '2026-07-17', 'canceled', NULL, '2025-07-17 03:35:59', '2025-07-19 13:12:57', NULL),
(14, 26, 65, 3, 6, 1240.00, 200.00, 0.00, 0.00, 0.00, 1240.00, 12, 'monthly', 90.00, '2025-07-17', '2026-07-17', 'pending', NULL, '2025-07-17 03:42:05', '2026-02-10 13:43:43', NULL),
(15, 27, 65, 3, 6, 1240.00, 200.00, 0.00, 0.00, 0.00, 1240.00, 12, 'monthly', 90.00, '2025-07-17', '2026-07-17', 'canceled', NULL, '2025-07-17 03:44:06', '2025-07-19 13:13:00', NULL),
(16, 28, 65, 3, 6, 1240.00, 200.00, 0.00, 0.00, 0.00, 1240.00, 12, 'monthly', 90.00, '2025-07-17', '2026-07-17', 'canceled', NULL, '2025-07-17 04:39:11', '2025-07-17 04:44:46', NULL),
(17, 29, 65, 3, 6, 1240.00, 200.00, 0.00, 0.00, 0.00, 1240.00, 12, 'monthly', 90.00, '2025-07-17', '2026-07-17', 'canceled', NULL, '2025-07-17 04:44:46', '2025-07-19 13:13:03', NULL),
(18, 30, 13, 2, 5, 6355.00, 50.00, 0.00, 0.00, 0.00, 6355.00, 12, 'monthly', 530.00, '2025-01-20', '2026-01-20', 'canceled', NULL, '2025-07-17 08:26:31', '2025-07-18 20:02:50', NULL),
(19, 31, 13, 2, 5, 6355.00, 50.00, 0.00, 0.00, 0.00, 6355.00, 12, 'monthly', 530.00, '2025-01-20', '2026-01-20', 'canceled', NULL, '2025-07-18 20:02:50', '2025-08-26 09:09:39', NULL),
(20, 33, 67, 2, 5, 3900.00, 0.00, 0.00, 0.00, 0.00, 3900.00, 11, 'monthly', 380.00, '2025-03-01', '2026-02-01', 'canceled', NULL, '2025-07-22 08:52:06', '2025-07-22 08:53:29', NULL),
(21, 34, 67, 2, 5, 3825.00, 0.00, 0.00, 0.00, 0.00, 3825.00, 11, 'monthly', 350.00, '2025-02-01', '2026-01-01', 'canceled', NULL, '2025-07-22 08:53:29', '2025-07-22 09:06:55', NULL),
(22, 35, 67, 2, 5, 3900.00, 0.00, 0.00, 0.00, 0.00, 3900.00, 12, 'monthly', 330.00, '2025-02-01', '2026-02-01', 'canceled', NULL, '2025-07-22 09:06:56', '2025-08-11 07:08:55', NULL),
(23, 36, 65, 3, 6, 5185.00, 50.00, 4705.00, 0.00, 0.00, 5185.00, 12, 'monthly', 430.00, '2025-07-22', '2026-07-22', 'partially_paid', NULL, '2025-07-22 10:29:35', '2025-07-23 08:26:36', NULL),
(24, 37, 65, 3, 6, 10962.50, 100.00, 7942.50, 0.00, 0.00, 10962.50, 15, 'monthly', 730.00, '2025-07-23', '2026-10-23', 'partially_paid', NULL, '2025-07-23 07:09:30', '2025-07-23 08:26:00', NULL),
(25, 39, 7, 2, 5, 2840.00, 500.00, 0.00, 0.00, 0.00, 2840.00, 12, 'monthly', 195.00, '2025-07-24', '2026-07-24', 'canceled', NULL, '2025-07-24 19:38:39', '2025-07-30 06:30:48', NULL),
(26, 53, 65, 3, 6, 5200.00, 0.00, 5200.00, 0.00, 0.00, 5200.00, 12, 'monthly', 440.00, '2025-07-29', '2026-07-29', 'pending', NULL, '2025-07-29 15:57:34', '2025-07-29 15:57:34', NULL),
(27, 54, 7, 2, 5, 2840.00, 500.00, 975.00, 0.00, 0.00, 2840.00, 12, 'monthly', 195.00, '2025-04-29', '2026-04-29', 'partially_paid', NULL, '2025-07-30 06:30:48', '2025-12-31 21:53:53', NULL),
(28, 55, 69, 2, 5, 4350.00, 500.00, 940.00, 0.00, 0.00, 4350.00, 4, 'monthly', 970.00, '2025-07-29', '2025-11-29', 'partially_paid', NULL, '2025-07-30 06:39:39', '2025-11-29 07:39:54', NULL),
(29, 56, 6, 2, 5, 14266.00, 2280.00, 0.00, 0.00, 0.00, 14266.00, 12, 'monthly', 1000.00, '2025-07-30', '2026-07-30', 'canceled', NULL, '2025-07-30 06:47:22', '2025-07-30 06:48:39', NULL),
(30, 57, 6, 2, 5, 14266.00, 2280.00, 3986.00, 0.00, 0.00, 14266.00, 12, 'monthly', 1000.00, '2025-04-25', '2026-04-25', 'partially_paid', NULL, '2025-07-30 06:48:39', '2026-02-02 09:47:21', NULL),
(31, 58, 67, 2, 5, 3600.00, 0.00, 240.00, 0.00, 0.00, 3600.00, 8, 'monthly', 480.00, '2025-02-01', '2025-10-01', 'partially_paid', NULL, '2025-08-11 07:08:55', '2025-10-03 08:10:10', NULL),
(32, 59, 70, 2, 5, 9050.00, 4500.00, 0.00, 0.00, 0.00, 9050.00, 12, 'monthly', 380.00, '2025-08-17', '2026-08-17', 'canceled', NULL, '2025-08-16 21:51:35', '2025-08-16 21:55:34', NULL),
(33, 60, 70, 2, 5, 13470.00, 4500.00, 0.00, 0.00, 0.00, 13470.00, 12, 'monthly', 750.00, '2025-08-17', '2026-08-17', 'canceled', NULL, '2025-08-16 21:55:34', '2025-09-16 06:29:04', NULL),
(34, 61, 12, 2, 5, 20500.00, 3600.00, 1390.00, 0.00, 0.00, 20500.00, 12, 'monthly', 1410.00, '2024-12-02', '2025-12-02', 'partially_paid', NULL, '2025-08-26 09:46:40', '2025-11-29 20:23:26', NULL),
(35, 63, 70, 2, 5, 19255.00, 4500.00, 0.00, 0.00, 0.00, 19255.00, 12, 'monthly', 1230.00, '2025-08-17', '2026-08-17', 'canceled', NULL, '2025-09-16 06:29:04', '2025-09-22 05:58:58', NULL),
(36, 64, 70, 2, 5, 19255.00, 4500.00, 0.00, 0.00, 0.00, 19255.00, 12, 'monthly', 1260.00, '2025-08-17', '2026-08-17', 'canceled', NULL, '2025-09-22 05:58:58', '2025-10-20 17:37:21', NULL),
(37, 68, 10, 2, 5, 3087.50, 500.00, 1027.50, 0.00, 0.00, 3087.50, 5, 'monthly', 520.00, '2025-10-03', '2026-03-03', 'partially_paid', NULL, '2025-10-03 08:23:06', '2026-02-07 11:00:00', NULL),
(38, 69, 74, 2, 5, 3894.58, 0.00, 2220.58, 0.00, 0.00, 3894.58, 7, 'monthly', 558.00, '2025-10-12', '2026-05-12', 'partially_paid', NULL, '2025-10-12 19:17:56', '2026-01-27 14:18:41', NULL),
(39, 70, 70, 2, 5, 20163.00, 4500.00, 13663.00, 0.00, 0.00, 20163.00, 12, 'monthly', 1310.00, '2025-08-17', '2026-08-17', 'partially_paid', NULL, '2025-10-20 17:37:21', '2026-02-01 12:44:57', NULL),
(40, 71, 13, 2, 5, 10350.00, 0.00, 0.00, 0.00, 0.00, 10350.00, 12, 'monthly', 870.00, '2025-12-04', '2026-12-04', 'canceled', NULL, '2025-12-04 13:19:29', '2025-12-04 13:20:10', NULL),
(41, 72, 87, 2, 5, 4716.00, 300.00, 0.00, 0.00, 0.00, 4716.00, 12, 'monthly', 370.00, '2025-12-04', '2026-12-04', 'canceled', NULL, '2025-12-04 19:05:06', '2025-12-04 19:06:18', NULL),
(42, 73, 87, 2, 5, 4716.00, 300.00, 4046.00, 0.00, 0.00, 4716.00, 12, 'monthly', 370.00, '2025-12-04', '2026-12-04', 'partially_paid', NULL, '2025-12-04 19:06:18', '2026-02-02 09:31:12', NULL),
(43, 74, 86, 2, 5, 2667.50, 500.00, 0.00, 0.00, 0.00, 2667.50, 11, 'monthly', 200.00, '2025-12-04', '2026-11-04', 'canceled', NULL, '2025-12-04 19:21:08', '2025-12-04 19:22:28', NULL),
(44, 75, 86, 2, 5, 2667.50, 500.00, 1767.50, 0.00, 0.00, 2667.50, 11, 'monthly', 200.00, '2025-10-05', '2026-09-05', 'partially_paid', NULL, '2025-12-04 19:22:28', '2026-01-06 19:27:44', NULL),
(45, 76, 86, 2, 5, 4716.00, 300.00, 0.00, 0.00, 0.00, 4716.00, 12, 'monthly', 370.00, '2026-01-02', '2027-01-02', 'canceled', NULL, '2025-12-04 19:25:33', '2025-12-07 14:38:12', NULL),
(46, 77, 86, 2, 5, 1794.00, 0.00, 0.00, 0.00, 0.00, 1794.00, 12, 'monthly', 150.00, '2026-01-05', '2027-01-05', 'canceled', NULL, '2025-12-04 19:31:01', '2026-01-06 19:36:47', NULL),
(47, 78, 86, 2, 5, 5078.67, 300.00, 0.00, 0.00, 0.00, 5078.67, 16, 'monthly', 300.00, '2026-01-02', '2027-05-02', 'canceled', NULL, '2025-12-07 14:38:12', '2025-12-07 21:50:11', NULL),
(48, 79, 35, 2, 5, 2144.50, 300.00, 0.00, 0.00, 0.00, 2144.50, 6, 'monthly', 310.00, '2026-01-05', '2026-07-05', 'canceled', NULL, '2025-12-07 21:29:42', '2025-12-07 21:40:16', NULL),
(49, 80, 13, 2, 5, 9900.00, 0.00, 0.00, 0.00, 0.00, 9900.00, 12, 'monthly', 830.00, '2025-12-07', '2026-12-07', 'canceled', NULL, '2025-12-07 21:36:03', '2025-12-07 21:37:14', NULL),
(50, 81, 13, 2, 5, 9900.00, 0.00, 0.00, 0.00, 0.00, 9900.00, 12, 'monthly', 830.00, '2025-12-05', '2026-12-05', 'canceled', NULL, '2025-12-07 21:37:14', '2025-12-07 21:41:29', NULL),
(51, 82, 35, 2, 5, 2144.50, 300.00, 1534.50, 0.00, 0.00, 2144.50, 6, 'monthly', 310.00, '2025-12-05', '2026-06-05', 'partially_paid', NULL, '2025-12-07 21:40:16', '2026-02-07 10:58:54', NULL),
(52, 83, 13, 2, 5, 9900.00, 0.00, 8240.00, 0.00, 0.00, 9900.00, 12, 'monthly', 830.00, '2025-11-05', '2026-11-05', 'partially_paid', NULL, '2025-12-07 21:41:29', '2026-02-07 10:59:40', NULL),
(53, 84, 86, 2, 5, 5121.33, 300.00, 0.00, 0.00, 0.00, 5121.33, 16, 'monthly', 310.00, '2025-11-05', '2027-03-05', 'canceled', NULL, '2025-12-07 21:50:11', '2025-12-07 21:51:57', NULL),
(54, 85, 86, 2, 5, 5121.33, 300.00, 4511.33, 0.00, 0.00, 5121.33, 16, 'monthly', 310.00, '2025-12-05', '2027-04-05', 'partially_paid', NULL, '2025-12-07 21:51:57', '2026-02-12 08:38:39', NULL),
(55, 86, 73, 2, 5, 40105.58, 10000.00, 0.00, 0.00, 0.00, 40105.58, 10, 'monthly', 3050.00, '2025-12-08', '2026-10-08', 'canceled', NULL, '2025-12-08 16:53:08', '2025-12-08 17:05:33', NULL),
(56, 87, 73, 2, 5, 40105.58, 10000.00, 24005.58, 0.00, 0.00, 40105.58, 10, 'monthly', 3050.00, '2025-10-02', '2026-08-02', 'partially_paid', NULL, '2025-12-08 17:05:33', '2026-01-10 18:47:00', NULL),
(57, 88, 7, 2, 5, 2760.00, 0.00, 2760.00, 0.00, 0.00, 2760.00, 12, 'monthly', 230.00, '2026-01-04', '2027-01-04', 'pending', NULL, '2026-01-04 17:06:51', '2026-01-30 02:54:35', NULL),
(58, 89, 13, 2, 5, 4416.00, 0.00, 4416.00, 0.00, 0.00, 4416.00, 12, 'monthly', 370.00, '2026-01-05', '2027-01-05', 'partially_paid', NULL, '2026-01-05 21:15:12', '2026-02-12 08:36:10', NULL),
(59, 90, 86, 2, 5, 1794.00, 0.00, 1644.00, 0.00, 0.00, 1794.00, 12, 'monthly', 150.00, '2025-12-05', '2026-12-05', 'partially_paid', NULL, '2026-01-06 19:36:47', '2026-02-12 08:31:14', NULL),
(60, 91, 68, 2, 5, 24320.00, 5000.00, 0.00, 0.00, 0.00, 24320.00, 12, 'monthly', 1610.00, '2026-01-11', '2027-01-11', 'canceled', NULL, '2026-01-11 12:29:43', '2026-01-13 20:00:24', NULL),
(61, 97, 68, 2, 5, 9101.67, 4700.00, 4401.67, 0.00, 0.00, 9101.67, 5, 'monthly', 890.00, '2026-01-11', '2026-06-11', 'pending', NULL, '2026-01-13 20:00:24', '2026-01-13 20:00:24', NULL),
(62, 98, 35, 2, 5, 4416.00, 0.00, 4416.00, 0.00, 0.00, 4416.00, 12, 'monthly', 370.00, '2026-01-29', '2027-01-29', 'pending', NULL, '2026-01-29 17:50:24', '2026-01-29 17:50:24', NULL);

-- --------------------------------------------------------

--
-- بنية الجدول `invoices`
--

CREATE TABLE `invoices` (
  `id` bigint(20) UNSIGNED NOT NULL,
  `invoice_number` varchar(255) DEFAULT NULL,
  `reference_number` varchar(255) DEFAULT NULL,
  `due_date` date DEFAULT NULL,
  `issue_date` date DEFAULT NULL,
  `gross_amount` decimal(15,2) NOT NULL,
  `total_discount` decimal(15,2) NOT NULL,
  `total_tax` decimal(15,2) NOT NULL DEFAULT 0.00,
  `tax_rate` decimal(5,2) DEFAULT NULL,
  `tax_inclusive` tinyint(1) NOT NULL DEFAULT 0,
  `net_amount` decimal(15,2) NOT NULL,
  `previous_balance` decimal(15,2) NOT NULL DEFAULT 0.00,
  `paid_amount` decimal(15,2) NOT NULL,
  `initial_paid_amount` decimal(15,2) NOT NULL DEFAULT 0.00 COMMENT 'المبلغ المدفوع لحظة إنشاء الفاتورة',
  `remaining_amount` decimal(15,2) NOT NULL,
  `user_balance_after` decimal(15,2) DEFAULT NULL COMMENT 'رصيد العميل فور صدور الفاتورة',
  `initial_remaining_amount` decimal(15,2) NOT NULL DEFAULT 0.00 COMMENT 'المبلغ المتبقي لحظة إنشاء الفاتورة',
  `status` enum('draft','confirmed','paid','partially_paid','overdue','canceled','refunded') DEFAULT 'draft',
  `is_aggregated` tinyint(1) NOT NULL DEFAULT 0,
  `payment_status` enum('unpaid','partially_paid','paid','overpaid') NOT NULL DEFAULT 'unpaid',
  `notes` text DEFAULT NULL,
  `company_id` bigint(20) UNSIGNED NOT NULL,
  `warehouse_id` bigint(20) UNSIGNED DEFAULT NULL,
  `created_by` bigint(20) UNSIGNED NOT NULL,
  `user_id` bigint(20) UNSIGNED NOT NULL,
  `invoice_type_id` bigint(20) UNSIGNED NOT NULL,
  `cash_box_id` bigint(20) UNSIGNED DEFAULT NULL,
  `invoice_type_code` varchar(255) DEFAULT NULL,
  `round_step` int(11) DEFAULT NULL,
  `created_at` timestamp NULL DEFAULT NULL,
  `updated_at` timestamp NULL DEFAULT NULL,
  `updated_by` bigint(20) UNSIGNED DEFAULT NULL,
  `deleted_at` timestamp NULL DEFAULT NULL
) ENGINE=InnoDB DEFAULT CHARSET=utf8mb4 COLLATE=utf8mb4_unicode_ci;

--
-- إرجاع أو استيراد بيانات الجدول `invoices`
--

INSERT INTO `invoices` (`id`, `invoice_number`, `reference_number`, `due_date`, `issue_date`, `gross_amount`, `total_discount`, `total_tax`, `tax_rate`, `tax_inclusive`, `net_amount`, `previous_balance`, `paid_amount`, `initial_paid_amount`, `remaining_amount`, `user_balance_after`, `initial_remaining_amount`, `status`, `is_aggregated`, `payment_status`, `notes`, `company_id`, `warehouse_id`, `created_by`, `user_id`, `invoice_type_id`, `cash_box_id`, `invoice_type_code`, `round_step`, `created_at`, `updated_at`, `updated_by`, `deleted_at`) VALUES
(1, 'INS_SAL-250710-2-000001', NULL, NULL, NULL, 3000.00, 0.00, 0.00, NULL, 0, 3000.00, 0.00, 3819.00, 0.00, 0.00, -3310.00, 0.00, 'paid', 0, 'overpaid', NULL, 2, NULL, 5, 7, 1, NULL, 'installment_sale', NULL, '2025-07-10 18:04:10', '2026-02-11 23:16:37', NULL, NULL),
(3, 'INS_SAL-250711-2-000002', NULL, NULL, NULL, 13000.00, 0.00, 0.00, NULL, 0, 13000.00, 0.00, 15760.00, 0.00, 0.00, -507.50, 0.00, 'paid', 0, 'overpaid', NULL, 2, NULL, 5, 10, 1, NULL, 'installment_sale', NULL, '2025-07-11 10:49:13', '2026-02-11 23:16:37', NULL, NULL),
(4, 'INS_SAL-250711-2-000003', NULL, NULL, NULL, 5600.00, 0.00, 0.00, NULL, 0, 5600.00, 0.00, 6872.00, 0.00, 0.00, 0.00, 0.00, 'paid', 0, 'overpaid', NULL, 2, NULL, 5, 11, 1, NULL, 'installment_sale', NULL, '2025-07-11 11:50:15', '2026-02-11 23:16:37', NULL, NULL),
(5, 'INS_SAL-250711-2-000004', NULL, NULL, NULL, 9000.00, 0.00, 0.00, NULL, 0, 9000.00, 0.00, 1500.00, 0.00, 9750.00, 0.00, 0.00, 'partially_paid', 0, 'partially_paid', NULL, 2, NULL, 5, 12, 1, NULL, 'installment_sale', NULL, '2025-07-11 14:14:35', '2026-02-11 23:16:37', NULL, NULL),
(6, 'INS_SAL-250711-2-000005', NULL, NULL, NULL, 4600.00, 0.00, 0.00, NULL, 0, 4600.00, 0.00, 1000.00, 0.00, 4680.00, 0.00, 0.00, 'partially_paid', 0, 'partially_paid', NULL, 2, NULL, 5, 12, 1, NULL, 'installment_sale', NULL, '2025-07-11 14:19:30', '2026-02-11 23:16:38', NULL, NULL),
(7, 'INS_SAL-250711-2-000006', NULL, NULL, NULL, 3000.00, 0.00, 0.00, NULL, 0, 3000.00, 0.00, 1200.00, 0.00, 2340.00, 0.00, 0.00, 'partially_paid', 0, 'partially_paid', NULL, 2, NULL, 5, 12, 1, NULL, 'installment_sale', NULL, '2025-07-11 14:21:51', '2026-02-11 23:16:38', NULL, NULL),
(8, 'INS_SAL-250711-2-000007', NULL, NULL, NULL, 4900.00, 0.00, 0.00, NULL, 0, 4900.00, 0.00, 50.00, 0.00, 6305.00, -11826.00, 0.00, 'partially_paid', 0, 'partially_paid', NULL, 2, NULL, 5, 13, 1, NULL, 'installment_sale', NULL, '2025-07-11 19:07:36', '2026-02-11 23:16:38', NULL, NULL),
(9, 'SALE-250712-10-000001', NULL, NULL, NULL, 35.00, 0.00, 0.00, NULL, 0, 35.00, 0.00, 0.00, 0.00, 35.00, NULL, 0.00, 'confirmed', 0, 'unpaid', NULL, 10, NULL, 5, 64, 2, NULL, 'sale', NULL, '2025-07-12 11:15:22', '2026-02-10 13:43:43', NULL, NULL),
(13, 'SALE-250716-3-000001', NULL, NULL, NULL, 1000.00, 0.00, 0.00, NULL, 0, 1000.00, 0.00, 0.00, 0.00, 1000.00, -16687.50, 0.00, 'confirmed', 0, 'unpaid', NULL, 3, NULL, 6, 65, 2, NULL, 'sale', NULL, '2025-07-16 20:19:00', '2026-02-11 23:16:38', NULL, NULL),
(14, 'SALE-250716-3-000002', NULL, NULL, NULL, 2000.00, 0.00, 0.00, NULL, 0, 2000.00, 0.00, 0.00, 0.00, 2000.00, -16687.50, 0.00, 'confirmed', 0, 'unpaid', NULL, 3, NULL, 6, 65, 2, NULL, 'sale', NULL, '2025-07-16 22:19:58', '2026-02-11 23:16:38', NULL, NULL),
(15, 'SALE-250717-3-000003', NULL, NULL, NULL, 1000.00, 0.00, 0.00, NULL, 0, 1000.00, 0.00, 0.00, 0.00, 1000.00, -16687.50, 0.00, 'confirmed', 0, 'unpaid', NULL, 3, NULL, 6, 65, 2, NULL, 'sale', NULL, '2025-07-17 00:27:03', '2026-02-11 23:16:38', NULL, NULL),
(16, 'PURC-250717-3-000001', NULL, NULL, NULL, 1000.00, 0.00, 0.00, NULL, 0, 1000.00, 0.00, 0.00, 0.00, 1000.00, 0.00, 0.00, 'confirmed', 0, 'unpaid', NULL, 3, NULL, 6, 66, 3, NULL, 'purchase', NULL, '2025-07-17 00:35:41', '2026-02-11 23:16:38', NULL, NULL),
(17, 'PURC-250717-3-000002', NULL, NULL, NULL, 1000.00, 0.00, 0.00, NULL, 0, 1000.00, 0.00, 0.00, 0.00, 1000.00, 0.00, 0.00, 'confirmed', 0, 'unpaid', NULL, 3, NULL, 6, 66, 3, NULL, 'purchase', NULL, '2025-07-17 00:46:06', '2026-02-11 23:16:38', NULL, NULL),
(18, 'SALE-250717-3-000004', NULL, NULL, NULL, 1000.00, 0.00, 0.00, NULL, 0, 1000.00, 0.00, 0.00, 0.00, 1000.00, -16687.50, 0.00, 'confirmed', 0, 'unpaid', NULL, 3, NULL, 6, 65, 2, NULL, 'sale', NULL, '2025-07-17 00:48:54', '2026-02-11 23:16:38', NULL, NULL),
(19, 'PURC-250717-3-000003', NULL, NULL, NULL, 1000.00, 0.00, 0.00, NULL, 0, 1000.00, 0.00, 0.00, 0.00, 1000.00, 0.00, 0.00, 'confirmed', 0, 'unpaid', NULL, 3, NULL, 6, 66, 3, NULL, 'purchase', NULL, '2025-07-17 01:01:17', '2026-02-11 23:16:38', NULL, NULL),
(20, 'SALE-250717-3-000005', NULL, NULL, NULL, 1000.00, 0.00, 0.00, NULL, 0, 1000.00, 0.00, 0.00, 0.00, 1000.00, -16687.50, 0.00, 'confirmed', 0, 'unpaid', NULL, 3, NULL, 6, 65, 2, NULL, 'sale', NULL, '2025-07-17 01:03:07', '2026-02-11 23:16:38', NULL, NULL),
(21, 'INS_SAL-250717-3-000001', NULL, NULL, NULL, 1000.00, 0.00, 0.00, NULL, 0, 1000.00, 0.00, 200.00, 0.00, 1040.00, -16687.50, 0.00, 'partially_paid', 0, 'partially_paid', NULL, 3, NULL, 6, 65, 1, NULL, 'installment_sale', 10, '2025-07-17 02:33:15', '2026-02-11 23:16:38', NULL, NULL),
(22, 'INS_SAL-250717-3-000002', NULL, NULL, NULL, 1000.00, 0.00, 0.00, NULL, 0, 1000.00, 0.00, 400.00, 0.00, 780.00, -16687.50, 0.00, 'partially_paid', 0, 'partially_paid', NULL, 3, NULL, 6, 65, 1, NULL, 'installment_sale', 10, '2025-07-17 02:34:17', '2026-02-11 23:16:38', NULL, NULL),
(23, 'INS_SAL-250717-3-000003', NULL, NULL, NULL, 1000.00, 0.00, 0.00, NULL, 0, 1000.00, 0.00, 200.00, 0.00, 1040.00, -16687.50, 0.00, 'partially_paid', 0, 'partially_paid', NULL, 3, NULL, 6, 65, 1, NULL, 'installment_sale', 10, '2025-07-17 02:39:25', '2026-02-11 23:16:38', NULL, NULL),
(24, 'INS_SAL-250717-3-000004', NULL, NULL, NULL, 1000.00, 0.00, 0.00, NULL, 0, 1000.00, 0.00, 100.00, 0.00, 1170.00, 0.00, 0.00, 'partially_paid', 0, 'partially_paid', NULL, 3, NULL, 6, 66, 1, NULL, 'installment_sale', 10, '2025-07-17 03:31:08', '2026-02-11 23:16:38', NULL, NULL),
(25, 'INS_SAL-250717-3-000005', NULL, NULL, NULL, 1000.00, 0.00, 0.00, NULL, 0, 1000.00, 0.00, 100.00, 0.00, 1170.00, 0.00, 0.00, 'partially_paid', 0, 'partially_paid', NULL, 3, NULL, 6, 66, 1, NULL, 'installment_sale', 10, '2025-07-17 03:35:59', '2026-02-11 23:16:38', NULL, NULL),
(26, 'INS_SAL-250717-3-000006', NULL, NULL, NULL, 1000.00, 0.00, 0.00, NULL, 0, 1000.00, 0.00, 200.00, 0.00, 1040.00, -16687.50, 0.00, 'partially_paid', 0, 'partially_paid', NULL, 3, NULL, 6, 65, 1, NULL, 'installment_sale', 10, '2025-07-17 03:42:05', '2026-02-11 23:16:38', NULL, NULL),
(27, 'INS_SAL-250717-3-000007', NULL, NULL, NULL, 1000.00, 0.00, 0.00, NULL, 0, 1000.00, 0.00, 200.00, 0.00, 1040.00, -16687.50, 0.00, 'partially_paid', 0, 'partially_paid', NULL, 3, NULL, 6, 65, 1, NULL, 'installment_sale', 10, '2025-07-17 03:44:06', '2026-02-11 23:16:38', NULL, NULL),
(28, 'INS_SAL-250717-3-000008', NULL, NULL, NULL, 1000.00, 0.00, 0.00, NULL, 0, 1000.00, 0.00, 200.00, 0.00, 1040.00, -16687.50, 0.00, 'partially_paid', 0, 'partially_paid', NULL, 3, NULL, 6, 65, 1, NULL, 'installment_sale', 10, '2025-07-17 04:39:11', '2026-02-11 23:16:38', NULL, NULL),
(29, 'INS_SAL-250717-3-000009', NULL, NULL, NULL, 1000.00, 0.00, 0.00, NULL, 0, 1000.00, 0.00, 200.00, 0.00, 1040.00, -16687.50, 0.00, 'partially_paid', 0, 'partially_paid', NULL, 3, NULL, 6, 65, 1, NULL, 'installment_sale', 10, '2025-07-17 04:44:46', '2026-02-11 23:16:38', NULL, NULL),
(30, 'INS_SAL-250717-2-000008', NULL, NULL, NULL, 4900.00, 0.00, 0.00, NULL, 0, 4900.00, 0.00, 50.00, 0.00, 6305.00, -11826.00, 0.00, 'partially_paid', 0, 'partially_paid', NULL, 2, NULL, 5, 13, 1, NULL, 'installment_sale', 10, '2025-07-17 08:26:31', '2026-02-11 23:16:38', NULL, NULL),
(31, 'INS_SAL-250718-2-000009', NULL, NULL, NULL, 4900.00, 0.00, 0.00, NULL, 0, 4900.00, 0.00, 50.00, 0.00, 6305.00, -11826.00, 0.00, 'partially_paid', 0, 'partially_paid', NULL, 2, NULL, 5, 13, 1, NULL, 'installment_sale', 10, '2025-07-18 20:02:50', '2026-02-11 23:16:38', NULL, NULL),
(32, 'SALE-250719-3-000006', NULL, NULL, NULL, 1300.00, 300.00, 0.00, NULL, 0, 1000.00, 0.00, 0.00, 0.00, 1000.00, NULL, 0.00, 'confirmed', 0, 'unpaid', NULL, 3, NULL, 6, 65, 2, NULL, 'sale', NULL, '2025-07-19 17:28:34', '2026-02-10 13:43:43', NULL, NULL),
(33, 'INS_SAL-250722-2-000010', NULL, NULL, NULL, 3000.00, 0.00, 0.00, NULL, 0, 3000.00, 0.00, 0.00, 0.00, 3900.00, 0.00, 0.00, 'confirmed', 0, 'unpaid', NULL, 2, NULL, 5, 67, 1, NULL, 'installment_sale', 190, '2025-07-22 08:52:06', '2026-02-11 23:16:38', NULL, NULL),
(34, 'INS_SAL-250722-2-000011', NULL, NULL, NULL, 3000.00, 0.00, 0.00, NULL, 0, 3000.00, 0.00, 0.00, 0.00, 3825.00, 0.00, 0.00, 'confirmed', 0, 'unpaid', NULL, 2, NULL, 5, 67, 1, NULL, 'installment_sale', 10, '2025-07-22 08:53:29', '2026-02-11 23:16:38', NULL, NULL),
(35, 'INS_SAL-250722-2-000012', NULL, NULL, NULL, 3000.00, 0.00, 0.00, NULL, 0, 3000.00, 0.00, 0.00, 0.00, 3900.00, 0.00, 0.00, 'confirmed', 0, 'unpaid', NULL, 2, NULL, 5, 67, 1, NULL, 'installment_sale', 10, '2025-07-22 09:06:56', '2026-02-11 23:16:38', NULL, NULL),
(36, 'INS_SAL-250722-3-000010', NULL, NULL, NULL, 4000.00, 0.00, 0.00, NULL, 0, 4000.00, 0.00, 910.00, 0.00, 4275.00, -16687.50, 0.00, 'partially_paid', 0, 'partially_paid', NULL, 3, NULL, 6, 65, 1, NULL, 'installment_sale', 10, '2025-07-22 10:29:35', '2026-02-11 23:16:38', NULL, NULL),
(37, 'INS_SAL-250723-3-000011', NULL, NULL, NULL, 8000.00, 0.00, 0.00, NULL, 0, 8000.00, 0.00, 3750.00, 0.00, 7212.50, -16687.50, 0.00, 'partially_paid', 0, 'partially_paid', NULL, 3, NULL, 6, 65, 1, NULL, 'installment_sale', 10, '2025-07-23 07:09:30', '2026-02-11 23:16:38', NULL, NULL),
(39, 'INS_SAL-250724-2-000013', NULL, NULL, NULL, 2300.00, 0.00, 0.00, NULL, 0, 2300.00, 0.00, 500.00, 0.00, 2340.00, -3310.00, 0.00, 'partially_paid', 0, 'partially_paid', NULL, 2, NULL, 5, 7, 1, NULL, 'installment_sale', 1, '2025-07-24 19:38:39', '2026-02-11 23:16:38', NULL, NULL),
(53, 'INS_SAL-250729-3-000012', NULL, NULL, NULL, 4000.00, 0.00, 0.00, NULL, 0, 4000.00, 0.00, 0.00, 0.00, 5200.00, NULL, 0.00, 'confirmed', 0, 'unpaid', NULL, 3, NULL, 6, 65, 1, NULL, 'installment_sale', 10, '2025-07-29 15:57:34', '2026-02-11 23:16:38', NULL, NULL),
(54, 'INS_SAL-250730-2-000014', NULL, NULL, NULL, 2300.00, 0.00, 0.00, NULL, 0, 2300.00, 0.00, 2060.00, 0.00, 780.00, -3310.00, 0.00, 'partially_paid', 0, 'partially_paid', NULL, 2, NULL, 5, 7, 1, NULL, 'installment_sale', 1, '2025-07-30 06:30:48', '2026-02-11 23:16:38', NULL, NULL),
(55, 'INS_SAL-250730-2-000015', NULL, NULL, NULL, 4000.00, 0.00, 0.00, NULL, 0, 4000.00, 0.00, 4350.00, 0.00, 0.00, 0.00, 0.00, 'paid', 0, 'overpaid', NULL, 2, NULL, 5, 69, 1, NULL, 'installment_sale', 10, '2025-07-30 06:39:39', '2026-02-11 23:16:38', NULL, NULL),
(56, 'INS_SAL-250730-2-000016', NULL, NULL, NULL, 11500.00, 0.00, 0.00, NULL, 0, 11500.00, 0.00, 2280.00, 0.00, 11986.00, 0.00, 0.00, 'partially_paid', 0, 'partially_paid', NULL, 2, NULL, 5, 6, 1, NULL, 'installment_sale', 10, '2025-07-30 06:47:22', '2026-02-11 23:16:38', NULL, NULL),
(57, 'INS_SAL-250730-2-000017', NULL, NULL, NULL, 11500.00, 0.00, 0.00, NULL, 0, 11500.00, 0.00, 11280.00, 0.00, 2986.00, 0.00, 0.00, 'partially_paid', 0, 'partially_paid', NULL, 2, NULL, 5, 6, 1, NULL, 'installment_sale', 10, '2025-07-30 06:48:39', '2026-02-11 23:16:38', NULL, NULL),
(58, 'INS_SAL-250811-2-000018', NULL, NULL, NULL, 3000.00, 0.00, 0.00, NULL, 0, 3000.00, 0.00, 3600.00, 0.00, 0.00, 0.00, 0.00, 'paid', 0, 'overpaid', NULL, 2, NULL, 5, 67, 1, NULL, 'installment_sale', 40, '2025-08-11 07:08:55', '2026-02-11 23:16:38', NULL, NULL),
(59, 'INS_SAL-250816-2-000019', NULL, NULL, NULL, 8000.00, 0.00, 0.00, NULL, 0, 8000.00, 0.00, 4500.00, 0.00, 4550.00, -12663.00, 0.00, 'partially_paid', 0, 'partially_paid', NULL, 2, NULL, 5, 70, 1, NULL, 'installment_sale', 10, '2025-08-16 21:51:35', '2026-02-11 23:16:38', NULL, NULL),
(60, 'INS_SAL-250816-2-000020', NULL, NULL, NULL, 11400.00, 0.00, 0.00, NULL, 0, 11400.00, 0.00, 4500.00, 0.00, 8970.00, -12663.00, 0.00, 'partially_paid', 0, 'partially_paid', NULL, 2, NULL, 5, 70, 1, NULL, 'installment_sale', 10, '2025-08-16 21:55:34', '2026-02-11 23:16:38', NULL, NULL),
(61, 'INS_SAL-250826-2-000021', NULL, NULL, NULL, 16600.00, 0.00, 0.00, NULL, 0, 16600.00, 0.00, 20500.00, 0.00, 0.00, 0.00, 0.00, 'paid', 0, 'overpaid', NULL, 2, NULL, 5, 12, 1, NULL, 'installment_sale', 10, '2025-08-26 09:46:40', '2026-02-11 23:16:38', NULL, NULL),
(62, 'SALE-250915-9-000001', NULL, NULL, NULL, 3975.00, 0.00, 0.00, NULL, 0, 3975.00, 0.00, 0.00, 0.00, 3975.00, 0.00, 0.00, 'confirmed', 0, 'unpaid', NULL, 9, NULL, 6, 50, 2, NULL, 'sale', NULL, '2025-09-15 11:55:02', '2026-02-11 23:16:38', NULL, NULL),
(63, 'INS_SAL-250916-2-000022', NULL, NULL, NULL, 15850.00, 0.00, 0.00, NULL, 0, 15850.00, 0.00, 4500.00, 0.00, 14755.00, -12663.00, 0.00, 'partially_paid', 0, 'partially_paid', NULL, 2, NULL, 5, 70, 1, NULL, 'installment_sale', 10, '2025-09-16 06:29:04', '2026-02-11 23:16:38', NULL, NULL),
(64, 'INS_SAL-250922-2-000023', NULL, NULL, NULL, 15850.00, 0.00, 0.00, NULL, 0, 15850.00, 0.00, 4500.00, 0.00, 14755.00, -12663.00, 0.00, 'partially_paid', 0, 'partially_paid', NULL, 2, NULL, 5, 70, 1, NULL, 'installment_sale', 45, '2025-09-22 05:58:58', '2026-02-11 23:16:38', NULL, NULL),
(65, 'PURC-250922-12-000001', NULL, NULL, NULL, 24860.00, 0.00, 0.00, NULL, 0, 24860.00, 0.00, 0.00, 0.00, 24860.00, NULL, 0.00, 'confirmed', 0, 'unpaid', NULL, 12, NULL, 5, 71, 3, NULL, 'purchase', NULL, '2025-09-22 09:04:23', '2025-09-22 09:04:23', NULL, NULL),
(66, 'PURC-250922-12-000002', NULL, NULL, NULL, 16110.00, 0.00, 0.00, NULL, 0, 16110.00, 0.00, 0.00, 0.00, 16110.00, NULL, 0.00, 'confirmed', 0, 'unpaid', NULL, 12, NULL, 5, 71, 3, NULL, 'purchase', NULL, '2025-09-22 19:44:10', '2025-09-22 19:44:10', NULL, NULL),
(67, 'PURC-250922-12-000003', NULL, NULL, NULL, 1000.00, 0.00, 0.00, NULL, 0, 1000.00, 0.00, 0.00, 0.00, 1000.00, NULL, 0.00, 'confirmed', 0, 'unpaid', NULL, 12, NULL, 5, 71, 3, NULL, 'purchase', NULL, '2025-09-22 19:50:43', '2025-09-22 19:50:43', NULL, NULL),
(68, 'INS_SAL-251003-2-000024', NULL, NULL, NULL, 2800.00, 0.00, 0.00, NULL, 0, 2800.00, 0.00, 2580.00, 0.00, 507.50, -507.50, 0.00, 'partially_paid', 0, 'partially_paid', NULL, 2, NULL, 5, 10, 1, NULL, 'installment_sale', 0, '2025-10-03 08:23:06', '2026-02-11 23:16:38', NULL, NULL),
(69, 'INS_SAL-251012-2-000025', NULL, NULL, NULL, 3250.00, 0.00, 0.00, NULL, 0, 3250.00, 0.00, 2232.00, 0.00, 1662.58, -1662.58, 0.00, 'partially_paid', 0, 'partially_paid', NULL, 2, NULL, 5, 74, 1, NULL, 'installment_sale', 2, '2025-10-12 19:17:56', '2026-02-11 23:16:38', NULL, NULL),
(70, 'INS_SAL-251020-2-000026', NULL, NULL, NULL, 15850.00, 0.00, 0.00, NULL, 0, 15850.00, 0.00, 7500.00, 0.00, 12663.00, -12663.00, 0.00, 'partially_paid', 0, 'partially_paid', NULL, 2, NULL, 5, 70, 1, NULL, 'installment_sale', 10, '2025-10-20 17:37:21', '2026-02-11 23:16:38', NULL, NULL),
(71, 'INS_SAL-251204-2-000027', NULL, NULL, NULL, 7500.00, 0.00, 0.00, NULL, 0, 7500.00, 0.00, 0.00, 0.00, 10350.00, -11826.00, 0.00, 'confirmed', 0, 'unpaid', NULL, 2, NULL, 5, 13, 1, NULL, 'installment_sale', 0, '2025-12-04 13:19:29', '2026-02-11 23:16:38', NULL, NULL),
(72, 'INS_SAL-251204-2-000028', NULL, NULL, NULL, 3500.00, 0.00, 0.00, NULL, 0, 3500.00, 0.00, 300.00, 0.00, 4416.00, -3676.00, 0.00, 'partially_paid', 0, 'partially_paid', NULL, 2, NULL, 5, 87, 1, NULL, 'installment_sale', 10, '2025-12-04 19:05:06', '2026-02-11 23:16:38', NULL, NULL),
(73, 'INS_SAL-251204-2-000029', NULL, NULL, NULL, 3500.00, 0.00, 0.00, NULL, 0, 3500.00, 0.00, 1040.00, 0.00, 3676.00, -3676.00, 0.00, 'partially_paid', 0, 'partially_paid', NULL, 2, NULL, 5, 87, 1, NULL, 'installment_sale', 10, '2025-12-04 19:06:18', '2026-02-11 23:16:38', NULL, NULL),
(74, 'INS_SAL-251204-2-000030', NULL, NULL, NULL, 2200.00, 0.00, 0.00, NULL, 0, 2200.00, 0.00, 500.00, 0.00, 2167.50, -7722.83, 0.00, 'partially_paid', 0, 'partially_paid', NULL, 2, NULL, 5, 86, 1, NULL, 'installment_sale', 0, '2025-12-04 19:21:08', '2026-02-11 23:16:38', NULL, NULL),
(75, 'INS_SAL-251204-2-000031', NULL, NULL, NULL, 2200.00, 0.00, 0.00, NULL, 0, 2200.00, 0.00, 1100.00, 0.00, 1567.50, -7722.83, 0.00, 'partially_paid', 0, 'partially_paid', NULL, 2, NULL, 5, 86, 1, NULL, 'installment_sale', 10, '2025-12-04 19:22:28', '2026-02-11 23:16:38', NULL, NULL),
(76, 'INS_SAL-251204-2-000032', NULL, NULL, NULL, 3500.00, 0.00, 0.00, NULL, 0, 3500.00, 0.00, 300.00, 0.00, 4416.00, -7722.83, 0.00, 'partially_paid', 0, 'partially_paid', NULL, 2, NULL, 5, 86, 1, NULL, 'installment_sale', 10, '2025-12-04 19:25:33', '2026-02-11 23:16:38', NULL, NULL),
(77, 'INS_SAL-251204-2-000033', NULL, NULL, NULL, 1300.00, 0.00, 0.00, NULL, 0, 1300.00, 0.00, 0.00, 0.00, 1794.00, -7722.83, 0.00, 'confirmed', 0, 'unpaid', NULL, 2, NULL, 5, 86, 1, NULL, 'installment_sale', 10, '2025-12-04 19:31:01', '2026-02-11 23:16:38', NULL, NULL),
(78, 'INS_SAL-251207-2-000034', NULL, NULL, NULL, 3500.00, 0.00, 0.00, NULL, 0, 3500.00, 0.00, 300.00, 0.00, 4778.67, -7722.83, 0.00, 'partially_paid', 0, 'partially_paid', NULL, 2, NULL, 5, 86, 1, NULL, 'installment_sale', 0, '2025-12-07 14:38:12', '2026-02-11 23:16:38', NULL, NULL),
(79, 'INS_SAL-251207-2-000035', NULL, NULL, NULL, 1850.00, 0.00, 0.00, NULL, 0, 1850.00, 0.00, 300.00, 0.00, 1844.50, -5640.50, 0.00, 'partially_paid', 0, 'partially_paid', NULL, 2, NULL, 5, 35, 1, NULL, 'installment_sale', 10, '2025-12-07 21:29:42', '2026-02-11 23:16:38', NULL, NULL),
(80, 'INS_SAL-251207-2-000036', NULL, NULL, NULL, 7500.00, 0.00, 0.00, NULL, 0, 7500.00, 0.00, 0.00, 0.00, 9900.00, -11826.00, 0.00, 'confirmed', 0, 'unpaid', NULL, 2, NULL, 5, 13, 1, NULL, 'installment_sale', 10, '2025-12-07 21:36:03', '2026-02-11 23:16:38', NULL, NULL),
(81, 'INS_SAL-251207-2-000037', NULL, NULL, NULL, 7500.00, 0.00, 0.00, NULL, 0, 7500.00, 0.00, 0.00, 0.00, 9900.00, -11826.00, 0.00, 'confirmed', 0, 'unpaid', NULL, 2, NULL, 5, 13, 1, NULL, 'installment_sale', 10, '2025-12-07 21:37:14', '2026-02-11 23:16:38', NULL, NULL),
(82, 'INS_SAL-251207-2-000038', NULL, NULL, NULL, 1850.00, 0.00, 0.00, NULL, 0, 1850.00, 0.00, 920.00, 0.00, 1224.50, -5640.50, 0.00, 'partially_paid', 0, 'partially_paid', NULL, 2, NULL, 5, 35, 1, NULL, 'installment_sale', 10, '2025-12-07 21:40:16', '2026-02-11 23:16:38', NULL, NULL),
(83, 'INS_SAL-251207-2-000039', NULL, NULL, NULL, 7500.00, 0.00, 0.00, NULL, 0, 7500.00, 0.00, 2490.00, 0.00, 7410.00, -11826.00, 0.00, 'partially_paid', 0, 'partially_paid', NULL, 2, NULL, 5, 13, 1, NULL, 'installment_sale', 10, '2025-12-07 21:41:29', '2026-02-11 23:16:38', NULL, NULL),
(84, 'INS_SAL-251207-2-000040', NULL, NULL, NULL, 3500.00, 0.00, 0.00, NULL, 0, 3500.00, 0.00, 300.00, 0.00, 4821.33, -7722.83, 0.00, 'partially_paid', 0, 'partially_paid', NULL, 2, NULL, 5, 86, 1, NULL, 'installment_sale', 10, '2025-12-07 21:50:11', '2026-02-11 23:16:38', NULL, NULL),
(85, 'INS_SAL-251207-2-000041', NULL, NULL, NULL, 3500.00, 0.00, 0.00, NULL, 0, 3500.00, 0.00, 920.00, 0.00, 2580.00, -7722.83, 0.00, 'partially_paid', 0, 'partially_paid', NULL, 2, NULL, 5, 86, 1, NULL, 'installment_sale', 10, '2025-12-07 21:51:57', '2026-02-12 08:38:40', 5, NULL),
(86, 'INS_SAL-251208-2-000042', NULL, NULL, NULL, 32865.00, 0.00, 0.00, NULL, 0, 32865.00, 0.00, 10000.00, 0.00, 30105.58, -20955.58, 0.00, 'partially_paid', 0, 'partially_paid', NULL, 2, NULL, 5, 73, 1, NULL, 'installment_sale', 50, '2025-12-08 16:53:08', '2026-02-11 23:16:38', NULL, NULL),
(87, 'INS_SAL-251208-2-000043', NULL, NULL, NULL, 32865.00, 0.00, 0.00, NULL, 0, 32865.00, 0.00, 19150.00, 0.00, 20955.58, -20955.58, 0.00, 'partially_paid', 0, 'partially_paid', NULL, 2, NULL, 5, 73, 1, NULL, 'installment_sale', 50, '2025-12-08 17:05:33', '2026-02-11 23:16:38', NULL, NULL),
(88, 'INS_SAL-260104-2-000044', NULL, NULL, NULL, 2000.00, 0.00, 0.00, NULL, 0, 2000.00, 0.00, 230.00, 0.00, 2530.00, -3310.00, 0.00, 'partially_paid', 0, 'partially_paid', NULL, 2, NULL, 5, 7, 1, NULL, 'installment_sale', 10, '2026-01-04 17:06:51', '2026-02-11 23:16:38', NULL, NULL),
(89, 'INS_SAL-260105-2-000045', NULL, NULL, NULL, 3200.00, 0.00, 0.00, NULL, 0, 3200.00, 0.00, 370.00, 0.00, 2830.00, NULL, 0.00, 'confirmed', 0, 'partially_paid', NULL, 2, NULL, 5, 13, 1, NULL, 'installment_sale', 10, '2026-01-05 21:15:12', '2026-02-12 08:36:10', 5, NULL),
(90, 'INS_SAL-260106-2-000046', NULL, NULL, NULL, 1300.00, 0.00, 0.00, NULL, 0, 1300.00, 0.00, 300.00, 0.00, 1000.00, -7722.83, 0.00, 'partially_paid', 0, 'partially_paid', NULL, 2, NULL, 5, 86, 1, NULL, 'installment_sale', 10, '2026-01-06 19:36:47', '2026-02-12 08:31:14', 5, NULL),
(91, 'INS_SAL-260111-2-000047', NULL, NULL, NULL, 19000.00, 0.00, 0.00, NULL, 0, 19000.00, 0.00, 5000.00, 0.00, 19320.00, -3511.67, 0.00, 'partially_paid', 0, 'partially_paid', NULL, 2, NULL, 5, 68, 1, NULL, 'installment_sale', 10, '2026-01-11 12:29:43', '2026-02-11 23:16:38', NULL, NULL),
(97, 'INS_SAL-260113-2-000048', NULL, NULL, NULL, 8500.00, 0.00, 0.00, NULL, 0, 8500.00, 0.00, 5590.00, 0.00, 3511.67, -3511.67, 0.00, 'partially_paid', 0, 'partially_paid', NULL, 2, NULL, 5, 68, 1, NULL, 'installment_sale', 10, '2026-01-13 20:00:24', '2026-02-11 23:16:38', NULL, NULL),
(98, 'INS_SAL-260129-2-000049', NULL, NULL, NULL, 3200.00, 0.00, 0.00, NULL, 0, 3200.00, 0.00, 0.00, 0.00, 4416.00, NULL, 0.00, 'confirmed', 0, 'unpaid', NULL, 2, NULL, 5, 35, 1, NULL, 'installment_sale', 10, '2026-01-29 17:50:24', '2026-02-11 23:16:38', NULL, NULL);

-- --------------------------------------------------------

--
-- بنية الجدول `invoice_items`
--

CREATE TABLE `invoice_items` (
  `id` bigint(20) UNSIGNED NOT NULL,
  `invoice_id` bigint(20) UNSIGNED NOT NULL,
  `product_id` bigint(20) UNSIGNED DEFAULT NULL,
  `company_id` bigint(20) UNSIGNED NOT NULL,
  `created_by` bigint(20) UNSIGNED NOT NULL,
  `name` varchar(255) NOT NULL,
  `quantity` int(11) NOT NULL,
  `unit_price` decimal(15,2) NOT NULL,
  `cost_price` decimal(15,2) DEFAULT NULL COMMENT 'سعر التكلفة وقت البيع',
  `discount` decimal(15,2) NOT NULL DEFAULT 0.00,
  `tax_rate` decimal(5,2) NOT NULL DEFAULT 0.00,
  `tax_amount` decimal(15,2) NOT NULL DEFAULT 0.00,
  `subtotal` decimal(15,2) NOT NULL DEFAULT 0.00,
  `total_cost` decimal(15,2) DEFAULT NULL COMMENT 'إجمالي التكلفة (الكمية × سعر التكلفة)',
  `profit_margin` decimal(8,2) NOT NULL DEFAULT 0.00,
  `total` decimal(15,2) NOT NULL,
  `created_at` timestamp NULL DEFAULT NULL,
  `updated_at` timestamp NULL DEFAULT NULL,
  `deleted_at` timestamp NULL DEFAULT NULL,
  `variant_id` bigint(20) UNSIGNED DEFAULT NULL,
  `service_id` bigint(20) UNSIGNED DEFAULT NULL,
  `subscription_id` bigint(20) UNSIGNED DEFAULT NULL
) ENGINE=InnoDB DEFAULT CHARSET=utf8mb4 COLLATE=utf8mb4_unicode_ci;

--
-- إرجاع أو استيراد بيانات الجدول `invoice_items`
--

INSERT INTO `invoice_items` (`id`, `invoice_id`, `product_id`, `company_id`, `created_by`, `name`, `quantity`, `unit_price`, `cost_price`, `discount`, `tax_rate`, `tax_amount`, `subtotal`, `total_cost`, `profit_margin`, `total`, `created_at`, `updated_at`, `deleted_at`, `variant_id`, `service_id`, `subscription_id`) VALUES
(1, 1, NULL, 2, 5, 'سخان', 1, 3000.00, NULL, 0.00, 0.00, 0.00, 0.00, NULL, 0.00, 3000.00, '2025-07-10 18:04:10', '2025-07-10 18:04:10', NULL, NULL, NULL, NULL),
(3, 3, 4, 2, 5, 'هاتف محمول', 1, 13000.00, 12000.00, 0.00, 0.00, 0.00, 0.00, 12000.00, 0.00, 13000.00, '2025-07-11 10:49:13', '2026-02-05 05:34:21', NULL, 4, NULL, NULL),
(4, 4, 5, 2, 5, 'رفايع', 1, 5600.00, 5000.00, 0.00, 0.00, 0.00, 0.00, 5000.00, 0.00, 5600.00, '2025-07-11 11:50:15', '2026-02-05 05:34:21', NULL, 5, NULL, NULL),
(5, 5, 7, 2, 5, 'فريزر', 1, 9000.00, NULL, 0.00, 0.00, 0.00, 0.00, NULL, 0.00, 9000.00, '2025-07-11 14:14:35', '2025-08-26 09:37:41', '2025-08-26 09:37:41', 7, NULL, NULL),
(6, 6, 6, 2, 5, 'مبرد مياه', 1, 4600.00, NULL, 0.00, 0.00, 0.00, 0.00, NULL, 0.00, 4600.00, '2025-07-11 14:19:30', '2025-08-26 09:37:27', '2025-08-26 09:37:27', 6, NULL, NULL),
(7, 7, NULL, 2, 5, 'سخان', 1, 3000.00, NULL, 0.00, 0.00, 0.00, 0.00, NULL, 0.00, 3000.00, '2025-07-11 14:21:51', '2025-08-26 09:09:57', '2025-08-26 09:09:57', NULL, NULL, NULL),
(8, 8, 8, 2, 5, 'صواني وملامين', 1, 4900.00, NULL, 0.00, 0.00, 0.00, 0.00, NULL, 0.00, 4900.00, '2025-07-11 19:07:36', '2025-07-17 08:26:31', '2025-07-17 08:26:31', 8, NULL, NULL),
(9, 9, 10, 10, 5, 'كريم', 1, 35.00, 31.00, 0.00, 0.00, 0.00, 0.00, 31.00, 0.00, 35.00, '2025-07-12 11:15:22', '2026-02-05 05:34:21', NULL, 10, NULL, NULL),
(10, 13, 15, 3, 6, 'منتج تيست', 1, 1000.00, NULL, 0.00, 0.00, 0.00, 0.00, NULL, 0.00, 1000.00, '2025-07-16 20:19:00', '2025-07-16 20:38:38', '2025-07-16 20:38:38', 15, NULL, NULL),
(11, 13, 15, 3, 6, 'منتج تيست', 1, 1000.00, NULL, 0.00, 0.00, 0.00, 0.00, NULL, 0.00, 1000.00, '2025-07-16 20:38:38', '2025-07-19 13:14:07', '2025-07-19 13:14:07', 15, NULL, NULL),
(12, 14, 15, 3, 6, 'منتج تيست', 2, 1000.00, NULL, 0.00, 0.00, 0.00, 0.00, NULL, 0.00, 2000.00, '2025-07-16 22:19:58', '2025-07-16 22:50:42', '2025-07-16 22:50:42', 15, NULL, NULL),
(13, 14, 15, 3, 6, 'منتج تيست', 2, 1000.00, NULL, 0.00, 0.00, 0.00, 0.00, NULL, 0.00, 2000.00, '2025-07-16 22:50:42', '2025-07-16 22:57:01', '2025-07-16 22:57:01', 15, NULL, NULL),
(14, 14, 15, 3, 6, 'منتج تيست', 2, 1000.00, NULL, 0.00, 0.00, 0.00, 0.00, NULL, 0.00, 2000.00, '2025-07-16 22:57:01', '2025-07-16 22:57:51', '2025-07-16 22:57:51', 15, NULL, NULL),
(15, 14, 15, 3, 6, 'منتج تيست', 2, 1000.00, NULL, 0.00, 0.00, 0.00, 0.00, NULL, 0.00, 2000.00, '2025-07-16 22:57:51', '2025-07-16 23:00:10', '2025-07-16 23:00:10', 15, NULL, NULL),
(16, 14, 15, 3, 6, 'منتج تيست', 2, 1000.00, NULL, 0.00, 0.00, 0.00, 0.00, NULL, 0.00, 2000.00, '2025-07-16 23:00:10', '2025-07-16 23:26:05', '2025-07-16 23:26:05', 15, NULL, NULL),
(17, 14, 15, 3, 6, 'منتج تيست', 2, 1000.00, NULL, 0.00, 0.00, 0.00, 0.00, NULL, 0.00, 2000.00, '2025-07-16 23:26:05', '2025-07-16 23:27:34', '2025-07-16 23:27:34', 15, NULL, NULL),
(18, 14, 15, 3, 6, 'منتج تيست', 2, 1000.00, NULL, 0.00, 0.00, 0.00, 0.00, NULL, 0.00, 2000.00, '2025-07-16 23:27:34', '2025-07-19 13:14:04', '2025-07-19 13:14:04', 15, NULL, NULL),
(19, 15, 15, 3, 6, 'منتج تيست', 1, 1000.00, NULL, 0.00, 0.00, 0.00, 0.00, NULL, 0.00, 1000.00, '2025-07-17 00:27:03', '2025-07-17 00:29:44', '2025-07-17 00:29:44', 15, NULL, NULL),
(20, 15, 15, 3, 6, 'منتج تيست', 1, 1000.00, NULL, 0.00, 0.00, 0.00, 0.00, NULL, 0.00, 1000.00, '2025-07-17 00:29:44', '2025-07-17 00:30:31', '2025-07-17 00:30:31', 15, NULL, NULL),
(21, 15, 15, 3, 6, 'منتج تيست', 1, 1000.00, NULL, 0.00, 0.00, 0.00, 0.00, NULL, 0.00, 1000.00, '2025-07-17 00:30:31', '2025-07-17 00:31:07', '2025-07-17 00:31:07', 15, NULL, NULL),
(22, 15, 15, 3, 6, 'منتج تيست', 1, 1000.00, NULL, 0.00, 0.00, 0.00, 0.00, NULL, 0.00, 1000.00, '2025-07-17 00:31:07', '2025-07-19 13:13:23', '2025-07-19 13:13:23', 15, NULL, NULL),
(23, 16, 15, 3, 6, 'منتج تيست', 1, 1000.00, 1000.00, 0.00, 0.00, 0.00, 0.00, 1000.00, 0.00, 1000.00, '2025-07-17 00:35:41', '2025-07-19 13:13:20', '2025-07-19 13:13:20', 15, NULL, NULL),
(24, 17, 15, 3, 6, 'منتج تيست', 1, 1000.00, 1000.00, 0.00, 0.00, 0.00, 0.00, 1000.00, 0.00, 1000.00, '2025-07-17 00:46:06', '2025-07-17 00:47:32', '2025-07-17 00:47:32', 15, NULL, NULL),
(25, 17, 15, 3, 6, 'منتج تيست', 1, 1000.00, 1000.00, 0.00, 0.00, 0.00, 0.00, 1000.00, 0.00, 1000.00, '2025-07-17 00:47:32', '2025-07-17 00:49:20', '2025-07-17 00:49:20', 15, NULL, NULL),
(26, 18, 15, 3, 6, 'منتج تيست', 1, 1000.00, NULL, 0.00, 0.00, 0.00, 0.00, NULL, 0.00, 1000.00, '2025-07-17 00:48:54', '2025-07-19 13:13:18', '2025-07-19 13:13:18', 15, NULL, NULL),
(27, 17, 15, 3, 6, 'منتج تيست', 1, 1000.00, 1000.00, 0.00, 0.00, 0.00, 0.00, 1000.00, 0.00, 1000.00, '2025-07-17 00:49:20', '2025-07-17 00:50:20', '2025-07-17 00:50:20', 15, NULL, NULL),
(28, 17, 15, 3, 6, 'منتج تيست', 1, 1000.00, 1000.00, 0.00, 0.00, 0.00, 0.00, 1000.00, 0.00, 1000.00, '2025-07-17 00:50:20', '2025-07-19 13:13:16', '2025-07-19 13:13:16', 15, NULL, NULL),
(29, 19, 15, 3, 6, 'منتج تيست', 1, 1000.00, 1000.00, 0.00, 0.00, 0.00, 0.00, 1000.00, 0.00, 1000.00, '2025-07-17 01:01:17', '2025-07-19 13:13:14', '2025-07-19 13:13:14', 15, NULL, NULL),
(30, 20, 15, 3, 6, 'منتج تيست', 1, 1000.00, NULL, 0.00, 0.00, 0.00, 0.00, NULL, 0.00, 1000.00, '2025-07-17 01:03:07', '2025-07-19 13:13:12', '2025-07-19 13:13:12', 15, NULL, NULL),
(31, 21, 15, 3, 6, 'منتج تيست', 1, 1000.00, NULL, 0.00, 0.00, 0.00, 0.00, NULL, 0.00, 1000.00, '2025-07-17 02:33:15', '2025-07-17 02:34:17', '2025-07-17 02:34:17', 15, NULL, NULL),
(32, 22, 15, 3, 6, 'منتج تيست', 1, 1000.00, NULL, 0.00, 0.00, 0.00, 0.00, NULL, 0.00, 1000.00, '2025-07-17 02:34:17', '2025-07-17 02:39:25', '2025-07-17 02:39:25', 15, NULL, NULL),
(33, 23, 15, 3, 6, 'منتج تيست', 1, 1000.00, NULL, 0.00, 0.00, 0.00, 0.00, NULL, 0.00, 1000.00, '2025-07-17 02:39:25', '2025-07-19 13:13:07', '2025-07-19 13:13:07', 15, NULL, NULL),
(34, 24, 15, 3, 6, 'منتج تيست', 1, 1000.00, NULL, 0.00, 0.00, 0.00, 0.00, NULL, 0.00, 1000.00, '2025-07-17 03:31:08', '2025-07-17 03:35:59', '2025-07-17 03:35:59', 15, NULL, NULL),
(35, 25, 15, 3, 6, 'منتج تيست', 1, 1000.00, NULL, 0.00, 0.00, 0.00, 0.00, NULL, 0.00, 1000.00, '2025-07-17 03:35:59', '2025-07-19 13:12:57', '2025-07-19 13:12:57', 15, NULL, NULL),
(36, 26, 15, 3, 6, 'منتج تيست', 1, 1000.00, NULL, 0.00, 0.00, 0.00, 0.00, NULL, 0.00, 1000.00, '2025-07-17 03:42:05', '2025-07-17 03:44:06', '2025-07-17 03:44:06', 15, NULL, NULL),
(37, 27, 15, 3, 6, 'منتج تيست', 1, 1000.00, NULL, 0.00, 0.00, 0.00, 0.00, NULL, 0.00, 1000.00, '2025-07-17 03:44:06', '2025-07-19 13:13:00', '2025-07-19 13:13:00', 15, NULL, NULL),
(38, 28, 15, 3, 6, 'منتج تيست', 1, 1000.00, NULL, 0.00, 0.00, 0.00, 0.00, NULL, 0.00, 1000.00, '2025-07-17 04:39:11', '2025-07-17 04:44:46', '2025-07-17 04:44:46', 15, NULL, NULL),
(39, 29, 15, 3, 6, 'منتج تيست', 1, 1000.00, NULL, 0.00, 0.00, 0.00, 0.00, NULL, 0.00, 1000.00, '2025-07-17 04:44:46', '2025-07-19 13:13:03', '2025-07-19 13:13:03', 15, NULL, NULL),
(40, 30, 8, 2, 5, 'صواني وملامين', 1, 4900.00, NULL, 0.00, 0.00, 0.00, 0.00, NULL, 0.00, 4900.00, '2025-07-17 08:26:31', '2025-07-18 20:02:50', '2025-07-18 20:02:50', 8, NULL, NULL),
(41, 31, 8, 2, 5, 'صواني وملامين', 1, 4900.00, NULL, 0.00, 0.00, 0.00, 0.00, NULL, 0.00, 4900.00, '2025-07-18 20:02:50', '2025-08-26 09:09:39', '2025-08-26 09:09:39', 8, NULL, NULL),
(42, 32, 16, 3, 6, 'تيشيرت', 2, 150.00, 30.00, 0.00, 0.00, 0.00, 0.00, 60.00, 0.00, 300.00, '2025-07-19 17:28:34', '2026-02-05 05:34:21', NULL, 16, NULL, NULL),
(43, 32, 15, 3, 6, 'منتج تيست', 1, 1000.00, 4900.00, 0.00, 0.00, 0.00, 0.00, 4900.00, 0.00, 1000.00, '2025-07-19 17:28:34', '2026-02-05 05:34:21', NULL, 15, NULL, NULL),
(44, 33, NULL, 2, 5, 'سخان', 1, 3000.00, NULL, 0.00, 0.00, 0.00, 0.00, NULL, 0.00, 3000.00, '2025-07-22 08:52:06', '2025-07-22 08:53:29', '2025-07-22 08:53:29', NULL, NULL, NULL),
(45, 34, NULL, 2, 5, 'سخان', 1, 3000.00, NULL, 0.00, 0.00, 0.00, 0.00, NULL, 0.00, 3000.00, '2025-07-22 08:53:29', '2025-07-22 09:06:56', '2025-07-22 09:06:56', NULL, NULL, NULL),
(46, 35, NULL, 2, 5, 'سخان', 1, 3000.00, NULL, 0.00, 0.00, 0.00, 0.00, NULL, 0.00, 3000.00, '2025-07-22 09:06:56', '2025-08-11 07:08:55', '2025-08-11 07:08:55', NULL, NULL, NULL),
(47, 36, 15, 3, 6, 'منتج تيست', 1, 4000.00, 4900.00, 0.00, 0.00, 0.00, 0.00, 4900.00, 0.00, 4000.00, '2025-07-22 10:29:35', '2026-02-05 05:34:21', NULL, 15, NULL, NULL),
(48, 37, 15, 3, 6, 'منتج تيست', 2, 4000.00, 4900.00, 0.00, 0.00, 0.00, 0.00, 9800.00, 0.00, 8000.00, '2025-07-23 07:09:30', '2026-02-05 05:34:21', NULL, 15, NULL, NULL),
(50, 39, 20, 2, 5, 'فرن غاز العالمية', 1, 2300.00, NULL, 0.00, 0.00, 0.00, 0.00, NULL, 0.00, 2300.00, '2025-07-24 19:38:39', '2025-07-30 06:30:48', '2025-07-30 06:30:48', 20, NULL, NULL),
(64, 53, 15, 3, 6, 'منتج تيست', 1, 4000.00, 4900.00, 0.00, 0.00, 0.00, 0.00, 4900.00, 0.00, 4000.00, '2025-07-29 15:57:34', '2026-02-05 05:34:21', NULL, 15, NULL, NULL),
(65, 54, 20, 2, 5, 'فرن غاز العالمية', 1, 2300.00, 2100.00, 0.00, 0.00, 0.00, 0.00, 2100.00, 0.00, 2300.00, '2025-07-30 06:30:48', '2026-02-05 05:34:21', NULL, 20, NULL, NULL),
(66, 55, 23, 2, 5, 'سماعه هواوي ايرو بودز', 1, 4000.00, 3899.00, 0.00, 0.00, 0.00, 0.00, 3899.00, 0.00, 4000.00, '2025-07-30 06:39:39', '2026-02-05 05:34:21', NULL, 25, NULL, NULL),
(67, 56, 18, 2, 5, 'فريزر', 1, 11500.00, NULL, 0.00, 0.00, 0.00, 0.00, NULL, 0.00, 11500.00, '2025-07-30 06:47:22', '2025-07-30 06:48:39', '2025-07-30 06:48:39', 18, NULL, NULL),
(68, 57, 18, 2, 5, 'فريزر', 1, 11500.00, 11400.00, 0.00, 0.00, 0.00, 0.00, 11400.00, 0.00, 11500.00, '2025-07-30 06:48:39', '2026-02-05 05:34:21', NULL, 18, NULL, NULL),
(69, 58, NULL, 2, 5, 'سخان', 1, 3000.00, NULL, 0.00, 0.00, 0.00, 0.00, NULL, 0.00, 3000.00, '2025-08-11 07:08:55', '2025-08-11 07:08:55', NULL, NULL, NULL, NULL),
(70, 59, 25, 2, 5, 'شاشه 42بوصه', 1, 8000.00, NULL, 0.00, 0.00, 0.00, 0.00, NULL, 0.00, 8000.00, '2025-08-16 21:51:35', '2025-08-16 21:55:34', '2025-08-16 21:55:34', 27, NULL, NULL),
(71, 60, 25, 2, 5, 'شاشه 42بوصه', 1, 8000.00, NULL, 0.00, 0.00, 0.00, 0.00, NULL, 0.00, 8000.00, '2025-08-16 21:55:34', '2025-09-16 06:29:04', '2025-09-16 06:29:04', 27, NULL, NULL),
(72, 60, 27, 2, 5, 'فرن غاز 80سم', 1, 1600.00, NULL, 0.00, 0.00, 0.00, 0.00, NULL, 0.00, 1600.00, '2025-08-16 21:55:34', '2025-09-16 06:29:04', '2025-09-16 06:29:04', 29, NULL, NULL),
(73, 60, 26, 2, 5, 'مروحه برفكس بالريموت عامود', 1, 1800.00, NULL, 0.00, 0.00, 0.00, 0.00, NULL, 0.00, 1800.00, '2025-08-16 21:55:34', '2025-09-16 06:29:04', '2025-09-16 06:29:04', 28, NULL, NULL),
(74, 61, 7, 2, 5, 'فريزر', 1, 9000.00, 8500.00, 0.00, 0.00, 0.00, 0.00, 8500.00, 0.00, 9000.00, '2025-08-26 09:46:40', '2026-02-05 05:34:21', NULL, 7, NULL, NULL),
(75, 61, 6, 2, 5, 'مبرد مياه', 1, 4600.00, 4500.00, 0.00, 0.00, 0.00, 0.00, 4500.00, 0.00, 4600.00, '2025-08-26 09:46:40', '2026-02-05 05:34:21', NULL, 6, NULL, NULL),
(76, 61, NULL, 2, 5, 'سخان', 1, 3000.00, NULL, 0.00, 0.00, 0.00, 0.00, NULL, 0.00, 3000.00, '2025-08-26 09:46:40', '2025-08-26 09:46:40', NULL, NULL, NULL, NULL),
(77, 62, 1, 9, 6, 'منتج 1', 51, 75.00, NULL, 0.00, 0.00, 0.00, 0.00, NULL, 0.00, 3825.00, '2025-09-15 11:55:02', '2025-09-15 12:03:00', '2025-09-15 12:03:00', 1, NULL, NULL),
(78, 62, 2, 9, 6, 'منتج 2', 2, 75.00, NULL, 0.00, 0.00, 0.00, 0.00, NULL, 0.00, 150.00, '2025-09-15 11:55:02', '2025-09-15 12:03:00', '2025-09-15 12:03:00', 2, NULL, NULL),
(79, 63, 25, 2, 5, 'شاشه 42بوصه', 1, 8000.00, NULL, 0.00, 0.00, 0.00, 0.00, NULL, 0.00, 8000.00, '2025-09-16 06:29:04', '2025-09-22 05:58:58', '2025-09-22 05:58:58', 27, NULL, NULL),
(80, 63, 27, 2, 5, 'فرن غاز 80سم', 1, 1600.00, NULL, 0.00, 0.00, 0.00, 0.00, NULL, 0.00, 1600.00, '2025-09-16 06:29:04', '2025-09-22 05:58:58', '2025-09-22 05:58:58', 29, NULL, NULL),
(81, 63, 26, 2, 5, 'مروحه برفكس بالريموت عامود', 1, 1800.00, NULL, 0.00, 0.00, 0.00, 0.00, NULL, 0.00, 1800.00, '2025-09-16 06:29:04', '2025-09-22 05:58:58', '2025-09-22 05:58:58', 28, NULL, NULL),
(82, 63, 29, 2, 5, 'مبرد مياه اي هوم', 1, 3900.00, NULL, 0.00, 0.00, 0.00, 0.00, NULL, 0.00, 3900.00, '2025-09-16 06:29:04', '2025-09-22 05:58:58', '2025-09-22 05:58:58', 32, NULL, NULL),
(83, 63, 30, 2, 5, 'كشاف كلوب بريمو', 1, 550.00, NULL, 0.00, 0.00, 0.00, 0.00, NULL, 0.00, 550.00, '2025-09-16 06:29:04', '2025-09-22 05:58:58', '2025-09-22 05:58:58', NULL, NULL, NULL),
(84, 64, 25, 2, 5, 'شاشه 42بوصه', 1, 8000.00, NULL, 0.00, 0.00, 0.00, 0.00, NULL, 0.00, 8000.00, '2025-09-22 05:58:58', '2025-10-20 17:37:21', '2025-10-20 17:37:21', 27, NULL, NULL),
(85, 64, 27, 2, 5, 'فرن غاز 80سم', 1, 1600.00, NULL, 0.00, 0.00, 0.00, 0.00, NULL, 0.00, 1600.00, '2025-09-22 05:58:58', '2025-10-20 17:37:21', '2025-10-20 17:37:21', 29, NULL, NULL),
(86, 64, 26, 2, 5, 'مروحه برفكس بالريموت عامود', 1, 1800.00, NULL, 0.00, 0.00, 0.00, 0.00, NULL, 0.00, 1800.00, '2025-09-22 05:58:58', '2025-10-20 17:37:21', '2025-10-20 17:37:21', 28, NULL, NULL),
(87, 64, 29, 2, 5, 'مبرد مياه اي هوم', 1, 3900.00, NULL, 0.00, 0.00, 0.00, 0.00, NULL, 0.00, 3900.00, '2025-09-22 05:58:58', '2025-10-20 17:37:21', '2025-10-20 17:37:21', 32, NULL, NULL),
(88, 64, 30, 2, 5, 'كشاف كلوب بريمو', 1, 550.00, NULL, 0.00, 0.00, 0.00, 0.00, NULL, 0.00, 550.00, '2025-09-22 05:58:58', '2025-10-20 17:37:21', '2025-10-20 17:37:21', NULL, NULL, NULL),
(89, 65, 31, 12, 5, 'طقم حلل شلتوت شاورمه توب 2 كرتونه', 1, 3600.00, 3600.00, 0.00, 0.00, 0.00, 0.00, 3600.00, 0.00, 3600.00, '2025-09-22 09:04:23', '2025-09-22 09:04:23', NULL, 36, NULL, NULL),
(90, 65, 32, 12, 5, 'طقم حلل شلتوت حنان 10 قطع', 1, 3300.00, 3300.00, 0.00, 0.00, 0.00, 0.00, 3300.00, 0.00, 3300.00, '2025-09-22 09:04:23', '2025-09-22 09:04:23', NULL, 38, NULL, NULL),
(91, 65, 34, 12, 5, 'طقم حلل فيوتشر 32 ق', 1, 3650.00, 3650.00, 0.00, 0.00, 0.00, 0.00, 3650.00, 0.00, 3650.00, '2025-09-22 09:04:23', '2025-09-22 09:04:23', NULL, 40, NULL, NULL),
(92, 65, 36, 12, 5, 'طقم ملامين الشريف مربع 38 ق', 1, 3600.00, 3600.00, 0.00, 0.00, 0.00, 0.00, 3600.00, 0.00, 3600.00, '2025-09-22 09:04:23', '2025-09-22 09:04:23', NULL, 42, NULL, NULL),
(93, 65, 37, 12, 5, 'طقم صيني 62 ق دريم 8005', 1, 6300.00, 6300.00, 0.00, 0.00, 0.00, 0.00, 6300.00, 0.00, 6300.00, '2025-09-22 09:04:23', '2025-09-22 09:04:23', NULL, 43, NULL, NULL),
(94, 65, 38, 12, 5, 'مج شاي خليجي الوان', 1, 55.00, 55.00, 0.00, 0.00, 0.00, 0.00, 55.00, 0.00, 55.00, '2025-09-22 09:04:23', '2025-09-22 09:04:23', NULL, 44, NULL, NULL),
(95, 65, 35, 12, 5, 'تيفال سافلون 9 ق بجريل تركي', 1, 3300.00, 3300.00, 0.00, 0.00, 0.00, 0.00, 3300.00, 0.00, 3300.00, '2025-09-22 09:04:23', '2025-09-22 09:04:23', NULL, 41, NULL, NULL),
(96, 65, 39, 12, 5, 'مفرش نيش دنتلا', 2, 310.00, 310.00, 0.00, 0.00, 0.00, 0.00, 620.00, 0.00, 620.00, '2025-09-22 09:04:23', '2025-09-22 09:04:23', NULL, 45, NULL, NULL),
(97, 65, 40, 12, 5, 'مفرش نيش كستور', 1, 320.00, 320.00, 0.00, 0.00, 0.00, 0.00, 320.00, 0.00, 320.00, '2025-09-22 09:04:23', '2025-09-22 09:04:23', NULL, 46, NULL, NULL),
(98, 65, 41, 12, 5, 'شيش طاووك جامبو', 4, 15.00, 15.00, 0.00, 0.00, 0.00, 0.00, 60.00, 0.00, 60.00, '2025-09-22 09:04:23', '2025-09-22 09:04:23', NULL, 47, NULL, NULL),
(99, 65, 42, 12, 5, 'لانش بوكس فريكو مقسم ريو', 1, 55.00, 55.00, 0.00, 0.00, 0.00, 0.00, 55.00, 0.00, 55.00, '2025-09-22 09:04:23', '2025-09-22 09:04:23', NULL, 48, NULL, NULL),
(100, 66, 43, 12, 5, 'سراميك تركي 4 مم مارتف', 5, 3200.00, 3200.00, 0.00, 0.00, 0.00, 0.00, 16000.00, 0.00, 16000.00, '2025-09-22 19:44:10', '2025-09-22 19:44:10', NULL, 49, NULL, NULL),
(101, 66, 42, 12, 5, 'لانش بوكس فريكو مقسم ريو', 2, 55.00, 55.00, 0.00, 0.00, 0.00, 0.00, 110.00, 0.00, 110.00, '2025-09-22 19:44:10', '2025-09-22 19:44:10', NULL, 48, NULL, NULL),
(102, 67, 44, 12, 5, 'هشام', 10, 100.00, 100.00, 0.00, 0.00, 0.00, 0.00, 1000.00, 0.00, 1000.00, '2025-09-22 19:50:43', '2025-09-22 19:50:43', NULL, 50, NULL, NULL),
(103, 68, 45, 2, 5, 'سماعة بلوتوث 6i', 1, 2800.00, 2710.00, 0.00, 0.00, 0.00, 0.00, 2710.00, 0.00, 2800.00, '2025-10-03 08:23:06', '2026-02-05 05:34:21', NULL, 51, NULL, NULL),
(104, 69, NULL, 2, 5, 'سخان اولمبك هيرو 50', 1, 3250.00, NULL, 0.00, 0.00, 0.00, 0.00, NULL, 0.00, 3250.00, '2025-10-12 19:17:56', '2025-10-12 19:17:56', NULL, NULL, NULL, NULL),
(105, 70, 25, 2, 5, 'شاشه 42بوصه', 1, 8000.00, 7700.00, 0.00, 0.00, 0.00, 0.00, 7700.00, 0.00, 8000.00, '2025-10-20 17:37:21', '2026-02-05 05:34:21', NULL, 27, NULL, NULL),
(106, 70, 27, 2, 5, 'فرن غاز 80سم', 1, 1600.00, 1500.00, 0.00, 0.00, 0.00, 0.00, 1500.00, 0.00, 1600.00, '2025-10-20 17:37:21', '2026-02-05 05:34:21', NULL, 29, NULL, NULL),
(107, 70, 26, 2, 5, 'مروحه برفكس بالريموت عامود', 1, 1800.00, 1650.00, 0.00, 0.00, 0.00, 0.00, 1650.00, 0.00, 1800.00, '2025-10-20 17:37:21', '2026-02-05 05:34:21', NULL, 28, NULL, NULL),
(108, 70, 29, 2, 5, 'مبرد مياه اي هوم', 1, 3900.00, 3600.00, 0.00, 0.00, 0.00, 0.00, 3600.00, 0.00, 3900.00, '2025-10-20 17:37:21', '2026-02-05 05:34:21', NULL, 32, NULL, NULL),
(109, 70, 30, 2, 5, 'كشاف كلوب بريمو', 1, 550.00, NULL, 0.00, 0.00, 0.00, 0.00, NULL, 0.00, 550.00, '2025-10-20 17:37:21', '2025-10-20 17:37:21', NULL, NULL, NULL, NULL),
(110, 71, 63, 2, 5, 'طقم حلل استيل سمارت 32 زنوكسي', 1, 4500.00, NULL, 0.00, 0.00, 0.00, 0.00, NULL, 0.00, 4500.00, '2025-12-04 13:19:29', '2025-12-04 13:20:10', '2025-12-04 13:20:10', 69, NULL, NULL),
(111, 71, 62, 2, 5, 'طقم تيفال سافلون 9ق بجريل تركي', 1, 3000.00, NULL, 0.00, 0.00, 0.00, 0.00, NULL, 0.00, 3000.00, '2025-12-04 13:19:29', '2025-12-04 13:20:10', '2025-12-04 13:20:10', 68, NULL, NULL),
(112, 72, 66, 2, 5, 'سخان اولمبك 50لتر عادي هيرو', 1, 3500.00, NULL, 0.00, 0.00, 0.00, 0.00, NULL, 0.00, 3500.00, '2025-12-04 19:05:06', '2025-12-04 19:06:18', '2025-12-04 19:06:18', 72, NULL, NULL),
(113, 73, 66, 2, 5, 'سخان اولمبك 50لتر عادي هيرو', 1, 3500.00, 3200.00, 0.00, 0.00, 0.00, 0.00, 3200.00, 0.00, 3500.00, '2025-12-04 19:06:18', '2026-02-05 05:34:21', NULL, 72, NULL, NULL),
(114, 74, 28, 2, 5, 'فرن غاز 120سم الامام مجلفن', 1, 2200.00, NULL, 0.00, 0.00, 0.00, 0.00, NULL, 0.00, 2200.00, '2025-12-04 19:21:08', '2025-12-04 19:22:28', '2025-12-04 19:22:28', 30, NULL, NULL),
(115, 75, 28, 2, 5, 'فرن غاز 120سم الامام مجلفن', 1, 2200.00, 1900.00, 0.00, 0.00, 0.00, 0.00, 1900.00, 0.00, 2200.00, '2025-12-04 19:22:28', '2026-02-05 05:34:21', NULL, 30, NULL, NULL),
(116, 76, 66, 2, 5, 'سخان اولمبك 50لتر عادي هيرو', 1, 3500.00, NULL, 0.00, 0.00, 0.00, 0.00, NULL, 0.00, 3500.00, '2025-12-04 19:25:33', '2025-12-07 14:38:12', '2025-12-07 14:38:12', 72, NULL, NULL),
(117, 77, 60, 2, 5, 'مكوه فريش بخار', 1, 1300.00, NULL, 0.00, 0.00, 0.00, 0.00, NULL, 0.00, 1300.00, '2025-12-04 19:31:01', '2026-01-06 19:36:47', '2026-01-06 19:36:47', 66, NULL, NULL),
(118, 78, 66, 2, 5, 'سخان اولمبك 50لتر عادي هيرو', 1, 3500.00, NULL, 0.00, 0.00, 0.00, 0.00, NULL, 0.00, 3500.00, '2025-12-07 14:38:12', '2025-12-07 21:50:11', '2025-12-07 21:50:11', 72, NULL, NULL),
(119, 79, 58, 2, 5, 'امبوبه غاز', 1, 1850.00, NULL, 0.00, 0.00, 0.00, 0.00, NULL, 0.00, 1850.00, '2025-12-07 21:29:42', '2025-12-07 21:40:16', '2025-12-07 21:40:16', 64, NULL, NULL),
(120, 80, 62, 2, 5, 'طقم تيفال سافلون 9ق بجريل تركي', 1, 3000.00, NULL, 0.00, 0.00, 0.00, 0.00, NULL, 0.00, 3000.00, '2025-12-07 21:36:03', '2025-12-07 21:37:14', '2025-12-07 21:37:14', 68, NULL, NULL),
(121, 80, 63, 2, 5, 'طقم حلل استيل سمارت 32 زنوكسي', 1, 4500.00, NULL, 0.00, 0.00, 0.00, 0.00, NULL, 0.00, 4500.00, '2025-12-07 21:36:03', '2025-12-07 21:37:14', '2025-12-07 21:37:14', 69, NULL, NULL),
(122, 81, 62, 2, 5, 'طقم تيفال سافلون 9ق بجريل تركي', 1, 3000.00, NULL, 0.00, 0.00, 0.00, 0.00, NULL, 0.00, 3000.00, '2025-12-07 21:37:14', '2025-12-07 21:41:29', '2025-12-07 21:41:29', 68, NULL, NULL),
(123, 81, 63, 2, 5, 'طقم حلل استيل سمارت 32 زنوكسي', 1, 4500.00, NULL, 0.00, 0.00, 0.00, 0.00, NULL, 0.00, 4500.00, '2025-12-07 21:37:14', '2025-12-07 21:41:29', '2025-12-07 21:41:29', 69, NULL, NULL),
(124, 82, 58, 2, 5, 'امبوبه غاز', 1, 1850.00, 1750.00, 0.00, 0.00, 0.00, 0.00, 1750.00, 0.00, 1850.00, '2025-12-07 21:40:16', '2026-02-05 05:34:21', NULL, 64, NULL, NULL),
(125, 83, 62, 2, 5, 'طقم تيفال سافلون 9ق بجريل تركي', 1, 3000.00, 2600.00, 0.00, 0.00, 0.00, 0.00, 2600.00, 0.00, 3000.00, '2025-12-07 21:41:29', '2026-02-05 05:34:21', NULL, 68, NULL, NULL),
(126, 83, 63, 2, 5, 'طقم حلل استيل سمارت 32 زنوكسي', 1, 4500.00, 3250.00, 0.00, 0.00, 0.00, 0.00, 3250.00, 0.00, 4500.00, '2025-12-07 21:41:29', '2026-02-05 05:34:21', NULL, 69, NULL, NULL),
(127, 84, 66, 2, 5, 'سخان اولمبك 50لتر عادي هيرو', 1, 3500.00, NULL, 0.00, 0.00, 0.00, 0.00, NULL, 0.00, 3500.00, '2025-12-07 21:50:11', '2025-12-07 21:51:57', '2025-12-07 21:51:57', 72, NULL, NULL),
(128, 85, 66, 2, 5, 'سخان اولمبك 50لتر عادي هيرو', 1, 3500.00, 3200.00, 0.00, 0.00, 0.00, 0.00, 3200.00, 0.00, 3500.00, '2025-12-07 21:51:57', '2026-02-05 05:34:21', NULL, 72, NULL, NULL),
(129, 86, 65, 2, 5, 'اغراض عروسه ام نوره', 1, 32865.00, NULL, 0.00, 0.00, 0.00, 0.00, NULL, 0.00, 32865.00, '2025-12-08 16:53:08', '2025-12-08 17:05:33', '2025-12-08 17:05:33', 71, NULL, NULL),
(130, 87, 65, 2, 5, 'اغراض عروسه ام نوره', 1, 32865.00, 32000.00, 0.00, 0.00, 0.00, 0.00, 32000.00, 0.00, 32865.00, '2025-12-08 17:05:33', '2026-02-05 05:34:21', NULL, 71, NULL, NULL),
(131, 88, 69, 2, 5, 'كبه سوناي ٣ ريشه', 1, 1200.00, 930.00, 0.00, 0.00, 0.00, 0.00, 930.00, 0.00, 1200.00, '2026-01-04 17:06:51', '2026-02-05 05:34:21', NULL, 76, NULL, NULL),
(132, 88, 70, 2, 5, 'حله الامونيوم', 2, 400.00, 330.00, 0.00, 0.00, 0.00, 0.00, 660.00, 0.00, 800.00, '2026-01-04 17:06:51', '2026-02-05 05:34:21', NULL, 77, NULL, NULL),
(133, 89, 71, 2, 5, 'طقم ملامين الشريف مربع ٣٨ق', 1, 3200.00, 2630.00, 0.00, 0.00, 0.00, 0.00, 2630.00, 0.00, 3200.00, '2026-01-05 21:15:12', '2026-02-05 05:34:21', NULL, 78, NULL, NULL),
(134, 90, 60, 2, 5, 'مكوه فريش بخار', 1, 1300.00, 1100.00, 0.00, 0.00, 0.00, 0.00, 1100.00, 0.00, 1300.00, '2026-01-06 19:36:47', '2026-02-05 05:34:21', NULL, 66, NULL, NULL),
(135, 91, 72, 2, 5, 'بوتجاز فريش ٥ شعله بمروحه', 1, 10500.00, NULL, 0.00, 0.00, 0.00, 0.00, NULL, 0.00, 10500.00, '2026-01-11 12:29:43', '2026-01-13 20:00:24', '2026-01-13 20:00:24', 79, NULL, NULL),
(136, 91, 73, 2, 5, 'تلفون اوبو A5', 1, 8500.00, NULL, 0.00, 0.00, 0.00, 0.00, NULL, 0.00, 8500.00, '2026-01-11 12:29:43', '2026-01-13 20:00:24', '2026-01-13 20:00:24', 80, NULL, NULL),
(147, 97, 73, 2, 5, 'تلفون اوبو A5', 1, 8500.00, 8100.00, 0.00, 0.00, 0.00, 0.00, 8100.00, 0.00, 8500.00, '2026-01-13 20:00:24', '2026-02-05 05:34:21', NULL, 80, NULL, NULL),
(148, 98, 75, 2, 5, 'طقم حلل سراميك', 1, 3200.00, 2800.00, 0.00, 0.00, 0.00, 0.00, 2800.00, 0.00, 3200.00, '2026-01-29 17:50:24', '2026-02-05 05:34:21', NULL, 83, NULL, NULL);

-- --------------------------------------------------------

--
-- بنية الجدول `invoice_payments`
--

CREATE TABLE `invoice_payments` (
  `id` bigint(20) UNSIGNED NOT NULL,
  `invoice_id` bigint(20) UNSIGNED NOT NULL,
  `payment_method_id` bigint(20) UNSIGNED DEFAULT NULL,
  `cash_box_id` bigint(20) UNSIGNED DEFAULT NULL,
  `amount` decimal(15,2) NOT NULL,
  `payment_date` date NOT NULL,
  `notes` text DEFAULT NULL,
  `reference_number` varchar(255) DEFAULT NULL,
  `company_id` bigint(20) UNSIGNED NOT NULL,
  `created_by` bigint(20) UNSIGNED DEFAULT NULL,
  `updated_by` bigint(20) UNSIGNED DEFAULT NULL,
  `created_at` timestamp NULL DEFAULT NULL,
  `updated_at` timestamp NULL DEFAULT NULL,
  `deleted_at` timestamp NULL DEFAULT NULL
) ENGINE=InnoDB DEFAULT CHARSET=utf8mb4 COLLATE=utf8mb4_unicode_ci;

-- --------------------------------------------------------

--
-- بنية الجدول `invoice_types`
--

CREATE TABLE `invoice_types` (
  `id` bigint(20) UNSIGNED NOT NULL,
  `name` varchar(255) NOT NULL,
  `is_active` tinyint(1) NOT NULL DEFAULT 1,
  `description` text DEFAULT NULL,
  `context` varchar(255) DEFAULT NULL COMMENT 'sales, purchases, inventory, finance, services, etc.',
  `code` varchar(255) NOT NULL,
  `company_id` bigint(20) UNSIGNED NOT NULL,
  `created_by` bigint(20) UNSIGNED NOT NULL,
  `created_at` timestamp NULL DEFAULT NULL,
  `updated_at` timestamp NULL DEFAULT NULL
) ENGINE=InnoDB DEFAULT CHARSET=utf8mb4 COLLATE=utf8mb4_unicode_ci;

--
-- إرجاع أو استيراد بيانات الجدول `invoice_types`
--

INSERT INTO `invoice_types` (`id`, `name`, `is_active`, `description`, `context`, `code`, `company_id`, `created_by`, `created_at`, `updated_at`) VALUES
(1, 'فاتورة بيع بالتقسيط', 1, 'فاتورة بيع بالتقسيط (تستخدم لبيع المنتجات أو الخدمات مع جدول أقساط محدد، وتوليد سندات قبض/صرف مرتبطة بالأقساط، مع تحديث المخزون تلقائياً).', 'sales', 'installment_sale', 1, 1, '2025-07-09 06:15:50', '2025-07-09 06:15:50'),
(2, 'فاتورة بيع', 1, 'فاتورة بيع للعميل (بيع منتجات أو خدمات للعميل النهائي، مع إمكانية الدفع نقداً أو بالتقسيط، وتوليد سندات قبض/صرف مرتبطة بالفاتورة، وتحديث المخزون تلقائياً).', 'sales', 'sale', 1, 1, '2025-07-09 06:15:50', '2025-07-09 06:15:50'),
(3, 'فاتورة شراء', 1, 'فاتورة شراء من المورد (تستخدم لتسجيل مشتريات المنتجات أو الخدمات من الموردين، مع تحديث المخزون تلقائياً، وربط الفاتورة بطرق الدفع المختلفة).', 'purchases', 'purchase', 1, 1, '2025-07-09 06:15:50', '2025-07-09 06:15:50'),
(4, 'مرتجع بيع', 1, 'مرتجع بيع للعميل (تستخدم لإرجاع منتجات تم بيعها سابقاً للعميل، مع تحديث المخزون وتوليد سندات مالية مرتبطة بالمرتجع).', 'sales', 'sale_return', 1, 1, '2025-07-09 06:15:50', '2025-07-09 06:15:50'),
(5, 'مرتجع شراء', 1, 'مرتجع شراء من المورد (تستخدم لإرجاع منتجات تم شراؤها من المورد، مع تحديث المخزون وتوليد سندات مالية مرتبطة بالمرتجع).', 'purchases', 'purchase_return', 1, 1, '2025-07-09 06:15:50', '2025-07-09 06:15:50'),
(6, 'عرض سعر', 1, 'عرض سعر للعميل (تستخدم لتقديم عرض أسعار للعميل قبل التحويل لفاتورة بيع، بدون تأثير على المخزون أو الحسابات المالية).', 'sales', 'quotation', 1, 1, '2025-07-09 06:15:50', '2025-07-09 06:15:50'),
(7, 'طلب شراء', 1, 'طلب شراء من المورد (تستخدم لتقديم طلب شراء للمورد قبل التحويل لفاتورة شراء، بدون تأثير مباشر على المخزون).', 'purchases', 'purchase_order', 1, 1, '2025-07-09 06:15:50', '2025-07-09 06:15:50'),
(8, 'طلب بيع', 1, 'طلب بيع للعميل (تستخدم لتسجيل طلبات العملاء قبل التحويل لفاتورة بيع، بدون تأثير مباشر على المخزون).', 'sales', 'sales_order', 1, 1, '2025-07-09 06:15:50', '2025-07-09 06:15:50'),
(9, 'تسوية مخزون', 1, 'تسوية مخزون (تستخدم لتسوية الكميات الفعلية في المخزون مع النظام، مع تسجيل الفروقات في الأرباح أو الخسائر).', 'inventory', 'inventory_adjustment', 1, 1, '2025-07-09 06:15:50', '2025-07-09 06:15:50'),
(10, 'تحويل مخزني', 1, 'تحويل مخزني بين المخازن (تستخدم لنقل المنتجات بين المخازن الداخلية، مع تحديث الكميات في كل مخزن).', 'inventory', 'stock_transfer', 1, 1, '2025-07-09 06:15:50', '2025-07-09 06:15:50'),
(11, 'فاتورة خدمة', 1, 'فاتورة خدمة (تستخدم لبيع خدمات بدون منتجات ملموسة، مع إمكانية ربطها بسندات مالية).', 'services', 'service_invoice', 1, 1, '2025-07-09 06:15:50', '2025-07-09 06:15:50'),
(12, 'إشعار دائن', 1, 'إشعار دائن (يستخدم لتقليل رصيد العميل أو المورد نتيجة خصم أو إرجاع أو تصحيح مالي).', 'finance', 'credit_note', 1, 1, '2025-07-09 06:15:50', '2025-07-09 06:15:50'),
(13, 'إشعار مدين', 1, 'إشعار مدين (يستخدم لزيادة رصيد العميل أو المورد نتيجة إضافة مبلغ أو تصحيح مالي).', 'finance', 'debit_note', 1, 1, '2025-07-09 06:15:50', '2025-07-09 06:15:50'),
(14, 'سند قبض', 1, 'سند قبض (يستخدم لتوثيق استلام مبالغ نقدية من العملاء أو جهات أخرى، ويرتبط غالباً بفواتير البيع أو المرتجعات).', 'finance', 'receipt', 1, 1, '2025-07-09 06:15:50', '2025-07-09 06:15:50'),
(15, 'سند صرف', 1, 'سند صرف (يستخدم لتوثيق صرف مبالغ نقدية للموردين أو جهات أخرى، ويرتبط غالباً بفواتير الشراء أو المرتجعات).', 'finance', 'payment', 1, 1, '2025-07-09 06:15:50', '2025-07-09 06:15:50'),
(16, 'فاتورة خصم', 1, 'فاتورة خصم (تستخدم لتسجيل خصومات أو عروض ترويجية على فواتير البيع، مع تأثير مباشر على الأرباح).', 'sales', 'discount_invoice', 1, 1, '2025-07-09 06:15:50', '2025-07-09 06:15:50');

-- --------------------------------------------------------

--
-- بنية الجدول `jobs`
--

CREATE TABLE `jobs` (
  `id` bigint(20) UNSIGNED NOT NULL,
  `queue` varchar(255) NOT NULL,
  `payload` longtext NOT NULL,
  `attempts` tinyint(3) UNSIGNED NOT NULL,
  `reserved_at` int(10) UNSIGNED DEFAULT NULL,
  `available_at` int(10) UNSIGNED NOT NULL,
  `created_at` int(10) UNSIGNED NOT NULL
) ENGINE=InnoDB DEFAULT CHARSET=utf8mb4 COLLATE=utf8mb4_unicode_ci;

--
-- إرجاع أو استيراد بيانات الجدول `jobs`
--

INSERT INTO `jobs` (`id`, `queue`, `payload`, `attempts`, `reserved_at`, `available_at`, `created_at`) VALUES
(1, 'default', '{\"uuid\":\"88ca85bf-1ed5-40c3-ad6d-619659fb798e\",\"displayName\":\"App\\\\Jobs\\\\LogActivityJob\",\"job\":\"Illuminate\\\\Queue\\\\CallQueuedHandler@call\",\"maxTries\":null,\"maxExceptions\":null,\"failOnTimeout\":false,\"backoff\":null,\"timeout\":null,\"retryUntil\":null,\"data\":{\"commandName\":\"App\\\\Jobs\\\\LogActivityJob\",\"command\":\"O:23:\\\"App\\\\Jobs\\\\LogActivityJob\\\":1:{s:7:\\\"\\u0000*\\u0000data\\\";a:12:{s:6:\\\"action\\\";s:10:\\\"تعديل\\\";s:12:\\\"subject_type\\\";s:18:\\\"App\\\\Models\\\\Company\\\";s:10:\\\"subject_id\\\";i:1;s:10:\\\"old_values\\\";a:2:{s:8:\\\"settings\\\";N;s:10:\\\"updated_at\\\";O:25:\\\"Illuminate\\\\Support\\\\Carbon\\\":4:{s:4:\\\"date\\\";s:26:\\\"2025-07-09 20:29:41.000000\\\";s:13:\\\"timezone_type\\\";i:3;s:8:\\\"timezone\\\";s:3:\\\"UTC\\\";s:18:\\\"dumpDateProperties\\\";a:2:{s:4:\\\"date\\\";s:26:\\\"2025-07-09 20:29:41.000000\\\";s:8:\\\"timezone\\\";s:3:\\\"UTC\\\";}}}s:10:\\\"new_values\\\";a:2:{s:8:\\\"settings\\\";s:40:\\\"{\\\"print_settings\\\":{\\\"print_format\\\":\\\"a5\\\"}}\\\";s:10:\\\"updated_at\\\";s:19:\\\"2026-02-04 14:07:11\\\";}s:7:\\\"user_id\\\";i:1;s:10:\\\"created_by\\\";i:1;s:10:\\\"company_id\\\";i:1;s:10:\\\"ip_address\\\";s:12:\\\"156.211.35.8\\\";s:10:\\\"user_agent\\\";s:111:\\\"Mozilla\\/5.0 (Windows NT 10.0; Win64; x64) AppleWebKit\\/537.36 (KHTML, like Gecko) Chrome\\/144.0.0.0 Safari\\/537.36\\\";s:3:\\\"url\\\";s:16:\\\"\\/api\\/companies\\/1\\\";s:11:\\\"description\\\";s:98:\\\"قام المستخدم System Owner بتعديل الشركة (الشركة الافتراضية)\\\";}}\"}}', 0, NULL, 1770214031, 1770214031),
(2, 'default', '{\"uuid\":\"27e1250f-a730-42e7-8ae5-32da1a41b3a7\",\"displayName\":\"App\\\\Jobs\\\\LogActivityJob\",\"job\":\"Illuminate\\\\Queue\\\\CallQueuedHandler@call\",\"maxTries\":null,\"maxExceptions\":null,\"failOnTimeout\":false,\"backoff\":null,\"timeout\":null,\"retryUntil\":null,\"data\":{\"commandName\":\"App\\\\Jobs\\\\LogActivityJob\",\"command\":\"O:23:\\\"App\\\\Jobs\\\\LogActivityJob\\\":1:{s:7:\\\"\\u0000*\\u0000data\\\";a:12:{s:6:\\\"action\\\";s:10:\\\"تعديل\\\";s:12:\\\"subject_type\\\";s:15:\\\"App\\\\Models\\\\User\\\";s:10:\\\"subject_id\\\";i:1;s:10:\\\"old_values\\\";a:2:{s:10:\\\"company_id\\\";i:1;s:10:\\\"updated_at\\\";O:25:\\\"Illuminate\\\\Support\\\\Carbon\\\":4:{s:4:\\\"date\\\";s:26:\\\"2026-02-04 10:24:49.000000\\\";s:13:\\\"timezone_type\\\";i:3;s:8:\\\"timezone\\\";s:3:\\\"UTC\\\";s:18:\\\"dumpDateProperties\\\";a:2:{s:4:\\\"date\\\";s:26:\\\"2026-02-04 10:24:49.000000\\\";s:8:\\\"timezone\\\";s:3:\\\"UTC\\\";}}}s:10:\\\"new_values\\\";a:2:{s:10:\\\"company_id\\\";i:2;s:10:\\\"updated_at\\\";s:19:\\\"2026-02-05 05:35:46\\\";}s:7:\\\"user_id\\\";i:1;s:10:\\\"created_by\\\";i:1;s:10:\\\"company_id\\\";i:1;s:10:\\\"ip_address\\\";s:12:\\\"156.211.35.8\\\";s:10:\\\"user_agent\\\";s:111:\\\"Mozilla\\/5.0 (Windows NT 10.0; Win64; x64) AppleWebKit\\/537.36 (KHTML, like Gecko) Chrome\\/144.0.0.0 Safari\\/537.36\\\";s:3:\\\"url\\\";s:21:\\\"\\/api\\/change-company\\/1\\\";s:11:\\\"description\\\";s:81:\\\"قام المستخدم System Owner بتعديل المستخدم (System Owner)\\\";}}\"}}', 0, NULL, 1770269746, 1770269746),
(3, 'default', '{\"uuid\":\"11412603-6143-4302-b829-18e698e4d562\",\"displayName\":\"App\\\\Jobs\\\\LogActivityJob\",\"job\":\"Illuminate\\\\Queue\\\\CallQueuedHandler@call\",\"maxTries\":null,\"maxExceptions\":null,\"failOnTimeout\":false,\"backoff\":null,\"timeout\":null,\"retryUntil\":null,\"data\":{\"commandName\":\"App\\\\Jobs\\\\LogActivityJob\",\"command\":\"O:23:\\\"App\\\\Jobs\\\\LogActivityJob\\\":1:{s:7:\\\"\\u0000*\\u0000data\\\";a:12:{s:6:\\\"action\\\";s:10:\\\"انشاء\\\";s:12:\\\"subject_type\\\";s:18:\\\"App\\\\Models\\\\CashBox\\\";s:10:\\\"subject_id\\\";i:953;s:10:\\\"old_values\\\";N;s:10:\\\"new_values\\\";a:13:{s:7:\\\"user_id\\\";i:1;s:10:\\\"company_id\\\";i:2;s:16:\\\"cash_box_type_id\\\";i:1;s:10:\\\"is_default\\\";b:1;s:4:\\\"name\\\";s:27:\\\"الخزنة النقدية\\\";s:7:\\\"balance\\\";i:0;s:10:\\\"created_by\\\";i:1;s:9:\\\"is_active\\\";b:1;s:11:\\\"description\\\";s:94:\\\"تم إنشاؤها تلقائيًا مع ارتباط المستخدم بشركة: اقساط\\\";s:14:\\\"account_number\\\";N;s:10:\\\"updated_at\\\";s:19:\\\"2026-02-05 05:35:46\\\";s:10:\\\"created_at\\\";s:19:\\\"2026-02-05 05:35:46\\\";s:2:\\\"id\\\";i:953;}s:7:\\\"user_id\\\";i:1;s:10:\\\"created_by\\\";i:1;s:10:\\\"company_id\\\";i:1;s:10:\\\"ip_address\\\";s:12:\\\"156.211.35.8\\\";s:10:\\\"user_agent\\\";s:111:\\\"Mozilla\\/5.0 (Windows NT 10.0; Win64; x64) AppleWebKit\\/537.36 (KHTML, like Gecko) Chrome\\/144.0.0.0 Safari\\/537.36\\\";s:3:\\\"url\\\";s:21:\\\"\\/api\\/change-company\\/1\\\";s:11:\\\"description\\\";s:94:\\\"قام المستخدم System Owner بانشاء الصندوق (الخزنة النقدية)\\\";}}\"}}', 0, NULL, 1770269746, 1770269746),
(4, 'default', '{\"uuid\":\"1ff85d30-624d-47e5-bc68-e4c2b98ce881\",\"displayName\":\"App\\\\Jobs\\\\LogActivityJob\",\"job\":\"Illuminate\\\\Queue\\\\CallQueuedHandler@call\",\"maxTries\":null,\"maxExceptions\":null,\"failOnTimeout\":false,\"backoff\":null,\"timeout\":null,\"retryUntil\":null,\"data\":{\"commandName\":\"App\\\\Jobs\\\\LogActivityJob\",\"command\":\"O:23:\\\"App\\\\Jobs\\\\LogActivityJob\\\":1:{s:7:\\\"\\u0000*\\u0000data\\\";a:12:{s:6:\\\"action\\\";s:10:\\\"تعديل\\\";s:12:\\\"subject_type\\\";s:15:\\\"App\\\\Models\\\\User\\\";s:10:\\\"subject_id\\\";i:5;s:10:\\\"old_values\\\";a:2:{s:10:\\\"company_id\\\";i:2;s:10:\\\"updated_at\\\";O:25:\\\"Illuminate\\\\Support\\\\Carbon\\\":4:{s:4:\\\"date\\\";s:26:\\\"2026-02-04 10:24:49.000000\\\";s:13:\\\"timezone_type\\\";i:3;s:8:\\\"timezone\\\";s:3:\\\"UTC\\\";s:18:\\\"dumpDateProperties\\\";a:2:{s:4:\\\"date\\\";s:26:\\\"2026-02-04 10:24:49.000000\\\";s:8:\\\"timezone\\\";s:3:\\\"UTC\\\";}}}s:10:\\\"new_values\\\";a:2:{s:10:\\\"company_id\\\";i:10;s:10:\\\"updated_at\\\";s:19:\\\"2026-02-05 11:02:39\\\";}s:7:\\\"user_id\\\";i:5;s:10:\\\"created_by\\\";i:5;s:10:\\\"company_id\\\";i:2;s:10:\\\"ip_address\\\";s:14:\\\"162.19.230.228\\\";s:10:\\\"user_agent\\\";s:111:\\\"Mozilla\\/5.0 (Linux; Android 10; K) AppleWebKit\\/537.36 (KHTML, like Gecko) Chrome\\/144.0.0.0 Mobile Safari\\/537.36\\\";s:3:\\\"url\\\";s:21:\\\"\\/api\\/change-company\\/5\\\";s:11:\\\"description\\\";s:83:\\\"قام المستخدم ابو ندي بتعديل المستخدم (ابو ندي)\\\";}}\"}}', 0, NULL, 1770289359, 1770289359),
(5, 'default', '{\"uuid\":\"8defee50-ceaa-4134-aa02-146fceff6b1c\",\"displayName\":\"App\\\\Jobs\\\\LogActivityJob\",\"job\":\"Illuminate\\\\Queue\\\\CallQueuedHandler@call\",\"maxTries\":null,\"maxExceptions\":null,\"failOnTimeout\":false,\"backoff\":null,\"timeout\":null,\"retryUntil\":null,\"data\":{\"commandName\":\"App\\\\Jobs\\\\LogActivityJob\",\"command\":\"O:23:\\\"App\\\\Jobs\\\\LogActivityJob\\\":1:{s:7:\\\"\\u0000*\\u0000data\\\";a:12:{s:6:\\\"action\\\";s:10:\\\"تعديل\\\";s:12:\\\"subject_type\\\";s:15:\\\"App\\\\Models\\\\User\\\";s:10:\\\"subject_id\\\";i:5;s:10:\\\"old_values\\\";a:2:{s:10:\\\"company_id\\\";i:10;s:10:\\\"updated_at\\\";O:25:\\\"Illuminate\\\\Support\\\\Carbon\\\":4:{s:4:\\\"date\\\";s:26:\\\"2026-02-05 11:02:39.000000\\\";s:13:\\\"timezone_type\\\";i:3;s:8:\\\"timezone\\\";s:3:\\\"UTC\\\";s:18:\\\"dumpDateProperties\\\";a:2:{s:4:\\\"date\\\";s:26:\\\"2026-02-05 11:02:39.000000\\\";s:8:\\\"timezone\\\";s:3:\\\"UTC\\\";}}}s:10:\\\"new_values\\\";a:2:{s:10:\\\"company_id\\\";i:2;s:10:\\\"updated_at\\\";s:19:\\\"2026-02-05 11:03:11\\\";}s:7:\\\"user_id\\\";i:5;s:10:\\\"created_by\\\";i:5;s:10:\\\"company_id\\\";i:10;s:10:\\\"ip_address\\\";s:14:\\\"162.19.230.228\\\";s:10:\\\"user_agent\\\";s:111:\\\"Mozilla\\/5.0 (Linux; Android 10; K) AppleWebKit\\/537.36 (KHTML, like Gecko) Chrome\\/144.0.0.0 Mobile Safari\\/537.36\\\";s:3:\\\"url\\\";s:21:\\\"\\/api\\/change-company\\/5\\\";s:11:\\\"description\\\";s:83:\\\"قام المستخدم ابو ندي بتعديل المستخدم (ابو ندي)\\\";}}\"}}', 0, NULL, 1770289391, 1770289391),
(6, 'default', '{\"uuid\":\"f14c24aa-ffcf-48a1-93cc-fe1959844887\",\"displayName\":\"App\\\\Jobs\\\\LogActivityJob\",\"job\":\"Illuminate\\\\Queue\\\\CallQueuedHandler@call\",\"maxTries\":null,\"maxExceptions\":null,\"failOnTimeout\":false,\"backoff\":null,\"timeout\":null,\"retryUntil\":null,\"data\":{\"commandName\":\"App\\\\Jobs\\\\LogActivityJob\",\"command\":\"O:23:\\\"App\\\\Jobs\\\\LogActivityJob\\\":1:{s:7:\\\"\\u0000*\\u0000data\\\";a:12:{s:6:\\\"action\\\";s:10:\\\"تعديل\\\";s:12:\\\"subject_type\\\";s:15:\\\"App\\\\Models\\\\User\\\";s:10:\\\"subject_id\\\";i:1;s:10:\\\"old_values\\\";a:2:{s:10:\\\"company_id\\\";i:2;s:10:\\\"updated_at\\\";O:25:\\\"Illuminate\\\\Support\\\\Carbon\\\":4:{s:4:\\\"date\\\";s:26:\\\"2026-02-05 05:35:46.000000\\\";s:13:\\\"timezone_type\\\";i:3;s:8:\\\"timezone\\\";s:3:\\\"UTC\\\";s:18:\\\"dumpDateProperties\\\";a:2:{s:4:\\\"date\\\";s:26:\\\"2026-02-05 05:35:46.000000\\\";s:8:\\\"timezone\\\";s:3:\\\"UTC\\\";}}}s:10:\\\"new_values\\\";a:2:{s:10:\\\"company_id\\\";i:10;s:10:\\\"updated_at\\\";s:19:\\\"2026-02-05 11:04:10\\\";}s:7:\\\"user_id\\\";i:1;s:10:\\\"created_by\\\";i:1;s:10:\\\"company_id\\\";i:2;s:10:\\\"ip_address\\\";s:14:\\\"162.19.230.228\\\";s:10:\\\"user_agent\\\";s:101:\\\"Mozilla\\/5.0 (X11; Linux x86_64) AppleWebKit\\/537.36 (KHTML, like Gecko) Chrome\\/144.0.0.0 Safari\\/537.36\\\";s:3:\\\"url\\\";s:21:\\\"\\/api\\/change-company\\/1\\\";s:11:\\\"description\\\";s:81:\\\"قام المستخدم System Owner بتعديل المستخدم (System Owner)\\\";}}\"}}', 0, NULL, 1770289450, 1770289450),
(7, 'default', '{\"uuid\":\"6fe95e71-8724-493a-a595-bc0fdd3288c9\",\"displayName\":\"App\\\\Jobs\\\\LogActivityJob\",\"job\":\"Illuminate\\\\Queue\\\\CallQueuedHandler@call\",\"maxTries\":null,\"maxExceptions\":null,\"failOnTimeout\":false,\"backoff\":null,\"timeout\":null,\"retryUntil\":null,\"data\":{\"commandName\":\"App\\\\Jobs\\\\LogActivityJob\",\"command\":\"O:23:\\\"App\\\\Jobs\\\\LogActivityJob\\\":1:{s:7:\\\"\\u0000*\\u0000data\\\";a:12:{s:6:\\\"action\\\";s:10:\\\"انشاء\\\";s:12:\\\"subject_type\\\";s:18:\\\"App\\\\Models\\\\CashBox\\\";s:10:\\\"subject_id\\\";i:956;s:10:\\\"old_values\\\";N;s:10:\\\"new_values\\\";a:13:{s:7:\\\"user_id\\\";i:1;s:10:\\\"company_id\\\";i:10;s:16:\\\"cash_box_type_id\\\";i:1;s:10:\\\"is_default\\\";b:1;s:4:\\\"name\\\";s:27:\\\"الخزنة النقدية\\\";s:7:\\\"balance\\\";i:0;s:10:\\\"created_by\\\";i:1;s:9:\\\"is_active\\\";b:1;s:11:\\\"description\\\";s:107:\\\"تم إنشاؤها تلقائيًا مع ارتباط المستخدم بشركة: مكتبه ابوندي\\\";s:14:\\\"account_number\\\";N;s:10:\\\"updated_at\\\";s:19:\\\"2026-02-05 11:04:10\\\";s:10:\\\"created_at\\\";s:19:\\\"2026-02-05 11:04:10\\\";s:2:\\\"id\\\";i:956;}s:7:\\\"user_id\\\";i:1;s:10:\\\"created_by\\\";i:1;s:10:\\\"company_id\\\";i:2;s:10:\\\"ip_address\\\";s:14:\\\"162.19.230.228\\\";s:10:\\\"user_agent\\\";s:101:\\\"Mozilla\\/5.0 (X11; Linux x86_64) AppleWebKit\\/537.36 (KHTML, like Gecko) Chrome\\/144.0.0.0 Safari\\/537.36\\\";s:3:\\\"url\\\";s:21:\\\"\\/api\\/change-company\\/1\\\";s:11:\\\"description\\\";s:94:\\\"قام المستخدم System Owner بانشاء الصندوق (الخزنة النقدية)\\\";}}\"}}', 0, NULL, 1770289450, 1770289450),
(8, 'default', '{\"uuid\":\"63e86b7b-6b28-4001-93a6-f9bd9cd386c0\",\"displayName\":\"App\\\\Jobs\\\\LogActivityJob\",\"job\":\"Illuminate\\\\Queue\\\\CallQueuedHandler@call\",\"maxTries\":null,\"maxExceptions\":null,\"failOnTimeout\":false,\"backoff\":null,\"timeout\":null,\"retryUntil\":null,\"data\":{\"commandName\":\"App\\\\Jobs\\\\LogActivityJob\",\"command\":\"O:23:\\\"App\\\\Jobs\\\\LogActivityJob\\\":1:{s:7:\\\"\\u0000*\\u0000data\\\";a:12:{s:6:\\\"action\\\";s:10:\\\"انشاء\\\";s:12:\\\"subject_type\\\";s:18:\\\"App\\\\Models\\\\CashBox\\\";s:10:\\\"subject_id\\\";i:957;s:10:\\\"old_values\\\";N;s:10:\\\"new_values\\\";a:13:{s:7:\\\"user_id\\\";i:92;s:10:\\\"company_id\\\";i:2;s:16:\\\"cash_box_type_id\\\";i:1;s:10:\\\"is_default\\\";b:1;s:4:\\\"name\\\";s:27:\\\"الخزنة النقدية\\\";s:7:\\\"balance\\\";i:0;s:10:\\\"created_by\\\";i:1;s:9:\\\"is_active\\\";b:1;s:11:\\\"description\\\";s:94:\\\"تم إنشاؤها تلقائيًا مع ارتباط المستخدم بشركة: اقساط\\\";s:14:\\\"account_number\\\";N;s:10:\\\"updated_at\\\";s:19:\\\"2026-02-05 11:13:03\\\";s:10:\\\"created_at\\\";s:19:\\\"2026-02-05 11:13:03\\\";s:2:\\\"id\\\";i:957;}s:7:\\\"user_id\\\";i:1;s:10:\\\"created_by\\\";i:1;s:10:\\\"company_id\\\";i:10;s:10:\\\"ip_address\\\";s:14:\\\"162.19.230.228\\\";s:10:\\\"user_agent\\\";s:101:\\\"Mozilla\\/5.0 (X11; Linux x86_64) AppleWebKit\\/537.36 (KHTML, like Gecko) Chrome\\/144.0.0.0 Safari\\/537.36\\\";s:3:\\\"url\\\";s:13:\\\"\\/api\\/users\\/92\\\";s:11:\\\"description\\\";s:94:\\\"قام المستخدم System Owner بانشاء الصندوق (الخزنة النقدية)\\\";}}\"}}', 0, NULL, 1770289983, 1770289983),
(9, 'default', '{\"uuid\":\"c2c49880-70fc-4f63-94b6-000239d5223c\",\"displayName\":\"App\\\\Jobs\\\\LogActivityJob\",\"job\":\"Illuminate\\\\Queue\\\\CallQueuedHandler@call\",\"maxTries\":null,\"maxExceptions\":null,\"failOnTimeout\":false,\"backoff\":null,\"timeout\":null,\"retryUntil\":null,\"data\":{\"commandName\":\"App\\\\Jobs\\\\LogActivityJob\",\"command\":\"O:23:\\\"App\\\\Jobs\\\\LogActivityJob\\\":1:{s:7:\\\"\\u0000*\\u0000data\\\";a:12:{s:6:\\\"action\\\";s:10:\\\"تعديل\\\";s:12:\\\"subject_type\\\";s:15:\\\"App\\\\Models\\\\User\\\";s:10:\\\"subject_id\\\";i:1;s:10:\\\"old_values\\\";a:2:{s:10:\\\"company_id\\\";i:10;s:10:\\\"updated_at\\\";O:25:\\\"Illuminate\\\\Support\\\\Carbon\\\":4:{s:4:\\\"date\\\";s:26:\\\"2026-02-05 11:04:10.000000\\\";s:13:\\\"timezone_type\\\";i:3;s:8:\\\"timezone\\\";s:3:\\\"UTC\\\";s:18:\\\"dumpDateProperties\\\";a:2:{s:4:\\\"date\\\";s:26:\\\"2026-02-05 11:04:10.000000\\\";s:8:\\\"timezone\\\";s:3:\\\"UTC\\\";}}}s:10:\\\"new_values\\\";a:2:{s:10:\\\"company_id\\\";i:2;s:10:\\\"updated_at\\\";s:19:\\\"2026-02-05 11:29:15\\\";}s:7:\\\"user_id\\\";i:1;s:10:\\\"created_by\\\";i:1;s:10:\\\"company_id\\\";i:10;s:10:\\\"ip_address\\\";s:14:\\\"162.19.230.228\\\";s:10:\\\"user_agent\\\";s:101:\\\"Mozilla\\/5.0 (X11; Linux x86_64) AppleWebKit\\/537.36 (KHTML, like Gecko) Chrome\\/144.0.0.0 Safari\\/537.36\\\";s:3:\\\"url\\\";s:21:\\\"\\/api\\/change-company\\/1\\\";s:11:\\\"description\\\";s:81:\\\"قام المستخدم System Owner بتعديل المستخدم (System Owner)\\\";}}\"}}', 0, NULL, 1770290955, 1770290955),
(10, 'default', '{\"uuid\":\"058c02b4-c257-4b63-b822-13e11a43ad2c\",\"displayName\":\"App\\\\Jobs\\\\LogActivityJob\",\"job\":\"Illuminate\\\\Queue\\\\CallQueuedHandler@call\",\"maxTries\":null,\"maxExceptions\":null,\"failOnTimeout\":false,\"backoff\":null,\"timeout\":null,\"retryUntil\":null,\"data\":{\"commandName\":\"App\\\\Jobs\\\\LogActivityJob\",\"command\":\"O:23:\\\"App\\\\Jobs\\\\LogActivityJob\\\":1:{s:7:\\\"\\u0000*\\u0000data\\\";a:12:{s:6:\\\"action\\\";s:10:\\\"تعديل\\\";s:12:\\\"subject_type\\\";s:15:\\\"App\\\\Models\\\\User\\\";s:10:\\\"subject_id\\\";i:5;s:10:\\\"old_values\\\";a:2:{s:10:\\\"company_id\\\";i:2;s:10:\\\"updated_at\\\";O:25:\\\"Illuminate\\\\Support\\\\Carbon\\\":4:{s:4:\\\"date\\\";s:26:\\\"2026-02-05 11:03:11.000000\\\";s:13:\\\"timezone_type\\\";i:3;s:8:\\\"timezone\\\";s:3:\\\"UTC\\\";s:18:\\\"dumpDateProperties\\\";a:2:{s:4:\\\"date\\\";s:26:\\\"2026-02-05 11:03:11.000000\\\";s:8:\\\"timezone\\\";s:3:\\\"UTC\\\";}}}s:10:\\\"new_values\\\";a:2:{s:10:\\\"company_id\\\";i:10;s:10:\\\"updated_at\\\";s:19:\\\"2026-02-05 12:55:31\\\";}s:7:\\\"user_id\\\";i:5;s:10:\\\"created_by\\\";i:5;s:10:\\\"company_id\\\";i:2;s:10:\\\"ip_address\\\";s:12:\\\"156.211.35.8\\\";s:10:\\\"user_agent\\\";s:111:\\\"Mozilla\\/5.0 (Windows NT 10.0; Win64; x64) AppleWebKit\\/537.36 (KHTML, like Gecko) Chrome\\/144.0.0.0 Safari\\/537.36\\\";s:3:\\\"url\\\";s:21:\\\"\\/api\\/change-company\\/5\\\";s:11:\\\"description\\\";s:83:\\\"قام المستخدم ابو ندي بتعديل المستخدم (ابو ندي)\\\";}}\"}}', 0, NULL, 1770296131, 1770296131),
(11, 'default', '{\"uuid\":\"e7e6bada-7619-42dc-b0d6-3611a81bf2fa\",\"displayName\":\"App\\\\Jobs\\\\LogActivityJob\",\"job\":\"Illuminate\\\\Queue\\\\CallQueuedHandler@call\",\"maxTries\":null,\"maxExceptions\":null,\"failOnTimeout\":false,\"backoff\":null,\"timeout\":null,\"retryUntil\":null,\"data\":{\"commandName\":\"App\\\\Jobs\\\\LogActivityJob\",\"command\":\"O:23:\\\"App\\\\Jobs\\\\LogActivityJob\\\":1:{s:7:\\\"\\u0000*\\u0000data\\\";a:12:{s:6:\\\"action\\\";s:10:\\\"تعديل\\\";s:12:\\\"subject_type\\\";s:15:\\\"App\\\\Models\\\\User\\\";s:10:\\\"subject_id\\\";i:5;s:10:\\\"old_values\\\";a:2:{s:10:\\\"company_id\\\";i:10;s:10:\\\"updated_at\\\";O:25:\\\"Illuminate\\\\Support\\\\Carbon\\\":4:{s:4:\\\"date\\\";s:26:\\\"2026-02-05 12:55:31.000000\\\";s:13:\\\"timezone_type\\\";i:3;s:8:\\\"timezone\\\";s:3:\\\"UTC\\\";s:18:\\\"dumpDateProperties\\\";a:2:{s:4:\\\"date\\\";s:26:\\\"2026-02-05 12:55:31.000000\\\";s:8:\\\"timezone\\\";s:3:\\\"UTC\\\";}}}s:10:\\\"new_values\\\";a:2:{s:10:\\\"company_id\\\";i:2;s:10:\\\"updated_at\\\";s:19:\\\"2026-02-05 12:55:37\\\";}s:7:\\\"user_id\\\";i:5;s:10:\\\"created_by\\\";i:5;s:10:\\\"company_id\\\";i:10;s:10:\\\"ip_address\\\";s:12:\\\"156.211.35.8\\\";s:10:\\\"user_agent\\\";s:111:\\\"Mozilla\\/5.0 (Windows NT 10.0; Win64; x64) AppleWebKit\\/537.36 (KHTML, like Gecko) Chrome\\/144.0.0.0 Safari\\/537.36\\\";s:3:\\\"url\\\";s:21:\\\"\\/api\\/change-company\\/5\\\";s:11:\\\"description\\\";s:83:\\\"قام المستخدم ابو ندي بتعديل المستخدم (ابو ندي)\\\";}}\"}}', 0, NULL, 1770296137, 1770296137),
(12, 'default', '{\"uuid\":\"bb6e60b3-adeb-44e7-8cd2-8e0aeb287a8a\",\"displayName\":\"App\\\\Jobs\\\\LogActivityJob\",\"job\":\"Illuminate\\\\Queue\\\\CallQueuedHandler@call\",\"maxTries\":null,\"maxExceptions\":null,\"failOnTimeout\":false,\"backoff\":null,\"timeout\":null,\"retryUntil\":null,\"data\":{\"commandName\":\"App\\\\Jobs\\\\LogActivityJob\",\"command\":\"O:23:\\\"App\\\\Jobs\\\\LogActivityJob\\\":1:{s:7:\\\"\\u0000*\\u0000data\\\";a:12:{s:6:\\\"action\\\";s:10:\\\"تعديل\\\";s:12:\\\"subject_type\\\";s:15:\\\"App\\\\Models\\\\User\\\";s:10:\\\"subject_id\\\";i:5;s:10:\\\"old_values\\\";a:2:{s:10:\\\"company_id\\\";i:2;s:10:\\\"updated_at\\\";O:25:\\\"Illuminate\\\\Support\\\\Carbon\\\":4:{s:4:\\\"date\\\";s:26:\\\"2026-02-05 12:55:37.000000\\\";s:13:\\\"timezone_type\\\";i:3;s:8:\\\"timezone\\\";s:3:\\\"UTC\\\";s:18:\\\"dumpDateProperties\\\";a:2:{s:4:\\\"date\\\";s:26:\\\"2026-02-05 12:55:37.000000\\\";s:8:\\\"timezone\\\";s:3:\\\"UTC\\\";}}}s:10:\\\"new_values\\\";a:2:{s:10:\\\"company_id\\\";i:10;s:10:\\\"updated_at\\\";s:19:\\\"2026-02-05 12:56:19\\\";}s:7:\\\"user_id\\\";i:5;s:10:\\\"created_by\\\";i:5;s:10:\\\"company_id\\\";i:2;s:10:\\\"ip_address\\\";s:12:\\\"156.211.35.8\\\";s:10:\\\"user_agent\\\";s:111:\\\"Mozilla\\/5.0 (Windows NT 10.0; Win64; x64) AppleWebKit\\/537.36 (KHTML, like Gecko) Chrome\\/144.0.0.0 Safari\\/537.36\\\";s:3:\\\"url\\\";s:21:\\\"\\/api\\/change-company\\/5\\\";s:11:\\\"description\\\";s:83:\\\"قام المستخدم ابو ندي بتعديل المستخدم (ابو ندي)\\\";}}\"}}', 0, NULL, 1770296179, 1770296179),
(13, 'default', '{\"uuid\":\"94ffa1fc-8584-4a9c-b496-a250743a30a7\",\"displayName\":\"App\\\\Jobs\\\\LogActivityJob\",\"job\":\"Illuminate\\\\Queue\\\\CallQueuedHandler@call\",\"maxTries\":null,\"maxExceptions\":null,\"failOnTimeout\":false,\"backoff\":null,\"timeout\":null,\"retryUntil\":null,\"data\":{\"commandName\":\"App\\\\Jobs\\\\LogActivityJob\",\"command\":\"O:23:\\\"App\\\\Jobs\\\\LogActivityJob\\\":1:{s:7:\\\"\\u0000*\\u0000data\\\";a:12:{s:6:\\\"action\\\";s:10:\\\"تعديل\\\";s:12:\\\"subject_type\\\";s:15:\\\"App\\\\Models\\\\User\\\";s:10:\\\"subject_id\\\";i:5;s:10:\\\"old_values\\\";a:2:{s:10:\\\"company_id\\\";i:10;s:10:\\\"updated_at\\\";O:25:\\\"Illuminate\\\\Support\\\\Carbon\\\":4:{s:4:\\\"date\\\";s:26:\\\"2026-02-05 12:56:19.000000\\\";s:13:\\\"timezone_type\\\";i:3;s:8:\\\"timezone\\\";s:3:\\\"UTC\\\";s:18:\\\"dumpDateProperties\\\";a:2:{s:4:\\\"date\\\";s:26:\\\"2026-02-05 12:56:19.000000\\\";s:8:\\\"timezone\\\";s:3:\\\"UTC\\\";}}}s:10:\\\"new_values\\\";a:2:{s:10:\\\"company_id\\\";i:2;s:10:\\\"updated_at\\\";s:19:\\\"2026-02-05 12:56:32\\\";}s:7:\\\"user_id\\\";i:5;s:10:\\\"created_by\\\";i:5;s:10:\\\"company_id\\\";i:10;s:10:\\\"ip_address\\\";s:12:\\\"156.211.35.8\\\";s:10:\\\"user_agent\\\";s:111:\\\"Mozilla\\/5.0 (Windows NT 10.0; Win64; x64) AppleWebKit\\/537.36 (KHTML, like Gecko) Chrome\\/144.0.0.0 Safari\\/537.36\\\";s:3:\\\"url\\\";s:21:\\\"\\/api\\/change-company\\/5\\\";s:11:\\\"description\\\";s:83:\\\"قام المستخدم ابو ندي بتعديل المستخدم (ابو ندي)\\\";}}\"}}', 0, NULL, 1770296192, 1770296192),
(14, 'default', '{\"uuid\":\"3060c72f-22c4-45d7-9ee2-ce86720d2f9a\",\"displayName\":\"App\\\\Jobs\\\\LogActivityJob\",\"job\":\"Illuminate\\\\Queue\\\\CallQueuedHandler@call\",\"maxTries\":null,\"maxExceptions\":null,\"failOnTimeout\":false,\"backoff\":null,\"timeout\":null,\"retryUntil\":null,\"data\":{\"commandName\":\"App\\\\Jobs\\\\LogActivityJob\",\"command\":\"O:23:\\\"App\\\\Jobs\\\\LogActivityJob\\\":1:{s:7:\\\"\\u0000*\\u0000data\\\";a:12:{s:6:\\\"action\\\";s:10:\\\"تعديل\\\";s:12:\\\"subject_type\\\";s:15:\\\"App\\\\Models\\\\User\\\";s:10:\\\"subject_id\\\";i:5;s:10:\\\"old_values\\\";a:2:{s:10:\\\"company_id\\\";i:2;s:10:\\\"updated_at\\\";O:25:\\\"Illuminate\\\\Support\\\\Carbon\\\":4:{s:4:\\\"date\\\";s:26:\\\"2026-02-05 12:56:32.000000\\\";s:13:\\\"timezone_type\\\";i:3;s:8:\\\"timezone\\\";s:3:\\\"UTC\\\";s:18:\\\"dumpDateProperties\\\";a:2:{s:4:\\\"date\\\";s:26:\\\"2026-02-05 12:56:32.000000\\\";s:8:\\\"timezone\\\";s:3:\\\"UTC\\\";}}}s:10:\\\"new_values\\\";a:2:{s:10:\\\"company_id\\\";i:10;s:10:\\\"updated_at\\\";s:19:\\\"2026-02-06 14:45:53\\\";}s:7:\\\"user_id\\\";i:5;s:10:\\\"created_by\\\";i:5;s:10:\\\"company_id\\\";i:2;s:10:\\\"ip_address\\\";s:14:\\\"162.19.230.228\\\";s:10:\\\"user_agent\\\";s:101:\\\"Mozilla\\/5.0 (X11; Linux x86_64) AppleWebKit\\/537.36 (KHTML, like Gecko) Chrome\\/144.0.0.0 Safari\\/537.36\\\";s:3:\\\"url\\\";s:21:\\\"\\/api\\/change-company\\/5\\\";s:11:\\\"description\\\";s:83:\\\"قام المستخدم ابو ندي بتعديل المستخدم (ابو ندي)\\\";}}\"}}', 0, NULL, 1770389153, 1770389153),
(15, 'default', '{\"uuid\":\"70abe214-3470-4823-941f-36fc0f0fe7db\",\"displayName\":\"App\\\\Jobs\\\\LogActivityJob\",\"job\":\"Illuminate\\\\Queue\\\\CallQueuedHandler@call\",\"maxTries\":null,\"maxExceptions\":null,\"failOnTimeout\":false,\"backoff\":null,\"timeout\":null,\"retryUntil\":null,\"data\":{\"commandName\":\"App\\\\Jobs\\\\LogActivityJob\",\"command\":\"O:23:\\\"App\\\\Jobs\\\\LogActivityJob\\\":1:{s:7:\\\"\\u0000*\\u0000data\\\";a:12:{s:6:\\\"action\\\";s:10:\\\"تعديل\\\";s:12:\\\"subject_type\\\";s:15:\\\"App\\\\Models\\\\User\\\";s:10:\\\"subject_id\\\";i:1;s:10:\\\"old_values\\\";a:2:{s:10:\\\"company_id\\\";i:2;s:10:\\\"updated_at\\\";O:25:\\\"Illuminate\\\\Support\\\\Carbon\\\":4:{s:4:\\\"date\\\";s:26:\\\"2026-02-05 11:29:15.000000\\\";s:13:\\\"timezone_type\\\";i:3;s:8:\\\"timezone\\\";s:3:\\\"UTC\\\";s:18:\\\"dumpDateProperties\\\";a:2:{s:4:\\\"date\\\";s:26:\\\"2026-02-05 11:29:15.000000\\\";s:8:\\\"timezone\\\";s:3:\\\"UTC\\\";}}}s:10:\\\"new_values\\\";a:2:{s:10:\\\"company_id\\\";i:1;s:10:\\\"updated_at\\\";s:19:\\\"2026-02-06 14:48:41\\\";}s:7:\\\"user_id\\\";i:1;s:10:\\\"created_by\\\";i:1;s:10:\\\"company_id\\\";i:2;s:10:\\\"ip_address\\\";s:14:\\\"162.19.230.228\\\";s:10:\\\"user_agent\\\";s:101:\\\"Mozilla\\/5.0 (X11; Linux x86_64) AppleWebKit\\/537.36 (KHTML, like Gecko) Chrome\\/144.0.0.0 Safari\\/537.36\\\";s:3:\\\"url\\\";s:21:\\\"\\/api\\/change-company\\/1\\\";s:11:\\\"description\\\";s:81:\\\"قام المستخدم System Owner بتعديل المستخدم (System Owner)\\\";}}\"}}', 0, NULL, 1770389321, 1770389321),
(16, 'default', '{\"uuid\":\"af2a62ed-22c9-4c4d-986a-7b6cdd2621be\",\"displayName\":\"App\\\\Jobs\\\\LogActivityJob\",\"job\":\"Illuminate\\\\Queue\\\\CallQueuedHandler@call\",\"maxTries\":null,\"maxExceptions\":null,\"failOnTimeout\":false,\"backoff\":null,\"timeout\":null,\"retryUntil\":null,\"data\":{\"commandName\":\"App\\\\Jobs\\\\LogActivityJob\",\"command\":\"O:23:\\\"App\\\\Jobs\\\\LogActivityJob\\\":1:{s:7:\\\"\\u0000*\\u0000data\\\";a:12:{s:6:\\\"action\\\";s:10:\\\"تعديل\\\";s:12:\\\"subject_type\\\";s:15:\\\"App\\\\Models\\\\User\\\";s:10:\\\"subject_id\\\";i:1;s:10:\\\"old_values\\\";a:2:{s:10:\\\"company_id\\\";i:1;s:10:\\\"updated_at\\\";O:25:\\\"Illuminate\\\\Support\\\\Carbon\\\":4:{s:4:\\\"date\\\";s:26:\\\"2026-02-06 14:48:41.000000\\\";s:13:\\\"timezone_type\\\";i:3;s:8:\\\"timezone\\\";s:3:\\\"UTC\\\";s:18:\\\"dumpDateProperties\\\";a:2:{s:4:\\\"date\\\";s:26:\\\"2026-02-06 14:48:41.000000\\\";s:8:\\\"timezone\\\";s:3:\\\"UTC\\\";}}}s:10:\\\"new_values\\\";a:2:{s:10:\\\"company_id\\\";i:9;s:10:\\\"updated_at\\\";s:19:\\\"2026-02-06 14:48:49\\\";}s:7:\\\"user_id\\\";i:1;s:10:\\\"created_by\\\";i:1;s:10:\\\"company_id\\\";i:1;s:10:\\\"ip_address\\\";s:14:\\\"162.19.230.228\\\";s:10:\\\"user_agent\\\";s:101:\\\"Mozilla\\/5.0 (X11; Linux x86_64) AppleWebKit\\/537.36 (KHTML, like Gecko) Chrome\\/144.0.0.0 Safari\\/537.36\\\";s:3:\\\"url\\\";s:21:\\\"\\/api\\/change-company\\/1\\\";s:11:\\\"description\\\";s:81:\\\"قام المستخدم System Owner بتعديل المستخدم (System Owner)\\\";}}\"}}', 0, NULL, 1770389329, 1770389329),
(17, 'default', '{\"uuid\":\"2eec7a24-df44-4b84-81d8-62139d958c4c\",\"displayName\":\"App\\\\Jobs\\\\LogActivityJob\",\"job\":\"Illuminate\\\\Queue\\\\CallQueuedHandler@call\",\"maxTries\":null,\"maxExceptions\":null,\"failOnTimeout\":false,\"backoff\":null,\"timeout\":null,\"retryUntil\":null,\"data\":{\"commandName\":\"App\\\\Jobs\\\\LogActivityJob\",\"command\":\"O:23:\\\"App\\\\Jobs\\\\LogActivityJob\\\":1:{s:7:\\\"\\u0000*\\u0000data\\\";a:12:{s:6:\\\"action\\\";s:10:\\\"تعديل\\\";s:12:\\\"subject_type\\\";s:15:\\\"App\\\\Models\\\\User\\\";s:10:\\\"subject_id\\\";i:1;s:10:\\\"old_values\\\";a:2:{s:10:\\\"company_id\\\";i:9;s:10:\\\"updated_at\\\";O:25:\\\"Illuminate\\\\Support\\\\Carbon\\\":4:{s:4:\\\"date\\\";s:26:\\\"2026-02-06 14:48:49.000000\\\";s:13:\\\"timezone_type\\\";i:3;s:8:\\\"timezone\\\";s:3:\\\"UTC\\\";s:18:\\\"dumpDateProperties\\\";a:2:{s:4:\\\"date\\\";s:26:\\\"2026-02-06 14:48:49.000000\\\";s:8:\\\"timezone\\\";s:3:\\\"UTC\\\";}}}s:10:\\\"new_values\\\";a:2:{s:10:\\\"company_id\\\";i:10;s:10:\\\"updated_at\\\";s:19:\\\"2026-02-06 14:49:17\\\";}s:7:\\\"user_id\\\";i:1;s:10:\\\"created_by\\\";i:1;s:10:\\\"company_id\\\";i:9;s:10:\\\"ip_address\\\";s:14:\\\"162.19.230.228\\\";s:10:\\\"user_agent\\\";s:101:\\\"Mozilla\\/5.0 (X11; Linux x86_64) AppleWebKit\\/537.36 (KHTML, like Gecko) Chrome\\/144.0.0.0 Safari\\/537.36\\\";s:3:\\\"url\\\";s:21:\\\"\\/api\\/change-company\\/1\\\";s:11:\\\"description\\\";s:81:\\\"قام المستخدم System Owner بتعديل المستخدم (System Owner)\\\";}}\"}}', 0, NULL, 1770389357, 1770389357),
(18, 'default', '{\"uuid\":\"c70571ef-de23-4ef9-89b9-3da2c075d9e4\",\"displayName\":\"App\\\\Jobs\\\\LogActivityJob\",\"job\":\"Illuminate\\\\Queue\\\\CallQueuedHandler@call\",\"maxTries\":null,\"maxExceptions\":null,\"failOnTimeout\":false,\"backoff\":null,\"timeout\":null,\"retryUntil\":null,\"data\":{\"commandName\":\"App\\\\Jobs\\\\LogActivityJob\",\"command\":\"O:23:\\\"App\\\\Jobs\\\\LogActivityJob\\\":1:{s:7:\\\"\\u0000*\\u0000data\\\";a:12:{s:6:\\\"action\\\";s:10:\\\"تعديل\\\";s:12:\\\"subject_type\\\";s:15:\\\"App\\\\Models\\\\User\\\";s:10:\\\"subject_id\\\";i:5;s:10:\\\"old_values\\\";a:2:{s:10:\\\"company_id\\\";i:10;s:10:\\\"updated_at\\\";O:25:\\\"Illuminate\\\\Support\\\\Carbon\\\":4:{s:4:\\\"date\\\";s:26:\\\"2026-02-06 14:45:53.000000\\\";s:13:\\\"timezone_type\\\";i:3;s:8:\\\"timezone\\\";s:3:\\\"UTC\\\";s:18:\\\"dumpDateProperties\\\";a:2:{s:4:\\\"date\\\";s:26:\\\"2026-02-06 14:45:53.000000\\\";s:8:\\\"timezone\\\";s:3:\\\"UTC\\\";}}}s:10:\\\"new_values\\\";a:2:{s:10:\\\"company_id\\\";i:2;s:10:\\\"updated_at\\\";s:19:\\\"2026-02-06 17:35:42\\\";}s:7:\\\"user_id\\\";i:5;s:10:\\\"created_by\\\";i:5;s:10:\\\"company_id\\\";i:10;s:10:\\\"ip_address\\\";s:14:\\\"162.19.230.228\\\";s:10:\\\"user_agent\\\";s:111:\\\"Mozilla\\/5.0 (Linux; Android 10; K) AppleWebKit\\/537.36 (KHTML, like Gecko) Chrome\\/144.0.0.0 Mobile Safari\\/537.36\\\";s:3:\\\"url\\\";s:21:\\\"\\/api\\/change-company\\/5\\\";s:11:\\\"description\\\";s:83:\\\"قام المستخدم ابو ندي بتعديل المستخدم (ابو ندي)\\\";}}\"}}', 0, NULL, 1770399342, 1770399342),
(19, 'default', '{\"uuid\":\"233b1bb1-bbd2-4f3f-bf46-3c8801bad98a\",\"displayName\":\"App\\\\Jobs\\\\LogActivityJob\",\"job\":\"Illuminate\\\\Queue\\\\CallQueuedHandler@call\",\"maxTries\":null,\"maxExceptions\":null,\"failOnTimeout\":false,\"backoff\":null,\"timeout\":null,\"retryUntil\":null,\"data\":{\"commandName\":\"App\\\\Jobs\\\\LogActivityJob\",\"command\":\"O:23:\\\"App\\\\Jobs\\\\LogActivityJob\\\":1:{s:7:\\\"\\u0000*\\u0000data\\\";a:12:{s:6:\\\"action\\\";s:10:\\\"انشاء\\\";s:12:\\\"subject_type\\\";s:29:\\\"App\\\\Models\\\\InstallmentPayment\\\";s:10:\\\"subject_id\\\";i:222;s:10:\\\"old_values\\\";N;s:10:\\\"new_values\\\";a:12:{s:19:\\\"installment_plan_id\\\";i:51;s:10:\\\"company_id\\\";i:2;s:10:\\\"created_by\\\";i:5;s:12:\\\"payment_date\\\";s:10:\\\"2026-02-07\\\";s:11:\\\"amount_paid\\\";i:0;s:14:\\\"payment_method\\\";s:8:\\\"نقدي\\\";s:5:\\\"notes\\\";s:0:\\\"\\\";s:11:\\\"cash_box_id\\\";i:1257;s:16:\\\"reference_number\\\";N;s:10:\\\"updated_at\\\";s:19:\\\"2026-02-07 10:58:54\\\";s:10:\\\"created_at\\\";s:19:\\\"2026-02-07 10:58:54\\\";s:2:\\\"id\\\";i:222;}s:7:\\\"user_id\\\";i:5;s:10:\\\"created_by\\\";i:5;s:10:\\\"company_id\\\";i:2;s:10:\\\"ip_address\\\";s:13:\\\"156.211.43.90\\\";s:10:\\\"user_agent\\\";s:111:\\\"Mozilla\\/5.0 (Windows NT 10.0; Win64; x64) AppleWebKit\\/537.36 (KHTML, like Gecko) Chrome\\/144.0.0.0 Safari\\/537.36\\\";s:3:\\\"url\\\";s:29:\\\"\\/api\\/installment-payments\\/pay\\\";s:11:\\\"description\\\";s:97:\\\"قام المستخدم ابو ندي بانشاء دفعة أقساط (2026-02-07) - مبلغ: 0\\\";}}\"}}', 0, NULL, 1770461934, 1770461934),
(20, 'default', '{\"uuid\":\"5836787b-21f7-481e-84d9-139b4d16636d\",\"displayName\":\"App\\\\Jobs\\\\LogActivityJob\",\"job\":\"Illuminate\\\\Queue\\\\CallQueuedHandler@call\",\"maxTries\":null,\"maxExceptions\":null,\"failOnTimeout\":false,\"backoff\":null,\"timeout\":null,\"retryUntil\":null,\"data\":{\"commandName\":\"App\\\\Jobs\\\\LogActivityJob\",\"command\":\"O:23:\\\"App\\\\Jobs\\\\LogActivityJob\\\":1:{s:7:\\\"\\u0000*\\u0000data\\\";a:12:{s:6:\\\"action\\\";s:10:\\\"تعديل\\\";s:12:\\\"subject_type\\\";s:22:\\\"App\\\\Models\\\\Installment\\\";s:10:\\\"subject_id\\\";i:575;s:10:\\\"old_values\\\";a:4:{s:6:\\\"status\\\";s:7:\\\"pending\\\";s:7:\\\"paid_at\\\";N;s:9:\\\"remaining\\\";s:6:\\\"310.00\\\";s:10:\\\"updated_at\\\";O:25:\\\"Illuminate\\\\Support\\\\Carbon\\\":4:{s:4:\\\"date\\\";s:26:\\\"2025-12-07 21:40:16.000000\\\";s:13:\\\"timezone_type\\\";i:3;s:8:\\\"timezone\\\";s:3:\\\"UTC\\\";s:18:\\\"dumpDateProperties\\\";a:2:{s:4:\\\"date\\\";s:26:\\\"2025-12-07 21:40:16.000000\\\";s:8:\\\"timezone\\\";s:3:\\\"UTC\\\";}}}s:10:\\\"new_values\\\";a:4:{s:6:\\\"status\\\";s:4:\\\"paid\\\";s:7:\\\"paid_at\\\";s:19:\\\"2026-02-07 00:00:00\\\";s:9:\\\"remaining\\\";s:4:\\\"0.00\\\";s:10:\\\"updated_at\\\";s:19:\\\"2026-02-07 10:58:54\\\";}s:7:\\\"user_id\\\";i:5;s:10:\\\"created_by\\\";i:5;s:10:\\\"company_id\\\";i:2;s:10:\\\"ip_address\\\";s:13:\\\"156.211.43.90\\\";s:10:\\\"user_agent\\\";s:111:\\\"Mozilla\\/5.0 (Windows NT 10.0; Win64; x64) AppleWebKit\\/537.36 (KHTML, like Gecko) Chrome\\/144.0.0.0 Safari\\/537.36\\\";s:3:\\\"url\\\";s:29:\\\"\\/api\\/installment-payments\\/pay\\\";s:11:\\\"description\\\";s:80:\\\"قام المستخدم ابو ندي بتعديل قسط (2) - مبلغ: 310.00\\\";}}\"}}', 0, NULL, 1770461934, 1770461934),
(21, 'default', '{\"uuid\":\"29d2f60f-7b06-4cf0-ab33-34723ae3f638\",\"displayName\":\"App\\\\Jobs\\\\LogActivityJob\",\"job\":\"Illuminate\\\\Queue\\\\CallQueuedHandler@call\",\"maxTries\":null,\"maxExceptions\":null,\"failOnTimeout\":false,\"backoff\":null,\"timeout\":null,\"retryUntil\":null,\"data\":{\"commandName\":\"App\\\\Jobs\\\\LogActivityJob\",\"command\":\"O:23:\\\"App\\\\Jobs\\\\LogActivityJob\\\":1:{s:7:\\\"\\u0000*\\u0000data\\\";a:12:{s:6:\\\"action\\\";s:10:\\\"انشاء\\\";s:12:\\\"subject_type\\\";s:35:\\\"App\\\\Models\\\\InstallmentPaymentDetail\\\";s:10:\\\"subject_id\\\";i:206;s:10:\\\"old_values\\\";N;s:10:\\\"new_values\\\";a:6:{s:22:\\\"installment_payment_id\\\";i:222;s:14:\\\"installment_id\\\";i:575;s:11:\\\"amount_paid\\\";d:310;s:10:\\\"updated_at\\\";s:19:\\\"2026-02-07 10:58:54\\\";s:10:\\\"created_at\\\";s:19:\\\"2026-02-07 10:58:54\\\";s:2:\\\"id\\\";i:206;}s:7:\\\"user_id\\\";i:5;s:10:\\\"created_by\\\";i:5;s:10:\\\"company_id\\\";i:2;s:10:\\\"ip_address\\\";s:13:\\\"156.211.43.90\\\";s:10:\\\"user_agent\\\";s:111:\\\"Mozilla\\/5.0 (Windows NT 10.0; Win64; x64) AppleWebKit\\/537.36 (KHTML, like Gecko) Chrome\\/144.0.0.0 Safari\\/537.36\\\";s:3:\\\"url\\\";s:29:\\\"\\/api\\/installment-payments\\/pay\\\";s:11:\\\"description\\\";s:99:\\\"قام المستخدم ابو ندي بانشاء تفاصيل دفعة قسط (2) - مبلغ: 310\\\";}}\"}}', 0, NULL, 1770461934, 1770461934),
(22, 'default', '{\"uuid\":\"8e39f3f4-fcb0-4df1-84f6-4ed55087b97c\",\"displayName\":\"App\\\\Jobs\\\\LogActivityJob\",\"job\":\"Illuminate\\\\Queue\\\\CallQueuedHandler@call\",\"maxTries\":null,\"maxExceptions\":null,\"failOnTimeout\":false,\"backoff\":null,\"timeout\":null,\"retryUntil\":null,\"data\":{\"commandName\":\"App\\\\Jobs\\\\LogActivityJob\",\"command\":\"O:23:\\\"App\\\\Jobs\\\\LogActivityJob\\\":1:{s:7:\\\"\\u0000*\\u0000data\\\";a:12:{s:6:\\\"action\\\";s:10:\\\"تعديل\\\";s:12:\\\"subject_type\\\";s:29:\\\"App\\\\Models\\\\InstallmentPayment\\\";s:10:\\\"subject_id\\\";i:222;s:10:\\\"old_values\\\";a:1:{s:11:\\\"amount_paid\\\";i:0;}s:10:\\\"new_values\\\";a:1:{s:11:\\\"amount_paid\\\";s:6:\\\"310.00\\\";}s:7:\\\"user_id\\\";i:5;s:10:\\\"created_by\\\";i:5;s:10:\\\"company_id\\\";i:2;s:10:\\\"ip_address\\\";s:13:\\\"156.211.43.90\\\";s:10:\\\"user_agent\\\";s:111:\\\"Mozilla\\/5.0 (Windows NT 10.0; Win64; x64) AppleWebKit\\/537.36 (KHTML, like Gecko) Chrome\\/144.0.0.0 Safari\\/537.36\\\";s:3:\\\"url\\\";s:29:\\\"\\/api\\/installment-payments\\/pay\\\";s:11:\\\"description\\\";s:102:\\\"قام المستخدم ابو ندي بتعديل دفعة أقساط (2026-02-07) - مبلغ: 310.00\\\";}}\"}}', 0, NULL, 1770461934, 1770461934),
(23, 'default', '{\"uuid\":\"10ec3367-4727-4d85-9782-249efafe97c7\",\"displayName\":\"App\\\\Jobs\\\\LogActivityJob\",\"job\":\"Illuminate\\\\Queue\\\\CallQueuedHandler@call\",\"maxTries\":null,\"maxExceptions\":null,\"failOnTimeout\":false,\"backoff\":null,\"timeout\":null,\"retryUntil\":null,\"data\":{\"commandName\":\"App\\\\Jobs\\\\LogActivityJob\",\"command\":\"O:23:\\\"App\\\\Jobs\\\\LogActivityJob\\\":1:{s:7:\\\"\\u0000*\\u0000data\\\";a:12:{s:6:\\\"action\\\";s:10:\\\"تعديل\\\";s:12:\\\"subject_type\\\";s:26:\\\"App\\\\Models\\\\InstallmentPlan\\\";s:10:\\\"subject_id\\\";i:51;s:10:\\\"old_values\\\";a:2:{s:16:\\\"remaining_amount\\\";s:7:\\\"1844.50\\\";s:10:\\\"updated_at\\\";O:25:\\\"Illuminate\\\\Support\\\\Carbon\\\":4:{s:4:\\\"date\\\";s:26:\\\"2025-12-31 21:51:12.000000\\\";s:13:\\\"timezone_type\\\";i:3;s:8:\\\"timezone\\\";s:3:\\\"UTC\\\";s:18:\\\"dumpDateProperties\\\";a:2:{s:4:\\\"date\\\";s:26:\\\"2025-12-31 21:51:12.000000\\\";s:8:\\\"timezone\\\";s:3:\\\"UTC\\\";}}}s:10:\\\"new_values\\\";a:2:{s:16:\\\"remaining_amount\\\";d:1534.5;s:10:\\\"updated_at\\\";s:19:\\\"2026-02-07 10:58:54\\\";}s:7:\\\"user_id\\\";i:5;s:10:\\\"created_by\\\";i:5;s:10:\\\"company_id\\\";i:2;s:10:\\\"ip_address\\\";s:13:\\\"156.211.43.90\\\";s:10:\\\"user_agent\\\";s:111:\\\"Mozilla\\/5.0 (Windows NT 10.0; Win64; x64) AppleWebKit\\/537.36 (KHTML, like Gecko) Chrome\\/144.0.0.0 Safari\\/537.36\\\";s:3:\\\"url\\\";s:29:\\\"\\/api\\/installment-payments\\/pay\\\";s:11:\\\"description\\\";s:108:\\\"قام المستخدم ابو ندي بتعديل خطة تقسيط () - إجمالي الصافي: 2144.50\\\";}}\"}}', 0, NULL, 1770461934, 1770461934),
(24, 'default', '{\"uuid\":\"bc2cda33-bdab-4cf8-96e2-9c8e2c970f36\",\"displayName\":\"App\\\\Jobs\\\\LogActivityJob\",\"job\":\"Illuminate\\\\Queue\\\\CallQueuedHandler@call\",\"maxTries\":null,\"maxExceptions\":null,\"failOnTimeout\":false,\"backoff\":null,\"timeout\":null,\"retryUntil\":null,\"data\":{\"commandName\":\"App\\\\Jobs\\\\LogActivityJob\",\"command\":\"O:23:\\\"App\\\\Jobs\\\\LogActivityJob\\\":1:{s:7:\\\"\\u0000*\\u0000data\\\";a:12:{s:6:\\\"action\\\";s:10:\\\"تعديل\\\";s:12:\\\"subject_type\\\";s:26:\\\"App\\\\Models\\\\InstallmentPlan\\\";s:10:\\\"subject_id\\\";i:51;s:10:\\\"old_values\\\";a:1:{s:6:\\\"status\\\";s:7:\\\"pending\\\";}s:10:\\\"new_values\\\";a:1:{s:6:\\\"status\\\";s:14:\\\"partially_paid\\\";}s:7:\\\"user_id\\\";i:5;s:10:\\\"created_by\\\";i:5;s:10:\\\"company_id\\\";i:2;s:10:\\\"ip_address\\\";s:13:\\\"156.211.43.90\\\";s:10:\\\"user_agent\\\";s:111:\\\"Mozilla\\/5.0 (Windows NT 10.0; Win64; x64) AppleWebKit\\/537.36 (KHTML, like Gecko) Chrome\\/144.0.0.0 Safari\\/537.36\\\";s:3:\\\"url\\\";s:29:\\\"\\/api\\/installment-payments\\/pay\\\";s:11:\\\"description\\\";s:108:\\\"قام المستخدم ابو ندي بتعديل خطة تقسيط () - إجمالي الصافي: 2144.50\\\";}}\"}}', 0, NULL, 1770461934, 1770461934),
(25, 'default', '{\"uuid\":\"f2db0614-e1d6-4ddc-8850-e63ba449dd49\",\"displayName\":\"App\\\\Jobs\\\\LogActivityJob\",\"job\":\"Illuminate\\\\Queue\\\\CallQueuedHandler@call\",\"maxTries\":null,\"maxExceptions\":null,\"failOnTimeout\":false,\"backoff\":null,\"timeout\":null,\"retryUntil\":null,\"data\":{\"commandName\":\"App\\\\Jobs\\\\LogActivityJob\",\"command\":\"O:23:\\\"App\\\\Jobs\\\\LogActivityJob\\\":1:{s:7:\\\"\\u0000*\\u0000data\\\";a:12:{s:6:\\\"action\\\";s:10:\\\"تعديل\\\";s:12:\\\"subject_type\\\";s:18:\\\"App\\\\Models\\\\CashBox\\\";s:10:\\\"subject_id\\\";i:1257;s:10:\\\"old_values\\\";a:2:{s:7:\\\"balance\\\";s:4:\\\"0.00\\\";s:10:\\\"updated_at\\\";O:25:\\\"Illuminate\\\\Support\\\\Carbon\\\":4:{s:4:\\\"date\\\";s:26:\\\"2026-02-07 09:49:47.000000\\\";s:13:\\\"timezone_type\\\";i:3;s:8:\\\"timezone\\\";s:3:\\\"UTC\\\";s:18:\\\"dumpDateProperties\\\";a:2:{s:4:\\\"date\\\";s:26:\\\"2026-02-07 09:49:47.000000\\\";s:8:\\\"timezone\\\";s:3:\\\"UTC\\\";}}}s:10:\\\"new_values\\\";a:2:{s:7:\\\"balance\\\";d:310;s:10:\\\"updated_at\\\";s:19:\\\"2026-02-07 10:58:54\\\";}s:7:\\\"user_id\\\";i:5;s:10:\\\"created_by\\\";i:5;s:10:\\\"company_id\\\";i:2;s:10:\\\"ip_address\\\";s:13:\\\"156.211.43.90\\\";s:10:\\\"user_agent\\\";s:111:\\\"Mozilla\\/5.0 (Windows NT 10.0; Win64; x64) AppleWebKit\\/537.36 (KHTML, like Gecko) Chrome\\/144.0.0.0 Safari\\/537.36\\\";s:3:\\\"url\\\";s:29:\\\"\\/api\\/installment-payments\\/pay\\\";s:11:\\\"description\\\";s:95:\\\"قام المستخدم ابو ندي بتعديل الصندوق (الخزنة النقدية)\\\";}}\"}}', 0, NULL, 1770461934, 1770461934),
(26, 'default', '{\"uuid\":\"e21842f4-2a74-4981-8739-036c4abdd805\",\"displayName\":\"App\\\\Jobs\\\\LogActivityJob\",\"job\":\"Illuminate\\\\Queue\\\\CallQueuedHandler@call\",\"maxTries\":null,\"maxExceptions\":null,\"failOnTimeout\":false,\"backoff\":null,\"timeout\":null,\"retryUntil\":null,\"data\":{\"commandName\":\"App\\\\Jobs\\\\LogActivityJob\",\"command\":\"O:23:\\\"App\\\\Jobs\\\\LogActivityJob\\\":1:{s:7:\\\"\\u0000*\\u0000data\\\";a:12:{s:6:\\\"action\\\";s:10:\\\"انشاء\\\";s:12:\\\"subject_type\\\";s:22:\\\"App\\\\Models\\\\Transaction\\\";s:10:\\\"subject_id\\\";i:1;s:10:\\\"old_values\\\";N;s:10:\\\"new_values\\\";a:12:{s:7:\\\"user_id\\\";i:5;s:10:\\\"cashbox_id\\\";i:1257;s:10:\\\"created_by\\\";i:5;s:10:\\\"company_id\\\";i:2;s:4:\\\"type\\\";s:7:\\\"deposit\\\";s:6:\\\"amount\\\";d:310;s:14:\\\"balance_before\\\";s:4:\\\"0.00\\\";s:13:\\\"balance_after\\\";d:310;s:11:\\\"description\\\";s:37:\\\"تحصيل أقساط - دفعة #222\\\";s:10:\\\"updated_at\\\";s:19:\\\"2026-02-07 10:58:54\\\";s:10:\\\"created_at\\\";s:19:\\\"2026-02-07 10:58:54\\\";s:2:\\\"id\\\";i:1;}s:7:\\\"user_id\\\";i:5;s:10:\\\"created_by\\\";i:5;s:10:\\\"company_id\\\";i:2;s:10:\\\"ip_address\\\";s:13:\\\"156.211.43.90\\\";s:10:\\\"user_agent\\\";s:111:\\\"Mozilla\\/5.0 (Windows NT 10.0; Win64; x64) AppleWebKit\\/537.36 (KHTML, like Gecko) Chrome\\/144.0.0.0 Safari\\/537.36\\\";s:3:\\\"url\\\";s:29:\\\"\\/api\\/installment-payments\\/pay\\\";s:11:\\\"description\\\";s:80:\\\"قام المستخدم ابو ندي بانشاء المعاملة #1 (deposit)\\\";}}\"}}', 0, NULL, 1770461934, 1770461934),
(27, 'default', '{\"uuid\":\"80b179f3-a838-4b1a-93dc-0851d6259064\",\"displayName\":\"App\\\\Jobs\\\\LogActivityJob\",\"job\":\"Illuminate\\\\Queue\\\\CallQueuedHandler@call\",\"maxTries\":null,\"maxExceptions\":null,\"failOnTimeout\":false,\"backoff\":null,\"timeout\":null,\"retryUntil\":null,\"data\":{\"commandName\":\"App\\\\Jobs\\\\LogActivityJob\",\"command\":\"O:23:\\\"App\\\\Jobs\\\\LogActivityJob\\\":1:{s:7:\\\"\\u0000*\\u0000data\\\";a:12:{s:6:\\\"action\\\";s:10:\\\"تعديل\\\";s:12:\\\"subject_type\\\";s:18:\\\"App\\\\Models\\\\CashBox\\\";s:10:\\\"subject_id\\\";i:1273;s:10:\\\"old_values\\\";a:2:{s:7:\\\"balance\\\";s:4:\\\"0.00\\\";s:10:\\\"updated_at\\\";O:25:\\\"Illuminate\\\\Support\\\\Carbon\\\":4:{s:4:\\\"date\\\";s:26:\\\"2026-02-07 09:49:47.000000\\\";s:13:\\\"timezone_type\\\";i:3;s:8:\\\"timezone\\\";s:3:\\\"UTC\\\";s:18:\\\"dumpDateProperties\\\";a:2:{s:4:\\\"date\\\";s:26:\\\"2026-02-07 09:49:47.000000\\\";s:8:\\\"timezone\\\";s:3:\\\"UTC\\\";}}}s:10:\\\"new_values\\\";a:2:{s:7:\\\"balance\\\";d:310;s:10:\\\"updated_at\\\";s:19:\\\"2026-02-07 10:58:54\\\";}s:7:\\\"user_id\\\";i:5;s:10:\\\"created_by\\\";i:5;s:10:\\\"company_id\\\";i:2;s:10:\\\"ip_address\\\";s:13:\\\"156.211.43.90\\\";s:10:\\\"user_agent\\\";s:111:\\\"Mozilla\\/5.0 (Windows NT 10.0; Win64; x64) AppleWebKit\\/537.36 (KHTML, like Gecko) Chrome\\/144.0.0.0 Safari\\/537.36\\\";s:3:\\\"url\\\";s:29:\\\"\\/api\\/installment-payments\\/pay\\\";s:11:\\\"description\\\";s:95:\\\"قام المستخدم ابو ندي بتعديل الصندوق (الخزنة النقدية)\\\";}}\"}}', 0, NULL, 1770461934, 1770461934),
(28, 'default', '{\"uuid\":\"f3767aa2-b765-4ae0-9ebc-68d744f329a3\",\"displayName\":\"App\\\\Jobs\\\\LogActivityJob\",\"job\":\"Illuminate\\\\Queue\\\\CallQueuedHandler@call\",\"maxTries\":null,\"maxExceptions\":null,\"failOnTimeout\":false,\"backoff\":null,\"timeout\":null,\"retryUntil\":null,\"data\":{\"commandName\":\"App\\\\Jobs\\\\LogActivityJob\",\"command\":\"O:23:\\\"App\\\\Jobs\\\\LogActivityJob\\\":1:{s:7:\\\"\\u0000*\\u0000data\\\";a:12:{s:6:\\\"action\\\";s:10:\\\"انشاء\\\";s:12:\\\"subject_type\\\";s:22:\\\"App\\\\Models\\\\Transaction\\\";s:10:\\\"subject_id\\\";i:2;s:10:\\\"old_values\\\";N;s:10:\\\"new_values\\\";a:12:{s:7:\\\"user_id\\\";i:35;s:10:\\\"cashbox_id\\\";i:1273;s:10:\\\"created_by\\\";i:5;s:10:\\\"company_id\\\";i:2;s:4:\\\"type\\\";s:7:\\\"deposit\\\";s:6:\\\"amount\\\";d:310;s:14:\\\"balance_before\\\";s:4:\\\"0.00\\\";s:13:\\\"balance_after\\\";d:310;s:11:\\\"description\\\";s:35:\\\"سداد أقساط - دفعة #222\\\";s:10:\\\"updated_at\\\";s:19:\\\"2026-02-07 10:58:54\\\";s:10:\\\"created_at\\\";s:19:\\\"2026-02-07 10:58:54\\\";s:2:\\\"id\\\";i:2;}s:7:\\\"user_id\\\";i:5;s:10:\\\"created_by\\\";i:5;s:10:\\\"company_id\\\";i:2;s:10:\\\"ip_address\\\";s:13:\\\"156.211.43.90\\\";s:10:\\\"user_agent\\\";s:111:\\\"Mozilla\\/5.0 (Windows NT 10.0; Win64; x64) AppleWebKit\\/537.36 (KHTML, like Gecko) Chrome\\/144.0.0.0 Safari\\/537.36\\\";s:3:\\\"url\\\";s:29:\\\"\\/api\\/installment-payments\\/pay\\\";s:11:\\\"description\\\";s:80:\\\"قام المستخدم ابو ندي بانشاء المعاملة #2 (deposit)\\\";}}\"}}', 0, NULL, 1770461934, 1770461934),
(29, 'default', '{\"uuid\":\"20e8b11b-80f6-4955-bb1a-db4e087b738c\",\"displayName\":\"App\\\\Jobs\\\\LogActivityJob\",\"job\":\"Illuminate\\\\Queue\\\\CallQueuedHandler@call\",\"maxTries\":null,\"maxExceptions\":null,\"failOnTimeout\":false,\"backoff\":null,\"timeout\":null,\"retryUntil\":null,\"data\":{\"commandName\":\"App\\\\Jobs\\\\LogActivityJob\",\"command\":\"O:23:\\\"App\\\\Jobs\\\\LogActivityJob\\\":1:{s:7:\\\"\\u0000*\\u0000data\\\";a:12:{s:6:\\\"action\\\";s:10:\\\"تعديل\\\";s:12:\\\"subject_type\\\";s:18:\\\"App\\\\Models\\\\Invoice\\\";s:10:\\\"subject_id\\\";i:82;s:10:\\\"old_values\\\";a:5:{s:11:\\\"paid_amount\\\";s:4:\\\"0.00\\\";s:16:\\\"remaining_amount\\\";s:7:\\\"1850.00\\\";s:14:\\\"payment_status\\\";s:6:\\\"unpaid\\\";s:10:\\\"updated_at\\\";O:25:\\\"Illuminate\\\\Support\\\\Carbon\\\":4:{s:4:\\\"date\\\";s:26:\\\"2025-12-07 21:40:16.000000\\\";s:13:\\\"timezone_type\\\";i:3;s:8:\\\"timezone\\\";s:3:\\\"UTC\\\";s:18:\\\"dumpDateProperties\\\";a:2:{s:4:\\\"date\\\";s:26:\\\"2025-12-07 21:40:16.000000\\\";s:8:\\\"timezone\\\";s:3:\\\"UTC\\\";}}s:10:\\\"updated_by\\\";N;}s:10:\\\"new_values\\\";a:5:{s:11:\\\"paid_amount\\\";d:310;s:16:\\\"remaining_amount\\\";d:1540;s:14:\\\"payment_status\\\";s:14:\\\"partially_paid\\\";s:10:\\\"updated_at\\\";s:19:\\\"2026-02-07 10:58:54\\\";s:10:\\\"updated_by\\\";i:5;}s:7:\\\"user_id\\\";i:5;s:10:\\\"created_by\\\";i:5;s:10:\\\"company_id\\\";i:2;s:10:\\\"ip_address\\\";s:13:\\\"156.211.43.90\\\";s:10:\\\"user_agent\\\";s:111:\\\"Mozilla\\/5.0 (Windows NT 10.0; Win64; x64) AppleWebKit\\/537.36 (KHTML, like Gecko) Chrome\\/144.0.0.0 Safari\\/537.36\\\";s:3:\\\"url\\\";s:29:\\\"\\/api\\/installment-payments\\/pay\\\";s:11:\\\"description\\\";s:93:\\\"قام المستخدم ابو ندي بتعديل الفاتورة (INS_SAL-251207-2-000038)\\\";}}\"}}', 0, NULL, 1770461934, 1770461934),
(30, 'default', '{\"uuid\":\"671577f7-a6c5-4485-9cbf-75a0c0a62aff\",\"displayName\":\"App\\\\Jobs\\\\LogActivityJob\",\"job\":\"Illuminate\\\\Queue\\\\CallQueuedHandler@call\",\"maxTries\":null,\"maxExceptions\":null,\"failOnTimeout\":false,\"backoff\":null,\"timeout\":null,\"retryUntil\":null,\"data\":{\"commandName\":\"App\\\\Jobs\\\\LogActivityJob\",\"command\":\"O:23:\\\"App\\\\Jobs\\\\LogActivityJob\\\":1:{s:7:\\\"\\u0000*\\u0000data\\\";a:12:{s:6:\\\"action\\\";s:10:\\\"انشاء\\\";s:12:\\\"subject_type\\\";s:29:\\\"App\\\\Models\\\\InstallmentPayment\\\";s:10:\\\"subject_id\\\";i:223;s:10:\\\"old_values\\\";N;s:10:\\\"new_values\\\";a:12:{s:19:\\\"installment_plan_id\\\";i:52;s:10:\\\"company_id\\\";i:2;s:10:\\\"created_by\\\";i:5;s:12:\\\"payment_date\\\";s:10:\\\"2026-02-07\\\";s:11:\\\"amount_paid\\\";i:0;s:14:\\\"payment_method\\\";s:8:\\\"نقدي\\\";s:5:\\\"notes\\\";s:0:\\\"\\\";s:11:\\\"cash_box_id\\\";i:1257;s:16:\\\"reference_number\\\";N;s:10:\\\"updated_at\\\";s:19:\\\"2026-02-07 10:59:40\\\";s:10:\\\"created_at\\\";s:19:\\\"2026-02-07 10:59:40\\\";s:2:\\\"id\\\";i:223;}s:7:\\\"user_id\\\";i:5;s:10:\\\"created_by\\\";i:5;s:10:\\\"company_id\\\";i:2;s:10:\\\"ip_address\\\";s:13:\\\"156.211.43.90\\\";s:10:\\\"user_agent\\\";s:111:\\\"Mozilla\\/5.0 (Windows NT 10.0; Win64; x64) AppleWebKit\\/537.36 (KHTML, like Gecko) Chrome\\/144.0.0.0 Safari\\/537.36\\\";s:3:\\\"url\\\";s:29:\\\"\\/api\\/installment-payments\\/pay\\\";s:11:\\\"description\\\";s:97:\\\"قام المستخدم ابو ندي بانشاء دفعة أقساط (2026-02-07) - مبلغ: 0\\\";}}\"}}', 0, NULL, 1770461980, 1770461980),
(31, 'default', '{\"uuid\":\"58ce78d6-83b8-4f4b-913d-378648922820\",\"displayName\":\"App\\\\Jobs\\\\LogActivityJob\",\"job\":\"Illuminate\\\\Queue\\\\CallQueuedHandler@call\",\"maxTries\":null,\"maxExceptions\":null,\"failOnTimeout\":false,\"backoff\":null,\"timeout\":null,\"retryUntil\":null,\"data\":{\"commandName\":\"App\\\\Jobs\\\\LogActivityJob\",\"command\":\"O:23:\\\"App\\\\Jobs\\\\LogActivityJob\\\":1:{s:7:\\\"\\u0000*\\u0000data\\\";a:12:{s:6:\\\"action\\\";s:10:\\\"تعديل\\\";s:12:\\\"subject_type\\\";s:22:\\\"App\\\\Models\\\\Installment\\\";s:10:\\\"subject_id\\\";i:582;s:10:\\\"old_values\\\";a:4:{s:6:\\\"status\\\";s:7:\\\"pending\\\";s:7:\\\"paid_at\\\";N;s:9:\\\"remaining\\\";s:6:\\\"830.00\\\";s:10:\\\"updated_at\\\";O:25:\\\"Illuminate\\\\Support\\\\Carbon\\\":4:{s:4:\\\"date\\\";s:26:\\\"2025-12-07 21:41:29.000000\\\";s:13:\\\"timezone_type\\\";i:3;s:8:\\\"timezone\\\";s:3:\\\"UTC\\\";s:18:\\\"dumpDateProperties\\\";a:2:{s:4:\\\"date\\\";s:26:\\\"2025-12-07 21:41:29.000000\\\";s:8:\\\"timezone\\\";s:3:\\\"UTC\\\";}}}s:10:\\\"new_values\\\";a:4:{s:6:\\\"status\\\";s:4:\\\"paid\\\";s:7:\\\"paid_at\\\";s:19:\\\"2026-02-07 00:00:00\\\";s:9:\\\"remaining\\\";s:4:\\\"0.00\\\";s:10:\\\"updated_at\\\";s:19:\\\"2026-02-07 10:59:40\\\";}s:7:\\\"user_id\\\";i:5;s:10:\\\"created_by\\\";i:5;s:10:\\\"company_id\\\";i:2;s:10:\\\"ip_address\\\";s:13:\\\"156.211.43.90\\\";s:10:\\\"user_agent\\\";s:111:\\\"Mozilla\\/5.0 (Windows NT 10.0; Win64; x64) AppleWebKit\\/537.36 (KHTML, like Gecko) Chrome\\/144.0.0.0 Safari\\/537.36\\\";s:3:\\\"url\\\";s:29:\\\"\\/api\\/installment-payments\\/pay\\\";s:11:\\\"description\\\";s:80:\\\"قام المستخدم ابو ندي بتعديل قسط (3) - مبلغ: 830.00\\\";}}\"}}', 0, NULL, 1770461980, 1770461980);
INSERT INTO `jobs` (`id`, `queue`, `payload`, `attempts`, `reserved_at`, `available_at`, `created_at`) VALUES
(32, 'default', '{\"uuid\":\"2bbc1b10-0cf1-417e-b556-3c6cb880f595\",\"displayName\":\"App\\\\Jobs\\\\LogActivityJob\",\"job\":\"Illuminate\\\\Queue\\\\CallQueuedHandler@call\",\"maxTries\":null,\"maxExceptions\":null,\"failOnTimeout\":false,\"backoff\":null,\"timeout\":null,\"retryUntil\":null,\"data\":{\"commandName\":\"App\\\\Jobs\\\\LogActivityJob\",\"command\":\"O:23:\\\"App\\\\Jobs\\\\LogActivityJob\\\":1:{s:7:\\\"\\u0000*\\u0000data\\\";a:12:{s:6:\\\"action\\\";s:10:\\\"انشاء\\\";s:12:\\\"subject_type\\\";s:35:\\\"App\\\\Models\\\\InstallmentPaymentDetail\\\";s:10:\\\"subject_id\\\";i:207;s:10:\\\"old_values\\\";N;s:10:\\\"new_values\\\";a:6:{s:22:\\\"installment_payment_id\\\";i:223;s:14:\\\"installment_id\\\";i:582;s:11:\\\"amount_paid\\\";d:830;s:10:\\\"updated_at\\\";s:19:\\\"2026-02-07 10:59:40\\\";s:10:\\\"created_at\\\";s:19:\\\"2026-02-07 10:59:40\\\";s:2:\\\"id\\\";i:207;}s:7:\\\"user_id\\\";i:5;s:10:\\\"created_by\\\";i:5;s:10:\\\"company_id\\\";i:2;s:10:\\\"ip_address\\\";s:13:\\\"156.211.43.90\\\";s:10:\\\"user_agent\\\";s:111:\\\"Mozilla\\/5.0 (Windows NT 10.0; Win64; x64) AppleWebKit\\/537.36 (KHTML, like Gecko) Chrome\\/144.0.0.0 Safari\\/537.36\\\";s:3:\\\"url\\\";s:29:\\\"\\/api\\/installment-payments\\/pay\\\";s:11:\\\"description\\\";s:99:\\\"قام المستخدم ابو ندي بانشاء تفاصيل دفعة قسط (3) - مبلغ: 830\\\";}}\"}}', 0, NULL, 1770461980, 1770461980),
(33, 'default', '{\"uuid\":\"30c42fd6-e485-4c59-b043-897e18d4bc1e\",\"displayName\":\"App\\\\Jobs\\\\LogActivityJob\",\"job\":\"Illuminate\\\\Queue\\\\CallQueuedHandler@call\",\"maxTries\":null,\"maxExceptions\":null,\"failOnTimeout\":false,\"backoff\":null,\"timeout\":null,\"retryUntil\":null,\"data\":{\"commandName\":\"App\\\\Jobs\\\\LogActivityJob\",\"command\":\"O:23:\\\"App\\\\Jobs\\\\LogActivityJob\\\":1:{s:7:\\\"\\u0000*\\u0000data\\\";a:12:{s:6:\\\"action\\\";s:10:\\\"تعديل\\\";s:12:\\\"subject_type\\\";s:29:\\\"App\\\\Models\\\\InstallmentPayment\\\";s:10:\\\"subject_id\\\";i:223;s:10:\\\"old_values\\\";a:1:{s:11:\\\"amount_paid\\\";i:0;}s:10:\\\"new_values\\\";a:1:{s:11:\\\"amount_paid\\\";s:6:\\\"830.00\\\";}s:7:\\\"user_id\\\";i:5;s:10:\\\"created_by\\\";i:5;s:10:\\\"company_id\\\";i:2;s:10:\\\"ip_address\\\";s:13:\\\"156.211.43.90\\\";s:10:\\\"user_agent\\\";s:111:\\\"Mozilla\\/5.0 (Windows NT 10.0; Win64; x64) AppleWebKit\\/537.36 (KHTML, like Gecko) Chrome\\/144.0.0.0 Safari\\/537.36\\\";s:3:\\\"url\\\";s:29:\\\"\\/api\\/installment-payments\\/pay\\\";s:11:\\\"description\\\";s:102:\\\"قام المستخدم ابو ندي بتعديل دفعة أقساط (2026-02-07) - مبلغ: 830.00\\\";}}\"}}', 0, NULL, 1770461980, 1770461980),
(34, 'default', '{\"uuid\":\"ce89b90f-3c40-4493-975e-e3a0e71ef636\",\"displayName\":\"App\\\\Jobs\\\\LogActivityJob\",\"job\":\"Illuminate\\\\Queue\\\\CallQueuedHandler@call\",\"maxTries\":null,\"maxExceptions\":null,\"failOnTimeout\":false,\"backoff\":null,\"timeout\":null,\"retryUntil\":null,\"data\":{\"commandName\":\"App\\\\Jobs\\\\LogActivityJob\",\"command\":\"O:23:\\\"App\\\\Jobs\\\\LogActivityJob\\\":1:{s:7:\\\"\\u0000*\\u0000data\\\";a:12:{s:6:\\\"action\\\";s:10:\\\"تعديل\\\";s:12:\\\"subject_type\\\";s:26:\\\"App\\\\Models\\\\InstallmentPlan\\\";s:10:\\\"subject_id\\\";i:52;s:10:\\\"old_values\\\";a:2:{s:16:\\\"remaining_amount\\\";s:7:\\\"9070.00\\\";s:10:\\\"updated_at\\\";O:25:\\\"Illuminate\\\\Support\\\\Carbon\\\":4:{s:4:\\\"date\\\";s:26:\\\"2026-01-06 19:29:15.000000\\\";s:13:\\\"timezone_type\\\";i:3;s:8:\\\"timezone\\\";s:3:\\\"UTC\\\";s:18:\\\"dumpDateProperties\\\";a:2:{s:4:\\\"date\\\";s:26:\\\"2026-01-06 19:29:15.000000\\\";s:8:\\\"timezone\\\";s:3:\\\"UTC\\\";}}}s:10:\\\"new_values\\\";a:2:{s:16:\\\"remaining_amount\\\";d:8240;s:10:\\\"updated_at\\\";s:19:\\\"2026-02-07 10:59:40\\\";}s:7:\\\"user_id\\\";i:5;s:10:\\\"created_by\\\";i:5;s:10:\\\"company_id\\\";i:2;s:10:\\\"ip_address\\\";s:13:\\\"156.211.43.90\\\";s:10:\\\"user_agent\\\";s:111:\\\"Mozilla\\/5.0 (Windows NT 10.0; Win64; x64) AppleWebKit\\/537.36 (KHTML, like Gecko) Chrome\\/144.0.0.0 Safari\\/537.36\\\";s:3:\\\"url\\\";s:29:\\\"\\/api\\/installment-payments\\/pay\\\";s:11:\\\"description\\\";s:108:\\\"قام المستخدم ابو ندي بتعديل خطة تقسيط () - إجمالي الصافي: 9900.00\\\";}}\"}}', 0, NULL, 1770461980, 1770461980),
(35, 'default', '{\"uuid\":\"d68abaf7-4b18-4880-bb82-f608b3fb909a\",\"displayName\":\"App\\\\Jobs\\\\LogActivityJob\",\"job\":\"Illuminate\\\\Queue\\\\CallQueuedHandler@call\",\"maxTries\":null,\"maxExceptions\":null,\"failOnTimeout\":false,\"backoff\":null,\"timeout\":null,\"retryUntil\":null,\"data\":{\"commandName\":\"App\\\\Jobs\\\\LogActivityJob\",\"command\":\"O:23:\\\"App\\\\Jobs\\\\LogActivityJob\\\":1:{s:7:\\\"\\u0000*\\u0000data\\\";a:12:{s:6:\\\"action\\\";s:10:\\\"تعديل\\\";s:12:\\\"subject_type\\\";s:18:\\\"App\\\\Models\\\\CashBox\\\";s:10:\\\"subject_id\\\";i:1257;s:10:\\\"old_values\\\";a:2:{s:7:\\\"balance\\\";s:6:\\\"310.00\\\";s:10:\\\"updated_at\\\";O:25:\\\"Illuminate\\\\Support\\\\Carbon\\\":4:{s:4:\\\"date\\\";s:26:\\\"2026-02-07 10:58:54.000000\\\";s:13:\\\"timezone_type\\\";i:3;s:8:\\\"timezone\\\";s:3:\\\"UTC\\\";s:18:\\\"dumpDateProperties\\\";a:2:{s:4:\\\"date\\\";s:26:\\\"2026-02-07 10:58:54.000000\\\";s:8:\\\"timezone\\\";s:3:\\\"UTC\\\";}}}s:10:\\\"new_values\\\";a:2:{s:7:\\\"balance\\\";d:1140;s:10:\\\"updated_at\\\";s:19:\\\"2026-02-07 10:59:40\\\";}s:7:\\\"user_id\\\";i:5;s:10:\\\"created_by\\\";i:5;s:10:\\\"company_id\\\";i:2;s:10:\\\"ip_address\\\";s:13:\\\"156.211.43.90\\\";s:10:\\\"user_agent\\\";s:111:\\\"Mozilla\\/5.0 (Windows NT 10.0; Win64; x64) AppleWebKit\\/537.36 (KHTML, like Gecko) Chrome\\/144.0.0.0 Safari\\/537.36\\\";s:3:\\\"url\\\";s:29:\\\"\\/api\\/installment-payments\\/pay\\\";s:11:\\\"description\\\";s:95:\\\"قام المستخدم ابو ندي بتعديل الصندوق (الخزنة النقدية)\\\";}}\"}}', 0, NULL, 1770461980, 1770461980),
(36, 'default', '{\"uuid\":\"0009f59e-200e-4851-a288-5e922e7db691\",\"displayName\":\"App\\\\Jobs\\\\LogActivityJob\",\"job\":\"Illuminate\\\\Queue\\\\CallQueuedHandler@call\",\"maxTries\":null,\"maxExceptions\":null,\"failOnTimeout\":false,\"backoff\":null,\"timeout\":null,\"retryUntil\":null,\"data\":{\"commandName\":\"App\\\\Jobs\\\\LogActivityJob\",\"command\":\"O:23:\\\"App\\\\Jobs\\\\LogActivityJob\\\":1:{s:7:\\\"\\u0000*\\u0000data\\\";a:12:{s:6:\\\"action\\\";s:10:\\\"انشاء\\\";s:12:\\\"subject_type\\\";s:22:\\\"App\\\\Models\\\\Transaction\\\";s:10:\\\"subject_id\\\";i:3;s:10:\\\"old_values\\\";N;s:10:\\\"new_values\\\";a:12:{s:7:\\\"user_id\\\";i:5;s:10:\\\"cashbox_id\\\";i:1257;s:10:\\\"created_by\\\";i:5;s:10:\\\"company_id\\\";i:2;s:4:\\\"type\\\";s:7:\\\"deposit\\\";s:6:\\\"amount\\\";d:830;s:14:\\\"balance_before\\\";s:6:\\\"310.00\\\";s:13:\\\"balance_after\\\";d:1140;s:11:\\\"description\\\";s:37:\\\"تحصيل أقساط - دفعة #223\\\";s:10:\\\"updated_at\\\";s:19:\\\"2026-02-07 10:59:40\\\";s:10:\\\"created_at\\\";s:19:\\\"2026-02-07 10:59:40\\\";s:2:\\\"id\\\";i:3;}s:7:\\\"user_id\\\";i:5;s:10:\\\"created_by\\\";i:5;s:10:\\\"company_id\\\";i:2;s:10:\\\"ip_address\\\";s:13:\\\"156.211.43.90\\\";s:10:\\\"user_agent\\\";s:111:\\\"Mozilla\\/5.0 (Windows NT 10.0; Win64; x64) AppleWebKit\\/537.36 (KHTML, like Gecko) Chrome\\/144.0.0.0 Safari\\/537.36\\\";s:3:\\\"url\\\";s:29:\\\"\\/api\\/installment-payments\\/pay\\\";s:11:\\\"description\\\";s:80:\\\"قام المستخدم ابو ندي بانشاء المعاملة #3 (deposit)\\\";}}\"}}', 0, NULL, 1770461980, 1770461980),
(37, 'default', '{\"uuid\":\"e571e56c-61af-45c5-b686-9fa7612db01f\",\"displayName\":\"App\\\\Jobs\\\\LogActivityJob\",\"job\":\"Illuminate\\\\Queue\\\\CallQueuedHandler@call\",\"maxTries\":null,\"maxExceptions\":null,\"failOnTimeout\":false,\"backoff\":null,\"timeout\":null,\"retryUntil\":null,\"data\":{\"commandName\":\"App\\\\Jobs\\\\LogActivityJob\",\"command\":\"O:23:\\\"App\\\\Jobs\\\\LogActivityJob\\\":1:{s:7:\\\"\\u0000*\\u0000data\\\";a:12:{s:6:\\\"action\\\";s:10:\\\"تعديل\\\";s:12:\\\"subject_type\\\";s:18:\\\"App\\\\Models\\\\CashBox\\\";s:10:\\\"subject_id\\\";i:1262;s:10:\\\"old_values\\\";a:2:{s:7:\\\"balance\\\";s:4:\\\"0.00\\\";s:10:\\\"updated_at\\\";O:25:\\\"Illuminate\\\\Support\\\\Carbon\\\":4:{s:4:\\\"date\\\";s:26:\\\"2026-02-07 09:49:47.000000\\\";s:13:\\\"timezone_type\\\";i:3;s:8:\\\"timezone\\\";s:3:\\\"UTC\\\";s:18:\\\"dumpDateProperties\\\";a:2:{s:4:\\\"date\\\";s:26:\\\"2026-02-07 09:49:47.000000\\\";s:8:\\\"timezone\\\";s:3:\\\"UTC\\\";}}}s:10:\\\"new_values\\\";a:2:{s:7:\\\"balance\\\";d:830;s:10:\\\"updated_at\\\";s:19:\\\"2026-02-07 10:59:40\\\";}s:7:\\\"user_id\\\";i:5;s:10:\\\"created_by\\\";i:5;s:10:\\\"company_id\\\";i:2;s:10:\\\"ip_address\\\";s:13:\\\"156.211.43.90\\\";s:10:\\\"user_agent\\\";s:111:\\\"Mozilla\\/5.0 (Windows NT 10.0; Win64; x64) AppleWebKit\\/537.36 (KHTML, like Gecko) Chrome\\/144.0.0.0 Safari\\/537.36\\\";s:3:\\\"url\\\";s:29:\\\"\\/api\\/installment-payments\\/pay\\\";s:11:\\\"description\\\";s:95:\\\"قام المستخدم ابو ندي بتعديل الصندوق (الخزنة النقدية)\\\";}}\"}}', 0, NULL, 1770461980, 1770461980),
(38, 'default', '{\"uuid\":\"4645c126-da32-409e-92db-3cb0f342df3e\",\"displayName\":\"App\\\\Jobs\\\\LogActivityJob\",\"job\":\"Illuminate\\\\Queue\\\\CallQueuedHandler@call\",\"maxTries\":null,\"maxExceptions\":null,\"failOnTimeout\":false,\"backoff\":null,\"timeout\":null,\"retryUntil\":null,\"data\":{\"commandName\":\"App\\\\Jobs\\\\LogActivityJob\",\"command\":\"O:23:\\\"App\\\\Jobs\\\\LogActivityJob\\\":1:{s:7:\\\"\\u0000*\\u0000data\\\";a:12:{s:6:\\\"action\\\";s:10:\\\"انشاء\\\";s:12:\\\"subject_type\\\";s:22:\\\"App\\\\Models\\\\Transaction\\\";s:10:\\\"subject_id\\\";i:4;s:10:\\\"old_values\\\";N;s:10:\\\"new_values\\\";a:12:{s:7:\\\"user_id\\\";i:13;s:10:\\\"cashbox_id\\\";i:1262;s:10:\\\"created_by\\\";i:5;s:10:\\\"company_id\\\";i:2;s:4:\\\"type\\\";s:7:\\\"deposit\\\";s:6:\\\"amount\\\";d:830;s:14:\\\"balance_before\\\";s:4:\\\"0.00\\\";s:13:\\\"balance_after\\\";d:830;s:11:\\\"description\\\";s:35:\\\"سداد أقساط - دفعة #223\\\";s:10:\\\"updated_at\\\";s:19:\\\"2026-02-07 10:59:40\\\";s:10:\\\"created_at\\\";s:19:\\\"2026-02-07 10:59:40\\\";s:2:\\\"id\\\";i:4;}s:7:\\\"user_id\\\";i:5;s:10:\\\"created_by\\\";i:5;s:10:\\\"company_id\\\";i:2;s:10:\\\"ip_address\\\";s:13:\\\"156.211.43.90\\\";s:10:\\\"user_agent\\\";s:111:\\\"Mozilla\\/5.0 (Windows NT 10.0; Win64; x64) AppleWebKit\\/537.36 (KHTML, like Gecko) Chrome\\/144.0.0.0 Safari\\/537.36\\\";s:3:\\\"url\\\";s:29:\\\"\\/api\\/installment-payments\\/pay\\\";s:11:\\\"description\\\";s:80:\\\"قام المستخدم ابو ندي بانشاء المعاملة #4 (deposit)\\\";}}\"}}', 0, NULL, 1770461980, 1770461980),
(39, 'default', '{\"uuid\":\"81f62f18-c77d-441b-87c1-15606ac8c0f7\",\"displayName\":\"App\\\\Jobs\\\\LogActivityJob\",\"job\":\"Illuminate\\\\Queue\\\\CallQueuedHandler@call\",\"maxTries\":null,\"maxExceptions\":null,\"failOnTimeout\":false,\"backoff\":null,\"timeout\":null,\"retryUntil\":null,\"data\":{\"commandName\":\"App\\\\Jobs\\\\LogActivityJob\",\"command\":\"O:23:\\\"App\\\\Jobs\\\\LogActivityJob\\\":1:{s:7:\\\"\\u0000*\\u0000data\\\";a:12:{s:6:\\\"action\\\";s:10:\\\"تعديل\\\";s:12:\\\"subject_type\\\";s:18:\\\"App\\\\Models\\\\Invoice\\\";s:10:\\\"subject_id\\\";i:83;s:10:\\\"old_values\\\";a:5:{s:11:\\\"paid_amount\\\";s:4:\\\"0.00\\\";s:16:\\\"remaining_amount\\\";s:7:\\\"7500.00\\\";s:14:\\\"payment_status\\\";s:6:\\\"unpaid\\\";s:10:\\\"updated_at\\\";O:25:\\\"Illuminate\\\\Support\\\\Carbon\\\":4:{s:4:\\\"date\\\";s:26:\\\"2025-12-07 21:41:29.000000\\\";s:13:\\\"timezone_type\\\";i:3;s:8:\\\"timezone\\\";s:3:\\\"UTC\\\";s:18:\\\"dumpDateProperties\\\";a:2:{s:4:\\\"date\\\";s:26:\\\"2025-12-07 21:41:29.000000\\\";s:8:\\\"timezone\\\";s:3:\\\"UTC\\\";}}s:10:\\\"updated_by\\\";N;}s:10:\\\"new_values\\\";a:5:{s:11:\\\"paid_amount\\\";d:830;s:16:\\\"remaining_amount\\\";d:6670;s:14:\\\"payment_status\\\";s:14:\\\"partially_paid\\\";s:10:\\\"updated_at\\\";s:19:\\\"2026-02-07 10:59:40\\\";s:10:\\\"updated_by\\\";i:5;}s:7:\\\"user_id\\\";i:5;s:10:\\\"created_by\\\";i:5;s:10:\\\"company_id\\\";i:2;s:10:\\\"ip_address\\\";s:13:\\\"156.211.43.90\\\";s:10:\\\"user_agent\\\";s:111:\\\"Mozilla\\/5.0 (Windows NT 10.0; Win64; x64) AppleWebKit\\/537.36 (KHTML, like Gecko) Chrome\\/144.0.0.0 Safari\\/537.36\\\";s:3:\\\"url\\\";s:29:\\\"\\/api\\/installment-payments\\/pay\\\";s:11:\\\"description\\\";s:93:\\\"قام المستخدم ابو ندي بتعديل الفاتورة (INS_SAL-251207-2-000039)\\\";}}\"}}', 0, NULL, 1770461980, 1770461980),
(40, 'default', '{\"uuid\":\"7b3991c2-c2e7-4035-9617-32ae65a3dc25\",\"displayName\":\"App\\\\Jobs\\\\LogActivityJob\",\"job\":\"Illuminate\\\\Queue\\\\CallQueuedHandler@call\",\"maxTries\":null,\"maxExceptions\":null,\"failOnTimeout\":false,\"backoff\":null,\"timeout\":null,\"retryUntil\":null,\"data\":{\"commandName\":\"App\\\\Jobs\\\\LogActivityJob\",\"command\":\"O:23:\\\"App\\\\Jobs\\\\LogActivityJob\\\":1:{s:7:\\\"\\u0000*\\u0000data\\\";a:12:{s:6:\\\"action\\\";s:10:\\\"انشاء\\\";s:12:\\\"subject_type\\\";s:29:\\\"App\\\\Models\\\\InstallmentPayment\\\";s:10:\\\"subject_id\\\";i:224;s:10:\\\"old_values\\\";N;s:10:\\\"new_values\\\";a:12:{s:19:\\\"installment_plan_id\\\";i:37;s:10:\\\"company_id\\\";i:2;s:10:\\\"created_by\\\";i:5;s:12:\\\"payment_date\\\";s:10:\\\"2026-02-07\\\";s:11:\\\"amount_paid\\\";i:0;s:14:\\\"payment_method\\\";s:8:\\\"نقدي\\\";s:5:\\\"notes\\\";s:0:\\\"\\\";s:11:\\\"cash_box_id\\\";i:1257;s:16:\\\"reference_number\\\";N;s:10:\\\"updated_at\\\";s:19:\\\"2026-02-07 11:00:00\\\";s:10:\\\"created_at\\\";s:19:\\\"2026-02-07 11:00:00\\\";s:2:\\\"id\\\";i:224;}s:7:\\\"user_id\\\";i:5;s:10:\\\"created_by\\\";i:5;s:10:\\\"company_id\\\";i:2;s:10:\\\"ip_address\\\";s:13:\\\"156.211.43.90\\\";s:10:\\\"user_agent\\\";s:111:\\\"Mozilla\\/5.0 (Windows NT 10.0; Win64; x64) AppleWebKit\\/537.36 (KHTML, like Gecko) Chrome\\/144.0.0.0 Safari\\/537.36\\\";s:3:\\\"url\\\";s:29:\\\"\\/api\\/installment-payments\\/pay\\\";s:11:\\\"description\\\";s:97:\\\"قام المستخدم ابو ندي بانشاء دفعة أقساط (2026-02-07) - مبلغ: 0\\\";}}\"}}', 0, NULL, 1770462000, 1770462000),
(41, 'default', '{\"uuid\":\"4648df36-fd0a-4e51-96dc-575becd23159\",\"displayName\":\"App\\\\Jobs\\\\LogActivityJob\",\"job\":\"Illuminate\\\\Queue\\\\CallQueuedHandler@call\",\"maxTries\":null,\"maxExceptions\":null,\"failOnTimeout\":false,\"backoff\":null,\"timeout\":null,\"retryUntil\":null,\"data\":{\"commandName\":\"App\\\\Jobs\\\\LogActivityJob\",\"command\":\"O:23:\\\"App\\\\Jobs\\\\LogActivityJob\\\":1:{s:7:\\\"\\u0000*\\u0000data\\\";a:12:{s:6:\\\"action\\\";s:10:\\\"تعديل\\\";s:12:\\\"subject_type\\\";s:22:\\\"App\\\\Models\\\\Installment\\\";s:10:\\\"subject_id\\\";i:425;s:10:\\\"old_values\\\";a:4:{s:6:\\\"status\\\";s:7:\\\"pending\\\";s:7:\\\"paid_at\\\";N;s:9:\\\"remaining\\\";s:6:\\\"520.00\\\";s:10:\\\"updated_at\\\";O:25:\\\"Illuminate\\\\Support\\\\Carbon\\\":4:{s:4:\\\"date\\\";s:26:\\\"2025-10-03 08:23:07.000000\\\";s:13:\\\"timezone_type\\\";i:3;s:8:\\\"timezone\\\";s:3:\\\"UTC\\\";s:18:\\\"dumpDateProperties\\\";a:2:{s:4:\\\"date\\\";s:26:\\\"2025-10-03 08:23:07.000000\\\";s:8:\\\"timezone\\\";s:3:\\\"UTC\\\";}}}s:10:\\\"new_values\\\";a:4:{s:6:\\\"status\\\";s:4:\\\"paid\\\";s:7:\\\"paid_at\\\";s:19:\\\"2026-02-07 00:00:00\\\";s:9:\\\"remaining\\\";s:4:\\\"0.00\\\";s:10:\\\"updated_at\\\";s:19:\\\"2026-02-07 11:00:00\\\";}s:7:\\\"user_id\\\";i:5;s:10:\\\"created_by\\\";i:5;s:10:\\\"company_id\\\";i:2;s:10:\\\"ip_address\\\";s:13:\\\"156.211.43.90\\\";s:10:\\\"user_agent\\\";s:111:\\\"Mozilla\\/5.0 (Windows NT 10.0; Win64; x64) AppleWebKit\\/537.36 (KHTML, like Gecko) Chrome\\/144.0.0.0 Safari\\/537.36\\\";s:3:\\\"url\\\";s:29:\\\"\\/api\\/installment-payments\\/pay\\\";s:11:\\\"description\\\";s:80:\\\"قام المستخدم ابو ندي بتعديل قسط (4) - مبلغ: 520.00\\\";}}\"}}', 0, NULL, 1770462000, 1770462000),
(42, 'default', '{\"uuid\":\"06b22ad4-f106-45f1-bc2c-158415fd5a07\",\"displayName\":\"App\\\\Jobs\\\\LogActivityJob\",\"job\":\"Illuminate\\\\Queue\\\\CallQueuedHandler@call\",\"maxTries\":null,\"maxExceptions\":null,\"failOnTimeout\":false,\"backoff\":null,\"timeout\":null,\"retryUntil\":null,\"data\":{\"commandName\":\"App\\\\Jobs\\\\LogActivityJob\",\"command\":\"O:23:\\\"App\\\\Jobs\\\\LogActivityJob\\\":1:{s:7:\\\"\\u0000*\\u0000data\\\";a:12:{s:6:\\\"action\\\";s:10:\\\"انشاء\\\";s:12:\\\"subject_type\\\";s:35:\\\"App\\\\Models\\\\InstallmentPaymentDetail\\\";s:10:\\\"subject_id\\\";i:208;s:10:\\\"old_values\\\";N;s:10:\\\"new_values\\\";a:6:{s:22:\\\"installment_payment_id\\\";i:224;s:14:\\\"installment_id\\\";i:425;s:11:\\\"amount_paid\\\";d:520;s:10:\\\"updated_at\\\";s:19:\\\"2026-02-07 11:00:00\\\";s:10:\\\"created_at\\\";s:19:\\\"2026-02-07 11:00:00\\\";s:2:\\\"id\\\";i:208;}s:7:\\\"user_id\\\";i:5;s:10:\\\"created_by\\\";i:5;s:10:\\\"company_id\\\";i:2;s:10:\\\"ip_address\\\";s:13:\\\"156.211.43.90\\\";s:10:\\\"user_agent\\\";s:111:\\\"Mozilla\\/5.0 (Windows NT 10.0; Win64; x64) AppleWebKit\\/537.36 (KHTML, like Gecko) Chrome\\/144.0.0.0 Safari\\/537.36\\\";s:3:\\\"url\\\";s:29:\\\"\\/api\\/installment-payments\\/pay\\\";s:11:\\\"description\\\";s:99:\\\"قام المستخدم ابو ندي بانشاء تفاصيل دفعة قسط (4) - مبلغ: 520\\\";}}\"}}', 0, NULL, 1770462000, 1770462000),
(43, 'default', '{\"uuid\":\"1b2f9739-33f2-48d7-bf62-7b6e2fb493de\",\"displayName\":\"App\\\\Jobs\\\\LogActivityJob\",\"job\":\"Illuminate\\\\Queue\\\\CallQueuedHandler@call\",\"maxTries\":null,\"maxExceptions\":null,\"failOnTimeout\":false,\"backoff\":null,\"timeout\":null,\"retryUntil\":null,\"data\":{\"commandName\":\"App\\\\Jobs\\\\LogActivityJob\",\"command\":\"O:23:\\\"App\\\\Jobs\\\\LogActivityJob\\\":1:{s:7:\\\"\\u0000*\\u0000data\\\";a:12:{s:6:\\\"action\\\";s:10:\\\"تعديل\\\";s:12:\\\"subject_type\\\";s:29:\\\"App\\\\Models\\\\InstallmentPayment\\\";s:10:\\\"subject_id\\\";i:224;s:10:\\\"old_values\\\";a:1:{s:11:\\\"amount_paid\\\";i:0;}s:10:\\\"new_values\\\";a:1:{s:11:\\\"amount_paid\\\";s:6:\\\"520.00\\\";}s:7:\\\"user_id\\\";i:5;s:10:\\\"created_by\\\";i:5;s:10:\\\"company_id\\\";i:2;s:10:\\\"ip_address\\\";s:13:\\\"156.211.43.90\\\";s:10:\\\"user_agent\\\";s:111:\\\"Mozilla\\/5.0 (Windows NT 10.0; Win64; x64) AppleWebKit\\/537.36 (KHTML, like Gecko) Chrome\\/144.0.0.0 Safari\\/537.36\\\";s:3:\\\"url\\\";s:29:\\\"\\/api\\/installment-payments\\/pay\\\";s:11:\\\"description\\\";s:102:\\\"قام المستخدم ابو ندي بتعديل دفعة أقساط (2026-02-07) - مبلغ: 520.00\\\";}}\"}}', 0, NULL, 1770462000, 1770462000),
(44, 'default', '{\"uuid\":\"ffa612e3-6200-4182-9104-2bcdf18818f2\",\"displayName\":\"App\\\\Jobs\\\\LogActivityJob\",\"job\":\"Illuminate\\\\Queue\\\\CallQueuedHandler@call\",\"maxTries\":null,\"maxExceptions\":null,\"failOnTimeout\":false,\"backoff\":null,\"timeout\":null,\"retryUntil\":null,\"data\":{\"commandName\":\"App\\\\Jobs\\\\LogActivityJob\",\"command\":\"O:23:\\\"App\\\\Jobs\\\\LogActivityJob\\\":1:{s:7:\\\"\\u0000*\\u0000data\\\";a:12:{s:6:\\\"action\\\";s:10:\\\"تعديل\\\";s:12:\\\"subject_type\\\";s:26:\\\"App\\\\Models\\\\InstallmentPlan\\\";s:10:\\\"subject_id\\\";i:37;s:10:\\\"old_values\\\";a:2:{s:16:\\\"remaining_amount\\\";s:7:\\\"1547.50\\\";s:10:\\\"updated_at\\\";O:25:\\\"Illuminate\\\\Support\\\\Carbon\\\":4:{s:4:\\\"date\\\";s:26:\\\"2026-01-19 13:10:26.000000\\\";s:13:\\\"timezone_type\\\";i:3;s:8:\\\"timezone\\\";s:3:\\\"UTC\\\";s:18:\\\"dumpDateProperties\\\";a:2:{s:4:\\\"date\\\";s:26:\\\"2026-01-19 13:10:26.000000\\\";s:8:\\\"timezone\\\";s:3:\\\"UTC\\\";}}}s:10:\\\"new_values\\\";a:2:{s:16:\\\"remaining_amount\\\";d:1027.5;s:10:\\\"updated_at\\\";s:19:\\\"2026-02-07 11:00:00\\\";}s:7:\\\"user_id\\\";i:5;s:10:\\\"created_by\\\";i:5;s:10:\\\"company_id\\\";i:2;s:10:\\\"ip_address\\\";s:13:\\\"156.211.43.90\\\";s:10:\\\"user_agent\\\";s:111:\\\"Mozilla\\/5.0 (Windows NT 10.0; Win64; x64) AppleWebKit\\/537.36 (KHTML, like Gecko) Chrome\\/144.0.0.0 Safari\\/537.36\\\";s:3:\\\"url\\\";s:29:\\\"\\/api\\/installment-payments\\/pay\\\";s:11:\\\"description\\\";s:108:\\\"قام المستخدم ابو ندي بتعديل خطة تقسيط () - إجمالي الصافي: 3087.50\\\";}}\"}}', 0, NULL, 1770462000, 1770462000),
(45, 'default', '{\"uuid\":\"b6d1be49-9e47-4819-a71e-0dd73e5f055d\",\"displayName\":\"App\\\\Jobs\\\\LogActivityJob\",\"job\":\"Illuminate\\\\Queue\\\\CallQueuedHandler@call\",\"maxTries\":null,\"maxExceptions\":null,\"failOnTimeout\":false,\"backoff\":null,\"timeout\":null,\"retryUntil\":null,\"data\":{\"commandName\":\"App\\\\Jobs\\\\LogActivityJob\",\"command\":\"O:23:\\\"App\\\\Jobs\\\\LogActivityJob\\\":1:{s:7:\\\"\\u0000*\\u0000data\\\";a:12:{s:6:\\\"action\\\";s:10:\\\"تعديل\\\";s:12:\\\"subject_type\\\";s:18:\\\"App\\\\Models\\\\CashBox\\\";s:10:\\\"subject_id\\\";i:1257;s:10:\\\"old_values\\\";a:2:{s:7:\\\"balance\\\";s:7:\\\"1140.00\\\";s:10:\\\"updated_at\\\";O:25:\\\"Illuminate\\\\Support\\\\Carbon\\\":4:{s:4:\\\"date\\\";s:26:\\\"2026-02-07 10:59:40.000000\\\";s:13:\\\"timezone_type\\\";i:3;s:8:\\\"timezone\\\";s:3:\\\"UTC\\\";s:18:\\\"dumpDateProperties\\\";a:2:{s:4:\\\"date\\\";s:26:\\\"2026-02-07 10:59:40.000000\\\";s:8:\\\"timezone\\\";s:3:\\\"UTC\\\";}}}s:10:\\\"new_values\\\";a:2:{s:7:\\\"balance\\\";d:1660;s:10:\\\"updated_at\\\";s:19:\\\"2026-02-07 11:00:00\\\";}s:7:\\\"user_id\\\";i:5;s:10:\\\"created_by\\\";i:5;s:10:\\\"company_id\\\";i:2;s:10:\\\"ip_address\\\";s:13:\\\"156.211.43.90\\\";s:10:\\\"user_agent\\\";s:111:\\\"Mozilla\\/5.0 (Windows NT 10.0; Win64; x64) AppleWebKit\\/537.36 (KHTML, like Gecko) Chrome\\/144.0.0.0 Safari\\/537.36\\\";s:3:\\\"url\\\";s:29:\\\"\\/api\\/installment-payments\\/pay\\\";s:11:\\\"description\\\";s:95:\\\"قام المستخدم ابو ندي بتعديل الصندوق (الخزنة النقدية)\\\";}}\"}}', 0, NULL, 1770462000, 1770462000),
(46, 'default', '{\"uuid\":\"846de97a-6295-4282-bb8b-afb293110d08\",\"displayName\":\"App\\\\Jobs\\\\LogActivityJob\",\"job\":\"Illuminate\\\\Queue\\\\CallQueuedHandler@call\",\"maxTries\":null,\"maxExceptions\":null,\"failOnTimeout\":false,\"backoff\":null,\"timeout\":null,\"retryUntil\":null,\"data\":{\"commandName\":\"App\\\\Jobs\\\\LogActivityJob\",\"command\":\"O:23:\\\"App\\\\Jobs\\\\LogActivityJob\\\":1:{s:7:\\\"\\u0000*\\u0000data\\\";a:12:{s:6:\\\"action\\\";s:10:\\\"انشاء\\\";s:12:\\\"subject_type\\\";s:22:\\\"App\\\\Models\\\\Transaction\\\";s:10:\\\"subject_id\\\";i:5;s:10:\\\"old_values\\\";N;s:10:\\\"new_values\\\";a:12:{s:7:\\\"user_id\\\";i:5;s:10:\\\"cashbox_id\\\";i:1257;s:10:\\\"created_by\\\";i:5;s:10:\\\"company_id\\\";i:2;s:4:\\\"type\\\";s:7:\\\"deposit\\\";s:6:\\\"amount\\\";d:520;s:14:\\\"balance_before\\\";s:7:\\\"1140.00\\\";s:13:\\\"balance_after\\\";d:1660;s:11:\\\"description\\\";s:37:\\\"تحصيل أقساط - دفعة #224\\\";s:10:\\\"updated_at\\\";s:19:\\\"2026-02-07 11:00:00\\\";s:10:\\\"created_at\\\";s:19:\\\"2026-02-07 11:00:00\\\";s:2:\\\"id\\\";i:5;}s:7:\\\"user_id\\\";i:5;s:10:\\\"created_by\\\";i:5;s:10:\\\"company_id\\\";i:2;s:10:\\\"ip_address\\\";s:13:\\\"156.211.43.90\\\";s:10:\\\"user_agent\\\";s:111:\\\"Mozilla\\/5.0 (Windows NT 10.0; Win64; x64) AppleWebKit\\/537.36 (KHTML, like Gecko) Chrome\\/144.0.0.0 Safari\\/537.36\\\";s:3:\\\"url\\\";s:29:\\\"\\/api\\/installment-payments\\/pay\\\";s:11:\\\"description\\\";s:80:\\\"قام المستخدم ابو ندي بانشاء المعاملة #5 (deposit)\\\";}}\"}}', 0, NULL, 1770462000, 1770462000),
(47, 'default', '{\"uuid\":\"35611ecb-e857-4d83-900c-18607e85cbb3\",\"displayName\":\"App\\\\Jobs\\\\LogActivityJob\",\"job\":\"Illuminate\\\\Queue\\\\CallQueuedHandler@call\",\"maxTries\":null,\"maxExceptions\":null,\"failOnTimeout\":false,\"backoff\":null,\"timeout\":null,\"retryUntil\":null,\"data\":{\"commandName\":\"App\\\\Jobs\\\\LogActivityJob\",\"command\":\"O:23:\\\"App\\\\Jobs\\\\LogActivityJob\\\":1:{s:7:\\\"\\u0000*\\u0000data\\\";a:12:{s:6:\\\"action\\\";s:10:\\\"تعديل\\\";s:12:\\\"subject_type\\\";s:18:\\\"App\\\\Models\\\\CashBox\\\";s:10:\\\"subject_id\\\";i:1259;s:10:\\\"old_values\\\";a:2:{s:7:\\\"balance\\\";s:4:\\\"0.00\\\";s:10:\\\"updated_at\\\";O:25:\\\"Illuminate\\\\Support\\\\Carbon\\\":4:{s:4:\\\"date\\\";s:26:\\\"2026-02-07 09:49:47.000000\\\";s:13:\\\"timezone_type\\\";i:3;s:8:\\\"timezone\\\";s:3:\\\"UTC\\\";s:18:\\\"dumpDateProperties\\\";a:2:{s:4:\\\"date\\\";s:26:\\\"2026-02-07 09:49:47.000000\\\";s:8:\\\"timezone\\\";s:3:\\\"UTC\\\";}}}s:10:\\\"new_values\\\";a:2:{s:7:\\\"balance\\\";d:520;s:10:\\\"updated_at\\\";s:19:\\\"2026-02-07 11:00:00\\\";}s:7:\\\"user_id\\\";i:5;s:10:\\\"created_by\\\";i:5;s:10:\\\"company_id\\\";i:2;s:10:\\\"ip_address\\\";s:13:\\\"156.211.43.90\\\";s:10:\\\"user_agent\\\";s:111:\\\"Mozilla\\/5.0 (Windows NT 10.0; Win64; x64) AppleWebKit\\/537.36 (KHTML, like Gecko) Chrome\\/144.0.0.0 Safari\\/537.36\\\";s:3:\\\"url\\\";s:29:\\\"\\/api\\/installment-payments\\/pay\\\";s:11:\\\"description\\\";s:95:\\\"قام المستخدم ابو ندي بتعديل الصندوق (الخزنة النقدية)\\\";}}\"}}', 0, NULL, 1770462000, 1770462000),
(48, 'default', '{\"uuid\":\"69cf11a0-e016-408d-94d0-c676e4f65a9f\",\"displayName\":\"App\\\\Jobs\\\\LogActivityJob\",\"job\":\"Illuminate\\\\Queue\\\\CallQueuedHandler@call\",\"maxTries\":null,\"maxExceptions\":null,\"failOnTimeout\":false,\"backoff\":null,\"timeout\":null,\"retryUntil\":null,\"data\":{\"commandName\":\"App\\\\Jobs\\\\LogActivityJob\",\"command\":\"O:23:\\\"App\\\\Jobs\\\\LogActivityJob\\\":1:{s:7:\\\"\\u0000*\\u0000data\\\";a:12:{s:6:\\\"action\\\";s:10:\\\"انشاء\\\";s:12:\\\"subject_type\\\";s:22:\\\"App\\\\Models\\\\Transaction\\\";s:10:\\\"subject_id\\\";i:6;s:10:\\\"old_values\\\";N;s:10:\\\"new_values\\\";a:12:{s:7:\\\"user_id\\\";i:10;s:10:\\\"cashbox_id\\\";i:1259;s:10:\\\"created_by\\\";i:5;s:10:\\\"company_id\\\";i:2;s:4:\\\"type\\\";s:7:\\\"deposit\\\";s:6:\\\"amount\\\";d:520;s:14:\\\"balance_before\\\";s:4:\\\"0.00\\\";s:13:\\\"balance_after\\\";d:520;s:11:\\\"description\\\";s:35:\\\"سداد أقساط - دفعة #224\\\";s:10:\\\"updated_at\\\";s:19:\\\"2026-02-07 11:00:00\\\";s:10:\\\"created_at\\\";s:19:\\\"2026-02-07 11:00:00\\\";s:2:\\\"id\\\";i:6;}s:7:\\\"user_id\\\";i:5;s:10:\\\"created_by\\\";i:5;s:10:\\\"company_id\\\";i:2;s:10:\\\"ip_address\\\";s:13:\\\"156.211.43.90\\\";s:10:\\\"user_agent\\\";s:111:\\\"Mozilla\\/5.0 (Windows NT 10.0; Win64; x64) AppleWebKit\\/537.36 (KHTML, like Gecko) Chrome\\/144.0.0.0 Safari\\/537.36\\\";s:3:\\\"url\\\";s:29:\\\"\\/api\\/installment-payments\\/pay\\\";s:11:\\\"description\\\";s:80:\\\"قام المستخدم ابو ندي بانشاء المعاملة #6 (deposit)\\\";}}\"}}', 0, NULL, 1770462000, 1770462000),
(49, 'default', '{\"uuid\":\"55833f49-ffed-43fe-81b0-8e9704188fce\",\"displayName\":\"App\\\\Jobs\\\\LogActivityJob\",\"job\":\"Illuminate\\\\Queue\\\\CallQueuedHandler@call\",\"maxTries\":null,\"maxExceptions\":null,\"failOnTimeout\":false,\"backoff\":null,\"timeout\":null,\"retryUntil\":null,\"data\":{\"commandName\":\"App\\\\Jobs\\\\LogActivityJob\",\"command\":\"O:23:\\\"App\\\\Jobs\\\\LogActivityJob\\\":1:{s:7:\\\"\\u0000*\\u0000data\\\";a:12:{s:6:\\\"action\\\";s:10:\\\"تعديل\\\";s:12:\\\"subject_type\\\";s:18:\\\"App\\\\Models\\\\Invoice\\\";s:10:\\\"subject_id\\\";i:68;s:10:\\\"old_values\\\";a:5:{s:11:\\\"paid_amount\\\";s:4:\\\"0.00\\\";s:16:\\\"remaining_amount\\\";s:7:\\\"2800.00\\\";s:14:\\\"payment_status\\\";s:6:\\\"unpaid\\\";s:10:\\\"updated_at\\\";O:25:\\\"Illuminate\\\\Support\\\\Carbon\\\":4:{s:4:\\\"date\\\";s:26:\\\"2025-10-03 08:23:06.000000\\\";s:13:\\\"timezone_type\\\";i:3;s:8:\\\"timezone\\\";s:3:\\\"UTC\\\";s:18:\\\"dumpDateProperties\\\";a:2:{s:4:\\\"date\\\";s:26:\\\"2025-10-03 08:23:06.000000\\\";s:8:\\\"timezone\\\";s:3:\\\"UTC\\\";}}s:10:\\\"updated_by\\\";N;}s:10:\\\"new_values\\\";a:5:{s:11:\\\"paid_amount\\\";d:520;s:16:\\\"remaining_amount\\\";d:2280;s:14:\\\"payment_status\\\";s:14:\\\"partially_paid\\\";s:10:\\\"updated_at\\\";s:19:\\\"2026-02-07 11:00:00\\\";s:10:\\\"updated_by\\\";i:5;}s:7:\\\"user_id\\\";i:5;s:10:\\\"created_by\\\";i:5;s:10:\\\"company_id\\\";i:2;s:10:\\\"ip_address\\\";s:13:\\\"156.211.43.90\\\";s:10:\\\"user_agent\\\";s:111:\\\"Mozilla\\/5.0 (Windows NT 10.0; Win64; x64) AppleWebKit\\/537.36 (KHTML, like Gecko) Chrome\\/144.0.0.0 Safari\\/537.36\\\";s:3:\\\"url\\\";s:29:\\\"\\/api\\/installment-payments\\/pay\\\";s:11:\\\"description\\\";s:93:\\\"قام المستخدم ابو ندي بتعديل الفاتورة (INS_SAL-251003-2-000024)\\\";}}\"}}', 0, NULL, 1770462000, 1770462000),
(50, 'default', '{\"uuid\":\"495f52ac-99fb-406c-a2d8-28193ee47a03\",\"displayName\":\"App\\\\Jobs\\\\LogActivityJob\",\"job\":\"Illuminate\\\\Queue\\\\CallQueuedHandler@call\",\"maxTries\":null,\"maxExceptions\":null,\"failOnTimeout\":false,\"backoff\":null,\"timeout\":null,\"retryUntil\":null,\"data\":{\"commandName\":\"App\\\\Jobs\\\\LogActivityJob\",\"command\":\"O:23:\\\"App\\\\Jobs\\\\LogActivityJob\\\":1:{s:7:\\\"\\u0000*\\u0000data\\\";a:12:{s:6:\\\"action\\\";s:10:\\\"انشاء\\\";s:12:\\\"subject_type\\\";s:18:\\\"App\\\\Models\\\\CashBox\\\";s:10:\\\"subject_id\\\";i:1404;s:10:\\\"old_values\\\";N;s:10:\\\"new_values\\\";a:13:{s:7:\\\"user_id\\\";i:65;s:10:\\\"company_id\\\";i:3;s:16:\\\"cash_box_type_id\\\";i:25;s:10:\\\"is_default\\\";b:1;s:4:\\\"name\\\";s:27:\\\"الخزنة النقدية\\\";s:7:\\\"balance\\\";i:0;s:10:\\\"created_by\\\";i:1;s:9:\\\"is_active\\\";b:1;s:11:\\\"description\\\";s:101:\\\"تم إنشاؤها تلقائيًا مع ارتباط المستخدم بشركة: تيست شركة\\\";s:14:\\\"account_number\\\";N;s:10:\\\"updated_at\\\";s:19:\\\"2026-02-09 11:14:54\\\";s:10:\\\"created_at\\\";s:19:\\\"2026-02-09 11:14:54\\\";s:2:\\\"id\\\";i:1404;}s:7:\\\"user_id\\\";i:1;s:10:\\\"created_by\\\";i:1;s:10:\\\"company_id\\\";i:10;s:10:\\\"ip_address\\\";s:13:\\\"156.211.22.76\\\";s:10:\\\"user_agent\\\";s:111:\\\"Mozilla\\/5.0 (Windows NT 10.0; Win64; x64) AppleWebKit\\/537.36 (KHTML, like Gecko) Chrome\\/145.0.0.0 Safari\\/537.36\\\";s:3:\\\"url\\\";s:68:\\\"\\/api\\/installments?page=1&per_page=10&sort_by=due_date&sort_order=asc\\\";s:11:\\\"description\\\";s:94:\\\"قام المستخدم System Owner بانشاء الصندوق (الخزنة النقدية)\\\";}}\"}}', 0, NULL, 1770635694, 1770635694),
(51, 'default', '{\"uuid\":\"95de6f69-3c54-4772-ae55-d638755b1d77\",\"displayName\":\"App\\\\Jobs\\\\LogActivityJob\",\"job\":\"Illuminate\\\\Queue\\\\CallQueuedHandler@call\",\"maxTries\":null,\"maxExceptions\":null,\"failOnTimeout\":false,\"backoff\":null,\"timeout\":null,\"retryUntil\":null,\"data\":{\"commandName\":\"App\\\\Jobs\\\\LogActivityJob\",\"command\":\"O:23:\\\"App\\\\Jobs\\\\LogActivityJob\\\":1:{s:7:\\\"\\u0000*\\u0000data\\\";a:12:{s:6:\\\"action\\\";s:10:\\\"تعديل\\\";s:12:\\\"subject_type\\\";s:15:\\\"App\\\\Models\\\\User\\\";s:10:\\\"subject_id\\\";i:5;s:10:\\\"old_values\\\";a:2:{s:10:\\\"company_id\\\";i:2;s:10:\\\"updated_at\\\";O:25:\\\"Illuminate\\\\Support\\\\Carbon\\\":4:{s:4:\\\"date\\\";s:26:\\\"2026-02-06 17:35:42.000000\\\";s:13:\\\"timezone_type\\\";i:3;s:8:\\\"timezone\\\";s:3:\\\"UTC\\\";s:18:\\\"dumpDateProperties\\\";a:2:{s:4:\\\"date\\\";s:26:\\\"2026-02-06 17:35:42.000000\\\";s:8:\\\"timezone\\\";s:3:\\\"UTC\\\";}}}s:10:\\\"new_values\\\";a:2:{s:10:\\\"company_id\\\";i:10;s:10:\\\"updated_at\\\";s:19:\\\"2026-02-10 08:37:59\\\";}s:7:\\\"user_id\\\";i:5;s:10:\\\"created_by\\\";i:5;s:10:\\\"company_id\\\";i:2;s:10:\\\"ip_address\\\";s:13:\\\"154.181.71.34\\\";s:10:\\\"user_agent\\\";s:111:\\\"Mozilla\\/5.0 (Linux; Android 10; K) AppleWebKit\\/537.36 (KHTML, like Gecko) Chrome\\/144.0.0.0 Mobile Safari\\/537.36\\\";s:3:\\\"url\\\";s:21:\\\"\\/api\\/change-company\\/5\\\";s:11:\\\"description\\\";s:83:\\\"قام المستخدم ابو ندي بتعديل المستخدم (ابو ندي)\\\";}}\"}}', 0, NULL, 1770712679, 1770712679),
(52, 'default', '{\"uuid\":\"d897f9d6-e987-4846-987c-9ca0e5884f3b\",\"displayName\":\"App\\\\Jobs\\\\LogActivityJob\",\"job\":\"Illuminate\\\\Queue\\\\CallQueuedHandler@call\",\"maxTries\":null,\"maxExceptions\":null,\"failOnTimeout\":false,\"backoff\":null,\"timeout\":null,\"retryUntil\":null,\"data\":{\"commandName\":\"App\\\\Jobs\\\\LogActivityJob\",\"command\":\"O:23:\\\"App\\\\Jobs\\\\LogActivityJob\\\":1:{s:7:\\\"\\u0000*\\u0000data\\\";a:12:{s:6:\\\"action\\\";s:10:\\\"انشاء\\\";s:12:\\\"subject_type\\\";s:15:\\\"App\\\\Models\\\\User\\\";s:10:\\\"subject_id\\\";i:93;s:10:\\\"old_values\\\";N;s:10:\\\"new_values\\\";a:10:{s:8:\\\"username\\\";s:11:\\\"01007888008\\\";s:5:\\\"email\\\";N;s:5:\\\"phone\\\";s:11:\\\"01007888008\\\";s:10:\\\"created_by\\\";i:1;s:10:\\\"company_id\\\";i:10;s:9:\\\"full_name\\\";s:35:\\\"هشام محمد احمد تيست\\\";s:8:\\\"nickname\\\";s:26:\\\"ابو حبيبة تيست\\\";s:10:\\\"updated_at\\\";s:19:\\\"2026-02-10 09:18:59\\\";s:10:\\\"created_at\\\";s:19:\\\"2026-02-10 09:18:59\\\";s:2:\\\"id\\\";i:93;}s:7:\\\"user_id\\\";i:1;s:10:\\\"created_by\\\";i:1;s:10:\\\"company_id\\\";i:10;s:10:\\\"ip_address\\\";s:13:\\\"154.181.71.34\\\";s:10:\\\"user_agent\\\";s:187:\\\"Mozilla\\/5.0 (Linux; U; Android 10; ar-SA; RMX2020 Build\\/QP1A.190711.020) AppleWebKit\\/537.36 (KHTML, like Gecko) Version\\/4.0 Chrome\\/123.0.6312.80 UCBrowser\\/15.0.9.1385 Mobile Safari\\/537.36\\\";s:3:\\\"url\\\";s:10:\\\"\\/api\\/users\\\";s:11:\\\"description\\\";s:95:\\\"قام المستخدم System Owner بانشاء المستخدم (ابو حبيبة تيست)\\\";}}\"}}', 0, NULL, 1770715139, 1770715139),
(53, 'default', '{\"uuid\":\"16763fb5-c398-46a2-a1a8-81853082351e\",\"displayName\":\"App\\\\Jobs\\\\LogActivityJob\",\"job\":\"Illuminate\\\\Queue\\\\CallQueuedHandler@call\",\"maxTries\":null,\"maxExceptions\":null,\"failOnTimeout\":false,\"backoff\":null,\"timeout\":null,\"retryUntil\":null,\"data\":{\"commandName\":\"App\\\\Jobs\\\\LogActivityJob\",\"command\":\"O:23:\\\"App\\\\Jobs\\\\LogActivityJob\\\":1:{s:7:\\\"\\u0000*\\u0000data\\\";a:12:{s:6:\\\"action\\\";s:10:\\\"انشاء\\\";s:12:\\\"subject_type\\\";s:18:\\\"App\\\\Models\\\\CashBox\\\";s:10:\\\"subject_id\\\";i:1541;s:10:\\\"old_values\\\";N;s:10:\\\"new_values\\\";a:13:{s:7:\\\"user_id\\\";i:93;s:10:\\\"company_id\\\";i:10;s:16:\\\"cash_box_type_id\\\";i:41;s:10:\\\"is_default\\\";b:1;s:4:\\\"name\\\";s:27:\\\"الخزنة النقدية\\\";s:7:\\\"balance\\\";i:0;s:10:\\\"created_by\\\";i:1;s:9:\\\"is_active\\\";b:1;s:11:\\\"description\\\";s:107:\\\"تم إنشاؤها تلقائيًا مع ارتباط المستخدم بشركة: مكتبه ابوندي\\\";s:14:\\\"account_number\\\";N;s:10:\\\"updated_at\\\";s:19:\\\"2026-02-10 09:18:59\\\";s:10:\\\"created_at\\\";s:19:\\\"2026-02-10 09:18:59\\\";s:2:\\\"id\\\";i:1541;}s:7:\\\"user_id\\\";i:1;s:10:\\\"created_by\\\";i:1;s:10:\\\"company_id\\\";i:10;s:10:\\\"ip_address\\\";s:13:\\\"154.181.71.34\\\";s:10:\\\"user_agent\\\";s:187:\\\"Mozilla\\/5.0 (Linux; U; Android 10; ar-SA; RMX2020 Build\\/QP1A.190711.020) AppleWebKit\\/537.36 (KHTML, like Gecko) Version\\/4.0 Chrome\\/123.0.6312.80 UCBrowser\\/15.0.9.1385 Mobile Safari\\/537.36\\\";s:3:\\\"url\\\";s:10:\\\"\\/api\\/users\\\";s:11:\\\"description\\\";s:94:\\\"قام المستخدم System Owner بانشاء الصندوق (الخزنة النقدية)\\\";}}\"}}', 0, NULL, 1770715139, 1770715139),
(54, 'default', '{\"uuid\":\"b7ca1aca-0a2e-429f-9ab8-461ac2dde86a\",\"displayName\":\"App\\\\Jobs\\\\LogActivityJob\",\"job\":\"Illuminate\\\\Queue\\\\CallQueuedHandler@call\",\"maxTries\":null,\"maxExceptions\":null,\"failOnTimeout\":false,\"backoff\":null,\"timeout\":null,\"retryUntil\":null,\"data\":{\"commandName\":\"App\\\\Jobs\\\\LogActivityJob\",\"command\":\"O:23:\\\"App\\\\Jobs\\\\LogActivityJob\\\":1:{s:7:\\\"\\u0000*\\u0000data\\\";a:12:{s:6:\\\"action\\\";s:10:\\\"انشاء\\\";s:12:\\\"subject_type\\\";s:18:\\\"App\\\\Models\\\\CashBox\\\";s:10:\\\"subject_id\\\";i:1542;s:10:\\\"old_values\\\";N;s:10:\\\"new_values\\\";a:13:{s:7:\\\"user_id\\\";i:93;s:10:\\\"company_id\\\";i:13;s:16:\\\"cash_box_type_id\\\";i:57;s:10:\\\"is_default\\\";b:1;s:4:\\\"name\\\";s:27:\\\"الخزنة النقدية\\\";s:7:\\\"balance\\\";i:0;s:10:\\\"created_by\\\";i:1;s:9:\\\"is_active\\\";b:1;s:11:\\\"description\\\";s:92:\\\"تم إنشاؤها تلقائيًا مع ارتباط المستخدم بشركة: تيست\\\";s:14:\\\"account_number\\\";N;s:10:\\\"updated_at\\\";s:19:\\\"2026-02-10 09:18:59\\\";s:10:\\\"created_at\\\";s:19:\\\"2026-02-10 09:18:59\\\";s:2:\\\"id\\\";i:1542;}s:7:\\\"user_id\\\";i:1;s:10:\\\"created_by\\\";i:1;s:10:\\\"company_id\\\";i:10;s:10:\\\"ip_address\\\";s:13:\\\"154.181.71.34\\\";s:10:\\\"user_agent\\\";s:187:\\\"Mozilla\\/5.0 (Linux; U; Android 10; ar-SA; RMX2020 Build\\/QP1A.190711.020) AppleWebKit\\/537.36 (KHTML, like Gecko) Version\\/4.0 Chrome\\/123.0.6312.80 UCBrowser\\/15.0.9.1385 Mobile Safari\\/537.36\\\";s:3:\\\"url\\\";s:10:\\\"\\/api\\/users\\\";s:11:\\\"description\\\";s:94:\\\"قام المستخدم System Owner بانشاء الصندوق (الخزنة النقدية)\\\";}}\"}}', 0, NULL, 1770715139, 1770715139),
(55, 'default', '{\"uuid\":\"32b9f51e-1d50-474c-9ed0-c1d0b1e4b440\",\"displayName\":\"App\\\\Jobs\\\\LogActivityJob\",\"job\":\"Illuminate\\\\Queue\\\\CallQueuedHandler@call\",\"maxTries\":null,\"maxExceptions\":null,\"failOnTimeout\":false,\"backoff\":null,\"timeout\":null,\"retryUntil\":null,\"data\":{\"commandName\":\"App\\\\Jobs\\\\LogActivityJob\",\"command\":\"O:23:\\\"App\\\\Jobs\\\\LogActivityJob\\\":1:{s:7:\\\"\\u0000*\\u0000data\\\";a:12:{s:6:\\\"action\\\";s:10:\\\"تعديل\\\";s:12:\\\"subject_type\\\";s:15:\\\"App\\\\Models\\\\User\\\";s:10:\\\"subject_id\\\";i:1;s:10:\\\"old_values\\\";a:2:{s:10:\\\"company_id\\\";i:10;s:10:\\\"updated_at\\\";O:25:\\\"Illuminate\\\\Support\\\\Carbon\\\":4:{s:4:\\\"date\\\";s:26:\\\"2026-02-06 14:49:17.000000\\\";s:13:\\\"timezone_type\\\";i:3;s:8:\\\"timezone\\\";s:3:\\\"UTC\\\";s:18:\\\"dumpDateProperties\\\";a:2:{s:4:\\\"date\\\";s:26:\\\"2026-02-06 14:49:17.000000\\\";s:8:\\\"timezone\\\";s:3:\\\"UTC\\\";}}}s:10:\\\"new_values\\\";a:2:{s:10:\\\"company_id\\\";i:2;s:10:\\\"updated_at\\\";s:19:\\\"2026-02-10 10:23:25\\\";}s:7:\\\"user_id\\\";i:1;s:10:\\\"created_by\\\";i:1;s:10:\\\"company_id\\\";i:10;s:10:\\\"ip_address\\\";s:13:\\\"154.181.71.34\\\";s:10:\\\"user_agent\\\";s:111:\\\"Mozilla\\/5.0 (Linux; Android 10; K) AppleWebKit\\/537.36 (KHTML, like Gecko) Chrome\\/144.0.0.0 Mobile Safari\\/537.36\\\";s:3:\\\"url\\\";s:21:\\\"\\/api\\/change-company\\/1\\\";s:11:\\\"description\\\";s:81:\\\"قام المستخدم System Owner بتعديل المستخدم (System Owner)\\\";}}\"}}', 0, NULL, 1770719005, 1770719005),
(56, 'default', '{\"uuid\":\"3301c4ef-f3fe-413b-bcd2-4fa199f11318\",\"displayName\":\"App\\\\Jobs\\\\LogActivityJob\",\"job\":\"Illuminate\\\\Queue\\\\CallQueuedHandler@call\",\"maxTries\":null,\"maxExceptions\":null,\"failOnTimeout\":false,\"backoff\":null,\"timeout\":null,\"retryUntil\":null,\"data\":{\"commandName\":\"App\\\\Jobs\\\\LogActivityJob\",\"command\":\"O:23:\\\"App\\\\Jobs\\\\LogActivityJob\\\":1:{s:7:\\\"\\u0000*\\u0000data\\\";a:12:{s:6:\\\"action\\\";s:10:\\\"انشاء\\\";s:12:\\\"subject_type\\\";s:18:\\\"App\\\\Models\\\\CashBox\\\";s:10:\\\"subject_id\\\";i:1548;s:10:\\\"old_values\\\";N;s:10:\\\"new_values\\\";a:13:{s:7:\\\"user_id\\\";i:1;s:10:\\\"company_id\\\";i:2;s:16:\\\"cash_box_type_id\\\";i:17;s:10:\\\"is_default\\\";b:1;s:4:\\\"name\\\";s:27:\\\"الخزنة النقدية\\\";s:7:\\\"balance\\\";i:0;s:10:\\\"created_by\\\";i:1;s:9:\\\"is_active\\\";b:1;s:11:\\\"description\\\";s:94:\\\"تم إنشاؤها تلقائيًا مع ارتباط المستخدم بشركة: اقساط\\\";s:14:\\\"account_number\\\";N;s:10:\\\"updated_at\\\";s:19:\\\"2026-02-10 10:23:25\\\";s:10:\\\"created_at\\\";s:19:\\\"2026-02-10 10:23:25\\\";s:2:\\\"id\\\";i:1548;}s:7:\\\"user_id\\\";i:1;s:10:\\\"created_by\\\";i:1;s:10:\\\"company_id\\\";i:10;s:10:\\\"ip_address\\\";s:13:\\\"154.181.71.34\\\";s:10:\\\"user_agent\\\";s:111:\\\"Mozilla\\/5.0 (Linux; Android 10; K) AppleWebKit\\/537.36 (KHTML, like Gecko) Chrome\\/144.0.0.0 Mobile Safari\\/537.36\\\";s:3:\\\"url\\\";s:21:\\\"\\/api\\/change-company\\/1\\\";s:11:\\\"description\\\";s:94:\\\"قام المستخدم System Owner بانشاء الصندوق (الخزنة النقدية)\\\";}}\"}}', 0, NULL, 1770719005, 1770719005),
(57, 'default', '{\"uuid\":\"e6b9a692-5fed-406b-904a-d4abc011eb2f\",\"displayName\":\"App\\\\Jobs\\\\LogActivityJob\",\"job\":\"Illuminate\\\\Queue\\\\CallQueuedHandler@call\",\"maxTries\":null,\"maxExceptions\":null,\"failOnTimeout\":false,\"backoff\":null,\"timeout\":null,\"retryUntil\":null,\"data\":{\"commandName\":\"App\\\\Jobs\\\\LogActivityJob\",\"command\":\"O:23:\\\"App\\\\Jobs\\\\LogActivityJob\\\":1:{s:7:\\\"\\u0000*\\u0000data\\\";a:12:{s:6:\\\"action\\\";s:10:\\\"تعديل\\\";s:12:\\\"subject_type\\\";s:15:\\\"App\\\\Models\\\\User\\\";s:10:\\\"subject_id\\\";i:1;s:10:\\\"old_values\\\";a:2:{s:10:\\\"company_id\\\";i:2;s:10:\\\"updated_at\\\";O:25:\\\"Illuminate\\\\Support\\\\Carbon\\\":4:{s:4:\\\"date\\\";s:26:\\\"2026-02-10 10:23:25.000000\\\";s:13:\\\"timezone_type\\\";i:3;s:8:\\\"timezone\\\";s:3:\\\"UTC\\\";s:18:\\\"dumpDateProperties\\\";a:2:{s:4:\\\"date\\\";s:26:\\\"2026-02-10 10:23:25.000000\\\";s:8:\\\"timezone\\\";s:3:\\\"UTC\\\";}}}s:10:\\\"new_values\\\";a:2:{s:10:\\\"company_id\\\";i:1;s:10:\\\"updated_at\\\";s:19:\\\"2026-02-10 14:03:07\\\";}s:7:\\\"user_id\\\";i:1;s:10:\\\"created_by\\\";i:1;s:10:\\\"company_id\\\";i:2;s:10:\\\"ip_address\\\";s:13:\\\"154.181.71.34\\\";s:10:\\\"user_agent\\\";s:111:\\\"Mozilla\\/5.0 (Linux; Android 10; K) AppleWebKit\\/537.36 (KHTML, like Gecko) Chrome\\/144.0.0.0 Mobile Safari\\/537.36\\\";s:3:\\\"url\\\";s:21:\\\"\\/api\\/change-company\\/1\\\";s:11:\\\"description\\\";s:81:\\\"قام المستخدم System Owner بتعديل المستخدم (System Owner)\\\";}}\"}}', 0, NULL, 1770732187, 1770732187),
(58, 'default', '{\"uuid\":\"3a44c075-35c6-4b0f-94b9-0a056eb9a4a6\",\"displayName\":\"App\\\\Jobs\\\\LogActivityJob\",\"job\":\"Illuminate\\\\Queue\\\\CallQueuedHandler@call\",\"maxTries\":null,\"maxExceptions\":null,\"failOnTimeout\":false,\"backoff\":null,\"timeout\":null,\"retryUntil\":null,\"data\":{\"commandName\":\"App\\\\Jobs\\\\LogActivityJob\",\"command\":\"O:23:\\\"App\\\\Jobs\\\\LogActivityJob\\\":1:{s:7:\\\"\\u0000*\\u0000data\\\";a:12:{s:6:\\\"action\\\";s:10:\\\"انشاء\\\";s:12:\\\"subject_type\\\";s:18:\\\"App\\\\Models\\\\CashBox\\\";s:10:\\\"subject_id\\\";i:1581;s:10:\\\"old_values\\\";N;s:10:\\\"new_values\\\";a:13:{s:7:\\\"user_id\\\";i:65;s:10:\\\"company_id\\\";i:3;s:16:\\\"cash_box_type_id\\\";i:25;s:10:\\\"is_default\\\";b:1;s:4:\\\"name\\\";s:27:\\\"الخزنة النقدية\\\";s:7:\\\"balance\\\";i:0;s:10:\\\"created_by\\\";i:1;s:9:\\\"is_active\\\";b:1;s:11:\\\"description\\\";s:101:\\\"تم إنشاؤها تلقائيًا مع ارتباط المستخدم بشركة: تيست شركة\\\";s:14:\\\"account_number\\\";N;s:10:\\\"updated_at\\\";s:19:\\\"2026-02-10 14:03:16\\\";s:10:\\\"created_at\\\";s:19:\\\"2026-02-10 14:03:16\\\";s:2:\\\"id\\\";i:1581;}s:7:\\\"user_id\\\";i:1;s:10:\\\"created_by\\\";i:1;s:10:\\\"company_id\\\";i:1;s:10:\\\"ip_address\\\";s:13:\\\"154.181.71.34\\\";s:10:\\\"user_agent\\\";s:111:\\\"Mozilla\\/5.0 (Linux; Android 10; K) AppleWebKit\\/537.36 (KHTML, like Gecko) Chrome\\/144.0.0.0 Mobile Safari\\/537.36\\\";s:3:\\\"url\\\";s:102:\\\"\\/api\\/invoices?payment_status=unpaid,partial&due_date_from=2026-02-10&due_date_to=2026-02-15&per_page=5\\\";s:11:\\\"description\\\";s:94:\\\"قام المستخدم System Owner بانشاء الصندوق (الخزنة النقدية)\\\";}}\"}}', 0, NULL, 1770732196, 1770732196),
(59, 'default', '{\"uuid\":\"780d6c09-4210-4b0f-a3ed-209ea445cef8\",\"displayName\":\"App\\\\Jobs\\\\LogActivityJob\",\"job\":\"Illuminate\\\\Queue\\\\CallQueuedHandler@call\",\"maxTries\":null,\"maxExceptions\":null,\"failOnTimeout\":false,\"backoff\":null,\"timeout\":null,\"retryUntil\":null,\"data\":{\"commandName\":\"App\\\\Jobs\\\\LogActivityJob\",\"command\":\"O:23:\\\"App\\\\Jobs\\\\LogActivityJob\\\":1:{s:7:\\\"\\u0000*\\u0000data\\\";a:12:{s:6:\\\"action\\\";s:10:\\\"تعديل\\\";s:12:\\\"subject_type\\\";s:15:\\\"App\\\\Models\\\\User\\\";s:10:\\\"subject_id\\\";i:6;s:10:\\\"old_values\\\";a:1:{s:10:\\\"updated_at\\\";O:25:\\\"Illuminate\\\\Support\\\\Carbon\\\":4:{s:4:\\\"date\\\";s:26:\\\"2026-02-04 10:24:49.000000\\\";s:13:\\\"timezone_type\\\";i:3;s:8:\\\"timezone\\\";s:3:\\\"UTC\\\";s:18:\\\"dumpDateProperties\\\";a:2:{s:4:\\\"date\\\";s:26:\\\"2026-02-04 10:24:49.000000\\\";s:8:\\\"timezone\\\";s:3:\\\"UTC\\\";}}}s:10:\\\"new_values\\\";a:1:{s:10:\\\"updated_at\\\";s:19:\\\"2026-02-10 14:04:45\\\";}s:7:\\\"user_id\\\";i:1;s:10:\\\"created_by\\\";i:1;s:10:\\\"company_id\\\";i:1;s:10:\\\"ip_address\\\";s:13:\\\"154.181.71.34\\\";s:10:\\\"user_agent\\\";s:111:\\\"Mozilla\\/5.0 (Linux; Android 10; K) AppleWebKit\\/537.36 (KHTML, like Gecko) Chrome\\/144.0.0.0 Mobile Safari\\/537.36\\\";s:3:\\\"url\\\";s:12:\\\"\\/api\\/users\\/6\\\";s:11:\\\"description\\\";s:86:\\\"قام المستخدم System Owner بتعديل المستخدم (ابو حبيبة)\\\";}}\"}}', 0, NULL, 1770732285, 1770732285),
(60, 'default', '{\"uuid\":\"10561121-bdb8-4a2b-93f2-ebc578f313c4\",\"displayName\":\"App\\\\Jobs\\\\LogActivityJob\",\"job\":\"Illuminate\\\\Queue\\\\CallQueuedHandler@call\",\"maxTries\":null,\"maxExceptions\":null,\"failOnTimeout\":false,\"backoff\":null,\"timeout\":null,\"retryUntil\":null,\"data\":{\"commandName\":\"App\\\\Jobs\\\\LogActivityJob\",\"command\":\"O:23:\\\"App\\\\Jobs\\\\LogActivityJob\\\":1:{s:7:\\\"\\u0000*\\u0000data\\\";a:12:{s:6:\\\"action\\\";s:10:\\\"انشاء\\\";s:12:\\\"subject_type\\\";s:18:\\\"App\\\\Models\\\\CashBox\\\";s:10:\\\"subject_id\\\";i:1666;s:10:\\\"old_values\\\";N;s:10:\\\"new_values\\\";a:13:{s:7:\\\"user_id\\\";i:66;s:10:\\\"company_id\\\";i:3;s:16:\\\"cash_box_type_id\\\";i:25;s:10:\\\"is_default\\\";b:1;s:4:\\\"name\\\";s:27:\\\"الخزنة النقدية\\\";s:7:\\\"balance\\\";i:0;s:10:\\\"created_by\\\";i:1;s:9:\\\"is_active\\\";b:1;s:11:\\\"description\\\";s:101:\\\"تم إنشاؤها تلقائيًا مع ارتباط المستخدم بشركة: تيست شركة\\\";s:14:\\\"account_number\\\";N;s:10:\\\"updated_at\\\";s:19:\\\"2026-02-11 05:33:59\\\";s:10:\\\"created_at\\\";s:19:\\\"2026-02-11 05:33:59\\\";s:2:\\\"id\\\";i:1666;}s:7:\\\"user_id\\\";i:1;s:10:\\\"created_by\\\";i:1;s:10:\\\"company_id\\\";i:1;s:10:\\\"ip_address\\\";s:14:\\\"156.211.12.156\\\";s:10:\\\"user_agent\\\";s:111:\\\"Mozilla\\/5.0 (Windows NT 10.0; Win64; x64) AppleWebKit\\/537.36 (KHTML, like Gecko) Chrome\\/145.0.0.0 Safari\\/537.36\\\";s:3:\\\"url\\\";s:90:\\\"\\/api\\/installment-plans?page=1&per_page=10&sort_by=start_date&sort_order=desc&search=%D8%B1\\\";s:11:\\\"description\\\";s:94:\\\"قام المستخدم System Owner بانشاء الصندوق (الخزنة النقدية)\\\";}}\"}}', 0, NULL, 1770788039, 1770788039),
(61, 'default', '{\"uuid\":\"1ec52a0b-050b-406a-a00d-9dbdfa23f223\",\"displayName\":\"App\\\\Jobs\\\\LogActivityJob\",\"job\":\"Illuminate\\\\Queue\\\\CallQueuedHandler@call\",\"maxTries\":null,\"maxExceptions\":null,\"failOnTimeout\":false,\"backoff\":null,\"timeout\":null,\"retryUntil\":null,\"data\":{\"commandName\":\"App\\\\Jobs\\\\LogActivityJob\",\"command\":\"O:23:\\\"App\\\\Jobs\\\\LogActivityJob\\\":1:{s:7:\\\"\\u0000*\\u0000data\\\";a:12:{s:6:\\\"action\\\";s:10:\\\"تعديل\\\";s:12:\\\"subject_type\\\";s:15:\\\"App\\\\Models\\\\User\\\";s:10:\\\"subject_id\\\";i:1;s:10:\\\"old_values\\\";a:2:{s:10:\\\"company_id\\\";i:1;s:10:\\\"updated_at\\\";O:25:\\\"Illuminate\\\\Support\\\\Carbon\\\":4:{s:4:\\\"date\\\";s:26:\\\"2026-02-10 14:03:07.000000\\\";s:13:\\\"timezone_type\\\";i:3;s:8:\\\"timezone\\\";s:3:\\\"UTC\\\";s:18:\\\"dumpDateProperties\\\";a:2:{s:4:\\\"date\\\";s:26:\\\"2026-02-10 14:03:07.000000\\\";s:8:\\\"timezone\\\";s:3:\\\"UTC\\\";}}}s:10:\\\"new_values\\\";a:2:{s:10:\\\"company_id\\\";i:2;s:10:\\\"updated_at\\\";s:19:\\\"2026-02-12 00:06:59\\\";}s:7:\\\"user_id\\\";i:1;s:10:\\\"created_by\\\";i:1;s:10:\\\"company_id\\\";i:1;s:10:\\\"ip_address\\\";s:14:\\\"156.211.12.156\\\";s:10:\\\"user_agent\\\";s:111:\\\"Mozilla\\/5.0 (Windows NT 10.0; Win64; x64) AppleWebKit\\/537.36 (KHTML, like Gecko) Chrome\\/145.0.0.0 Safari\\/537.36\\\";s:3:\\\"url\\\";s:21:\\\"\\/api\\/change-company\\/1\\\";s:11:\\\"description\\\";s:81:\\\"قام المستخدم System Owner بتعديل المستخدم (System Owner)\\\";}}\"}}', 0, NULL, 1770854819, 1770854819),
(62, 'default', '{\"uuid\":\"9f90a01e-1207-408f-9301-9ca5ce489391\",\"displayName\":\"App\\\\Jobs\\\\LogActivityJob\",\"job\":\"Illuminate\\\\Queue\\\\CallQueuedHandler@call\",\"maxTries\":null,\"maxExceptions\":null,\"failOnTimeout\":false,\"backoff\":null,\"timeout\":null,\"retryUntil\":null,\"data\":{\"commandName\":\"App\\\\Jobs\\\\LogActivityJob\",\"command\":\"O:23:\\\"App\\\\Jobs\\\\LogActivityJob\\\":1:{s:7:\\\"\\u0000*\\u0000data\\\";a:12:{s:6:\\\"action\\\";s:10:\\\"انشاء\\\";s:12:\\\"subject_type\\\";s:18:\\\"App\\\\Models\\\\CashBox\\\";s:10:\\\"subject_id\\\";i:2924;s:10:\\\"old_values\\\";N;s:10:\\\"new_values\\\";a:13:{s:7:\\\"user_id\\\";i:65;s:10:\\\"company_id\\\";i:2;s:16:\\\"cash_box_type_id\\\";i:17;s:10:\\\"is_default\\\";b:1;s:4:\\\"name\\\";s:27:\\\"الخزنة النقدية\\\";s:7:\\\"balance\\\";i:0;s:10:\\\"created_by\\\";i:1;s:9:\\\"is_active\\\";b:1;s:11:\\\"description\\\";s:94:\\\"تم إنشاؤها تلقائيًا مع ارتباط المستخدم بشركة: اقساط\\\";s:14:\\\"account_number\\\";N;s:10:\\\"updated_at\\\";s:19:\\\"2026-02-12 00:07:01\\\";s:10:\\\"created_at\\\";s:19:\\\"2026-02-12 00:07:01\\\";s:2:\\\"id\\\";i:2924;}s:7:\\\"user_id\\\";i:1;s:10:\\\"created_by\\\";i:1;s:10:\\\"company_id\\\";i:2;s:10:\\\"ip_address\\\";s:14:\\\"156.211.12.156\\\";s:10:\\\"user_agent\\\";s:111:\\\"Mozilla\\/5.0 (Windows NT 10.0; Win64; x64) AppleWebKit\\/537.36 (KHTML, like Gecko) Chrome\\/145.0.0.0 Safari\\/537.36\\\";s:3:\\\"url\\\";s:82:\\\"\\/api\\/installments?status=pending,partially_paid&due_date_to=2026-02-22&per_page=10\\\";s:11:\\\"description\\\";s:94:\\\"قام المستخدم System Owner بانشاء الصندوق (الخزنة النقدية)\\\";}}\"}}', 0, NULL, 1770854821, 1770854821);
INSERT INTO `jobs` (`id`, `queue`, `payload`, `attempts`, `reserved_at`, `available_at`, `created_at`) VALUES
(63, 'default', '{\"uuid\":\"9b11390a-66fa-49a3-b915-a0edc9caeafb\",\"displayName\":\"App\\\\Jobs\\\\LogActivityJob\",\"job\":\"Illuminate\\\\Queue\\\\CallQueuedHandler@call\",\"maxTries\":null,\"maxExceptions\":null,\"failOnTimeout\":false,\"backoff\":null,\"timeout\":null,\"retryUntil\":null,\"data\":{\"commandName\":\"App\\\\Jobs\\\\LogActivityJob\",\"command\":\"O:23:\\\"App\\\\Jobs\\\\LogActivityJob\\\":1:{s:7:\\\"\\u0000*\\u0000data\\\";a:12:{s:6:\\\"action\\\";s:10:\\\"تعديل\\\";s:12:\\\"subject_type\\\";s:15:\\\"App\\\\Models\\\\User\\\";s:10:\\\"subject_id\\\";i:5;s:10:\\\"old_values\\\";a:2:{s:10:\\\"company_id\\\";i:10;s:10:\\\"updated_at\\\";O:25:\\\"Illuminate\\\\Support\\\\Carbon\\\":4:{s:4:\\\"date\\\";s:26:\\\"2026-02-10 08:37:59.000000\\\";s:13:\\\"timezone_type\\\";i:3;s:8:\\\"timezone\\\";s:3:\\\"UTC\\\";s:18:\\\"dumpDateProperties\\\";a:2:{s:4:\\\"date\\\";s:26:\\\"2026-02-10 08:37:59.000000\\\";s:8:\\\"timezone\\\";s:3:\\\"UTC\\\";}}}s:10:\\\"new_values\\\";a:2:{s:10:\\\"company_id\\\";i:2;s:10:\\\"updated_at\\\";s:19:\\\"2026-02-12 08:28:14\\\";}s:7:\\\"user_id\\\";i:5;s:10:\\\"created_by\\\";i:5;s:10:\\\"company_id\\\";i:10;s:10:\\\"ip_address\\\";s:14:\\\"156.211.12.156\\\";s:10:\\\"user_agent\\\";s:111:\\\"Mozilla\\/5.0 (Windows NT 10.0; Win64; x64) AppleWebKit\\/537.36 (KHTML, like Gecko) Chrome\\/144.0.0.0 Safari\\/537.36\\\";s:3:\\\"url\\\";s:21:\\\"\\/api\\/change-company\\/5\\\";s:11:\\\"description\\\";s:83:\\\"قام المستخدم ابو ندي بتعديل المستخدم (ابو ندي)\\\";}}\"}}', 0, NULL, 1770884894, 1770884894),
(64, 'default', '{\"uuid\":\"c6aaa721-2589-45e7-84fd-87ee18fa82a9\",\"displayName\":\"App\\\\Jobs\\\\LogActivityJob\",\"job\":\"Illuminate\\\\Queue\\\\CallQueuedHandler@call\",\"maxTries\":null,\"maxExceptions\":null,\"failOnTimeout\":false,\"backoff\":null,\"timeout\":null,\"retryUntil\":null,\"data\":{\"commandName\":\"App\\\\Jobs\\\\LogActivityJob\",\"command\":\"O:23:\\\"App\\\\Jobs\\\\LogActivityJob\\\":1:{s:7:\\\"\\u0000*\\u0000data\\\";a:12:{s:6:\\\"action\\\";s:10:\\\"انشاء\\\";s:12:\\\"subject_type\\\";s:29:\\\"App\\\\Models\\\\InstallmentPayment\\\";s:10:\\\"subject_id\\\";i:225;s:10:\\\"old_values\\\";N;s:10:\\\"new_values\\\";a:12:{s:19:\\\"installment_plan_id\\\";i:59;s:10:\\\"company_id\\\";i:2;s:10:\\\"created_by\\\";i:5;s:12:\\\"payment_date\\\";s:10:\\\"2026-02-12\\\";s:11:\\\"amount_paid\\\";i:0;s:14:\\\"payment_method\\\";s:8:\\\"نقدي\\\";s:5:\\\"notes\\\";s:0:\\\"\\\";s:11:\\\"cash_box_id\\\";i:1257;s:16:\\\"reference_number\\\";N;s:10:\\\"updated_at\\\";s:19:\\\"2026-02-12 08:31:14\\\";s:10:\\\"created_at\\\";s:19:\\\"2026-02-12 08:31:14\\\";s:2:\\\"id\\\";i:225;}s:7:\\\"user_id\\\";i:5;s:10:\\\"created_by\\\";i:5;s:10:\\\"company_id\\\";i:2;s:10:\\\"ip_address\\\";s:14:\\\"156.211.12.156\\\";s:10:\\\"user_agent\\\";s:111:\\\"Mozilla\\/5.0 (Windows NT 10.0; Win64; x64) AppleWebKit\\/537.36 (KHTML, like Gecko) Chrome\\/144.0.0.0 Safari\\/537.36\\\";s:3:\\\"url\\\";s:29:\\\"\\/api\\/installment-payments\\/pay\\\";s:11:\\\"description\\\";s:97:\\\"قام المستخدم ابو ندي بانشاء دفعة أقساط (2026-02-12) - مبلغ: 0\\\";}}\"}}', 0, NULL, 1770885074, 1770885074),
(65, 'default', '{\"uuid\":\"573744cd-d229-4814-8435-9ac9ba76f360\",\"displayName\":\"App\\\\Jobs\\\\LogActivityJob\",\"job\":\"Illuminate\\\\Queue\\\\CallQueuedHandler@call\",\"maxTries\":null,\"maxExceptions\":null,\"failOnTimeout\":false,\"backoff\":null,\"timeout\":null,\"retryUntil\":null,\"data\":{\"commandName\":\"App\\\\Jobs\\\\LogActivityJob\",\"command\":\"O:23:\\\"App\\\\Jobs\\\\LogActivityJob\\\":1:{s:7:\\\"\\u0000*\\u0000data\\\";a:12:{s:6:\\\"action\\\";s:10:\\\"تعديل\\\";s:12:\\\"subject_type\\\";s:26:\\\"App\\\\Models\\\\InstallmentPlan\\\";s:10:\\\"subject_id\\\";i:59;s:10:\\\"old_values\\\";a:3:{s:16:\\\"remaining_amount\\\";s:7:\\\"1794.00\\\";s:6:\\\"status\\\";s:7:\\\"pending\\\";s:10:\\\"updated_at\\\";O:25:\\\"Illuminate\\\\Support\\\\Carbon\\\":4:{s:4:\\\"date\\\";s:26:\\\"2026-01-06 19:37:19.000000\\\";s:13:\\\"timezone_type\\\";i:3;s:8:\\\"timezone\\\";s:3:\\\"UTC\\\";s:18:\\\"dumpDateProperties\\\";a:2:{s:4:\\\"date\\\";s:26:\\\"2026-01-06 19:37:19.000000\\\";s:8:\\\"timezone\\\";s:3:\\\"UTC\\\";}}}s:10:\\\"new_values\\\";a:3:{s:16:\\\"remaining_amount\\\";s:7:\\\"1494.00\\\";s:6:\\\"status\\\";s:14:\\\"partially_paid\\\";s:10:\\\"updated_at\\\";s:19:\\\"2026-02-12 08:31:14\\\";}s:7:\\\"user_id\\\";i:5;s:10:\\\"created_by\\\";i:5;s:10:\\\"company_id\\\";i:2;s:10:\\\"ip_address\\\";s:14:\\\"156.211.12.156\\\";s:10:\\\"user_agent\\\";s:111:\\\"Mozilla\\/5.0 (Windows NT 10.0; Win64; x64) AppleWebKit\\/537.36 (KHTML, like Gecko) Chrome\\/144.0.0.0 Safari\\/537.36\\\";s:3:\\\"url\\\";s:29:\\\"\\/api\\/installment-payments\\/pay\\\";s:11:\\\"description\\\";s:108:\\\"قام المستخدم ابو ندي بتعديل خطة تقسيط () - إجمالي الصافي: 1794.00\\\";}}\"}}', 0, NULL, 1770885074, 1770885074),
(66, 'default', '{\"uuid\":\"90f845e1-f239-4c22-becb-e2d9f5cac794\",\"displayName\":\"App\\\\Jobs\\\\LogActivityJob\",\"job\":\"Illuminate\\\\Queue\\\\CallQueuedHandler@call\",\"maxTries\":null,\"maxExceptions\":null,\"failOnTimeout\":false,\"backoff\":null,\"timeout\":null,\"retryUntil\":null,\"data\":{\"commandName\":\"App\\\\Jobs\\\\LogActivityJob\",\"command\":\"O:23:\\\"App\\\\Jobs\\\\LogActivityJob\\\":1:{s:7:\\\"\\u0000*\\u0000data\\\";a:12:{s:6:\\\"action\\\";s:10:\\\"تعديل\\\";s:12:\\\"subject_type\\\";s:22:\\\"App\\\\Models\\\\Installment\\\";s:10:\\\"subject_id\\\";i:669;s:10:\\\"old_values\\\";a:4:{s:6:\\\"status\\\";s:7:\\\"pending\\\";s:7:\\\"paid_at\\\";N;s:9:\\\"remaining\\\";s:6:\\\"150.00\\\";s:10:\\\"updated_at\\\";O:25:\\\"Illuminate\\\\Support\\\\Carbon\\\":4:{s:4:\\\"date\\\";s:26:\\\"2026-01-06 19:36:47.000000\\\";s:13:\\\"timezone_type\\\";i:3;s:8:\\\"timezone\\\";s:3:\\\"UTC\\\";s:18:\\\"dumpDateProperties\\\";a:2:{s:4:\\\"date\\\";s:26:\\\"2026-01-06 19:36:47.000000\\\";s:8:\\\"timezone\\\";s:3:\\\"UTC\\\";}}}s:10:\\\"new_values\\\";a:4:{s:6:\\\"status\\\";s:4:\\\"paid\\\";s:7:\\\"paid_at\\\";s:19:\\\"2026-02-12 00:00:00\\\";s:9:\\\"remaining\\\";s:4:\\\"0.00\\\";s:10:\\\"updated_at\\\";s:19:\\\"2026-02-12 08:31:14\\\";}s:7:\\\"user_id\\\";i:5;s:10:\\\"created_by\\\";i:5;s:10:\\\"company_id\\\";i:2;s:10:\\\"ip_address\\\";s:14:\\\"156.211.12.156\\\";s:10:\\\"user_agent\\\";s:111:\\\"Mozilla\\/5.0 (Windows NT 10.0; Win64; x64) AppleWebKit\\/537.36 (KHTML, like Gecko) Chrome\\/144.0.0.0 Safari\\/537.36\\\";s:3:\\\"url\\\";s:29:\\\"\\/api\\/installment-payments\\/pay\\\";s:11:\\\"description\\\";s:80:\\\"قام المستخدم ابو ندي بتعديل قسط (2) - مبلغ: 150.00\\\";}}\"}}', 0, NULL, 1770885074, 1770885074),
(67, 'default', '{\"uuid\":\"77c957d9-4f72-426d-9787-f8d5a01abc09\",\"displayName\":\"App\\\\Jobs\\\\LogActivityJob\",\"job\":\"Illuminate\\\\Queue\\\\CallQueuedHandler@call\",\"maxTries\":null,\"maxExceptions\":null,\"failOnTimeout\":false,\"backoff\":null,\"timeout\":null,\"retryUntil\":null,\"data\":{\"commandName\":\"App\\\\Jobs\\\\LogActivityJob\",\"command\":\"O:23:\\\"App\\\\Jobs\\\\LogActivityJob\\\":1:{s:7:\\\"\\u0000*\\u0000data\\\";a:12:{s:6:\\\"action\\\";s:10:\\\"انشاء\\\";s:12:\\\"subject_type\\\";s:35:\\\"App\\\\Models\\\\InstallmentPaymentDetail\\\";s:10:\\\"subject_id\\\";i:209;s:10:\\\"old_values\\\";N;s:10:\\\"new_values\\\";a:6:{s:22:\\\"installment_payment_id\\\";i:225;s:14:\\\"installment_id\\\";i:669;s:11:\\\"amount_paid\\\";d:150;s:10:\\\"updated_at\\\";s:19:\\\"2026-02-12 08:31:14\\\";s:10:\\\"created_at\\\";s:19:\\\"2026-02-12 08:31:14\\\";s:2:\\\"id\\\";i:209;}s:7:\\\"user_id\\\";i:5;s:10:\\\"created_by\\\";i:5;s:10:\\\"company_id\\\";i:2;s:10:\\\"ip_address\\\";s:14:\\\"156.211.12.156\\\";s:10:\\\"user_agent\\\";s:111:\\\"Mozilla\\/5.0 (Windows NT 10.0; Win64; x64) AppleWebKit\\/537.36 (KHTML, like Gecko) Chrome\\/144.0.0.0 Safari\\/537.36\\\";s:3:\\\"url\\\";s:29:\\\"\\/api\\/installment-payments\\/pay\\\";s:11:\\\"description\\\";s:99:\\\"قام المستخدم ابو ندي بانشاء تفاصيل دفعة قسط (2) - مبلغ: 150\\\";}}\"}}', 0, NULL, 1770885074, 1770885074),
(68, 'default', '{\"uuid\":\"409f12ec-4c1c-4758-9bf1-2ad33cd39305\",\"displayName\":\"App\\\\Jobs\\\\LogActivityJob\",\"job\":\"Illuminate\\\\Queue\\\\CallQueuedHandler@call\",\"maxTries\":null,\"maxExceptions\":null,\"failOnTimeout\":false,\"backoff\":null,\"timeout\":null,\"retryUntil\":null,\"data\":{\"commandName\":\"App\\\\Jobs\\\\LogActivityJob\",\"command\":\"O:23:\\\"App\\\\Jobs\\\\LogActivityJob\\\":1:{s:7:\\\"\\u0000*\\u0000data\\\";a:12:{s:6:\\\"action\\\";s:10:\\\"تعديل\\\";s:12:\\\"subject_type\\\";s:29:\\\"App\\\\Models\\\\InstallmentPayment\\\";s:10:\\\"subject_id\\\";i:225;s:10:\\\"old_values\\\";a:1:{s:11:\\\"amount_paid\\\";i:0;}s:10:\\\"new_values\\\";a:1:{s:11:\\\"amount_paid\\\";s:6:\\\"150.00\\\";}s:7:\\\"user_id\\\";i:5;s:10:\\\"created_by\\\";i:5;s:10:\\\"company_id\\\";i:2;s:10:\\\"ip_address\\\";s:14:\\\"156.211.12.156\\\";s:10:\\\"user_agent\\\";s:111:\\\"Mozilla\\/5.0 (Windows NT 10.0; Win64; x64) AppleWebKit\\/537.36 (KHTML, like Gecko) Chrome\\/144.0.0.0 Safari\\/537.36\\\";s:3:\\\"url\\\";s:29:\\\"\\/api\\/installment-payments\\/pay\\\";s:11:\\\"description\\\";s:102:\\\"قام المستخدم ابو ندي بتعديل دفعة أقساط (2026-02-12) - مبلغ: 150.00\\\";}}\"}}', 0, NULL, 1770885074, 1770885074),
(69, 'default', '{\"uuid\":\"e39ab0d7-d477-46da-84cf-9669cdd42fc1\",\"displayName\":\"App\\\\Jobs\\\\LogActivityJob\",\"job\":\"Illuminate\\\\Queue\\\\CallQueuedHandler@call\",\"maxTries\":null,\"maxExceptions\":null,\"failOnTimeout\":false,\"backoff\":null,\"timeout\":null,\"retryUntil\":null,\"data\":{\"commandName\":\"App\\\\Jobs\\\\LogActivityJob\",\"command\":\"O:23:\\\"App\\\\Jobs\\\\LogActivityJob\\\":1:{s:7:\\\"\\u0000*\\u0000data\\\";a:12:{s:6:\\\"action\\\";s:10:\\\"تعديل\\\";s:12:\\\"subject_type\\\";s:26:\\\"App\\\\Models\\\\InstallmentPlan\\\";s:10:\\\"subject_id\\\";i:59;s:10:\\\"old_values\\\";a:2:{s:16:\\\"remaining_amount\\\";s:7:\\\"1794.00\\\";s:10:\\\"updated_at\\\";O:25:\\\"Illuminate\\\\Support\\\\Carbon\\\":4:{s:4:\\\"date\\\";s:26:\\\"2026-01-06 19:37:19.000000\\\";s:13:\\\"timezone_type\\\";i:3;s:8:\\\"timezone\\\";s:3:\\\"UTC\\\";s:18:\\\"dumpDateProperties\\\";a:2:{s:4:\\\"date\\\";s:26:\\\"2026-01-06 19:37:19.000000\\\";s:8:\\\"timezone\\\";s:3:\\\"UTC\\\";}}}s:10:\\\"new_values\\\";a:2:{s:16:\\\"remaining_amount\\\";d:1644;s:10:\\\"updated_at\\\";s:19:\\\"2026-02-12 08:31:14\\\";}s:7:\\\"user_id\\\";i:5;s:10:\\\"created_by\\\";i:5;s:10:\\\"company_id\\\";i:2;s:10:\\\"ip_address\\\";s:14:\\\"156.211.12.156\\\";s:10:\\\"user_agent\\\";s:111:\\\"Mozilla\\/5.0 (Windows NT 10.0; Win64; x64) AppleWebKit\\/537.36 (KHTML, like Gecko) Chrome\\/144.0.0.0 Safari\\/537.36\\\";s:3:\\\"url\\\";s:29:\\\"\\/api\\/installment-payments\\/pay\\\";s:11:\\\"description\\\";s:108:\\\"قام المستخدم ابو ندي بتعديل خطة تقسيط () - إجمالي الصافي: 1794.00\\\";}}\"}}', 0, NULL, 1770885074, 1770885074),
(70, 'default', '{\"uuid\":\"5e664c06-aa4b-4096-a97b-8d7b7c7cd2a1\",\"displayName\":\"App\\\\Jobs\\\\LogActivityJob\",\"job\":\"Illuminate\\\\Queue\\\\CallQueuedHandler@call\",\"maxTries\":null,\"maxExceptions\":null,\"failOnTimeout\":false,\"backoff\":null,\"timeout\":null,\"retryUntil\":null,\"data\":{\"commandName\":\"App\\\\Jobs\\\\LogActivityJob\",\"command\":\"O:23:\\\"App\\\\Jobs\\\\LogActivityJob\\\":1:{s:7:\\\"\\u0000*\\u0000data\\\";a:12:{s:6:\\\"action\\\";s:10:\\\"تعديل\\\";s:12:\\\"subject_type\\\";s:26:\\\"App\\\\Models\\\\InstallmentPlan\\\";s:10:\\\"subject_id\\\";i:59;s:10:\\\"old_values\\\";a:1:{s:6:\\\"status\\\";s:7:\\\"pending\\\";}s:10:\\\"new_values\\\";a:1:{s:6:\\\"status\\\";s:14:\\\"partially_paid\\\";}s:7:\\\"user_id\\\";i:5;s:10:\\\"created_by\\\";i:5;s:10:\\\"company_id\\\";i:2;s:10:\\\"ip_address\\\";s:14:\\\"156.211.12.156\\\";s:10:\\\"user_agent\\\";s:111:\\\"Mozilla\\/5.0 (Windows NT 10.0; Win64; x64) AppleWebKit\\/537.36 (KHTML, like Gecko) Chrome\\/144.0.0.0 Safari\\/537.36\\\";s:3:\\\"url\\\";s:29:\\\"\\/api\\/installment-payments\\/pay\\\";s:11:\\\"description\\\";s:108:\\\"قام المستخدم ابو ندي بتعديل خطة تقسيط () - إجمالي الصافي: 1794.00\\\";}}\"}}', 0, NULL, 1770885074, 1770885074),
(71, 'default', '{\"uuid\":\"781ef4a6-49f8-4476-8762-6d7615c3eb5d\",\"displayName\":\"App\\\\Jobs\\\\LogActivityJob\",\"job\":\"Illuminate\\\\Queue\\\\CallQueuedHandler@call\",\"maxTries\":null,\"maxExceptions\":null,\"failOnTimeout\":false,\"backoff\":null,\"timeout\":null,\"retryUntil\":null,\"data\":{\"commandName\":\"App\\\\Jobs\\\\LogActivityJob\",\"command\":\"O:23:\\\"App\\\\Jobs\\\\LogActivityJob\\\":1:{s:7:\\\"\\u0000*\\u0000data\\\";a:12:{s:6:\\\"action\\\";s:10:\\\"تعديل\\\";s:12:\\\"subject_type\\\";s:18:\\\"App\\\\Models\\\\CashBox\\\";s:10:\\\"subject_id\\\";i:1257;s:10:\\\"old_values\\\";a:2:{s:7:\\\"balance\\\";s:4:\\\"0.00\\\";s:10:\\\"updated_at\\\";O:25:\\\"Illuminate\\\\Support\\\\Carbon\\\":4:{s:4:\\\"date\\\";s:26:\\\"2026-02-07 11:00:00.000000\\\";s:13:\\\"timezone_type\\\";i:3;s:8:\\\"timezone\\\";s:3:\\\"UTC\\\";s:18:\\\"dumpDateProperties\\\";a:2:{s:4:\\\"date\\\";s:26:\\\"2026-02-07 11:00:00.000000\\\";s:8:\\\"timezone\\\";s:3:\\\"UTC\\\";}}}s:10:\\\"new_values\\\";a:2:{s:7:\\\"balance\\\";d:150;s:10:\\\"updated_at\\\";s:19:\\\"2026-02-12 08:31:14\\\";}s:7:\\\"user_id\\\";i:5;s:10:\\\"created_by\\\";i:5;s:10:\\\"company_id\\\";i:2;s:10:\\\"ip_address\\\";s:14:\\\"156.211.12.156\\\";s:10:\\\"user_agent\\\";s:111:\\\"Mozilla\\/5.0 (Windows NT 10.0; Win64; x64) AppleWebKit\\/537.36 (KHTML, like Gecko) Chrome\\/144.0.0.0 Safari\\/537.36\\\";s:3:\\\"url\\\";s:29:\\\"\\/api\\/installment-payments\\/pay\\\";s:11:\\\"description\\\";s:95:\\\"قام المستخدم ابو ندي بتعديل الصندوق (الخزنة النقدية)\\\";}}\"}}', 0, NULL, 1770885074, 1770885074),
(72, 'default', '{\"uuid\":\"46cc4899-769e-4338-9721-1ea5a81cee56\",\"displayName\":\"App\\\\Jobs\\\\LogActivityJob\",\"job\":\"Illuminate\\\\Queue\\\\CallQueuedHandler@call\",\"maxTries\":null,\"maxExceptions\":null,\"failOnTimeout\":false,\"backoff\":null,\"timeout\":null,\"retryUntil\":null,\"data\":{\"commandName\":\"App\\\\Jobs\\\\LogActivityJob\",\"command\":\"O:23:\\\"App\\\\Jobs\\\\LogActivityJob\\\":1:{s:7:\\\"\\u0000*\\u0000data\\\";a:12:{s:6:\\\"action\\\";s:10:\\\"انشاء\\\";s:12:\\\"subject_type\\\";s:22:\\\"App\\\\Models\\\\Transaction\\\";s:10:\\\"subject_id\\\";i:7;s:10:\\\"old_values\\\";N;s:10:\\\"new_values\\\";a:12:{s:7:\\\"user_id\\\";i:5;s:10:\\\"cashbox_id\\\";i:1257;s:10:\\\"created_by\\\";i:5;s:10:\\\"company_id\\\";i:2;s:4:\\\"type\\\";s:7:\\\"deposit\\\";s:6:\\\"amount\\\";d:150;s:14:\\\"balance_before\\\";s:4:\\\"0.00\\\";s:13:\\\"balance_after\\\";d:150;s:11:\\\"description\\\";s:37:\\\"تحصيل أقساط - دفعة #225\\\";s:10:\\\"updated_at\\\";s:19:\\\"2026-02-12 08:31:14\\\";s:10:\\\"created_at\\\";s:19:\\\"2026-02-12 08:31:14\\\";s:2:\\\"id\\\";i:7;}s:7:\\\"user_id\\\";i:5;s:10:\\\"created_by\\\";i:5;s:10:\\\"company_id\\\";i:2;s:10:\\\"ip_address\\\";s:14:\\\"156.211.12.156\\\";s:10:\\\"user_agent\\\";s:111:\\\"Mozilla\\/5.0 (Windows NT 10.0; Win64; x64) AppleWebKit\\/537.36 (KHTML, like Gecko) Chrome\\/144.0.0.0 Safari\\/537.36\\\";s:3:\\\"url\\\";s:29:\\\"\\/api\\/installment-payments\\/pay\\\";s:11:\\\"description\\\";s:80:\\\"قام المستخدم ابو ندي بانشاء المعاملة #7 (deposit)\\\";}}\"}}', 0, NULL, 1770885074, 1770885074),
(73, 'default', '{\"uuid\":\"17d40ba1-247d-4c63-ad75-a96d3bd40de6\",\"displayName\":\"App\\\\Jobs\\\\LogActivityJob\",\"job\":\"Illuminate\\\\Queue\\\\CallQueuedHandler@call\",\"maxTries\":null,\"maxExceptions\":null,\"failOnTimeout\":false,\"backoff\":null,\"timeout\":null,\"retryUntil\":null,\"data\":{\"commandName\":\"App\\\\Jobs\\\\LogActivityJob\",\"command\":\"O:23:\\\"App\\\\Jobs\\\\LogActivityJob\\\":1:{s:7:\\\"\\u0000*\\u0000data\\\";a:12:{s:6:\\\"action\\\";s:10:\\\"تعديل\\\";s:12:\\\"subject_type\\\";s:18:\\\"App\\\\Models\\\\CashBox\\\";s:10:\\\"subject_id\\\";i:1274;s:10:\\\"old_values\\\";a:2:{s:7:\\\"balance\\\";s:8:\\\"-7722.83\\\";s:10:\\\"updated_at\\\";O:25:\\\"Illuminate\\\\Support\\\\Carbon\\\":4:{s:4:\\\"date\\\";s:26:\\\"2026-02-07 09:49:47.000000\\\";s:13:\\\"timezone_type\\\";i:3;s:8:\\\"timezone\\\";s:3:\\\"UTC\\\";s:18:\\\"dumpDateProperties\\\";a:2:{s:4:\\\"date\\\";s:26:\\\"2026-02-07 09:49:47.000000\\\";s:8:\\\"timezone\\\";s:3:\\\"UTC\\\";}}}s:10:\\\"new_values\\\";a:2:{s:7:\\\"balance\\\";d:-7572.83;s:10:\\\"updated_at\\\";s:19:\\\"2026-02-12 08:31:14\\\";}s:7:\\\"user_id\\\";i:5;s:10:\\\"created_by\\\";i:5;s:10:\\\"company_id\\\";i:2;s:10:\\\"ip_address\\\";s:14:\\\"156.211.12.156\\\";s:10:\\\"user_agent\\\";s:111:\\\"Mozilla\\/5.0 (Windows NT 10.0; Win64; x64) AppleWebKit\\/537.36 (KHTML, like Gecko) Chrome\\/144.0.0.0 Safari\\/537.36\\\";s:3:\\\"url\\\";s:29:\\\"\\/api\\/installment-payments\\/pay\\\";s:11:\\\"description\\\";s:95:\\\"قام المستخدم ابو ندي بتعديل الصندوق (الخزنة النقدية)\\\";}}\"}}', 0, NULL, 1770885074, 1770885074),
(74, 'default', '{\"uuid\":\"6b501f35-62ff-4acd-8035-f929ce2e38b0\",\"displayName\":\"App\\\\Jobs\\\\LogActivityJob\",\"job\":\"Illuminate\\\\Queue\\\\CallQueuedHandler@call\",\"maxTries\":null,\"maxExceptions\":null,\"failOnTimeout\":false,\"backoff\":null,\"timeout\":null,\"retryUntil\":null,\"data\":{\"commandName\":\"App\\\\Jobs\\\\LogActivityJob\",\"command\":\"O:23:\\\"App\\\\Jobs\\\\LogActivityJob\\\":1:{s:7:\\\"\\u0000*\\u0000data\\\";a:12:{s:6:\\\"action\\\";s:10:\\\"انشاء\\\";s:12:\\\"subject_type\\\";s:22:\\\"App\\\\Models\\\\Transaction\\\";s:10:\\\"subject_id\\\";i:8;s:10:\\\"old_values\\\";N;s:10:\\\"new_values\\\";a:12:{s:7:\\\"user_id\\\";i:86;s:10:\\\"cashbox_id\\\";i:1274;s:10:\\\"created_by\\\";i:5;s:10:\\\"company_id\\\";i:2;s:4:\\\"type\\\";s:7:\\\"deposit\\\";s:6:\\\"amount\\\";d:150;s:14:\\\"balance_before\\\";s:8:\\\"-7722.83\\\";s:13:\\\"balance_after\\\";d:-7572.83;s:11:\\\"description\\\";s:35:\\\"سداد أقساط - دفعة #225\\\";s:10:\\\"updated_at\\\";s:19:\\\"2026-02-12 08:31:14\\\";s:10:\\\"created_at\\\";s:19:\\\"2026-02-12 08:31:14\\\";s:2:\\\"id\\\";i:8;}s:7:\\\"user_id\\\";i:5;s:10:\\\"created_by\\\";i:5;s:10:\\\"company_id\\\";i:2;s:10:\\\"ip_address\\\";s:14:\\\"156.211.12.156\\\";s:10:\\\"user_agent\\\";s:111:\\\"Mozilla\\/5.0 (Windows NT 10.0; Win64; x64) AppleWebKit\\/537.36 (KHTML, like Gecko) Chrome\\/144.0.0.0 Safari\\/537.36\\\";s:3:\\\"url\\\";s:29:\\\"\\/api\\/installment-payments\\/pay\\\";s:11:\\\"description\\\";s:80:\\\"قام المستخدم ابو ندي بانشاء المعاملة #8 (deposit)\\\";}}\"}}', 0, NULL, 1770885074, 1770885074),
(75, 'default', '{\"uuid\":\"76af1ee2-0995-4cea-accd-068e0f2fcd7b\",\"displayName\":\"App\\\\Jobs\\\\LogActivityJob\",\"job\":\"Illuminate\\\\Queue\\\\CallQueuedHandler@call\",\"maxTries\":null,\"maxExceptions\":null,\"failOnTimeout\":false,\"backoff\":null,\"timeout\":null,\"retryUntil\":null,\"data\":{\"commandName\":\"App\\\\Jobs\\\\LogActivityJob\",\"command\":\"O:23:\\\"App\\\\Jobs\\\\LogActivityJob\\\":1:{s:7:\\\"\\u0000*\\u0000data\\\";a:12:{s:6:\\\"action\\\";s:10:\\\"تعديل\\\";s:12:\\\"subject_type\\\";s:18:\\\"App\\\\Models\\\\Invoice\\\";s:10:\\\"subject_id\\\";i:90;s:10:\\\"old_values\\\";a:4:{s:11:\\\"paid_amount\\\";s:6:\\\"150.00\\\";s:16:\\\"remaining_amount\\\";s:7:\\\"1644.00\\\";s:10:\\\"updated_at\\\";O:25:\\\"Illuminate\\\\Support\\\\Carbon\\\":4:{s:4:\\\"date\\\";s:26:\\\"2026-02-11 23:16:38.000000\\\";s:13:\\\"timezone_type\\\";i:3;s:8:\\\"timezone\\\";s:3:\\\"UTC\\\";s:18:\\\"dumpDateProperties\\\";a:2:{s:4:\\\"date\\\";s:26:\\\"2026-02-11 23:16:38.000000\\\";s:8:\\\"timezone\\\";s:3:\\\"UTC\\\";}}s:10:\\\"updated_by\\\";N;}s:10:\\\"new_values\\\";a:4:{s:11:\\\"paid_amount\\\";d:300;s:16:\\\"remaining_amount\\\";d:1000;s:10:\\\"updated_at\\\";s:19:\\\"2026-02-12 08:31:14\\\";s:10:\\\"updated_by\\\";i:5;}s:7:\\\"user_id\\\";i:5;s:10:\\\"created_by\\\";i:5;s:10:\\\"company_id\\\";i:2;s:10:\\\"ip_address\\\";s:14:\\\"156.211.12.156\\\";s:10:\\\"user_agent\\\";s:111:\\\"Mozilla\\/5.0 (Windows NT 10.0; Win64; x64) AppleWebKit\\/537.36 (KHTML, like Gecko) Chrome\\/144.0.0.0 Safari\\/537.36\\\";s:3:\\\"url\\\";s:29:\\\"\\/api\\/installment-payments\\/pay\\\";s:11:\\\"description\\\";s:93:\\\"قام المستخدم ابو ندي بتعديل الفاتورة (INS_SAL-260106-2-000046)\\\";}}\"}}', 0, NULL, 1770885074, 1770885074),
(76, 'default', '{\"uuid\":\"40d88f50-a9f6-4776-9848-11edc74c7cf6\",\"displayName\":\"App\\\\Jobs\\\\LogActivityJob\",\"job\":\"Illuminate\\\\Queue\\\\CallQueuedHandler@call\",\"maxTries\":null,\"maxExceptions\":null,\"failOnTimeout\":false,\"backoff\":null,\"timeout\":null,\"retryUntil\":null,\"data\":{\"commandName\":\"App\\\\Jobs\\\\LogActivityJob\",\"command\":\"O:23:\\\"App\\\\Jobs\\\\LogActivityJob\\\":1:{s:7:\\\"\\u0000*\\u0000data\\\";a:12:{s:6:\\\"action\\\";s:10:\\\"انشاء\\\";s:12:\\\"subject_type\\\";s:29:\\\"App\\\\Models\\\\InstallmentPayment\\\";s:10:\\\"subject_id\\\";i:226;s:10:\\\"old_values\\\";N;s:10:\\\"new_values\\\";a:12:{s:19:\\\"installment_plan_id\\\";i:58;s:10:\\\"company_id\\\";i:2;s:10:\\\"created_by\\\";i:5;s:12:\\\"payment_date\\\";s:10:\\\"2026-02-12\\\";s:11:\\\"amount_paid\\\";i:0;s:14:\\\"payment_method\\\";s:8:\\\"نقدي\\\";s:5:\\\"notes\\\";s:0:\\\"\\\";s:11:\\\"cash_box_id\\\";i:1257;s:16:\\\"reference_number\\\";N;s:10:\\\"updated_at\\\";s:19:\\\"2026-02-12 08:36:10\\\";s:10:\\\"created_at\\\";s:19:\\\"2026-02-12 08:36:10\\\";s:2:\\\"id\\\";i:226;}s:7:\\\"user_id\\\";i:5;s:10:\\\"created_by\\\";i:5;s:10:\\\"company_id\\\";i:2;s:10:\\\"ip_address\\\";s:14:\\\"156.211.12.156\\\";s:10:\\\"user_agent\\\";s:111:\\\"Mozilla\\/5.0 (Windows NT 10.0; Win64; x64) AppleWebKit\\/537.36 (KHTML, like Gecko) Chrome\\/144.0.0.0 Safari\\/537.36\\\";s:3:\\\"url\\\";s:29:\\\"\\/api\\/installment-payments\\/pay\\\";s:11:\\\"description\\\";s:97:\\\"قام المستخدم ابو ندي بانشاء دفعة أقساط (2026-02-12) - مبلغ: 0\\\";}}\"}}', 0, NULL, 1770885370, 1770885370),
(77, 'default', '{\"uuid\":\"100d07c9-7e08-4c11-82ef-843b0bf9f45c\",\"displayName\":\"App\\\\Jobs\\\\LogActivityJob\",\"job\":\"Illuminate\\\\Queue\\\\CallQueuedHandler@call\",\"maxTries\":null,\"maxExceptions\":null,\"failOnTimeout\":false,\"backoff\":null,\"timeout\":null,\"retryUntil\":null,\"data\":{\"commandName\":\"App\\\\Jobs\\\\LogActivityJob\",\"command\":\"O:23:\\\"App\\\\Jobs\\\\LogActivityJob\\\":1:{s:7:\\\"\\u0000*\\u0000data\\\";a:12:{s:6:\\\"action\\\";s:10:\\\"تعديل\\\";s:12:\\\"subject_type\\\";s:26:\\\"App\\\\Models\\\\InstallmentPlan\\\";s:10:\\\"subject_id\\\";i:58;s:10:\\\"old_values\\\";a:3:{s:16:\\\"remaining_amount\\\";s:7:\\\"4416.00\\\";s:6:\\\"status\\\";s:7:\\\"pending\\\";s:10:\\\"updated_at\\\";O:25:\\\"Illuminate\\\\Support\\\\Carbon\\\":4:{s:4:\\\"date\\\";s:26:\\\"2026-01-05 21:15:12.000000\\\";s:13:\\\"timezone_type\\\";i:3;s:8:\\\"timezone\\\";s:3:\\\"UTC\\\";s:18:\\\"dumpDateProperties\\\";a:2:{s:4:\\\"date\\\";s:26:\\\"2026-01-05 21:15:12.000000\\\";s:8:\\\"timezone\\\";s:3:\\\"UTC\\\";}}}s:10:\\\"new_values\\\";a:3:{s:16:\\\"remaining_amount\\\";s:7:\\\"4046.00\\\";s:6:\\\"status\\\";s:14:\\\"partially_paid\\\";s:10:\\\"updated_at\\\";s:19:\\\"2026-02-12 08:36:10\\\";}s:7:\\\"user_id\\\";i:5;s:10:\\\"created_by\\\";i:5;s:10:\\\"company_id\\\";i:2;s:10:\\\"ip_address\\\";s:14:\\\"156.211.12.156\\\";s:10:\\\"user_agent\\\";s:111:\\\"Mozilla\\/5.0 (Windows NT 10.0; Win64; x64) AppleWebKit\\/537.36 (KHTML, like Gecko) Chrome\\/144.0.0.0 Safari\\/537.36\\\";s:3:\\\"url\\\";s:29:\\\"\\/api\\/installment-payments\\/pay\\\";s:11:\\\"description\\\";s:108:\\\"قام المستخدم ابو ندي بتعديل خطة تقسيط () - إجمالي الصافي: 4416.00\\\";}}\"}}', 0, NULL, 1770885370, 1770885370),
(78, 'default', '{\"uuid\":\"2965b88d-87d2-44ec-a694-7bb716972b7e\",\"displayName\":\"App\\\\Jobs\\\\LogActivityJob\",\"job\":\"Illuminate\\\\Queue\\\\CallQueuedHandler@call\",\"maxTries\":null,\"maxExceptions\":null,\"failOnTimeout\":false,\"backoff\":null,\"timeout\":null,\"retryUntil\":null,\"data\":{\"commandName\":\"App\\\\Jobs\\\\LogActivityJob\",\"command\":\"O:23:\\\"App\\\\Jobs\\\\LogActivityJob\\\":1:{s:7:\\\"\\u0000*\\u0000data\\\";a:12:{s:6:\\\"action\\\";s:10:\\\"تعديل\\\";s:12:\\\"subject_type\\\";s:22:\\\"App\\\\Models\\\\Installment\\\";s:10:\\\"subject_id\\\";i:656;s:10:\\\"old_values\\\";a:4:{s:6:\\\"status\\\";s:7:\\\"pending\\\";s:7:\\\"paid_at\\\";N;s:9:\\\"remaining\\\";s:6:\\\"370.00\\\";s:10:\\\"updated_at\\\";O:25:\\\"Illuminate\\\\Support\\\\Carbon\\\":4:{s:4:\\\"date\\\";s:26:\\\"2026-01-05 21:15:12.000000\\\";s:13:\\\"timezone_type\\\";i:3;s:8:\\\"timezone\\\";s:3:\\\"UTC\\\";s:18:\\\"dumpDateProperties\\\";a:2:{s:4:\\\"date\\\";s:26:\\\"2026-01-05 21:15:12.000000\\\";s:8:\\\"timezone\\\";s:3:\\\"UTC\\\";}}}s:10:\\\"new_values\\\";a:4:{s:6:\\\"status\\\";s:4:\\\"paid\\\";s:7:\\\"paid_at\\\";s:19:\\\"2026-02-12 00:00:00\\\";s:9:\\\"remaining\\\";s:4:\\\"0.00\\\";s:10:\\\"updated_at\\\";s:19:\\\"2026-02-12 08:36:10\\\";}s:7:\\\"user_id\\\";i:5;s:10:\\\"created_by\\\";i:5;s:10:\\\"company_id\\\";i:2;s:10:\\\"ip_address\\\";s:14:\\\"156.211.12.156\\\";s:10:\\\"user_agent\\\";s:111:\\\"Mozilla\\/5.0 (Windows NT 10.0; Win64; x64) AppleWebKit\\/537.36 (KHTML, like Gecko) Chrome\\/144.0.0.0 Safari\\/537.36\\\";s:3:\\\"url\\\";s:29:\\\"\\/api\\/installment-payments\\/pay\\\";s:11:\\\"description\\\";s:80:\\\"قام المستخدم ابو ندي بتعديل قسط (1) - مبلغ: 370.00\\\";}}\"}}', 0, NULL, 1770885370, 1770885370),
(79, 'default', '{\"uuid\":\"cb7ccc87-162d-453e-b267-def1f306b074\",\"displayName\":\"App\\\\Jobs\\\\LogActivityJob\",\"job\":\"Illuminate\\\\Queue\\\\CallQueuedHandler@call\",\"maxTries\":null,\"maxExceptions\":null,\"failOnTimeout\":false,\"backoff\":null,\"timeout\":null,\"retryUntil\":null,\"data\":{\"commandName\":\"App\\\\Jobs\\\\LogActivityJob\",\"command\":\"O:23:\\\"App\\\\Jobs\\\\LogActivityJob\\\":1:{s:7:\\\"\\u0000*\\u0000data\\\";a:12:{s:6:\\\"action\\\";s:10:\\\"انشاء\\\";s:12:\\\"subject_type\\\";s:35:\\\"App\\\\Models\\\\InstallmentPaymentDetail\\\";s:10:\\\"subject_id\\\";i:210;s:10:\\\"old_values\\\";N;s:10:\\\"new_values\\\";a:6:{s:22:\\\"installment_payment_id\\\";i:226;s:14:\\\"installment_id\\\";i:656;s:11:\\\"amount_paid\\\";d:370;s:10:\\\"updated_at\\\";s:19:\\\"2026-02-12 08:36:10\\\";s:10:\\\"created_at\\\";s:19:\\\"2026-02-12 08:36:10\\\";s:2:\\\"id\\\";i:210;}s:7:\\\"user_id\\\";i:5;s:10:\\\"created_by\\\";i:5;s:10:\\\"company_id\\\";i:2;s:10:\\\"ip_address\\\";s:14:\\\"156.211.12.156\\\";s:10:\\\"user_agent\\\";s:111:\\\"Mozilla\\/5.0 (Windows NT 10.0; Win64; x64) AppleWebKit\\/537.36 (KHTML, like Gecko) Chrome\\/144.0.0.0 Safari\\/537.36\\\";s:3:\\\"url\\\";s:29:\\\"\\/api\\/installment-payments\\/pay\\\";s:11:\\\"description\\\";s:99:\\\"قام المستخدم ابو ندي بانشاء تفاصيل دفعة قسط (1) - مبلغ: 370\\\";}}\"}}', 0, NULL, 1770885370, 1770885370),
(80, 'default', '{\"uuid\":\"41960e64-2250-4e60-acf3-104df0fc3d97\",\"displayName\":\"App\\\\Jobs\\\\LogActivityJob\",\"job\":\"Illuminate\\\\Queue\\\\CallQueuedHandler@call\",\"maxTries\":null,\"maxExceptions\":null,\"failOnTimeout\":false,\"backoff\":null,\"timeout\":null,\"retryUntil\":null,\"data\":{\"commandName\":\"App\\\\Jobs\\\\LogActivityJob\",\"command\":\"O:23:\\\"App\\\\Jobs\\\\LogActivityJob\\\":1:{s:7:\\\"\\u0000*\\u0000data\\\";a:12:{s:6:\\\"action\\\";s:10:\\\"تعديل\\\";s:12:\\\"subject_type\\\";s:29:\\\"App\\\\Models\\\\InstallmentPayment\\\";s:10:\\\"subject_id\\\";i:226;s:10:\\\"old_values\\\";a:1:{s:11:\\\"amount_paid\\\";i:0;}s:10:\\\"new_values\\\";a:1:{s:11:\\\"amount_paid\\\";s:6:\\\"370.00\\\";}s:7:\\\"user_id\\\";i:5;s:10:\\\"created_by\\\";i:5;s:10:\\\"company_id\\\";i:2;s:10:\\\"ip_address\\\";s:14:\\\"156.211.12.156\\\";s:10:\\\"user_agent\\\";s:111:\\\"Mozilla\\/5.0 (Windows NT 10.0; Win64; x64) AppleWebKit\\/537.36 (KHTML, like Gecko) Chrome\\/144.0.0.0 Safari\\/537.36\\\";s:3:\\\"url\\\";s:29:\\\"\\/api\\/installment-payments\\/pay\\\";s:11:\\\"description\\\";s:102:\\\"قام المستخدم ابو ندي بتعديل دفعة أقساط (2026-02-12) - مبلغ: 370.00\\\";}}\"}}', 0, NULL, 1770885370, 1770885370),
(81, 'default', '{\"uuid\":\"7c11dd87-d2d6-4208-b629-6f35c011f606\",\"displayName\":\"App\\\\Jobs\\\\LogActivityJob\",\"job\":\"Illuminate\\\\Queue\\\\CallQueuedHandler@call\",\"maxTries\":null,\"maxExceptions\":null,\"failOnTimeout\":false,\"backoff\":null,\"timeout\":null,\"retryUntil\":null,\"data\":{\"commandName\":\"App\\\\Jobs\\\\LogActivityJob\",\"command\":\"O:23:\\\"App\\\\Jobs\\\\LogActivityJob\\\":1:{s:7:\\\"\\u0000*\\u0000data\\\";a:12:{s:6:\\\"action\\\";s:10:\\\"تعديل\\\";s:12:\\\"subject_type\\\";s:26:\\\"App\\\\Models\\\\InstallmentPlan\\\";s:10:\\\"subject_id\\\";i:58;s:10:\\\"old_values\\\";a:2:{s:16:\\\"remaining_amount\\\";s:7:\\\"4416.00\\\";s:10:\\\"updated_at\\\";O:25:\\\"Illuminate\\\\Support\\\\Carbon\\\":4:{s:4:\\\"date\\\";s:26:\\\"2026-01-05 21:15:12.000000\\\";s:13:\\\"timezone_type\\\";i:3;s:8:\\\"timezone\\\";s:3:\\\"UTC\\\";s:18:\\\"dumpDateProperties\\\";a:2:{s:4:\\\"date\\\";s:26:\\\"2026-01-05 21:15:12.000000\\\";s:8:\\\"timezone\\\";s:3:\\\"UTC\\\";}}}s:10:\\\"new_values\\\";a:2:{s:16:\\\"remaining_amount\\\";d:4416;s:10:\\\"updated_at\\\";s:19:\\\"2026-02-12 08:36:10\\\";}s:7:\\\"user_id\\\";i:5;s:10:\\\"created_by\\\";i:5;s:10:\\\"company_id\\\";i:2;s:10:\\\"ip_address\\\";s:14:\\\"156.211.12.156\\\";s:10:\\\"user_agent\\\";s:111:\\\"Mozilla\\/5.0 (Windows NT 10.0; Win64; x64) AppleWebKit\\/537.36 (KHTML, like Gecko) Chrome\\/144.0.0.0 Safari\\/537.36\\\";s:3:\\\"url\\\";s:29:\\\"\\/api\\/installment-payments\\/pay\\\";s:11:\\\"description\\\";s:108:\\\"قام المستخدم ابو ندي بتعديل خطة تقسيط () - إجمالي الصافي: 4416.00\\\";}}\"}}', 0, NULL, 1770885370, 1770885370),
(82, 'default', '{\"uuid\":\"8eec35f5-cea1-45f3-93fb-8282c5816290\",\"displayName\":\"App\\\\Jobs\\\\LogActivityJob\",\"job\":\"Illuminate\\\\Queue\\\\CallQueuedHandler@call\",\"maxTries\":null,\"maxExceptions\":null,\"failOnTimeout\":false,\"backoff\":null,\"timeout\":null,\"retryUntil\":null,\"data\":{\"commandName\":\"App\\\\Jobs\\\\LogActivityJob\",\"command\":\"O:23:\\\"App\\\\Jobs\\\\LogActivityJob\\\":1:{s:7:\\\"\\u0000*\\u0000data\\\";a:12:{s:6:\\\"action\\\";s:10:\\\"تعديل\\\";s:12:\\\"subject_type\\\";s:18:\\\"App\\\\Models\\\\CashBox\\\";s:10:\\\"subject_id\\\";i:1257;s:10:\\\"old_values\\\";a:2:{s:7:\\\"balance\\\";s:6:\\\"150.00\\\";s:10:\\\"updated_at\\\";O:25:\\\"Illuminate\\\\Support\\\\Carbon\\\":4:{s:4:\\\"date\\\";s:26:\\\"2026-02-12 08:31:14.000000\\\";s:13:\\\"timezone_type\\\";i:3;s:8:\\\"timezone\\\";s:3:\\\"UTC\\\";s:18:\\\"dumpDateProperties\\\";a:2:{s:4:\\\"date\\\";s:26:\\\"2026-02-12 08:31:14.000000\\\";s:8:\\\"timezone\\\";s:3:\\\"UTC\\\";}}}s:10:\\\"new_values\\\";a:2:{s:7:\\\"balance\\\";d:520;s:10:\\\"updated_at\\\";s:19:\\\"2026-02-12 08:36:10\\\";}s:7:\\\"user_id\\\";i:5;s:10:\\\"created_by\\\";i:5;s:10:\\\"company_id\\\";i:2;s:10:\\\"ip_address\\\";s:14:\\\"156.211.12.156\\\";s:10:\\\"user_agent\\\";s:111:\\\"Mozilla\\/5.0 (Windows NT 10.0; Win64; x64) AppleWebKit\\/537.36 (KHTML, like Gecko) Chrome\\/144.0.0.0 Safari\\/537.36\\\";s:3:\\\"url\\\";s:29:\\\"\\/api\\/installment-payments\\/pay\\\";s:11:\\\"description\\\";s:95:\\\"قام المستخدم ابو ندي بتعديل الصندوق (الخزنة النقدية)\\\";}}\"}}', 0, NULL, 1770885370, 1770885370),
(83, 'default', '{\"uuid\":\"a4e3944a-3c84-4c3d-bdef-e68f116c4b80\",\"displayName\":\"App\\\\Jobs\\\\LogActivityJob\",\"job\":\"Illuminate\\\\Queue\\\\CallQueuedHandler@call\",\"maxTries\":null,\"maxExceptions\":null,\"failOnTimeout\":false,\"backoff\":null,\"timeout\":null,\"retryUntil\":null,\"data\":{\"commandName\":\"App\\\\Jobs\\\\LogActivityJob\",\"command\":\"O:23:\\\"App\\\\Jobs\\\\LogActivityJob\\\":1:{s:7:\\\"\\u0000*\\u0000data\\\";a:12:{s:6:\\\"action\\\";s:10:\\\"انشاء\\\";s:12:\\\"subject_type\\\";s:22:\\\"App\\\\Models\\\\Transaction\\\";s:10:\\\"subject_id\\\";i:9;s:10:\\\"old_values\\\";N;s:10:\\\"new_values\\\";a:12:{s:7:\\\"user_id\\\";i:5;s:10:\\\"cashbox_id\\\";i:1257;s:10:\\\"created_by\\\";i:5;s:10:\\\"company_id\\\";i:2;s:4:\\\"type\\\";s:7:\\\"deposit\\\";s:6:\\\"amount\\\";d:370;s:14:\\\"balance_before\\\";s:6:\\\"150.00\\\";s:13:\\\"balance_after\\\";d:520;s:11:\\\"description\\\";s:37:\\\"تحصيل أقساط - دفعة #226\\\";s:10:\\\"updated_at\\\";s:19:\\\"2026-02-12 08:36:10\\\";s:10:\\\"created_at\\\";s:19:\\\"2026-02-12 08:36:10\\\";s:2:\\\"id\\\";i:9;}s:7:\\\"user_id\\\";i:5;s:10:\\\"created_by\\\";i:5;s:10:\\\"company_id\\\";i:2;s:10:\\\"ip_address\\\";s:14:\\\"156.211.12.156\\\";s:10:\\\"user_agent\\\";s:111:\\\"Mozilla\\/5.0 (Windows NT 10.0; Win64; x64) AppleWebKit\\/537.36 (KHTML, like Gecko) Chrome\\/144.0.0.0 Safari\\/537.36\\\";s:3:\\\"url\\\";s:29:\\\"\\/api\\/installment-payments\\/pay\\\";s:11:\\\"description\\\";s:80:\\\"قام المستخدم ابو ندي بانشاء المعاملة #9 (deposit)\\\";}}\"}}', 0, NULL, 1770885370, 1770885370),
(84, 'default', '{\"uuid\":\"4f3fc795-2dc0-4b8b-a794-67d8a83960e4\",\"displayName\":\"App\\\\Jobs\\\\LogActivityJob\",\"job\":\"Illuminate\\\\Queue\\\\CallQueuedHandler@call\",\"maxTries\":null,\"maxExceptions\":null,\"failOnTimeout\":false,\"backoff\":null,\"timeout\":null,\"retryUntil\":null,\"data\":{\"commandName\":\"App\\\\Jobs\\\\LogActivityJob\",\"command\":\"O:23:\\\"App\\\\Jobs\\\\LogActivityJob\\\":1:{s:7:\\\"\\u0000*\\u0000data\\\";a:12:{s:6:\\\"action\\\";s:10:\\\"تعديل\\\";s:12:\\\"subject_type\\\";s:18:\\\"App\\\\Models\\\\CashBox\\\";s:10:\\\"subject_id\\\";i:1262;s:10:\\\"old_values\\\";a:2:{s:7:\\\"balance\\\";s:9:\\\"-11826.00\\\";s:10:\\\"updated_at\\\";O:25:\\\"Illuminate\\\\Support\\\\Carbon\\\":4:{s:4:\\\"date\\\";s:26:\\\"2026-02-07 10:59:40.000000\\\";s:13:\\\"timezone_type\\\";i:3;s:8:\\\"timezone\\\";s:3:\\\"UTC\\\";s:18:\\\"dumpDateProperties\\\";a:2:{s:4:\\\"date\\\";s:26:\\\"2026-02-07 10:59:40.000000\\\";s:8:\\\"timezone\\\";s:3:\\\"UTC\\\";}}}s:10:\\\"new_values\\\";a:2:{s:7:\\\"balance\\\";d:-11456;s:10:\\\"updated_at\\\";s:19:\\\"2026-02-12 08:36:10\\\";}s:7:\\\"user_id\\\";i:5;s:10:\\\"created_by\\\";i:5;s:10:\\\"company_id\\\";i:2;s:10:\\\"ip_address\\\";s:14:\\\"156.211.12.156\\\";s:10:\\\"user_agent\\\";s:111:\\\"Mozilla\\/5.0 (Windows NT 10.0; Win64; x64) AppleWebKit\\/537.36 (KHTML, like Gecko) Chrome\\/144.0.0.0 Safari\\/537.36\\\";s:3:\\\"url\\\";s:29:\\\"\\/api\\/installment-payments\\/pay\\\";s:11:\\\"description\\\";s:95:\\\"قام المستخدم ابو ندي بتعديل الصندوق (الخزنة النقدية)\\\";}}\"}}', 0, NULL, 1770885370, 1770885370),
(85, 'default', '{\"uuid\":\"efc3b891-a1f7-44dd-b04c-4a75647f4d03\",\"displayName\":\"App\\\\Jobs\\\\LogActivityJob\",\"job\":\"Illuminate\\\\Queue\\\\CallQueuedHandler@call\",\"maxTries\":null,\"maxExceptions\":null,\"failOnTimeout\":false,\"backoff\":null,\"timeout\":null,\"retryUntil\":null,\"data\":{\"commandName\":\"App\\\\Jobs\\\\LogActivityJob\",\"command\":\"O:23:\\\"App\\\\Jobs\\\\LogActivityJob\\\":1:{s:7:\\\"\\u0000*\\u0000data\\\";a:12:{s:6:\\\"action\\\";s:10:\\\"انشاء\\\";s:12:\\\"subject_type\\\";s:22:\\\"App\\\\Models\\\\Transaction\\\";s:10:\\\"subject_id\\\";i:10;s:10:\\\"old_values\\\";N;s:10:\\\"new_values\\\";a:12:{s:7:\\\"user_id\\\";i:13;s:10:\\\"cashbox_id\\\";i:1262;s:10:\\\"created_by\\\";i:5;s:10:\\\"company_id\\\";i:2;s:4:\\\"type\\\";s:7:\\\"deposit\\\";s:6:\\\"amount\\\";d:370;s:14:\\\"balance_before\\\";s:9:\\\"-11826.00\\\";s:13:\\\"balance_after\\\";d:-11456;s:11:\\\"description\\\";s:35:\\\"سداد أقساط - دفعة #226\\\";s:10:\\\"updated_at\\\";s:19:\\\"2026-02-12 08:36:10\\\";s:10:\\\"created_at\\\";s:19:\\\"2026-02-12 08:36:10\\\";s:2:\\\"id\\\";i:10;}s:7:\\\"user_id\\\";i:5;s:10:\\\"created_by\\\";i:5;s:10:\\\"company_id\\\";i:2;s:10:\\\"ip_address\\\";s:14:\\\"156.211.12.156\\\";s:10:\\\"user_agent\\\";s:111:\\\"Mozilla\\/5.0 (Windows NT 10.0; Win64; x64) AppleWebKit\\/537.36 (KHTML, like Gecko) Chrome\\/144.0.0.0 Safari\\/537.36\\\";s:3:\\\"url\\\";s:29:\\\"\\/api\\/installment-payments\\/pay\\\";s:11:\\\"description\\\";s:81:\\\"قام المستخدم ابو ندي بانشاء المعاملة #10 (deposit)\\\";}}\"}}', 0, NULL, 1770885370, 1770885370),
(86, 'default', '{\"uuid\":\"1f7ffaeb-b52d-44d1-9716-1db4376a0823\",\"displayName\":\"App\\\\Jobs\\\\LogActivityJob\",\"job\":\"Illuminate\\\\Queue\\\\CallQueuedHandler@call\",\"maxTries\":null,\"maxExceptions\":null,\"failOnTimeout\":false,\"backoff\":null,\"timeout\":null,\"retryUntil\":null,\"data\":{\"commandName\":\"App\\\\Jobs\\\\LogActivityJob\",\"command\":\"O:23:\\\"App\\\\Jobs\\\\LogActivityJob\\\":1:{s:7:\\\"\\u0000*\\u0000data\\\";a:12:{s:6:\\\"action\\\";s:10:\\\"تعديل\\\";s:12:\\\"subject_type\\\";s:18:\\\"App\\\\Models\\\\Invoice\\\";s:10:\\\"subject_id\\\";i:89;s:10:\\\"old_values\\\";a:5:{s:11:\\\"paid_amount\\\";s:4:\\\"0.00\\\";s:16:\\\"remaining_amount\\\";s:7:\\\"4416.00\\\";s:14:\\\"payment_status\\\";s:6:\\\"unpaid\\\";s:10:\\\"updated_at\\\";O:25:\\\"Illuminate\\\\Support\\\\Carbon\\\":4:{s:4:\\\"date\\\";s:26:\\\"2026-02-11 23:16:38.000000\\\";s:13:\\\"timezone_type\\\";i:3;s:8:\\\"timezone\\\";s:3:\\\"UTC\\\";s:18:\\\"dumpDateProperties\\\";a:2:{s:4:\\\"date\\\";s:26:\\\"2026-02-11 23:16:38.000000\\\";s:8:\\\"timezone\\\";s:3:\\\"UTC\\\";}}s:10:\\\"updated_by\\\";N;}s:10:\\\"new_values\\\";a:5:{s:11:\\\"paid_amount\\\";d:370;s:16:\\\"remaining_amount\\\";d:2830;s:14:\\\"payment_status\\\";s:14:\\\"partially_paid\\\";s:10:\\\"updated_at\\\";s:19:\\\"2026-02-12 08:36:10\\\";s:10:\\\"updated_by\\\";i:5;}s:7:\\\"user_id\\\";i:5;s:10:\\\"created_by\\\";i:5;s:10:\\\"company_id\\\";i:2;s:10:\\\"ip_address\\\";s:14:\\\"156.211.12.156\\\";s:10:\\\"user_agent\\\";s:111:\\\"Mozilla\\/5.0 (Windows NT 10.0; Win64; x64) AppleWebKit\\/537.36 (KHTML, like Gecko) Chrome\\/144.0.0.0 Safari\\/537.36\\\";s:3:\\\"url\\\";s:29:\\\"\\/api\\/installment-payments\\/pay\\\";s:11:\\\"description\\\";s:93:\\\"قام المستخدم ابو ندي بتعديل الفاتورة (INS_SAL-260105-2-000045)\\\";}}\"}}', 0, NULL, 1770885370, 1770885370),
(87, 'default', '{\"uuid\":\"eabe36d4-25d2-470e-8d17-61694c5a8a36\",\"displayName\":\"App\\\\Jobs\\\\LogActivityJob\",\"job\":\"Illuminate\\\\Queue\\\\CallQueuedHandler@call\",\"maxTries\":null,\"maxExceptions\":null,\"failOnTimeout\":false,\"backoff\":null,\"timeout\":null,\"retryUntil\":null,\"data\":{\"commandName\":\"App\\\\Jobs\\\\LogActivityJob\",\"command\":\"O:23:\\\"App\\\\Jobs\\\\LogActivityJob\\\":1:{s:7:\\\"\\u0000*\\u0000data\\\";a:12:{s:6:\\\"action\\\";s:10:\\\"انشاء\\\";s:12:\\\"subject_type\\\";s:29:\\\"App\\\\Models\\\\InstallmentPayment\\\";s:10:\\\"subject_id\\\";i:227;s:10:\\\"old_values\\\";N;s:10:\\\"new_values\\\";a:12:{s:19:\\\"installment_plan_id\\\";i:54;s:10:\\\"company_id\\\";i:2;s:10:\\\"created_by\\\";i:5;s:12:\\\"payment_date\\\";s:10:\\\"2026-02-12\\\";s:11:\\\"amount_paid\\\";i:0;s:14:\\\"payment_method\\\";s:8:\\\"نقدي\\\";s:5:\\\"notes\\\";s:0:\\\"\\\";s:11:\\\"cash_box_id\\\";i:1257;s:16:\\\"reference_number\\\";N;s:10:\\\"updated_at\\\";s:19:\\\"2026-02-12 08:38:39\\\";s:10:\\\"created_at\\\";s:19:\\\"2026-02-12 08:38:39\\\";s:2:\\\"id\\\";i:227;}s:7:\\\"user_id\\\";i:5;s:10:\\\"created_by\\\";i:5;s:10:\\\"company_id\\\";i:2;s:10:\\\"ip_address\\\";s:14:\\\"156.211.12.156\\\";s:10:\\\"user_agent\\\";s:111:\\\"Mozilla\\/5.0 (Windows NT 10.0; Win64; x64) AppleWebKit\\/537.36 (KHTML, like Gecko) Chrome\\/144.0.0.0 Safari\\/537.36\\\";s:3:\\\"url\\\";s:29:\\\"\\/api\\/installment-payments\\/pay\\\";s:11:\\\"description\\\";s:97:\\\"قام المستخدم ابو ندي بانشاء دفعة أقساط (2026-02-12) - مبلغ: 0\\\";}}\"}}', 0, NULL, 1770885519, 1770885519),
(88, 'default', '{\"uuid\":\"5914b765-3fd5-4989-b391-e9842fda7a42\",\"displayName\":\"App\\\\Jobs\\\\LogActivityJob\",\"job\":\"Illuminate\\\\Queue\\\\CallQueuedHandler@call\",\"maxTries\":null,\"maxExceptions\":null,\"failOnTimeout\":false,\"backoff\":null,\"timeout\":null,\"retryUntil\":null,\"data\":{\"commandName\":\"App\\\\Jobs\\\\LogActivityJob\",\"command\":\"O:23:\\\"App\\\\Jobs\\\\LogActivityJob\\\":1:{s:7:\\\"\\u0000*\\u0000data\\\";a:12:{s:6:\\\"action\\\";s:10:\\\"تعديل\\\";s:12:\\\"subject_type\\\";s:26:\\\"App\\\\Models\\\\InstallmentPlan\\\";s:10:\\\"subject_id\\\";i:54;s:10:\\\"old_values\\\";a:3:{s:16:\\\"remaining_amount\\\";s:7:\\\"4821.33\\\";s:6:\\\"status\\\";s:7:\\\"pending\\\";s:10:\\\"updated_at\\\";O:25:\\\"Illuminate\\\\Support\\\\Carbon\\\":4:{s:4:\\\"date\\\";s:26:\\\"2025-12-07 21:51:57.000000\\\";s:13:\\\"timezone_type\\\";i:3;s:8:\\\"timezone\\\";s:3:\\\"UTC\\\";s:18:\\\"dumpDateProperties\\\";a:2:{s:4:\\\"date\\\";s:26:\\\"2025-12-07 21:51:57.000000\\\";s:8:\\\"timezone\\\";s:3:\\\"UTC\\\";}}}s:10:\\\"new_values\\\";a:3:{s:16:\\\"remaining_amount\\\";s:7:\\\"4201.33\\\";s:6:\\\"status\\\";s:14:\\\"partially_paid\\\";s:10:\\\"updated_at\\\";s:19:\\\"2026-02-12 08:38:39\\\";}s:7:\\\"user_id\\\";i:5;s:10:\\\"created_by\\\";i:5;s:10:\\\"company_id\\\";i:2;s:10:\\\"ip_address\\\";s:14:\\\"156.211.12.156\\\";s:10:\\\"user_agent\\\";s:111:\\\"Mozilla\\/5.0 (Windows NT 10.0; Win64; x64) AppleWebKit\\/537.36 (KHTML, like Gecko) Chrome\\/144.0.0.0 Safari\\/537.36\\\";s:3:\\\"url\\\";s:29:\\\"\\/api\\/installment-payments\\/pay\\\";s:11:\\\"description\\\";s:108:\\\"قام المستخدم ابو ندي بتعديل خطة تقسيط () - إجمالي الصافي: 5121.33\\\";}}\"}}', 0, NULL, 1770885519, 1770885519),
(89, 'default', '{\"uuid\":\"aa28aa7c-f693-4eff-8043-4fb164e4af0f\",\"displayName\":\"App\\\\Jobs\\\\LogActivityJob\",\"job\":\"Illuminate\\\\Queue\\\\CallQueuedHandler@call\",\"maxTries\":null,\"maxExceptions\":null,\"failOnTimeout\":false,\"backoff\":null,\"timeout\":null,\"retryUntil\":null,\"data\":{\"commandName\":\"App\\\\Jobs\\\\LogActivityJob\",\"command\":\"O:23:\\\"App\\\\Jobs\\\\LogActivityJob\\\":1:{s:7:\\\"\\u0000*\\u0000data\\\";a:12:{s:6:\\\"action\\\";s:10:\\\"تعديل\\\";s:12:\\\"subject_type\\\";s:22:\\\"App\\\\Models\\\\Installment\\\";s:10:\\\"subject_id\\\";i:609;s:10:\\\"old_values\\\";a:4:{s:6:\\\"status\\\";s:7:\\\"pending\\\";s:7:\\\"paid_at\\\";N;s:9:\\\"remaining\\\";s:6:\\\"310.00\\\";s:10:\\\"updated_at\\\";O:25:\\\"Illuminate\\\\Support\\\\Carbon\\\":4:{s:4:\\\"date\\\";s:26:\\\"2025-12-07 21:51:57.000000\\\";s:13:\\\"timezone_type\\\";i:3;s:8:\\\"timezone\\\";s:3:\\\"UTC\\\";s:18:\\\"dumpDateProperties\\\";a:2:{s:4:\\\"date\\\";s:26:\\\"2025-12-07 21:51:57.000000\\\";s:8:\\\"timezone\\\";s:3:\\\"UTC\\\";}}}s:10:\\\"new_values\\\";a:4:{s:6:\\\"status\\\";s:4:\\\"paid\\\";s:7:\\\"paid_at\\\";s:19:\\\"2026-02-12 00:00:00\\\";s:9:\\\"remaining\\\";s:4:\\\"0.00\\\";s:10:\\\"updated_at\\\";s:19:\\\"2026-02-12 08:38:39\\\";}s:7:\\\"user_id\\\";i:5;s:10:\\\"created_by\\\";i:5;s:10:\\\"company_id\\\";i:2;s:10:\\\"ip_address\\\";s:14:\\\"156.211.12.156\\\";s:10:\\\"user_agent\\\";s:111:\\\"Mozilla\\/5.0 (Windows NT 10.0; Win64; x64) AppleWebKit\\/537.36 (KHTML, like Gecko) Chrome\\/144.0.0.0 Safari\\/537.36\\\";s:3:\\\"url\\\";s:29:\\\"\\/api\\/installment-payments\\/pay\\\";s:11:\\\"description\\\";s:80:\\\"قام المستخدم ابو ندي بتعديل قسط (2) - مبلغ: 310.00\\\";}}\"}}', 0, NULL, 1770885519, 1770885519),
(90, 'default', '{\"uuid\":\"e70d66eb-3566-49a1-977d-deb933402fab\",\"displayName\":\"App\\\\Jobs\\\\LogActivityJob\",\"job\":\"Illuminate\\\\Queue\\\\CallQueuedHandler@call\",\"maxTries\":null,\"maxExceptions\":null,\"failOnTimeout\":false,\"backoff\":null,\"timeout\":null,\"retryUntil\":null,\"data\":{\"commandName\":\"App\\\\Jobs\\\\LogActivityJob\",\"command\":\"O:23:\\\"App\\\\Jobs\\\\LogActivityJob\\\":1:{s:7:\\\"\\u0000*\\u0000data\\\";a:12:{s:6:\\\"action\\\";s:10:\\\"انشاء\\\";s:12:\\\"subject_type\\\";s:35:\\\"App\\\\Models\\\\InstallmentPaymentDetail\\\";s:10:\\\"subject_id\\\";i:211;s:10:\\\"old_values\\\";N;s:10:\\\"new_values\\\";a:6:{s:22:\\\"installment_payment_id\\\";i:227;s:14:\\\"installment_id\\\";i:609;s:11:\\\"amount_paid\\\";d:310;s:10:\\\"updated_at\\\";s:19:\\\"2026-02-12 08:38:39\\\";s:10:\\\"created_at\\\";s:19:\\\"2026-02-12 08:38:39\\\";s:2:\\\"id\\\";i:211;}s:7:\\\"user_id\\\";i:5;s:10:\\\"created_by\\\";i:5;s:10:\\\"company_id\\\";i:2;s:10:\\\"ip_address\\\";s:14:\\\"156.211.12.156\\\";s:10:\\\"user_agent\\\";s:111:\\\"Mozilla\\/5.0 (Windows NT 10.0; Win64; x64) AppleWebKit\\/537.36 (KHTML, like Gecko) Chrome\\/144.0.0.0 Safari\\/537.36\\\";s:3:\\\"url\\\";s:29:\\\"\\/api\\/installment-payments\\/pay\\\";s:11:\\\"description\\\";s:99:\\\"قام المستخدم ابو ندي بانشاء تفاصيل دفعة قسط (2) - مبلغ: 310\\\";}}\"}}', 0, NULL, 1770885519, 1770885519),
(91, 'default', '{\"uuid\":\"014f1a4a-432f-4fa9-91a9-4862bd07c768\",\"displayName\":\"App\\\\Jobs\\\\LogActivityJob\",\"job\":\"Illuminate\\\\Queue\\\\CallQueuedHandler@call\",\"maxTries\":null,\"maxExceptions\":null,\"failOnTimeout\":false,\"backoff\":null,\"timeout\":null,\"retryUntil\":null,\"data\":{\"commandName\":\"App\\\\Jobs\\\\LogActivityJob\",\"command\":\"O:23:\\\"App\\\\Jobs\\\\LogActivityJob\\\":1:{s:7:\\\"\\u0000*\\u0000data\\\";a:12:{s:6:\\\"action\\\";s:10:\\\"تعديل\\\";s:12:\\\"subject_type\\\";s:29:\\\"App\\\\Models\\\\InstallmentPayment\\\";s:10:\\\"subject_id\\\";i:227;s:10:\\\"old_values\\\";a:1:{s:11:\\\"amount_paid\\\";i:0;}s:10:\\\"new_values\\\";a:1:{s:11:\\\"amount_paid\\\";s:6:\\\"310.00\\\";}s:7:\\\"user_id\\\";i:5;s:10:\\\"created_by\\\";i:5;s:10:\\\"company_id\\\";i:2;s:10:\\\"ip_address\\\";s:14:\\\"156.211.12.156\\\";s:10:\\\"user_agent\\\";s:111:\\\"Mozilla\\/5.0 (Windows NT 10.0; Win64; x64) AppleWebKit\\/537.36 (KHTML, like Gecko) Chrome\\/144.0.0.0 Safari\\/537.36\\\";s:3:\\\"url\\\";s:29:\\\"\\/api\\/installment-payments\\/pay\\\";s:11:\\\"description\\\";s:102:\\\"قام المستخدم ابو ندي بتعديل دفعة أقساط (2026-02-12) - مبلغ: 310.00\\\";}}\"}}', 0, NULL, 1770885519, 1770885519),
(92, 'default', '{\"uuid\":\"e6ac8fcc-9b6a-48dd-8477-a4d7398a12de\",\"displayName\":\"App\\\\Jobs\\\\LogActivityJob\",\"job\":\"Illuminate\\\\Queue\\\\CallQueuedHandler@call\",\"maxTries\":null,\"maxExceptions\":null,\"failOnTimeout\":false,\"backoff\":null,\"timeout\":null,\"retryUntil\":null,\"data\":{\"commandName\":\"App\\\\Jobs\\\\LogActivityJob\",\"command\":\"O:23:\\\"App\\\\Jobs\\\\LogActivityJob\\\":1:{s:7:\\\"\\u0000*\\u0000data\\\";a:12:{s:6:\\\"action\\\";s:10:\\\"تعديل\\\";s:12:\\\"subject_type\\\";s:26:\\\"App\\\\Models\\\\InstallmentPlan\\\";s:10:\\\"subject_id\\\";i:54;s:10:\\\"old_values\\\";a:2:{s:16:\\\"remaining_amount\\\";s:7:\\\"4821.33\\\";s:10:\\\"updated_at\\\";O:25:\\\"Illuminate\\\\Support\\\\Carbon\\\":4:{s:4:\\\"date\\\";s:26:\\\"2025-12-07 21:51:57.000000\\\";s:13:\\\"timezone_type\\\";i:3;s:8:\\\"timezone\\\";s:3:\\\"UTC\\\";s:18:\\\"dumpDateProperties\\\";a:2:{s:4:\\\"date\\\";s:26:\\\"2025-12-07 21:51:57.000000\\\";s:8:\\\"timezone\\\";s:3:\\\"UTC\\\";}}}s:10:\\\"new_values\\\";a:2:{s:16:\\\"remaining_amount\\\";d:4511.33;s:10:\\\"updated_at\\\";s:19:\\\"2026-02-12 08:38:39\\\";}s:7:\\\"user_id\\\";i:5;s:10:\\\"created_by\\\";i:5;s:10:\\\"company_id\\\";i:2;s:10:\\\"ip_address\\\";s:14:\\\"156.211.12.156\\\";s:10:\\\"user_agent\\\";s:111:\\\"Mozilla\\/5.0 (Windows NT 10.0; Win64; x64) AppleWebKit\\/537.36 (KHTML, like Gecko) Chrome\\/144.0.0.0 Safari\\/537.36\\\";s:3:\\\"url\\\";s:29:\\\"\\/api\\/installment-payments\\/pay\\\";s:11:\\\"description\\\";s:108:\\\"قام المستخدم ابو ندي بتعديل خطة تقسيط () - إجمالي الصافي: 5121.33\\\";}}\"}}', 0, NULL, 1770885519, 1770885519),
(93, 'default', '{\"uuid\":\"c0ccfd68-4405-447a-ad7e-b1c53c120760\",\"displayName\":\"App\\\\Jobs\\\\LogActivityJob\",\"job\":\"Illuminate\\\\Queue\\\\CallQueuedHandler@call\",\"maxTries\":null,\"maxExceptions\":null,\"failOnTimeout\":false,\"backoff\":null,\"timeout\":null,\"retryUntil\":null,\"data\":{\"commandName\":\"App\\\\Jobs\\\\LogActivityJob\",\"command\":\"O:23:\\\"App\\\\Jobs\\\\LogActivityJob\\\":1:{s:7:\\\"\\u0000*\\u0000data\\\";a:12:{s:6:\\\"action\\\";s:10:\\\"تعديل\\\";s:12:\\\"subject_type\\\";s:26:\\\"App\\\\Models\\\\InstallmentPlan\\\";s:10:\\\"subject_id\\\";i:54;s:10:\\\"old_values\\\";a:1:{s:6:\\\"status\\\";s:7:\\\"pending\\\";}s:10:\\\"new_values\\\";a:1:{s:6:\\\"status\\\";s:14:\\\"partially_paid\\\";}s:7:\\\"user_id\\\";i:5;s:10:\\\"created_by\\\";i:5;s:10:\\\"company_id\\\";i:2;s:10:\\\"ip_address\\\";s:14:\\\"156.211.12.156\\\";s:10:\\\"user_agent\\\";s:111:\\\"Mozilla\\/5.0 (Windows NT 10.0; Win64; x64) AppleWebKit\\/537.36 (KHTML, like Gecko) Chrome\\/144.0.0.0 Safari\\/537.36\\\";s:3:\\\"url\\\";s:29:\\\"\\/api\\/installment-payments\\/pay\\\";s:11:\\\"description\\\";s:108:\\\"قام المستخدم ابو ندي بتعديل خطة تقسيط () - إجمالي الصافي: 5121.33\\\";}}\"}}', 0, NULL, 1770885519, 1770885519),
(94, 'default', '{\"uuid\":\"ca6b4c73-a79c-49a5-b9a1-1aed55ee8af7\",\"displayName\":\"App\\\\Jobs\\\\LogActivityJob\",\"job\":\"Illuminate\\\\Queue\\\\CallQueuedHandler@call\",\"maxTries\":null,\"maxExceptions\":null,\"failOnTimeout\":false,\"backoff\":null,\"timeout\":null,\"retryUntil\":null,\"data\":{\"commandName\":\"App\\\\Jobs\\\\LogActivityJob\",\"command\":\"O:23:\\\"App\\\\Jobs\\\\LogActivityJob\\\":1:{s:7:\\\"\\u0000*\\u0000data\\\";a:12:{s:6:\\\"action\\\";s:10:\\\"تعديل\\\";s:12:\\\"subject_type\\\";s:18:\\\"App\\\\Models\\\\CashBox\\\";s:10:\\\"subject_id\\\";i:1257;s:10:\\\"old_values\\\";a:2:{s:7:\\\"balance\\\";s:6:\\\"520.00\\\";s:10:\\\"updated_at\\\";O:25:\\\"Illuminate\\\\Support\\\\Carbon\\\":4:{s:4:\\\"date\\\";s:26:\\\"2026-02-12 08:36:10.000000\\\";s:13:\\\"timezone_type\\\";i:3;s:8:\\\"timezone\\\";s:3:\\\"UTC\\\";s:18:\\\"dumpDateProperties\\\";a:2:{s:4:\\\"date\\\";s:26:\\\"2026-02-12 08:36:10.000000\\\";s:8:\\\"timezone\\\";s:3:\\\"UTC\\\";}}}s:10:\\\"new_values\\\";a:2:{s:7:\\\"balance\\\";d:830;s:10:\\\"updated_at\\\";s:19:\\\"2026-02-12 08:38:39\\\";}s:7:\\\"user_id\\\";i:5;s:10:\\\"created_by\\\";i:5;s:10:\\\"company_id\\\";i:2;s:10:\\\"ip_address\\\";s:14:\\\"156.211.12.156\\\";s:10:\\\"user_agent\\\";s:111:\\\"Mozilla\\/5.0 (Windows NT 10.0; Win64; x64) AppleWebKit\\/537.36 (KHTML, like Gecko) Chrome\\/144.0.0.0 Safari\\/537.36\\\";s:3:\\\"url\\\";s:29:\\\"\\/api\\/installment-payments\\/pay\\\";s:11:\\\"description\\\";s:95:\\\"قام المستخدم ابو ندي بتعديل الصندوق (الخزنة النقدية)\\\";}}\"}}', 0, NULL, 1770885519, 1770885519);
INSERT INTO `jobs` (`id`, `queue`, `payload`, `attempts`, `reserved_at`, `available_at`, `created_at`) VALUES
(95, 'default', '{\"uuid\":\"56d1a02a-a278-47c5-bfb5-4589ced0af48\",\"displayName\":\"App\\\\Jobs\\\\LogActivityJob\",\"job\":\"Illuminate\\\\Queue\\\\CallQueuedHandler@call\",\"maxTries\":null,\"maxExceptions\":null,\"failOnTimeout\":false,\"backoff\":null,\"timeout\":null,\"retryUntil\":null,\"data\":{\"commandName\":\"App\\\\Jobs\\\\LogActivityJob\",\"command\":\"O:23:\\\"App\\\\Jobs\\\\LogActivityJob\\\":1:{s:7:\\\"\\u0000*\\u0000data\\\";a:12:{s:6:\\\"action\\\";s:10:\\\"انشاء\\\";s:12:\\\"subject_type\\\";s:22:\\\"App\\\\Models\\\\Transaction\\\";s:10:\\\"subject_id\\\";i:11;s:10:\\\"old_values\\\";N;s:10:\\\"new_values\\\";a:12:{s:7:\\\"user_id\\\";i:5;s:10:\\\"cashbox_id\\\";i:1257;s:10:\\\"created_by\\\";i:5;s:10:\\\"company_id\\\";i:2;s:4:\\\"type\\\";s:7:\\\"deposit\\\";s:6:\\\"amount\\\";d:310;s:14:\\\"balance_before\\\";s:6:\\\"520.00\\\";s:13:\\\"balance_after\\\";d:830;s:11:\\\"description\\\";s:37:\\\"تحصيل أقساط - دفعة #227\\\";s:10:\\\"updated_at\\\";s:19:\\\"2026-02-12 08:38:39\\\";s:10:\\\"created_at\\\";s:19:\\\"2026-02-12 08:38:39\\\";s:2:\\\"id\\\";i:11;}s:7:\\\"user_id\\\";i:5;s:10:\\\"created_by\\\";i:5;s:10:\\\"company_id\\\";i:2;s:10:\\\"ip_address\\\";s:14:\\\"156.211.12.156\\\";s:10:\\\"user_agent\\\";s:111:\\\"Mozilla\\/5.0 (Windows NT 10.0; Win64; x64) AppleWebKit\\/537.36 (KHTML, like Gecko) Chrome\\/144.0.0.0 Safari\\/537.36\\\";s:3:\\\"url\\\";s:29:\\\"\\/api\\/installment-payments\\/pay\\\";s:11:\\\"description\\\";s:81:\\\"قام المستخدم ابو ندي بانشاء المعاملة #11 (deposit)\\\";}}\"}}', 0, NULL, 1770885519, 1770885519),
(96, 'default', '{\"uuid\":\"fdd17fea-a92a-48e7-af3e-b53b1b58b227\",\"displayName\":\"App\\\\Jobs\\\\LogActivityJob\",\"job\":\"Illuminate\\\\Queue\\\\CallQueuedHandler@call\",\"maxTries\":null,\"maxExceptions\":null,\"failOnTimeout\":false,\"backoff\":null,\"timeout\":null,\"retryUntil\":null,\"data\":{\"commandName\":\"App\\\\Jobs\\\\LogActivityJob\",\"command\":\"O:23:\\\"App\\\\Jobs\\\\LogActivityJob\\\":1:{s:7:\\\"\\u0000*\\u0000data\\\";a:12:{s:6:\\\"action\\\";s:10:\\\"تعديل\\\";s:12:\\\"subject_type\\\";s:18:\\\"App\\\\Models\\\\CashBox\\\";s:10:\\\"subject_id\\\";i:1274;s:10:\\\"old_values\\\";a:2:{s:7:\\\"balance\\\";s:8:\\\"-7572.83\\\";s:10:\\\"updated_at\\\";O:25:\\\"Illuminate\\\\Support\\\\Carbon\\\":4:{s:4:\\\"date\\\";s:26:\\\"2026-02-12 08:31:14.000000\\\";s:13:\\\"timezone_type\\\";i:3;s:8:\\\"timezone\\\";s:3:\\\"UTC\\\";s:18:\\\"dumpDateProperties\\\";a:2:{s:4:\\\"date\\\";s:26:\\\"2026-02-12 08:31:14.000000\\\";s:8:\\\"timezone\\\";s:3:\\\"UTC\\\";}}}s:10:\\\"new_values\\\";a:2:{s:7:\\\"balance\\\";d:-7262.83;s:10:\\\"updated_at\\\";s:19:\\\"2026-02-12 08:38:40\\\";}s:7:\\\"user_id\\\";i:5;s:10:\\\"created_by\\\";i:5;s:10:\\\"company_id\\\";i:2;s:10:\\\"ip_address\\\";s:14:\\\"156.211.12.156\\\";s:10:\\\"user_agent\\\";s:111:\\\"Mozilla\\/5.0 (Windows NT 10.0; Win64; x64) AppleWebKit\\/537.36 (KHTML, like Gecko) Chrome\\/144.0.0.0 Safari\\/537.36\\\";s:3:\\\"url\\\";s:29:\\\"\\/api\\/installment-payments\\/pay\\\";s:11:\\\"description\\\";s:95:\\\"قام المستخدم ابو ندي بتعديل الصندوق (الخزنة النقدية)\\\";}}\"}}', 0, NULL, 1770885520, 1770885520),
(97, 'default', '{\"uuid\":\"bb7864c5-09c2-4fda-9c64-9732fe4602bc\",\"displayName\":\"App\\\\Jobs\\\\LogActivityJob\",\"job\":\"Illuminate\\\\Queue\\\\CallQueuedHandler@call\",\"maxTries\":null,\"maxExceptions\":null,\"failOnTimeout\":false,\"backoff\":null,\"timeout\":null,\"retryUntil\":null,\"data\":{\"commandName\":\"App\\\\Jobs\\\\LogActivityJob\",\"command\":\"O:23:\\\"App\\\\Jobs\\\\LogActivityJob\\\":1:{s:7:\\\"\\u0000*\\u0000data\\\";a:12:{s:6:\\\"action\\\";s:10:\\\"انشاء\\\";s:12:\\\"subject_type\\\";s:22:\\\"App\\\\Models\\\\Transaction\\\";s:10:\\\"subject_id\\\";i:12;s:10:\\\"old_values\\\";N;s:10:\\\"new_values\\\";a:12:{s:7:\\\"user_id\\\";i:86;s:10:\\\"cashbox_id\\\";i:1274;s:10:\\\"created_by\\\";i:5;s:10:\\\"company_id\\\";i:2;s:4:\\\"type\\\";s:7:\\\"deposit\\\";s:6:\\\"amount\\\";d:310;s:14:\\\"balance_before\\\";s:8:\\\"-7572.83\\\";s:13:\\\"balance_after\\\";d:-7262.83;s:11:\\\"description\\\";s:35:\\\"سداد أقساط - دفعة #227\\\";s:10:\\\"updated_at\\\";s:19:\\\"2026-02-12 08:38:40\\\";s:10:\\\"created_at\\\";s:19:\\\"2026-02-12 08:38:40\\\";s:2:\\\"id\\\";i:12;}s:7:\\\"user_id\\\";i:5;s:10:\\\"created_by\\\";i:5;s:10:\\\"company_id\\\";i:2;s:10:\\\"ip_address\\\";s:14:\\\"156.211.12.156\\\";s:10:\\\"user_agent\\\";s:111:\\\"Mozilla\\/5.0 (Windows NT 10.0; Win64; x64) AppleWebKit\\/537.36 (KHTML, like Gecko) Chrome\\/144.0.0.0 Safari\\/537.36\\\";s:3:\\\"url\\\";s:29:\\\"\\/api\\/installment-payments\\/pay\\\";s:11:\\\"description\\\";s:81:\\\"قام المستخدم ابو ندي بانشاء المعاملة #12 (deposit)\\\";}}\"}}', 0, NULL, 1770885520, 1770885520),
(98, 'default', '{\"uuid\":\"0fa074d1-81db-48b1-b336-442b1a0c5bde\",\"displayName\":\"App\\\\Jobs\\\\LogActivityJob\",\"job\":\"Illuminate\\\\Queue\\\\CallQueuedHandler@call\",\"maxTries\":null,\"maxExceptions\":null,\"failOnTimeout\":false,\"backoff\":null,\"timeout\":null,\"retryUntil\":null,\"data\":{\"commandName\":\"App\\\\Jobs\\\\LogActivityJob\",\"command\":\"O:23:\\\"App\\\\Jobs\\\\LogActivityJob\\\":1:{s:7:\\\"\\u0000*\\u0000data\\\";a:12:{s:6:\\\"action\\\";s:10:\\\"تعديل\\\";s:12:\\\"subject_type\\\";s:18:\\\"App\\\\Models\\\\Invoice\\\";s:10:\\\"subject_id\\\";i:85;s:10:\\\"old_values\\\";a:4:{s:11:\\\"paid_amount\\\";s:6:\\\"610.00\\\";s:16:\\\"remaining_amount\\\";s:7:\\\"4511.33\\\";s:10:\\\"updated_at\\\";O:25:\\\"Illuminate\\\\Support\\\\Carbon\\\":4:{s:4:\\\"date\\\";s:26:\\\"2026-02-11 23:16:38.000000\\\";s:13:\\\"timezone_type\\\";i:3;s:8:\\\"timezone\\\";s:3:\\\"UTC\\\";s:18:\\\"dumpDateProperties\\\";a:2:{s:4:\\\"date\\\";s:26:\\\"2026-02-11 23:16:38.000000\\\";s:8:\\\"timezone\\\";s:3:\\\"UTC\\\";}}s:10:\\\"updated_by\\\";N;}s:10:\\\"new_values\\\";a:4:{s:11:\\\"paid_amount\\\";d:920;s:16:\\\"remaining_amount\\\";d:2580;s:10:\\\"updated_at\\\";s:19:\\\"2026-02-12 08:38:40\\\";s:10:\\\"updated_by\\\";i:5;}s:7:\\\"user_id\\\";i:5;s:10:\\\"created_by\\\";i:5;s:10:\\\"company_id\\\";i:2;s:10:\\\"ip_address\\\";s:14:\\\"156.211.12.156\\\";s:10:\\\"user_agent\\\";s:111:\\\"Mozilla\\/5.0 (Windows NT 10.0; Win64; x64) AppleWebKit\\/537.36 (KHTML, like Gecko) Chrome\\/144.0.0.0 Safari\\/537.36\\\";s:3:\\\"url\\\";s:29:\\\"\\/api\\/installment-payments\\/pay\\\";s:11:\\\"description\\\";s:93:\\\"قام المستخدم ابو ندي بتعديل الفاتورة (INS_SAL-251207-2-000041)\\\";}}\"}}', 0, NULL, 1770885520, 1770885520),
(99, 'default', '{\"uuid\":\"13c1ed3a-d878-45fd-9a84-bc42e1e58838\",\"displayName\":\"App\\\\Jobs\\\\LogActivityJob\",\"job\":\"Illuminate\\\\Queue\\\\CallQueuedHandler@call\",\"maxTries\":null,\"maxExceptions\":null,\"failOnTimeout\":false,\"backoff\":null,\"timeout\":null,\"retryUntil\":null,\"data\":{\"commandName\":\"App\\\\Jobs\\\\LogActivityJob\",\"command\":\"O:23:\\\"App\\\\Jobs\\\\LogActivityJob\\\":1:{s:7:\\\"\\u0000*\\u0000data\\\";a:12:{s:6:\\\"action\\\";s:10:\\\"انشاء\\\";s:12:\\\"subject_type\\\";s:18:\\\"App\\\\Models\\\\Product\\\";s:10:\\\"subject_id\\\";i:78;s:10:\\\"old_values\\\";N;s:10:\\\"new_values\\\";a:17:{s:4:\\\"name\\\";s:38:\\\"غساله LGفوق اوتوماتيك\\\";s:11:\\\"category_id\\\";i:3;s:12:\\\"product_type\\\";s:8:\\\"physical\\\";s:13:\\\"require_stock\\\";b:1;s:15:\\\"is_downloadable\\\";b:0;s:12:\\\"license_keys\\\";s:2:\\\"[]\\\";s:20:\\\"available_keys_count\\\";i:0;s:8:\\\"brand_id\\\";i:12;s:6:\\\"active\\\";b:1;s:8:\\\"featured\\\";b:0;s:10:\\\"returnable\\\";b:1;s:10:\\\"company_id\\\";i:2;s:10:\\\"created_by\\\";i:5;s:4:\\\"slug\\\";s:38:\\\"غساله-lgفوق-اوتوماتيك\\\";s:10:\\\"updated_at\\\";s:19:\\\"2026-02-12 09:12:40\\\";s:10:\\\"created_at\\\";s:19:\\\"2026-02-12 09:12:40\\\";s:2:\\\"id\\\";i:78;}s:7:\\\"user_id\\\";i:5;s:10:\\\"created_by\\\";i:5;s:10:\\\"company_id\\\";i:2;s:10:\\\"ip_address\\\";s:14:\\\"156.211.12.200\\\";s:10:\\\"user_agent\\\";s:111:\\\"Mozilla\\/5.0 (Windows NT 10.0; Win64; x64) AppleWebKit\\/537.36 (KHTML, like Gecko) Chrome\\/144.0.0.0 Safari\\/537.36\\\";s:3:\\\"url\\\";s:13:\\\"\\/api\\/products\\\";s:11:\\\"description\\\";s:104:\\\"قام المستخدم ابو ندي بانشاء المنتج (غساله LGفوق اوتوماتيك)\\\";}}\"}}', 0, NULL, 1770887560, 1770887560),
(100, 'default', '{\"uuid\":\"ab00249e-2874-4d8f-b531-038b995a5524\",\"displayName\":\"App\\\\Jobs\\\\LogActivityJob\",\"job\":\"Illuminate\\\\Queue\\\\CallQueuedHandler@call\",\"maxTries\":null,\"maxExceptions\":null,\"failOnTimeout\":false,\"backoff\":null,\"timeout\":null,\"retryUntil\":null,\"data\":{\"commandName\":\"App\\\\Jobs\\\\LogActivityJob\",\"command\":\"O:23:\\\"App\\\\Jobs\\\\LogActivityJob\\\":1:{s:7:\\\"\\u0000*\\u0000data\\\";a:12:{s:6:\\\"action\\\";s:10:\\\"انشاء\\\";s:12:\\\"subject_type\\\";s:25:\\\"App\\\\Models\\\\ProductVariant\\\";s:10:\\\"subject_id\\\";i:87;s:10:\\\"old_values\\\";N;s:10:\\\"new_values\\\";a:17:{s:12:\\\"retail_price\\\";d:14300;s:15:\\\"wholesale_price\\\";d:14100;s:14:\\\"purchase_price\\\";d:14000;s:13:\\\"profit_margin\\\";d:2.14;s:6:\\\"weight\\\";d:0;s:3:\\\"tax\\\";d:0;s:8:\\\"discount\\\";d:0;s:12:\\\"min_quantity\\\";i:0;s:6:\\\"status\\\";s:6:\\\"active\\\";s:10:\\\"company_id\\\";i:2;s:10:\\\"created_by\\\";i:5;s:10:\\\"product_id\\\";i:78;s:3:\\\"sku\\\";s:12:\\\"SKU-KFAGD63V\\\";s:7:\\\"barcode\\\";s:10:\\\"1000000082\\\";s:10:\\\"updated_at\\\";s:19:\\\"2026-02-12 09:12:40\\\";s:10:\\\"created_at\\\";s:19:\\\"2026-02-12 09:12:40\\\";s:2:\\\"id\\\";i:87;}s:7:\\\"user_id\\\";i:5;s:10:\\\"created_by\\\";i:5;s:10:\\\"company_id\\\";i:2;s:10:\\\"ip_address\\\";s:14:\\\"156.211.12.200\\\";s:10:\\\"user_agent\\\";s:111:\\\"Mozilla\\/5.0 (Windows NT 10.0; Win64; x64) AppleWebKit\\/537.36 (KHTML, like Gecko) Chrome\\/144.0.0.0 Safari\\/537.36\\\";s:3:\\\"url\\\";s:13:\\\"\\/api\\/products\\\";s:11:\\\"description\\\";s:126:\\\"قام المستخدم ابو ندي بانشاء متغير منتج (غساله LGفوق اوتوماتيك - SKU-KFAGD63V)\\\";}}\"}}', 0, NULL, 1770887560, 1770887560),
(101, 'default', '{\"uuid\":\"2c63d5d0-886a-4993-94b4-aac30bdc4dd1\",\"displayName\":\"App\\\\Jobs\\\\LogActivityJob\",\"job\":\"Illuminate\\\\Queue\\\\CallQueuedHandler@call\",\"maxTries\":null,\"maxExceptions\":null,\"failOnTimeout\":false,\"backoff\":null,\"timeout\":null,\"retryUntil\":null,\"data\":{\"commandName\":\"App\\\\Jobs\\\\LogActivityJob\",\"command\":\"O:23:\\\"App\\\\Jobs\\\\LogActivityJob\\\":1:{s:7:\\\"\\u0000*\\u0000data\\\";a:12:{s:6:\\\"action\\\";s:10:\\\"انشاء\\\";s:12:\\\"subject_type\\\";s:16:\\\"App\\\\Models\\\\Stock\\\";s:10:\\\"subject_id\\\";i:87;s:10:\\\"old_values\\\";N;s:10:\\\"new_values\\\";a:11:{s:8:\\\"quantity\\\";i:1;s:12:\\\"min_quantity\\\";i:0;s:6:\\\"status\\\";s:9:\\\"available\\\";s:12:\\\"warehouse_id\\\";i:2;s:10:\\\"company_id\\\";i:2;s:10:\\\"created_by\\\";i:5;s:10:\\\"variant_id\\\";i:87;s:5:\\\"batch\\\";s:15:\\\"B-20260212-2912\\\";s:10:\\\"updated_at\\\";s:19:\\\"2026-02-12 09:12:40\\\";s:10:\\\"created_at\\\";s:19:\\\"2026-02-12 09:12:40\\\";s:2:\\\"id\\\";i:87;}s:7:\\\"user_id\\\";i:5;s:10:\\\"created_by\\\";i:5;s:10:\\\"company_id\\\";i:2;s:10:\\\"ip_address\\\";s:14:\\\"156.211.12.200\\\";s:10:\\\"user_agent\\\";s:111:\\\"Mozilla\\/5.0 (Windows NT 10.0; Win64; x64) AppleWebKit\\/537.36 (KHTML, like Gecko) Chrome\\/144.0.0.0 Safari\\/537.36\\\";s:3:\\\"url\\\";s:13:\\\"\\/api\\/products\\\";s:11:\\\"description\\\";s:82:\\\"قام المستخدم ابو ندي بانشاء المخزون () - كمية: 1\\\";}}\"}}', 0, NULL, 1770887560, 1770887560),
(102, 'default', '{\"uuid\":\"b0d859de-c33f-417e-a934-5dcbaed648df\",\"displayName\":\"App\\\\Jobs\\\\LogActivityJob\",\"job\":\"Illuminate\\\\Queue\\\\CallQueuedHandler@call\",\"maxTries\":null,\"maxExceptions\":null,\"failOnTimeout\":false,\"backoff\":null,\"timeout\":null,\"retryUntil\":null,\"data\":{\"commandName\":\"App\\\\Jobs\\\\LogActivityJob\",\"command\":\"O:23:\\\"App\\\\Jobs\\\\LogActivityJob\\\":1:{s:7:\\\"\\u0000*\\u0000data\\\";a:12:{s:6:\\\"action\\\";s:10:\\\"انشاء\\\";s:12:\\\"subject_type\\\";s:25:\\\"App\\\\Models\\\\ProductVariant\\\";s:10:\\\"subject_id\\\";i:88;s:10:\\\"old_values\\\";N;s:10:\\\"new_values\\\";a:17:{s:12:\\\"retail_price\\\";d:14300;s:15:\\\"wholesale_price\\\";d:14100;s:14:\\\"purchase_price\\\";d:1400;s:13:\\\"profit_margin\\\";d:921.43;s:6:\\\"weight\\\";d:0;s:3:\\\"tax\\\";d:0;s:8:\\\"discount\\\";d:0;s:12:\\\"min_quantity\\\";i:0;s:6:\\\"status\\\";s:6:\\\"active\\\";s:10:\\\"company_id\\\";i:2;s:10:\\\"created_by\\\";i:5;s:10:\\\"product_id\\\";i:78;s:3:\\\"sku\\\";s:12:\\\"SKU-WLJVDSUO\\\";s:7:\\\"barcode\\\";s:10:\\\"1000000083\\\";s:10:\\\"updated_at\\\";s:19:\\\"2026-02-12 09:12:40\\\";s:10:\\\"created_at\\\";s:19:\\\"2026-02-12 09:12:40\\\";s:2:\\\"id\\\";i:88;}s:7:\\\"user_id\\\";i:5;s:10:\\\"created_by\\\";i:5;s:10:\\\"company_id\\\";i:2;s:10:\\\"ip_address\\\";s:14:\\\"156.211.12.200\\\";s:10:\\\"user_agent\\\";s:111:\\\"Mozilla\\/5.0 (Windows NT 10.0; Win64; x64) AppleWebKit\\/537.36 (KHTML, like Gecko) Chrome\\/144.0.0.0 Safari\\/537.36\\\";s:3:\\\"url\\\";s:13:\\\"\\/api\\/products\\\";s:11:\\\"description\\\";s:126:\\\"قام المستخدم ابو ندي بانشاء متغير منتج (غساله LGفوق اوتوماتيك - SKU-WLJVDSUO)\\\";}}\"}}', 0, NULL, 1770887560, 1770887560),
(103, 'default', '{\"uuid\":\"36fc9d27-e9f4-4845-8184-3f2d39f5c7a3\",\"displayName\":\"App\\\\Jobs\\\\LogActivityJob\",\"job\":\"Illuminate\\\\Queue\\\\CallQueuedHandler@call\",\"maxTries\":null,\"maxExceptions\":null,\"failOnTimeout\":false,\"backoff\":null,\"timeout\":null,\"retryUntil\":null,\"data\":{\"commandName\":\"App\\\\Jobs\\\\LogActivityJob\",\"command\":\"O:23:\\\"App\\\\Jobs\\\\LogActivityJob\\\":1:{s:7:\\\"\\u0000*\\u0000data\\\";a:12:{s:6:\\\"action\\\";s:10:\\\"انشاء\\\";s:12:\\\"subject_type\\\";s:16:\\\"App\\\\Models\\\\Stock\\\";s:10:\\\"subject_id\\\";i:88;s:10:\\\"old_values\\\";N;s:10:\\\"new_values\\\";a:11:{s:8:\\\"quantity\\\";i:0;s:12:\\\"min_quantity\\\";i:0;s:6:\\\"status\\\";s:9:\\\"available\\\";s:12:\\\"warehouse_id\\\";i:2;s:10:\\\"company_id\\\";i:2;s:10:\\\"created_by\\\";i:5;s:10:\\\"variant_id\\\";i:88;s:5:\\\"batch\\\";s:15:\\\"B-20260212-2297\\\";s:10:\\\"updated_at\\\";s:19:\\\"2026-02-12 09:12:40\\\";s:10:\\\"created_at\\\";s:19:\\\"2026-02-12 09:12:40\\\";s:2:\\\"id\\\";i:88;}s:7:\\\"user_id\\\";i:5;s:10:\\\"created_by\\\";i:5;s:10:\\\"company_id\\\";i:2;s:10:\\\"ip_address\\\";s:14:\\\"156.211.12.200\\\";s:10:\\\"user_agent\\\";s:111:\\\"Mozilla\\/5.0 (Windows NT 10.0; Win64; x64) AppleWebKit\\/537.36 (KHTML, like Gecko) Chrome\\/144.0.0.0 Safari\\/537.36\\\";s:3:\\\"url\\\";s:13:\\\"\\/api\\/products\\\";s:11:\\\"description\\\";s:82:\\\"قام المستخدم ابو ندي بانشاء المخزون () - كمية: 0\\\";}}\"}}', 0, NULL, 1770887560, 1770887560),
(112, 'default', '{\"uuid\":\"3e64c1d7-6465-47e6-8a8d-77cc12075b55\",\"displayName\":\"App\\\\Jobs\\\\LogActivityJob\",\"job\":\"Illuminate\\\\Queue\\\\CallQueuedHandler@call\",\"maxTries\":null,\"maxExceptions\":null,\"failOnTimeout\":false,\"backoff\":null,\"timeout\":null,\"retryUntil\":null,\"data\":{\"commandName\":\"App\\\\Jobs\\\\LogActivityJob\",\"command\":\"O:23:\\\"App\\\\Jobs\\\\LogActivityJob\\\":1:{s:7:\\\"\\u0000*\\u0000data\\\";a:12:{s:6:\\\"action\\\";s:10:\\\"تعديل\\\";s:12:\\\"subject_type\\\";s:15:\\\"App\\\\Models\\\\User\\\";s:10:\\\"subject_id\\\";i:5;s:10:\\\"old_values\\\";a:2:{s:10:\\\"company_id\\\";i:2;s:10:\\\"updated_at\\\";O:25:\\\"Illuminate\\\\Support\\\\Carbon\\\":4:{s:4:\\\"date\\\";s:26:\\\"2026-02-12 08:28:14.000000\\\";s:13:\\\"timezone_type\\\";i:3;s:8:\\\"timezone\\\";s:3:\\\"UTC\\\";s:18:\\\"dumpDateProperties\\\";a:2:{s:4:\\\"date\\\";s:26:\\\"2026-02-12 08:28:14.000000\\\";s:8:\\\"timezone\\\";s:3:\\\"UTC\\\";}}}s:10:\\\"new_values\\\";a:2:{s:10:\\\"company_id\\\";i:10;s:10:\\\"updated_at\\\";s:19:\\\"2026-02-12 09:48:44\\\";}s:7:\\\"user_id\\\";i:5;s:10:\\\"created_by\\\";i:5;s:10:\\\"company_id\\\";i:2;s:10:\\\"ip_address\\\";s:14:\\\"156.211.12.200\\\";s:10:\\\"user_agent\\\";s:111:\\\"Mozilla\\/5.0 (Windows NT 10.0; Win64; x64) AppleWebKit\\/537.36 (KHTML, like Gecko) Chrome\\/144.0.0.0 Safari\\/537.36\\\";s:3:\\\"url\\\";s:21:\\\"\\/api\\/change-company\\/5\\\";s:11:\\\"description\\\";s:83:\\\"قام المستخدم ابو ندي بتعديل المستخدم (ابو ندي)\\\";}}\"}}', 0, NULL, 1770889724, 1770889724),
(113, 'default', '{\"uuid\":\"8e5820c8-1a46-4f60-a575-41d2815b0208\",\"displayName\":\"App\\\\Jobs\\\\LogActivityJob\",\"job\":\"Illuminate\\\\Queue\\\\CallQueuedHandler@call\",\"maxTries\":null,\"maxExceptions\":null,\"failOnTimeout\":false,\"backoff\":null,\"timeout\":null,\"retryUntil\":null,\"data\":{\"commandName\":\"App\\\\Jobs\\\\LogActivityJob\",\"command\":\"O:23:\\\"App\\\\Jobs\\\\LogActivityJob\\\":1:{s:7:\\\"\\u0000*\\u0000data\\\";a:12:{s:6:\\\"action\\\";s:10:\\\"انشاء\\\";s:12:\\\"subject_type\\\";s:19:\\\"App\\\\Models\\\\Category\\\";s:10:\\\"subject_id\\\";i:31;s:10:\\\"old_values\\\";N;s:10:\\\"new_values\\\";a:8:{s:4:\\\"name\\\";s:20:\\\"الكترونيات\\\";s:9:\\\"parent_id\\\";N;s:6:\\\"active\\\";i:1;s:10:\\\"company_id\\\";i:10;s:10:\\\"created_by\\\";i:5;s:10:\\\"updated_at\\\";s:19:\\\"2026-02-12 09:57:45\\\";s:10:\\\"created_at\\\";s:19:\\\"2026-02-12 09:57:45\\\";s:2:\\\"id\\\";i:31;}s:7:\\\"user_id\\\";i:5;s:10:\\\"created_by\\\";i:5;s:10:\\\"company_id\\\";i:10;s:10:\\\"ip_address\\\";s:14:\\\"156.211.12.200\\\";s:10:\\\"user_agent\\\";s:111:\\\"Mozilla\\/5.0 (Windows NT 10.0; Win64; x64) AppleWebKit\\/537.36 (KHTML, like Gecko) Chrome\\/144.0.0.0 Safari\\/537.36\\\";s:3:\\\"url\\\";s:15:\\\"\\/api\\/categories\\\";s:11:\\\"description\\\";s:84:\\\"قام المستخدم ابو ندي بانشاء القسم (الكترونيات)\\\";}}\"}}', 0, NULL, 1770890265, 1770890265),
(114, 'default', '{\"uuid\":\"26e827ff-a26a-4ca6-9130-205d47c37f0d\",\"displayName\":\"App\\\\Jobs\\\\LogActivityJob\",\"job\":\"Illuminate\\\\Queue\\\\CallQueuedHandler@call\",\"maxTries\":null,\"maxExceptions\":null,\"failOnTimeout\":false,\"backoff\":null,\"timeout\":null,\"retryUntil\":null,\"data\":{\"commandName\":\"App\\\\Jobs\\\\LogActivityJob\",\"command\":\"O:23:\\\"App\\\\Jobs\\\\LogActivityJob\\\":1:{s:7:\\\"\\u0000*\\u0000data\\\";a:12:{s:6:\\\"action\\\";s:10:\\\"انشاء\\\";s:12:\\\"subject_type\\\";s:16:\\\"App\\\\Models\\\\Brand\\\";s:10:\\\"subject_id\\\";i:72;s:10:\\\"old_values\\\";N;s:10:\\\"new_values\\\";a:8:{s:4:\\\"name\\\";s:12:\\\"كهربيه\\\";s:11:\\\"description\\\";N;s:6:\\\"active\\\";b:1;s:10:\\\"company_id\\\";i:10;s:10:\\\"created_by\\\";i:5;s:10:\\\"updated_at\\\";s:19:\\\"2026-02-12 09:58:25\\\";s:10:\\\"created_at\\\";s:19:\\\"2026-02-12 09:58:25\\\";s:2:\\\"id\\\";i:72;}s:7:\\\"user_id\\\";i:5;s:10:\\\"created_by\\\";i:5;s:10:\\\"company_id\\\";i:10;s:10:\\\"ip_address\\\";s:14:\\\"156.211.12.200\\\";s:10:\\\"user_agent\\\";s:111:\\\"Mozilla\\/5.0 (Windows NT 10.0; Win64; x64) AppleWebKit\\/537.36 (KHTML, like Gecko) Chrome\\/144.0.0.0 Safari\\/537.36\\\";s:3:\\\"url\\\";s:11:\\\"\\/api\\/brands\\\";s:11:\\\"description\\\";s:80:\\\"قام المستخدم ابو ندي بانشاء الماركة (كهربيه)\\\";}}\"}}', 0, NULL, 1770890305, 1770890305),
(115, 'default', '{\"uuid\":\"b5a752cd-66ab-44c1-a08b-f1f55bdd54c5\",\"displayName\":\"App\\\\Jobs\\\\LogActivityJob\",\"job\":\"Illuminate\\\\Queue\\\\CallQueuedHandler@call\",\"maxTries\":null,\"maxExceptions\":null,\"failOnTimeout\":false,\"backoff\":null,\"timeout\":null,\"retryUntil\":null,\"data\":{\"commandName\":\"App\\\\Jobs\\\\LogActivityJob\",\"command\":\"O:23:\\\"App\\\\Jobs\\\\LogActivityJob\\\":1:{s:7:\\\"\\u0000*\\u0000data\\\";a:12:{s:6:\\\"action\\\";s:10:\\\"انشاء\\\";s:12:\\\"subject_type\\\";s:18:\\\"App\\\\Models\\\\Product\\\";s:10:\\\"subject_id\\\";i:79;s:10:\\\"old_values\\\";N;s:10:\\\"new_values\\\";a:17:{s:4:\\\"name\\\";s:10:\\\"راديو\\\";s:11:\\\"category_id\\\";i:31;s:12:\\\"product_type\\\";s:8:\\\"physical\\\";s:13:\\\"require_stock\\\";b:1;s:15:\\\"is_downloadable\\\";b:0;s:12:\\\"license_keys\\\";s:2:\\\"[]\\\";s:20:\\\"available_keys_count\\\";i:0;s:8:\\\"brand_id\\\";i:72;s:6:\\\"active\\\";b:1;s:8:\\\"featured\\\";b:0;s:10:\\\"returnable\\\";b:1;s:10:\\\"company_id\\\";i:10;s:10:\\\"created_by\\\";i:5;s:4:\\\"slug\\\";s:10:\\\"راديو\\\";s:10:\\\"updated_at\\\";s:19:\\\"2026-02-12 10:05:59\\\";s:10:\\\"created_at\\\";s:19:\\\"2026-02-12 10:05:59\\\";s:2:\\\"id\\\";i:79;}s:7:\\\"user_id\\\";i:5;s:10:\\\"created_by\\\";i:5;s:10:\\\"company_id\\\";i:10;s:10:\\\"ip_address\\\";s:14:\\\"156.211.12.200\\\";s:10:\\\"user_agent\\\";s:111:\\\"Mozilla\\/5.0 (Windows NT 10.0; Win64; x64) AppleWebKit\\/537.36 (KHTML, like Gecko) Chrome\\/144.0.0.0 Safari\\/537.36\\\";s:3:\\\"url\\\";s:13:\\\"\\/api\\/products\\\";s:11:\\\"description\\\";s:76:\\\"قام المستخدم ابو ندي بانشاء المنتج (راديو)\\\";}}\"}}', 0, NULL, 1770890759, 1770890759),
(116, 'default', '{\"uuid\":\"532d6fa0-7547-438e-a5ed-f67635c59308\",\"displayName\":\"App\\\\Jobs\\\\LogActivityJob\",\"job\":\"Illuminate\\\\Queue\\\\CallQueuedHandler@call\",\"maxTries\":null,\"maxExceptions\":null,\"failOnTimeout\":false,\"backoff\":null,\"timeout\":null,\"retryUntil\":null,\"data\":{\"commandName\":\"App\\\\Jobs\\\\LogActivityJob\",\"command\":\"O:23:\\\"App\\\\Jobs\\\\LogActivityJob\\\":1:{s:7:\\\"\\u0000*\\u0000data\\\";a:12:{s:6:\\\"action\\\";s:10:\\\"انشاء\\\";s:12:\\\"subject_type\\\";s:25:\\\"App\\\\Models\\\\ProductVariant\\\";s:10:\\\"subject_id\\\";i:89;s:10:\\\"old_values\\\";N;s:10:\\\"new_values\\\";a:17:{s:12:\\\"retail_price\\\";d:260;s:15:\\\"wholesale_price\\\";d:250;s:14:\\\"purchase_price\\\";d:225;s:13:\\\"profit_margin\\\";d:15.56;s:6:\\\"weight\\\";d:0;s:3:\\\"tax\\\";d:0;s:8:\\\"discount\\\";d:0;s:12:\\\"min_quantity\\\";i:0;s:6:\\\"status\\\";s:6:\\\"active\\\";s:10:\\\"company_id\\\";i:10;s:10:\\\"created_by\\\";i:5;s:10:\\\"product_id\\\";i:79;s:3:\\\"sku\\\";s:12:\\\"SKU-SHMYZJOB\\\";s:7:\\\"barcode\\\";s:10:\\\"1000000084\\\";s:10:\\\"updated_at\\\";s:19:\\\"2026-02-12 10:05:59\\\";s:10:\\\"created_at\\\";s:19:\\\"2026-02-12 10:05:59\\\";s:2:\\\"id\\\";i:89;}s:7:\\\"user_id\\\";i:5;s:10:\\\"created_by\\\";i:5;s:10:\\\"company_id\\\";i:10;s:10:\\\"ip_address\\\";s:14:\\\"156.211.12.200\\\";s:10:\\\"user_agent\\\";s:111:\\\"Mozilla\\/5.0 (Windows NT 10.0; Win64; x64) AppleWebKit\\/537.36 (KHTML, like Gecko) Chrome\\/144.0.0.0 Safari\\/537.36\\\";s:3:\\\"url\\\";s:13:\\\"\\/api\\/products\\\";s:11:\\\"description\\\";s:98:\\\"قام المستخدم ابو ندي بانشاء متغير منتج (راديو - SKU-SHMYZJOB)\\\";}}\"}}', 0, NULL, 1770890759, 1770890759),
(117, 'default', '{\"uuid\":\"e7404db0-5d6e-4eea-8f8e-5abb04bdbb3f\",\"displayName\":\"App\\\\Jobs\\\\LogActivityJob\",\"job\":\"Illuminate\\\\Queue\\\\CallQueuedHandler@call\",\"maxTries\":null,\"maxExceptions\":null,\"failOnTimeout\":false,\"backoff\":null,\"timeout\":null,\"retryUntil\":null,\"data\":{\"commandName\":\"App\\\\Jobs\\\\LogActivityJob\",\"command\":\"O:23:\\\"App\\\\Jobs\\\\LogActivityJob\\\":1:{s:7:\\\"\\u0000*\\u0000data\\\";a:12:{s:6:\\\"action\\\";s:10:\\\"انشاء\\\";s:12:\\\"subject_type\\\";s:16:\\\"App\\\\Models\\\\Stock\\\";s:10:\\\"subject_id\\\";i:89;s:10:\\\"old_values\\\";N;s:10:\\\"new_values\\\";a:11:{s:8:\\\"quantity\\\";i:1;s:12:\\\"min_quantity\\\";i:0;s:6:\\\"status\\\";s:9:\\\"available\\\";s:12:\\\"warehouse_id\\\";i:5;s:10:\\\"company_id\\\";i:10;s:10:\\\"created_by\\\";i:5;s:10:\\\"variant_id\\\";i:89;s:5:\\\"batch\\\";s:15:\\\"B-20260212-1400\\\";s:10:\\\"updated_at\\\";s:19:\\\"2026-02-12 10:05:59\\\";s:10:\\\"created_at\\\";s:19:\\\"2026-02-12 10:05:59\\\";s:2:\\\"id\\\";i:89;}s:7:\\\"user_id\\\";i:5;s:10:\\\"created_by\\\";i:5;s:10:\\\"company_id\\\";i:10;s:10:\\\"ip_address\\\";s:14:\\\"156.211.12.200\\\";s:10:\\\"user_agent\\\";s:111:\\\"Mozilla\\/5.0 (Windows NT 10.0; Win64; x64) AppleWebKit\\/537.36 (KHTML, like Gecko) Chrome\\/144.0.0.0 Safari\\/537.36\\\";s:3:\\\"url\\\";s:13:\\\"\\/api\\/products\\\";s:11:\\\"description\\\";s:82:\\\"قام المستخدم ابو ندي بانشاء المخزون () - كمية: 1\\\";}}\"}}', 0, NULL, 1770890759, 1770890759),
(118, 'default', '{\"uuid\":\"c5c86499-69f4-4264-b3b1-e22d9d51f1d7\",\"displayName\":\"App\\\\Jobs\\\\LogActivityJob\",\"job\":\"Illuminate\\\\Queue\\\\CallQueuedHandler@call\",\"maxTries\":null,\"maxExceptions\":null,\"failOnTimeout\":false,\"backoff\":null,\"timeout\":null,\"retryUntil\":null,\"data\":{\"commandName\":\"App\\\\Jobs\\\\LogActivityJob\",\"command\":\"O:23:\\\"App\\\\Jobs\\\\LogActivityJob\\\":1:{s:7:\\\"\\u0000*\\u0000data\\\";a:12:{s:6:\\\"action\\\";s:10:\\\"تعديل\\\";s:12:\\\"subject_type\\\";s:18:\\\"App\\\\Models\\\\Company\\\";s:10:\\\"subject_id\\\";i:10;s:10:\\\"old_values\\\";a:2:{s:8:\\\"settings\\\";N;s:10:\\\"updated_at\\\";O:25:\\\"Illuminate\\\\Support\\\\Carbon\\\":4:{s:4:\\\"date\\\";s:26:\\\"2025-07-11 20:37:20.000000\\\";s:13:\\\"timezone_type\\\";i:3;s:8:\\\"timezone\\\";s:3:\\\"UTC\\\";s:18:\\\"dumpDateProperties\\\";a:2:{s:4:\\\"date\\\";s:26:\\\"2025-07-11 20:37:20.000000\\\";s:8:\\\"timezone\\\";s:3:\\\"UTC\\\";}}}s:10:\\\"new_values\\\";a:2:{s:8:\\\"settings\\\";s:40:\\\"{\\\"print_settings\\\":{\\\"print_format\\\":\\\"a5\\\"}}\\\";s:10:\\\"updated_at\\\";s:19:\\\"2026-02-12 10:45:41\\\";}s:7:\\\"user_id\\\";i:5;s:10:\\\"created_by\\\";i:5;s:10:\\\"company_id\\\";i:10;s:10:\\\"ip_address\\\";s:14:\\\"156.211.12.200\\\";s:10:\\\"user_agent\\\";s:111:\\\"Mozilla\\/5.0 (Windows NT 10.0; Win64; x64) AppleWebKit\\/537.36 (KHTML, like Gecko) Chrome\\/144.0.0.0 Safari\\/537.36\\\";s:3:\\\"url\\\";s:17:\\\"\\/api\\/companies\\/10\\\";s:11:\\\"description\\\";s:89:\\\"قام المستخدم ابو ندي بتعديل الشركة (مكتبه ابوندي)\\\";}}\"}}', 0, NULL, 1770893141, 1770893141),
(119, 'default', '{\"uuid\":\"1e9fd249-506d-45fa-b884-5561b390d238\",\"displayName\":\"App\\\\Jobs\\\\LogActivityJob\",\"job\":\"Illuminate\\\\Queue\\\\CallQueuedHandler@call\",\"maxTries\":null,\"maxExceptions\":null,\"failOnTimeout\":false,\"backoff\":null,\"timeout\":null,\"retryUntil\":null,\"data\":{\"commandName\":\"App\\\\Jobs\\\\LogActivityJob\",\"command\":\"O:23:\\\"App\\\\Jobs\\\\LogActivityJob\\\":1:{s:7:\\\"\\u0000*\\u0000data\\\";a:12:{s:6:\\\"action\\\";s:10:\\\"تعديل\\\";s:12:\\\"subject_type\\\";s:15:\\\"App\\\\Models\\\\User\\\";s:10:\\\"subject_id\\\";i:5;s:10:\\\"old_values\\\";a:2:{s:10:\\\"company_id\\\";i:10;s:10:\\\"updated_at\\\";O:25:\\\"Illuminate\\\\Support\\\\Carbon\\\":4:{s:4:\\\"date\\\";s:26:\\\"2026-02-12 09:48:44.000000\\\";s:13:\\\"timezone_type\\\";i:3;s:8:\\\"timezone\\\";s:3:\\\"UTC\\\";s:18:\\\"dumpDateProperties\\\";a:2:{s:4:\\\"date\\\";s:26:\\\"2026-02-12 09:48:44.000000\\\";s:8:\\\"timezone\\\";s:3:\\\"UTC\\\";}}}s:10:\\\"new_values\\\";a:2:{s:10:\\\"company_id\\\";i:2;s:10:\\\"updated_at\\\";s:19:\\\"2026-02-12 10:50:56\\\";}s:7:\\\"user_id\\\";i:5;s:10:\\\"created_by\\\";i:5;s:10:\\\"company_id\\\";i:10;s:10:\\\"ip_address\\\";s:14:\\\"156.211.12.200\\\";s:10:\\\"user_agent\\\";s:111:\\\"Mozilla\\/5.0 (Windows NT 10.0; Win64; x64) AppleWebKit\\/537.36 (KHTML, like Gecko) Chrome\\/144.0.0.0 Safari\\/537.36\\\";s:3:\\\"url\\\";s:21:\\\"\\/api\\/change-company\\/5\\\";s:11:\\\"description\\\";s:83:\\\"قام المستخدم ابو ندي بتعديل المستخدم (ابو ندي)\\\";}}\"}}', 0, NULL, 1770893456, 1770893456),
(120, 'default', '{\"uuid\":\"e1475ccd-bad4-46d9-bccd-8360d50358c7\",\"displayName\":\"App\\\\Jobs\\\\LogActivityJob\",\"job\":\"Illuminate\\\\Queue\\\\CallQueuedHandler@call\",\"maxTries\":null,\"maxExceptions\":null,\"failOnTimeout\":false,\"backoff\":null,\"timeout\":null,\"retryUntil\":null,\"data\":{\"commandName\":\"App\\\\Jobs\\\\LogActivityJob\",\"command\":\"O:23:\\\"App\\\\Jobs\\\\LogActivityJob\\\":1:{s:7:\\\"\\u0000*\\u0000data\\\";a:12:{s:6:\\\"action\\\";s:10:\\\"انشاء\\\";s:12:\\\"subject_type\\\";s:18:\\\"App\\\\Models\\\\CashBox\\\";s:10:\\\"subject_id\\\";i:2925;s:10:\\\"old_values\\\";N;s:10:\\\"new_values\\\";a:13:{s:7:\\\"user_id\\\";i:66;s:10:\\\"company_id\\\";i:2;s:16:\\\"cash_box_type_id\\\";i:17;s:10:\\\"is_default\\\";b:1;s:4:\\\"name\\\";s:27:\\\"الخزنة النقدية\\\";s:7:\\\"balance\\\";i:0;s:10:\\\"created_by\\\";i:1;s:9:\\\"is_active\\\";b:1;s:11:\\\"description\\\";s:94:\\\"تم إنشاؤها تلقائيًا مع ارتباط المستخدم بشركة: اقساط\\\";s:14:\\\"account_number\\\";N;s:10:\\\"updated_at\\\";s:19:\\\"2026-02-12 13:27:05\\\";s:10:\\\"created_at\\\";s:19:\\\"2026-02-12 13:27:05\\\";s:2:\\\"id\\\";i:2925;}s:7:\\\"user_id\\\";i:1;s:10:\\\"created_by\\\";i:1;s:10:\\\"company_id\\\";i:2;s:10:\\\"ip_address\\\";s:15:\\\"154.181.150.160\\\";s:10:\\\"user_agent\\\";s:111:\\\"Mozilla\\/5.0 (Linux; Android 10; K) AppleWebKit\\/537.36 (KHTML, like Gecko) Chrome\\/144.0.0.0 Mobile Safari\\/537.36\\\";s:3:\\\"url\\\";s:59:\\\"\\/api\\/invoices?page=1&per_page=10&sort_by=id&sort_order=desc\\\";s:11:\\\"description\\\";s:94:\\\"قام المستخدم System Owner بانشاء الصندوق (الخزنة النقدية)\\\";}}\"}}', 0, NULL, 1770902825, 1770902825),
(121, 'default', '{\"uuid\":\"72aa8ca5-5366-4a6e-881f-16ee0777c9ce\",\"displayName\":\"App\\\\Jobs\\\\LogActivityJob\",\"job\":\"Illuminate\\\\Queue\\\\CallQueuedHandler@call\",\"maxTries\":null,\"maxExceptions\":null,\"failOnTimeout\":false,\"backoff\":null,\"timeout\":null,\"retryUntil\":null,\"data\":{\"commandName\":\"App\\\\Jobs\\\\LogActivityJob\",\"command\":\"O:23:\\\"App\\\\Jobs\\\\LogActivityJob\\\":1:{s:7:\\\"\\u0000*\\u0000data\\\";a:12:{s:6:\\\"action\\\";s:10:\\\"تعديل\\\";s:12:\\\"subject_type\\\";s:15:\\\"App\\\\Models\\\\User\\\";s:10:\\\"subject_id\\\";i:93;s:10:\\\"old_values\\\";a:1:{s:10:\\\"updated_at\\\";O:25:\\\"Illuminate\\\\Support\\\\Carbon\\\":4:{s:4:\\\"date\\\";s:26:\\\"2026-02-10 09:18:59.000000\\\";s:13:\\\"timezone_type\\\";i:3;s:8:\\\"timezone\\\";s:3:\\\"UTC\\\";s:18:\\\"dumpDateProperties\\\";a:2:{s:4:\\\"date\\\";s:26:\\\"2026-02-10 09:18:59.000000\\\";s:8:\\\"timezone\\\";s:3:\\\"UTC\\\";}}}s:10:\\\"new_values\\\";a:1:{s:10:\\\"updated_at\\\";s:19:\\\"2026-02-12 16:50:06\\\";}s:7:\\\"user_id\\\";i:1;s:10:\\\"created_by\\\";i:1;s:10:\\\"company_id\\\";i:2;s:10:\\\"ip_address\\\";s:15:\\\"154.181.150.160\\\";s:10:\\\"user_agent\\\";s:111:\\\"Mozilla\\/5.0 (Linux; Android 10; K) AppleWebKit\\/537.36 (KHTML, like Gecko) Chrome\\/144.0.0.0 Mobile Safari\\/537.36\\\";s:3:\\\"url\\\";s:13:\\\"\\/api\\/users\\/93\\\";s:11:\\\"description\\\";s:95:\\\"قام المستخدم System Owner بتعديل المستخدم (ابو حبيبة تيست)\\\";}}\"}}', 0, NULL, 1770915007, 1770915007),
(122, 'default', '{\"uuid\":\"14214646-5d35-4dc5-8467-8e12f074c0e6\",\"displayName\":\"App\\\\Jobs\\\\LogActivityJob\",\"job\":\"Illuminate\\\\Queue\\\\CallQueuedHandler@call\",\"maxTries\":null,\"maxExceptions\":null,\"failOnTimeout\":false,\"backoff\":null,\"timeout\":null,\"retryUntil\":null,\"data\":{\"commandName\":\"App\\\\Jobs\\\\LogActivityJob\",\"command\":\"O:23:\\\"App\\\\Jobs\\\\LogActivityJob\\\":1:{s:7:\\\"\\u0000*\\u0000data\\\";a:12:{s:6:\\\"action\\\";s:10:\\\"انشاء\\\";s:12:\\\"subject_type\\\";s:18:\\\"App\\\\Models\\\\CashBox\\\";s:10:\\\"subject_id\\\";i:2926;s:10:\\\"old_values\\\";N;s:10:\\\"new_values\\\";a:13:{s:7:\\\"user_id\\\";i:93;s:10:\\\"company_id\\\";i:2;s:16:\\\"cash_box_type_id\\\";i:17;s:10:\\\"is_default\\\";b:1;s:4:\\\"name\\\";s:27:\\\"الخزنة النقدية\\\";s:7:\\\"balance\\\";i:0;s:10:\\\"created_by\\\";i:1;s:9:\\\"is_active\\\";b:1;s:11:\\\"description\\\";s:94:\\\"تم إنشاؤها تلقائيًا مع ارتباط المستخدم بشركة: اقساط\\\";s:14:\\\"account_number\\\";N;s:10:\\\"updated_at\\\";s:19:\\\"2026-02-12 16:50:07\\\";s:10:\\\"created_at\\\";s:19:\\\"2026-02-12 16:50:07\\\";s:2:\\\"id\\\";i:2926;}s:7:\\\"user_id\\\";i:1;s:10:\\\"created_by\\\";i:1;s:10:\\\"company_id\\\";i:2;s:10:\\\"ip_address\\\";s:15:\\\"154.181.150.160\\\";s:10:\\\"user_agent\\\";s:111:\\\"Mozilla\\/5.0 (Linux; Android 10; K) AppleWebKit\\/537.36 (KHTML, like Gecko) Chrome\\/144.0.0.0 Mobile Safari\\/537.36\\\";s:3:\\\"url\\\";s:13:\\\"\\/api\\/users\\/93\\\";s:11:\\\"description\\\";s:94:\\\"قام المستخدم System Owner بانشاء الصندوق (الخزنة النقدية)\\\";}}\"}}', 0, NULL, 1770915007, 1770915007);

-- --------------------------------------------------------

--
-- بنية الجدول `job_batches`
--

CREATE TABLE `job_batches` (
  `id` varchar(255) NOT NULL,
  `name` varchar(255) NOT NULL,
  `total_jobs` int(11) NOT NULL,
  `pending_jobs` int(11) NOT NULL,
  `failed_jobs` int(11) NOT NULL,
  `failed_job_ids` longtext NOT NULL,
  `options` mediumtext DEFAULT NULL,
  `cancelled_at` int(11) DEFAULT NULL,
  `created_at` int(11) NOT NULL,
  `finished_at` int(11) DEFAULT NULL
) ENGINE=InnoDB DEFAULT CHARSET=utf8mb4 COLLATE=utf8mb4_unicode_ci;

-- --------------------------------------------------------

--
-- بنية الجدول `migrations`
--

CREATE TABLE `migrations` (
  `id` int(10) UNSIGNED NOT NULL,
  `migration` varchar(255) NOT NULL,
  `batch` int(11) NOT NULL
) ENGINE=InnoDB DEFAULT CHARSET=utf8mb4 COLLATE=utf8mb4_unicode_ci;

--
-- إرجاع أو استيراد بيانات الجدول `migrations`
--

INSERT INTO `migrations` (`id`, `migration`, `batch`) VALUES
(1, '0001_01_01_000003_create_companies_table', 1),
(2, '0001_01_01_000004_create_users_table', 1),
(3, '0001_01_01_000005_create_cache_table', 1),
(4, '0001_01_01_000006_create_jobs_table', 1),
(5, '2024_11_15_094219_create_personal_access_tokens_table', 1),
(6, '2024_11_19_205426_create_translations_table', 1),
(7, '2024_11_19_223350_create_permission_tables', 1),
(8, '2024_12_20_131955_add_created_by_to_roles_table', 1),
(9, '2024_12_31_101540_create_activity_logs_table', 1),
(10, '2024_12_31_185428_create_company_user_table', 1),
(11, '2024_12_31_194330_create_cash_box_types_table', 1),
(12, '2024_12_31_194332_create_cash_boxes_table', 1),
(13, '2024_12_31_194333_create_transactions_table', 1),
(14, '2025_01_05_210854_create_images_table', 1),
(15, '2025_01_08_133632_create_role_company_table', 1),
(17, '2025_02_06_210525_create_warehouses_table', 1),
(18, '2025_02_07_204214_create_categories_table', 1),
(19, '2025_02_07_204416_create_brands_table', 1),
(20, '2025_02_07_205820_create_attributes_table', 1),
(21, '2025_02_07_210056_create_attribute_values_table', 1),
(22, '2025_02_08_204529_create_products_table', 1),
(23, '2025_02_08_210203_create_product_variants_table', 1),
(24, '2025_02_08_210408_create_product_variant_attributes_table', 1),
(25, '2025_02_08_210636_create_stocks_table', 1),
(26, '2025_05_13_072207_create_invoice_types_table', 1),
(27, '2025_05_13_072208_create_invoices_table', 1),
(28, '2025_05_13_072209_create_installment_plans_table', 1),
(29, '2025_05_13_072210_create_installments_table', 1),
(30, '2025_05_13_072211_create_installment_payments_table', 1),
(31, '2025_05_13_072211_create_invoice_items_table', 1),
(32, '2025_05_13_072213_create_installment_payment_details_table', 1),
(33, '2025_05_13_072214_create_payments_table', 1),
(34, '2025_05_13_100000_create_payment_methods_table', 1),
(35, '2025_05_31_000000_create_revenues_table', 1),
(36, '2025_05_31_000002_create_profits_table', 1),
(37, '2025_06_02_100001_create_services_table', 1),
(38, '2025_06_02_100002_create_subscriptions_table', 1),
(39, '2025_06_16_013749_create_payment_installment_table', 1),
(40, '2025_07_02_000000_create_plans_table', 1),
(41, '2025_07_12_091801_update_invoices_and_items_for_softdelete_and_tracking', 2),
(42, '2025_07_12_094928_update_installment_tables_for_soft_delete', 3),
(43, '2025_07_14_023429_add_variant_id_to_invoice_items_table', 4),
(44, '2025_07_17_014328_add_cash_box_id_to_installment_payments_table', 5),
(45, '2025_01_16_170520_create_user_company_cash_table', 6),
(46, '2025_07_22_160951_add_role_and_status_to_company_user_table', 6),
(47, '2025_07_30_184638_add_company_specific_fields_to_company_user_table', 7),
(48, '2025_07_30_200154_rename_company_user_table_to_company_users', 7),
(49, '2025_07_30_210658_update_company_users_with_user_data', 7),
(50, '2025_07_30_200155_rename_company_users_table_to_company_user', 8),
(51, '2025_12_10_203305_add_is_active_to_cash_boxes_table', 9),
(52, '2026_01_01_162623_add_is_system_to_payment_methods_and_cash_box_types', 10),
(53, '2026_01_01_163341_add_is_active_to_cash_box_types', 10),
(54, '2026_01_01_170025_add_tax_fields_to_invoices_and_items_tables', 10),
(55, '2026_01_01_170025_update_invoice_status_enum', 10),
(56, '2026_01_01_171118_create_invoice_payments_table', 10),
(57, '2026_01_01_173037_add_digital_product_fields_to_products_table', 10),
(58, '2026_01_01_173038_create_digital_product_deliveries_table', 10),
(59, '2026_01_01_190315_create_activity_logs_table', 10),
(60, '2026_01_02_084926_add_blameable_and_company_to_payment_methods_table', 10),
(61, '2026_01_02_110000_add_company_and_blameable_to_attribute_values_table', 10),
(62, '2026_01_03_055654_add_missing_columns_to_payments_table', 10),
(63, '2026_01_03_060948_add_plan_fields_to_subscriptions_table', 10),
(64, '2026_01_03_072008_make_service_id_nullable_in_subscriptions_table', 10),
(65, '2026_01_04_130028_add_active_to_brands_table', 10),
(66, '2026_01_04_165022_add_tax_and_website_to_companies_table', 10),
(67, '2026_01_05_213617_add_description_to_warehouses_table', 10),
(68, '2026_01_05_231206_add_is_active_to_invoice_types_table', 10),
(69, '2026_01_06_082335_create_company_invoice_type_table', 10),
(70, '2026_01_06_145218_fix_payment_methods_unique_constraint', 10),
(71, '2026_01_07_194525_add_social_links_to_companies_table', 10),
(72, '2026_01_09_134000_fix_cash_box_types_unique_constraint', 10),
(73, '2026_01_09_153624_add_active_to_categories_table', 10),
(74, '2026_01_09_153626_add_active_to_attributes_table', 10),
(75, '2026_01_10_074342_cleanup_users_table_redundant_fields', 10),
(76, '2026_01_10_091409_add_contact_fields_to_company_user_table', 10),
(77, '2026_01_10_093043_add_company_id_to_spatie_tables', 10),
(78, '2026_01_10_114315_add_label_and_description_to_roles_table', 10),
(79, '2026_01_12_212457_add_name_parts_to_users_table', 10),
(80, '2026_01_13_000001_create_task_groups_table', 10),
(81, '2026_01_13_000002_create_task_group_user_table', 10),
(82, '2026_01_13_000003_create_tasks_table', 10),
(83, '2026_01_13_000004_create_task_assignments_table', 10),
(84, '2026_01_13_000005_create_task_activities_table', 10),
(85, '2026_01_13_000006_create_task_attachments_table', 10),
(86, '2026_01_14_201204_create_backup_history_table', 10),
(87, '2026_01_14_201204_create_backup_settings_table', 10),
(88, '2026_01_15_000001_create_error_reports_table', 10),
(89, '2026_01_15_110435_add_user_notes_to_error_reports_table', 10),
(90, '2026_01_16_144500_add_is_default_to_warehouses_table', 10),
(91, '2026_01_16_145000_add_purchase_price_to_product_variants_table', 10),
(92, '2026_01_16_152741_add_is_primary_to_images_table', 10),
(93, '2026_01_17_075622_add_sales_count_to_products_and_users', 10),
(94, '2026_01_17_223126_simplify_user_name_fields', 10),
(95, '2026_01_17_223417_remove_mirrored_fields_from_company_user', 10),
(96, '2026_01_17_230828_add_missing_context_fields_to_invoices_table', 10),
(97, '2026_01_20_152104_add_cost_price_to_invoice_items_table', 10),
(98, '2026_01_20_153837_fill_cost_price_in_existing_invoice_items', 10),
(99, '2026_01_20_154519_create_expense_categories_table', 10),
(100, '2026_01_20_154521_create_expenses_table', 10),
(101, '2026_01_20_154522_create_financial_ledger_table', 10),
(102, '2026_01_20_184500_create_summary_tables', 10),
(103, '2026_01_23_001521_add_profit_margin_to_invoice_items_table', 10),
(104, '2026_01_23_014750_rename_total_amount_to_net_amount_in_installment_plans_table', 10),
(105, '2026_01_23_015640_add_previous_balance_to_invoices_table', 10),
(106, '2026_01_25_074530_add_screenshot_url_to_error_reports_table', 10),
(107, '2026_01_25_183054_add_initial_amounts_to_invoices_table', 10),
(108, '2026_01_30_093631_add_interest_fields_to_installment_plans_table', 10),
(109, '2026_01_30_095028_add_settings_to_companies_table', 10),
(110, '2026_01_30_171000_add_reference_number_to_installment_payments', 10),
(111, '2026_02_01_160753_add_user_balance_after_to_invoices_table', 10),
(112, '2026_02_01_192414_add_service_and_subscription_to_invoice_items', 10),
(113, '2026_02_01_192806_add_auto_renew_to_subscriptions', 10),
(114, '2026_02_01_200000_upgrade_subscriptions_system', 10),
(115, '2026_02_02_014107_rename_balance_to_subscription_balance_in_subscriptions_table', 10),
(116, '2026_02_02_014608_rename_subscription_balance_to_partial_payment_in_subscriptions_table', 10),
(117, '2026_02_02_014830_rename_balance_fields_in_subscription_payments_table', 10),
(118, '2026_02_03_081047_add_performance_indexes_to_core_tables', 10),
(119, '2025_02_06_180000_fix_permission_tables_primary_keys', 11),
(120, '2026_02_12_175652_create_stats_user_product_matrix_table', 12),
(121, '2026_02_12_175714_create_stats_products_summary_table', 12),
(122, '2026_02_12_175716_create_stats_users_summary_table', 12),
(123, '2026_02_12_175901_add_is_aggregated_to_invoices_table', 12);

-- --------------------------------------------------------

--
-- بنية الجدول `model_has_permissions`
--

CREATE TABLE `model_has_permissions` (
  `permission_id` bigint(20) UNSIGNED NOT NULL,
  `model_type` varchar(255) NOT NULL,
  `model_id` bigint(20) UNSIGNED NOT NULL,
  `company_id` bigint(20) UNSIGNED NOT NULL
) ENGINE=InnoDB DEFAULT CHARSET=utf8mb4 COLLATE=utf8mb4_unicode_ci;

--
-- إرجاع أو استيراد بيانات الجدول `model_has_permissions`
--

INSERT INTO `model_has_permissions` (`permission_id`, `model_type`, `model_id`, `company_id`) VALUES
(1, 'App\\Models\\User', 1, 1),
(2, 'App\\Models\\User', 1, 1),
(3, 'App\\Models\\User', 1, 1),
(3, 'App\\Models\\User', 5, 2),
(3, 'App\\Models\\User', 5, 10),
(4, 'App\\Models\\User', 1, 1),
(5, 'App\\Models\\User', 1, 1),
(6, 'App\\Models\\User', 1, 1),
(7, 'App\\Models\\User', 1, 1),
(8, 'App\\Models\\User', 1, 1),
(9, 'App\\Models\\User', 1, 1),
(10, 'App\\Models\\User', 1, 1),
(11, 'App\\Models\\User', 1, 1),
(12, 'App\\Models\\User', 1, 1),
(13, 'App\\Models\\User', 1, 1),
(14, 'App\\Models\\User', 1, 1),
(15, 'App\\Models\\User', 1, 1),
(16, 'App\\Models\\User', 1, 1),
(17, 'App\\Models\\User', 1, 1),
(18, 'App\\Models\\User', 1, 1),
(19, 'App\\Models\\User', 1, 1),
(20, 'App\\Models\\User', 1, 1),
(21, 'App\\Models\\User', 1, 1),
(22, 'App\\Models\\User', 1, 1),
(23, 'App\\Models\\User', 1, 1),
(24, 'App\\Models\\User', 1, 1),
(25, 'App\\Models\\User', 1, 1),
(26, 'App\\Models\\User', 1, 1),
(27, 'App\\Models\\User', 1, 1),
(28, 'App\\Models\\User', 1, 1),
(29, 'App\\Models\\User', 1, 1),
(30, 'App\\Models\\User', 1, 1),
(31, 'App\\Models\\User', 1, 1),
(32, 'App\\Models\\User', 1, 1),
(33, 'App\\Models\\User', 1, 1),
(34, 'App\\Models\\User', 1, 1),
(35, 'App\\Models\\User', 1, 1),
(36, 'App\\Models\\User', 1, 1),
(37, 'App\\Models\\User', 1, 1),
(38, 'App\\Models\\User', 1, 1),
(39, 'App\\Models\\User', 1, 1),
(40, 'App\\Models\\User', 1, 1),
(41, 'App\\Models\\User', 1, 1),
(42, 'App\\Models\\User', 1, 1),
(43, 'App\\Models\\User', 1, 1),
(44, 'App\\Models\\User', 1, 1),
(45, 'App\\Models\\User', 1, 1),
(46, 'App\\Models\\User', 1, 1),
(47, 'App\\Models\\User', 1, 1),
(48, 'App\\Models\\User', 1, 1),
(49, 'App\\Models\\User', 1, 1),
(50, 'App\\Models\\User', 1, 1),
(51, 'App\\Models\\User', 1, 1),
(52, 'App\\Models\\User', 1, 1),
(53, 'App\\Models\\User', 1, 1),
(54, 'App\\Models\\User', 1, 1),
(55, 'App\\Models\\User', 1, 1),
(56, 'App\\Models\\User', 1, 1),
(57, 'App\\Models\\User', 1, 1),
(58, 'App\\Models\\User', 1, 1),
(59, 'App\\Models\\User', 1, 1),
(60, 'App\\Models\\User', 1, 1),
(61, 'App\\Models\\User', 1, 1),
(62, 'App\\Models\\User', 1, 1),
(63, 'App\\Models\\User', 1, 1),
(64, 'App\\Models\\User', 1, 1),
(65, 'App\\Models\\User', 1, 1),
(66, 'App\\Models\\User', 1, 1),
(67, 'App\\Models\\User', 1, 1),
(68, 'App\\Models\\User', 1, 1),
(69, 'App\\Models\\User', 1, 1),
(70, 'App\\Models\\User', 1, 1),
(71, 'App\\Models\\User', 1, 1),
(72, 'App\\Models\\User', 1, 1),
(73, 'App\\Models\\User', 1, 1),
(74, 'App\\Models\\User', 1, 1),
(75, 'App\\Models\\User', 1, 1),
(76, 'App\\Models\\User', 1, 1),
(77, 'App\\Models\\User', 1, 1),
(78, 'App\\Models\\User', 1, 1),
(79, 'App\\Models\\User', 1, 1),
(80, 'App\\Models\\User', 1, 1),
(81, 'App\\Models\\User', 1, 1),
(82, 'App\\Models\\User', 1, 1),
(83, 'App\\Models\\User', 1, 1),
(84, 'App\\Models\\User', 1, 1),
(85, 'App\\Models\\User', 1, 1),
(86, 'App\\Models\\User', 1, 1),
(87, 'App\\Models\\User', 1, 1),
(88, 'App\\Models\\User', 1, 1),
(89, 'App\\Models\\User', 1, 1),
(90, 'App\\Models\\User', 1, 1),
(91, 'App\\Models\\User', 1, 1),
(92, 'App\\Models\\User', 1, 1),
(93, 'App\\Models\\User', 1, 1),
(94, 'App\\Models\\User', 1, 1),
(95, 'App\\Models\\User', 1, 1),
(96, 'App\\Models\\User', 1, 1),
(97, 'App\\Models\\User', 1, 1),
(98, 'App\\Models\\User', 1, 1),
(99, 'App\\Models\\User', 1, 1),
(100, 'App\\Models\\User', 1, 1),
(101, 'App\\Models\\User', 1, 1),
(102, 'App\\Models\\User', 1, 1),
(103, 'App\\Models\\User', 1, 1),
(104, 'App\\Models\\User', 1, 1),
(105, 'App\\Models\\User', 1, 1),
(106, 'App\\Models\\User', 1, 1),
(107, 'App\\Models\\User', 1, 1),
(108, 'App\\Models\\User', 1, 1),
(109, 'App\\Models\\User', 1, 1),
(110, 'App\\Models\\User', 1, 1),
(111, 'App\\Models\\User', 1, 1),
(112, 'App\\Models\\User', 1, 1),
(113, 'App\\Models\\User', 1, 1),
(114, 'App\\Models\\User', 1, 1),
(115, 'App\\Models\\User', 1, 1),
(116, 'App\\Models\\User', 1, 1),
(117, 'App\\Models\\User', 1, 1),
(118, 'App\\Models\\User', 1, 1),
(119, 'App\\Models\\User', 1, 1),
(120, 'App\\Models\\User', 1, 1),
(121, 'App\\Models\\User', 1, 1),
(122, 'App\\Models\\User', 1, 1),
(123, 'App\\Models\\User', 1, 1),
(124, 'App\\Models\\User', 1, 1),
(125, 'App\\Models\\User', 1, 1),
(126, 'App\\Models\\User', 1, 1),
(127, 'App\\Models\\User', 1, 1),
(128, 'App\\Models\\User', 1, 1),
(129, 'App\\Models\\User', 1, 1),
(130, 'App\\Models\\User', 1, 1),
(131, 'App\\Models\\User', 1, 1),
(132, 'App\\Models\\User', 1, 1),
(133, 'App\\Models\\User', 1, 1),
(134, 'App\\Models\\User', 1, 1),
(135, 'App\\Models\\User', 1, 1),
(136, 'App\\Models\\User', 1, 1),
(137, 'App\\Models\\User', 1, 1),
(138, 'App\\Models\\User', 1, 1),
(139, 'App\\Models\\User', 1, 1),
(140, 'App\\Models\\User', 1, 1),
(141, 'App\\Models\\User', 1, 1),
(142, 'App\\Models\\User', 1, 1),
(143, 'App\\Models\\User', 1, 1),
(144, 'App\\Models\\User', 1, 1),
(145, 'App\\Models\\User', 1, 1),
(146, 'App\\Models\\User', 1, 1),
(147, 'App\\Models\\User', 1, 1),
(148, 'App\\Models\\User', 1, 1),
(149, 'App\\Models\\User', 1, 1),
(150, 'App\\Models\\User', 1, 1),
(151, 'App\\Models\\User', 1, 1),
(152, 'App\\Models\\User', 1, 1),
(153, 'App\\Models\\User', 1, 1),
(154, 'App\\Models\\User', 1, 1),
(155, 'App\\Models\\User', 1, 1),
(156, 'App\\Models\\User', 1, 1),
(157, 'App\\Models\\User', 1, 1),
(158, 'App\\Models\\User', 1, 1),
(159, 'App\\Models\\User', 1, 1),
(160, 'App\\Models\\User', 1, 1),
(161, 'App\\Models\\User', 1, 1),
(162, 'App\\Models\\User', 1, 1),
(163, 'App\\Models\\User', 1, 1),
(164, 'App\\Models\\User', 1, 1),
(165, 'App\\Models\\User', 1, 1),
(166, 'App\\Models\\User', 1, 1),
(167, 'App\\Models\\User', 1, 1),
(168, 'App\\Models\\User', 1, 1),
(169, 'App\\Models\\User', 1, 1),
(170, 'App\\Models\\User', 1, 1),
(171, 'App\\Models\\User', 1, 1),
(172, 'App\\Models\\User', 1, 1),
(173, 'App\\Models\\User', 1, 1),
(174, 'App\\Models\\User', 1, 1),
(175, 'App\\Models\\User', 1, 1),
(176, 'App\\Models\\User', 1, 1),
(177, 'App\\Models\\User', 1, 1),
(178, 'App\\Models\\User', 1, 1),
(179, 'App\\Models\\User', 1, 1),
(180, 'App\\Models\\User', 1, 1),
(181, 'App\\Models\\User', 1, 1),
(182, 'App\\Models\\User', 1, 1),
(183, 'App\\Models\\User', 1, 1),
(184, 'App\\Models\\User', 1, 1),
(185, 'App\\Models\\User', 1, 1),
(186, 'App\\Models\\User', 1, 1),
(187, 'App\\Models\\User', 1, 1),
(188, 'App\\Models\\User', 1, 1),
(189, 'App\\Models\\User', 1, 1),
(190, 'App\\Models\\User', 1, 1),
(191, 'App\\Models\\User', 1, 1),
(192, 'App\\Models\\User', 1, 1),
(193, 'App\\Models\\User', 1, 1),
(194, 'App\\Models\\User', 1, 1),
(195, 'App\\Models\\User', 1, 1),
(196, 'App\\Models\\User', 1, 1),
(197, 'App\\Models\\User', 1, 1),
(198, 'App\\Models\\User', 1, 1),
(199, 'App\\Models\\User', 1, 1),
(200, 'App\\Models\\User', 1, 1),
(201, 'App\\Models\\User', 1, 1),
(202, 'App\\Models\\User', 1, 1),
(203, 'App\\Models\\User', 1, 1),
(204, 'App\\Models\\User', 1, 1),
(205, 'App\\Models\\User', 1, 1),
(206, 'App\\Models\\User', 1, 1),
(207, 'App\\Models\\User', 1, 1),
(208, 'App\\Models\\User', 1, 1),
(209, 'App\\Models\\User', 1, 1),
(210, 'App\\Models\\User', 1, 1),
(211, 'App\\Models\\User', 1, 1),
(212, 'App\\Models\\User', 1, 1),
(213, 'App\\Models\\User', 1, 1),
(214, 'App\\Models\\User', 1, 1),
(215, 'App\\Models\\User', 1, 1),
(216, 'App\\Models\\User', 1, 1),
(217, 'App\\Models\\User', 1, 1),
(218, 'App\\Models\\User', 1, 1),
(219, 'App\\Models\\User', 1, 1),
(220, 'App\\Models\\User', 1, 1),
(221, 'App\\Models\\User', 1, 1),
(222, 'App\\Models\\User', 1, 1),
(223, 'App\\Models\\User', 1, 1),
(224, 'App\\Models\\User', 1, 1),
(225, 'App\\Models\\User', 1, 1),
(226, 'App\\Models\\User', 1, 1),
(227, 'App\\Models\\User', 1, 1),
(228, 'App\\Models\\User', 1, 1),
(229, 'App\\Models\\User', 1, 1),
(230, 'App\\Models\\User', 1, 1),
(231, 'App\\Models\\User', 1, 1),
(232, 'App\\Models\\User', 1, 1),
(233, 'App\\Models\\User', 1, 1),
(234, 'App\\Models\\User', 1, 1),
(235, 'App\\Models\\User', 1, 1),
(236, 'App\\Models\\User', 1, 1),
(237, 'App\\Models\\User', 1, 1),
(238, 'App\\Models\\User', 1, 1),
(239, 'App\\Models\\User', 1, 1),
(240, 'App\\Models\\User', 1, 1),
(241, 'App\\Models\\User', 1, 1),
(242, 'App\\Models\\User', 1, 1),
(243, 'App\\Models\\User', 1, 1),
(244, 'App\\Models\\User', 1, 1),
(245, 'App\\Models\\User', 1, 1),
(246, 'App\\Models\\User', 1, 1),
(247, 'App\\Models\\User', 1, 1),
(248, 'App\\Models\\User', 1, 1),
(249, 'App\\Models\\User', 1, 1),
(250, 'App\\Models\\User', 1, 1),
(251, 'App\\Models\\User', 1, 1),
(252, 'App\\Models\\User', 1, 1),
(253, 'App\\Models\\User', 1, 1),
(254, 'App\\Models\\User', 1, 1),
(255, 'App\\Models\\User', 1, 1),
(256, 'App\\Models\\User', 1, 1),
(257, 'App\\Models\\User', 1, 1),
(258, 'App\\Models\\User', 1, 1),
(259, 'App\\Models\\User', 1, 1),
(260, 'App\\Models\\User', 1, 1),
(261, 'App\\Models\\User', 1, 1),
(262, 'App\\Models\\User', 1, 1),
(263, 'App\\Models\\User', 1, 1),
(264, 'App\\Models\\User', 1, 1),
(265, 'App\\Models\\User', 1, 1),
(266, 'App\\Models\\User', 1, 1),
(267, 'App\\Models\\User', 1, 1),
(268, 'App\\Models\\User', 1, 1),
(269, 'App\\Models\\User', 1, 1),
(270, 'App\\Models\\User', 1, 1),
(271, 'App\\Models\\User', 1, 1),
(272, 'App\\Models\\User', 1, 1),
(273, 'App\\Models\\User', 1, 1),
(274, 'App\\Models\\User', 1, 1),
(275, 'App\\Models\\User', 1, 1),
(276, 'App\\Models\\User', 1, 1),
(277, 'App\\Models\\User', 1, 1),
(278, 'App\\Models\\User', 1, 1),
(279, 'App\\Models\\User', 1, 1),
(280, 'App\\Models\\User', 1, 1),
(281, 'App\\Models\\User', 1, 1),
(282, 'App\\Models\\User', 1, 1),
(283, 'App\\Models\\User', 1, 1),
(284, 'App\\Models\\User', 1, 1),
(285, 'App\\Models\\User', 1, 1),
(286, 'App\\Models\\User', 1, 1),
(287, 'App\\Models\\User', 1, 1),
(288, 'App\\Models\\User', 1, 1),
(289, 'App\\Models\\User', 1, 1),
(290, 'App\\Models\\User', 1, 1),
(291, 'App\\Models\\User', 1, 1),
(292, 'App\\Models\\User', 1, 1),
(293, 'App\\Models\\User', 1, 1),
(294, 'App\\Models\\User', 1, 1),
(295, 'App\\Models\\User', 1, 1),
(296, 'App\\Models\\User', 1, 1),
(297, 'App\\Models\\User', 1, 1),
(298, 'App\\Models\\User', 1, 1),
(299, 'App\\Models\\User', 1, 1),
(300, 'App\\Models\\User', 1, 1),
(301, 'App\\Models\\User', 1, 1),
(302, 'App\\Models\\User', 1, 1),
(303, 'App\\Models\\User', 1, 1),
(304, 'App\\Models\\User', 1, 1),
(305, 'App\\Models\\User', 1, 1),
(306, 'App\\Models\\User', 1, 1),
(307, 'App\\Models\\User', 1, 1),
(308, 'App\\Models\\User', 1, 1),
(309, 'App\\Models\\User', 1, 1),
(310, 'App\\Models\\User', 1, 1),
(311, 'App\\Models\\User', 1, 1),
(312, 'App\\Models\\User', 1, 1),
(313, 'App\\Models\\User', 1, 1),
(314, 'App\\Models\\User', 1, 1),
(315, 'App\\Models\\User', 1, 1),
(316, 'App\\Models\\User', 1, 1),
(317, 'App\\Models\\User', 1, 1),
(318, 'App\\Models\\User', 1, 1),
(319, 'App\\Models\\User', 1, 1),
(320, 'App\\Models\\User', 1, 1),
(321, 'App\\Models\\User', 1, 1),
(322, 'App\\Models\\User', 1, 1),
(323, 'App\\Models\\User', 1, 1),
(324, 'App\\Models\\User', 1, 1),
(325, 'App\\Models\\User', 1, 1),
(326, 'App\\Models\\User', 1, 1),
(327, 'App\\Models\\User', 1, 1),
(328, 'App\\Models\\User', 1, 1),
(329, 'App\\Models\\User', 1, 1),
(330, 'App\\Models\\User', 1, 1);

-- --------------------------------------------------------

--
-- بنية الجدول `model_has_roles`
--

CREATE TABLE `model_has_roles` (
  `role_id` bigint(20) UNSIGNED NOT NULL,
  `model_type` varchar(255) NOT NULL,
  `model_id` bigint(20) UNSIGNED NOT NULL,
  `company_id` bigint(20) UNSIGNED NOT NULL
) ENGINE=InnoDB DEFAULT CHARSET=utf8mb4 COLLATE=utf8mb4_unicode_ci;

--
-- إرجاع أو استيراد بيانات الجدول `model_has_roles`
--

INSERT INTO `model_has_roles` (`role_id`, `model_type`, `model_id`, `company_id`) VALUES
(1, 'App\\Models\\User', 5, 1),
(1, 'App\\Models\\User', 6, 1),
(1, 'App\\Models\\User', 15, 1),
(2, 'App\\Models\\User', 15, 1),
(5, 'App\\Models\\User', 15, 1);

-- --------------------------------------------------------

--
-- بنية الجدول `monthly_sales_summary`
--

CREATE TABLE `monthly_sales_summary` (
  `id` bigint(20) UNSIGNED NOT NULL,
  `year_month` varchar(7) NOT NULL,
  `company_id` bigint(20) UNSIGNED NOT NULL,
  `total_revenue` decimal(15,2) NOT NULL DEFAULT 0.00,
  `total_cogs` decimal(15,2) NOT NULL DEFAULT 0.00,
  `total_expenses` decimal(15,2) NOT NULL DEFAULT 0.00,
  `net_profit` decimal(15,2) NOT NULL DEFAULT 0.00,
  `sales_count` int(11) NOT NULL DEFAULT 0,
  `created_at` timestamp NULL DEFAULT NULL,
  `updated_at` timestamp NULL DEFAULT NULL
) ENGINE=InnoDB DEFAULT CHARSET=utf8mb4 COLLATE=utf8mb4_unicode_ci;

--
-- إرجاع أو استيراد بيانات الجدول `monthly_sales_summary`
--

INSERT INTO `monthly_sales_summary` (`id`, `year_month`, `company_id`, `total_revenue`, `total_cogs`, `total_expenses`, `net_profit`, `sales_count`, `created_at`, `updated_at`) VALUES
(1, '2025-07', 2, 93500.00, 34399.00, 0.00, 59101.00, 17, '2026-02-05 05:34:22', '2026-02-11 23:16:38'),
(2, '2025-07', 10, 35.00, 31.00, 0.00, 4.00, 1, '2026-02-05 05:34:22', '2026-02-05 05:34:22'),
(3, '2025-07', 3, 32000.00, 24560.00, 0.00, 7440.00, 18, '2026-02-05 05:34:22', '2026-02-11 23:16:38'),
(4, '2025-08', 2, 39000.00, 13000.00, 0.00, 26000.00, 4, '2026-02-05 05:34:22', '2026-02-11 23:16:38'),
(5, '2025-09', 12, 41970.00, 41970.00, 0.00, 0.00, 3, '2026-02-05 05:34:22', '2026-02-05 05:34:22'),
(6, '2025-10', 2, 21900.00, 17160.00, 0.00, 4740.00, 3, '2026-02-05 05:34:22', '2026-02-05 05:34:22'),
(7, '2025-12', 2, 126130.00, 47900.00, 0.00, 78230.00, 17, '2026-02-05 05:34:22', '2026-02-11 23:16:38'),
(8, '2026-01', 2, 37200.00, 16220.00, 0.00, 20980.00, 6, '2026-02-05 05:34:22', '2026-02-11 23:16:38'),
(9, '2025-09', 9, 3975.00, 0.00, 0.00, 3975.00, 1, '2026-02-11 23:16:38', '2026-02-11 23:16:38'),
(10, '2025-09', 2, 31700.00, 0.00, 0.00, 31700.00, 2, '2026-02-11 23:16:38', '2026-02-11 23:16:38');

-- --------------------------------------------------------

--
-- بنية الجدول `password_reset_tokens`
--

CREATE TABLE `password_reset_tokens` (
  `email` varchar(255) NOT NULL,
  `token` varchar(255) NOT NULL,
  `created_at` timestamp NULL DEFAULT NULL
) ENGINE=InnoDB DEFAULT CHARSET=utf8mb4 COLLATE=utf8mb4_unicode_ci;

-- --------------------------------------------------------

--
-- بنية الجدول `payments`
--

CREATE TABLE `payments` (
  `id` bigint(20) UNSIGNED NOT NULL,
  `user_id` bigint(20) UNSIGNED NOT NULL,
  `company_id` bigint(20) UNSIGNED NOT NULL,
  `cash_box_id` bigint(20) UNSIGNED DEFAULT NULL,
  `created_by` bigint(20) UNSIGNED NOT NULL,
  `payment_date` date NOT NULL,
  `amount` decimal(15,2) NOT NULL,
  `method` varchar(255) NOT NULL,
  `notes` text DEFAULT NULL,
  `is_split` tinyint(1) NOT NULL DEFAULT 0,
  `created_at` timestamp NULL DEFAULT NULL,
  `updated_at` timestamp NULL DEFAULT NULL,
  `payment_method_id` bigint(20) UNSIGNED DEFAULT NULL
) ENGINE=InnoDB DEFAULT CHARSET=utf8mb4 COLLATE=utf8mb4_unicode_ci;

--
-- إرجاع أو استيراد بيانات الجدول `payments`
--

INSERT INTO `payments` (`id`, `user_id`, `company_id`, `cash_box_id`, `created_by`, `payment_date`, `amount`, `method`, `notes`, `is_split`, `created_at`, `updated_at`, `payment_method_id`) VALUES
(1, 86, 2, 1257, 5, '2026-02-12', 150.00, 'نقدي', 'سداد أقساط - فاتورة #INS_SAL-260106-2-000046 - دفعة #225', 0, '2026-02-12 08:31:14', '2026-02-12 08:31:14', 37),
(2, 13, 2, 1257, 5, '2026-02-12', 370.00, 'نقدي', 'سداد أقساط - فاتورة #INS_SAL-260105-2-000045 - دفعة #226', 0, '2026-02-12 08:36:10', '2026-02-12 08:36:10', 37),
(3, 86, 2, 1257, 5, '2026-02-12', 310.00, 'نقدي', 'سداد أقساط - فاتورة #INS_SAL-251207-2-000041 - دفعة #227', 0, '2026-02-12 08:38:39', '2026-02-12 08:38:39', 37);

-- --------------------------------------------------------

--
-- بنية الجدول `payment_installment`
--

CREATE TABLE `payment_installment` (
  `id` bigint(20) UNSIGNED NOT NULL,
  `payment_id` bigint(20) UNSIGNED NOT NULL,
  `installment_id` bigint(20) UNSIGNED NOT NULL,
  `allocated_amount` decimal(10,2) NOT NULL DEFAULT 0.00,
  `created_at` timestamp NULL DEFAULT NULL,
  `updated_at` timestamp NULL DEFAULT NULL
) ENGINE=InnoDB DEFAULT CHARSET=utf8mb4 COLLATE=utf8mb4_unicode_ci;

-- --------------------------------------------------------

--
-- بنية الجدول `payment_methods`
--

CREATE TABLE `payment_methods` (
  `id` bigint(20) UNSIGNED NOT NULL,
  `company_id` bigint(20) UNSIGNED DEFAULT NULL,
  `name` varchar(255) NOT NULL,
  `code` varchar(255) NOT NULL,
  `active` tinyint(1) NOT NULL DEFAULT 1,
  `is_system` tinyint(1) NOT NULL DEFAULT 0,
  `created_by` bigint(20) UNSIGNED DEFAULT NULL,
  `updated_by` bigint(20) UNSIGNED DEFAULT NULL,
  `deleted_by` bigint(20) UNSIGNED DEFAULT NULL,
  `created_at` timestamp NULL DEFAULT NULL,
  `updated_at` timestamp NULL DEFAULT NULL,
  `deleted_at` timestamp NULL DEFAULT NULL
) ENGINE=InnoDB DEFAULT CHARSET=utf8mb4 COLLATE=utf8mb4_unicode_ci;

--
-- إرجاع أو استيراد بيانات الجدول `payment_methods`
--

INSERT INTO `payment_methods` (`id`, `company_id`, `name`, `code`, `active`, `is_system`, `created_by`, `updated_by`, `deleted_by`, `created_at`, `updated_at`, `deleted_at`) VALUES
(1, NULL, 'نقدي', 'cash', 1, 1, NULL, NULL, NULL, '2025-07-09 06:15:50', '2026-02-07 09:58:18', NULL),
(2, NULL, 'بطاقة ائتمان', 'credit_card', 1, 1, NULL, NULL, NULL, '2025-07-09 06:15:50', '2026-02-07 09:58:18', NULL),
(3, NULL, 'تحويل بنكي', 'bank_transfer', 1, 1, NULL, NULL, NULL, '2025-07-09 06:15:50', '2026-02-07 09:58:18', NULL),
(4, NULL, 'باي بال', 'paypal', 1, 1, NULL, NULL, NULL, '2025-07-09 06:15:50', '2026-02-07 09:58:18', NULL),
(5, NULL, 'فودافون كاش', 'vodafone_cash', 1, 1, NULL, NULL, NULL, '2025-07-09 06:15:50', '2026-02-07 09:58:18', NULL),
(6, NULL, 'اتصالات كاش', 'etisalat_cash', 1, 1, NULL, NULL, NULL, '2025-07-09 06:15:50', '2026-02-07 09:58:18', NULL),
(7, NULL, 'أورنج كاش', 'orange_cash', 1, 1, NULL, NULL, NULL, '2025-07-09 06:15:50', '2026-02-07 09:58:18', NULL),
(8, NULL, 'فوري', 'fawry', 1, 1, NULL, NULL, NULL, '2025-07-09 06:15:50', '2026-02-07 09:58:18', NULL),
(9, NULL, 'آجل', 'credit', 1, 1, NULL, NULL, NULL, '2026-02-07 09:58:18', '2026-02-07 09:58:18', NULL),
(10, NULL, 'بطاقة خصم مباشر', 'debit_card', 1, 1, NULL, NULL, NULL, '2026-02-07 09:58:18', '2026-02-07 09:58:18', NULL),
(11, NULL, 'شيك', 'check', 1, 1, NULL, NULL, NULL, '2026-02-07 09:58:18', '2026-02-07 09:58:18', NULL),
(12, NULL, 'إنستاباي', 'instapay', 1, 1, NULL, NULL, NULL, '2026-02-07 09:58:18', '2026-02-07 09:58:18', NULL),
(13, NULL, 'فيزا أونلاين', 'visa_online', 1, 1, NULL, NULL, NULL, '2026-02-07 09:58:18', '2026-02-07 09:58:18', NULL),
(14, NULL, 'ماستركارد أونلاين', 'mastercard_online', 1, 1, NULL, NULL, NULL, '2026-02-07 09:58:18', '2026-02-07 09:58:18', NULL),
(15, NULL, 'تقسيط', 'installment', 1, 1, NULL, NULL, NULL, '2026-02-07 09:58:18', '2026-02-07 09:58:18', NULL),
(16, NULL, 'فاليو', 'valu', 1, 1, NULL, NULL, NULL, '2026-02-07 09:58:18', '2026-02-07 09:58:18', NULL),
(17, NULL, 'سمبل', 'sympl', 1, 1, NULL, NULL, NULL, '2026-02-07 09:58:18', '2026-02-07 09:58:18', NULL),
(18, NULL, 'سوهولة', 'souhoola', 1, 1, NULL, NULL, NULL, '2026-02-07 09:58:18', '2026-02-07 09:58:18', NULL),
(19, 1, 'نقدي', 'cash', 1, 0, NULL, NULL, NULL, '2026-02-07 09:58:18', '2026-02-07 09:58:18', NULL),
(20, 1, 'بطاقة ائتمان', 'credit_card', 1, 0, NULL, NULL, NULL, '2026-02-07 09:58:18', '2026-02-07 09:58:18', NULL),
(21, 1, 'تحويل بنكي', 'bank_transfer', 1, 0, NULL, NULL, NULL, '2026-02-07 09:58:18', '2026-02-07 09:58:18', NULL),
(22, 1, 'باي بال', 'paypal', 1, 0, NULL, NULL, NULL, '2026-02-07 09:58:18', '2026-02-07 09:58:18', NULL),
(23, 1, 'فودافون كاش', 'vodafone_cash', 1, 0, NULL, NULL, NULL, '2026-02-07 09:58:18', '2026-02-07 09:58:18', NULL),
(24, 1, 'اتصالات كاش', 'etisalat_cash', 1, 0, NULL, NULL, NULL, '2026-02-07 09:58:18', '2026-02-07 09:58:18', NULL),
(25, 1, 'أورنج كاش', 'orange_cash', 1, 0, NULL, NULL, NULL, '2026-02-07 09:58:18', '2026-02-07 09:58:18', NULL),
(26, 1, 'فوري', 'fawry', 1, 0, NULL, NULL, NULL, '2026-02-07 09:58:18', '2026-02-07 09:58:18', NULL),
(27, 1, 'آجل', 'credit', 1, 0, NULL, NULL, NULL, '2026-02-07 09:58:18', '2026-02-07 09:58:18', NULL),
(28, 1, 'بطاقة خصم مباشر', 'debit_card', 1, 0, NULL, NULL, NULL, '2026-02-07 09:58:18', '2026-02-07 09:58:18', NULL),
(29, 1, 'شيك', 'check', 1, 0, NULL, NULL, NULL, '2026-02-07 09:58:18', '2026-02-07 09:58:18', NULL),
(30, 1, 'إنستاباي', 'instapay', 1, 0, NULL, NULL, NULL, '2026-02-07 09:58:18', '2026-02-07 09:58:18', NULL),
(31, 1, 'فيزا أونلاين', 'visa_online', 1, 0, NULL, NULL, NULL, '2026-02-07 09:58:18', '2026-02-07 09:58:18', NULL),
(32, 1, 'ماستركارد أونلاين', 'mastercard_online', 1, 0, NULL, NULL, NULL, '2026-02-07 09:58:18', '2026-02-07 09:58:18', NULL),
(33, 1, 'تقسيط', 'installment', 1, 0, NULL, NULL, NULL, '2026-02-07 09:58:18', '2026-02-07 09:58:18', NULL),
(34, 1, 'فاليو', 'valu', 1, 0, NULL, NULL, NULL, '2026-02-07 09:58:18', '2026-02-07 09:58:18', NULL),
(35, 1, 'سمبل', 'sympl', 1, 0, NULL, NULL, NULL, '2026-02-07 09:58:18', '2026-02-07 09:58:18', NULL),
(36, 1, 'سوهولة', 'souhoola', 1, 0, NULL, NULL, NULL, '2026-02-07 09:58:18', '2026-02-07 09:58:18', NULL),
(37, 2, 'نقدي', 'cash', 1, 0, NULL, NULL, NULL, '2026-02-07 09:58:18', '2026-02-07 09:58:18', NULL),
(38, 2, 'بطاقة ائتمان', 'credit_card', 1, 0, NULL, NULL, NULL, '2026-02-07 09:58:18', '2026-02-07 09:58:18', NULL),
(39, 2, 'تحويل بنكي', 'bank_transfer', 1, 0, NULL, NULL, NULL, '2026-02-07 09:58:18', '2026-02-07 09:58:18', NULL),
(40, 2, 'باي بال', 'paypal', 1, 0, NULL, NULL, NULL, '2026-02-07 09:58:18', '2026-02-07 09:58:18', NULL),
(41, 2, 'فودافون كاش', 'vodafone_cash', 1, 0, NULL, NULL, NULL, '2026-02-07 09:58:18', '2026-02-07 09:58:18', NULL),
(42, 2, 'اتصالات كاش', 'etisalat_cash', 1, 0, NULL, NULL, NULL, '2026-02-07 09:58:18', '2026-02-07 09:58:18', NULL),
(43, 2, 'أورنج كاش', 'orange_cash', 1, 0, NULL, NULL, NULL, '2026-02-07 09:58:18', '2026-02-07 09:58:18', NULL),
(44, 2, 'فوري', 'fawry', 1, 0, NULL, NULL, NULL, '2026-02-07 09:58:18', '2026-02-07 09:58:18', NULL),
(45, 2, 'آجل', 'credit', 1, 0, NULL, NULL, NULL, '2026-02-07 09:58:18', '2026-02-07 09:58:18', NULL),
(46, 2, 'بطاقة خصم مباشر', 'debit_card', 1, 0, NULL, NULL, NULL, '2026-02-07 09:58:18', '2026-02-07 09:58:18', NULL),
(47, 2, 'شيك', 'check', 1, 0, NULL, NULL, NULL, '2026-02-07 09:58:18', '2026-02-07 09:58:18', NULL),
(48, 2, 'إنستاباي', 'instapay', 1, 0, NULL, NULL, NULL, '2026-02-07 09:58:18', '2026-02-07 09:58:18', NULL),
(49, 2, 'فيزا أونلاين', 'visa_online', 1, 0, NULL, NULL, NULL, '2026-02-07 09:58:18', '2026-02-07 09:58:18', NULL),
(50, 2, 'ماستركارد أونلاين', 'mastercard_online', 1, 0, NULL, NULL, NULL, '2026-02-07 09:58:18', '2026-02-07 09:58:18', NULL),
(51, 2, 'تقسيط', 'installment', 1, 0, NULL, NULL, NULL, '2026-02-07 09:58:18', '2026-02-07 09:58:18', NULL),
(52, 2, 'فاليو', 'valu', 1, 0, NULL, NULL, NULL, '2026-02-07 09:58:18', '2026-02-07 09:58:18', NULL),
(53, 2, 'سمبل', 'sympl', 1, 0, NULL, NULL, NULL, '2026-02-07 09:58:18', '2026-02-07 09:58:18', NULL),
(54, 2, 'سوهولة', 'souhoola', 1, 0, NULL, NULL, NULL, '2026-02-07 09:58:18', '2026-02-07 09:58:18', NULL),
(55, 3, 'نقدي', 'cash', 1, 0, NULL, NULL, NULL, '2026-02-07 09:58:18', '2026-02-07 09:58:18', NULL),
(56, 3, 'بطاقة ائتمان', 'credit_card', 1, 0, NULL, NULL, NULL, '2026-02-07 09:58:18', '2026-02-07 09:58:18', NULL),
(57, 3, 'تحويل بنكي', 'bank_transfer', 1, 0, NULL, NULL, NULL, '2026-02-07 09:58:18', '2026-02-07 09:58:18', NULL),
(58, 3, 'باي بال', 'paypal', 1, 0, NULL, NULL, NULL, '2026-02-07 09:58:18', '2026-02-07 09:58:18', NULL),
(59, 3, 'فودافون كاش', 'vodafone_cash', 1, 0, NULL, NULL, NULL, '2026-02-07 09:58:18', '2026-02-07 09:58:18', NULL),
(60, 3, 'اتصالات كاش', 'etisalat_cash', 1, 0, NULL, NULL, NULL, '2026-02-07 09:58:18', '2026-02-07 09:58:18', NULL),
(61, 3, 'أورنج كاش', 'orange_cash', 1, 0, NULL, NULL, NULL, '2026-02-07 09:58:18', '2026-02-07 09:58:18', NULL),
(62, 3, 'فوري', 'fawry', 1, 0, NULL, NULL, NULL, '2026-02-07 09:58:18', '2026-02-07 09:58:18', NULL),
(63, 3, 'آجل', 'credit', 1, 0, NULL, NULL, NULL, '2026-02-07 09:58:18', '2026-02-07 09:58:18', NULL),
(64, 3, 'بطاقة خصم مباشر', 'debit_card', 1, 0, NULL, NULL, NULL, '2026-02-07 09:58:18', '2026-02-07 09:58:18', NULL),
(65, 3, 'شيك', 'check', 1, 0, NULL, NULL, NULL, '2026-02-07 09:58:18', '2026-02-07 09:58:18', NULL),
(66, 3, 'إنستاباي', 'instapay', 1, 0, NULL, NULL, NULL, '2026-02-07 09:58:18', '2026-02-07 09:58:18', NULL),
(67, 3, 'فيزا أونلاين', 'visa_online', 1, 0, NULL, NULL, NULL, '2026-02-07 09:58:18', '2026-02-07 09:58:18', NULL),
(68, 3, 'ماستركارد أونلاين', 'mastercard_online', 1, 0, NULL, NULL, NULL, '2026-02-07 09:58:18', '2026-02-07 09:58:18', NULL),
(69, 3, 'تقسيط', 'installment', 1, 0, NULL, NULL, NULL, '2026-02-07 09:58:18', '2026-02-07 09:58:18', NULL),
(70, 3, 'فاليو', 'valu', 1, 0, NULL, NULL, NULL, '2026-02-07 09:58:18', '2026-02-07 09:58:18', NULL),
(71, 3, 'سمبل', 'sympl', 1, 0, NULL, NULL, NULL, '2026-02-07 09:58:18', '2026-02-07 09:58:18', NULL),
(72, 3, 'سوهولة', 'souhoola', 1, 0, NULL, NULL, NULL, '2026-02-07 09:58:18', '2026-02-07 09:58:18', NULL),
(73, 9, 'نقدي', 'cash', 1, 0, NULL, NULL, NULL, '2026-02-07 09:58:18', '2026-02-07 09:58:18', NULL),
(74, 9, 'بطاقة ائتمان', 'credit_card', 1, 0, NULL, NULL, NULL, '2026-02-07 09:58:18', '2026-02-07 09:58:18', NULL),
(75, 9, 'تحويل بنكي', 'bank_transfer', 1, 0, NULL, NULL, NULL, '2026-02-07 09:58:18', '2026-02-07 09:58:18', NULL),
(76, 9, 'باي بال', 'paypal', 1, 0, NULL, NULL, NULL, '2026-02-07 09:58:18', '2026-02-07 09:58:18', NULL),
(77, 9, 'فودافون كاش', 'vodafone_cash', 1, 0, NULL, NULL, NULL, '2026-02-07 09:58:18', '2026-02-07 09:58:18', NULL),
(78, 9, 'اتصالات كاش', 'etisalat_cash', 1, 0, NULL, NULL, NULL, '2026-02-07 09:58:18', '2026-02-07 09:58:18', NULL),
(79, 9, 'أورنج كاش', 'orange_cash', 1, 0, NULL, NULL, NULL, '2026-02-07 09:58:18', '2026-02-07 09:58:18', NULL),
(80, 9, 'فوري', 'fawry', 1, 0, NULL, NULL, NULL, '2026-02-07 09:58:18', '2026-02-07 09:58:18', NULL),
(81, 9, 'آجل', 'credit', 1, 0, NULL, NULL, NULL, '2026-02-07 09:58:18', '2026-02-07 09:58:18', NULL),
(82, 9, 'بطاقة خصم مباشر', 'debit_card', 1, 0, NULL, NULL, NULL, '2026-02-07 09:58:18', '2026-02-07 09:58:18', NULL),
(83, 9, 'شيك', 'check', 1, 0, NULL, NULL, NULL, '2026-02-07 09:58:18', '2026-02-07 09:58:18', NULL),
(84, 9, 'إنستاباي', 'instapay', 1, 0, NULL, NULL, NULL, '2026-02-07 09:58:18', '2026-02-07 09:58:18', NULL),
(85, 9, 'فيزا أونلاين', 'visa_online', 1, 0, NULL, NULL, NULL, '2026-02-07 09:58:18', '2026-02-07 09:58:18', NULL),
(86, 9, 'ماستركارد أونلاين', 'mastercard_online', 1, 0, NULL, NULL, NULL, '2026-02-07 09:58:18', '2026-02-07 09:58:18', NULL),
(87, 9, 'تقسيط', 'installment', 1, 0, NULL, NULL, NULL, '2026-02-07 09:58:18', '2026-02-07 09:58:18', NULL),
(88, 9, 'فاليو', 'valu', 1, 0, NULL, NULL, NULL, '2026-02-07 09:58:18', '2026-02-07 09:58:18', NULL),
(89, 9, 'سمبل', 'sympl', 1, 0, NULL, NULL, NULL, '2026-02-07 09:58:18', '2026-02-07 09:58:18', NULL),
(90, 9, 'سوهولة', 'souhoola', 1, 0, NULL, NULL, NULL, '2026-02-07 09:58:18', '2026-02-07 09:58:18', NULL),
(91, 10, 'نقدي', 'cash', 1, 0, NULL, NULL, NULL, '2026-02-07 09:58:18', '2026-02-07 09:58:18', NULL),
(92, 10, 'بطاقة ائتمان', 'credit_card', 1, 0, NULL, NULL, NULL, '2026-02-07 09:58:18', '2026-02-07 09:58:18', NULL),
(93, 10, 'تحويل بنكي', 'bank_transfer', 1, 0, NULL, NULL, NULL, '2026-02-07 09:58:18', '2026-02-07 09:58:18', NULL),
(94, 10, 'باي بال', 'paypal', 1, 0, NULL, NULL, NULL, '2026-02-07 09:58:18', '2026-02-07 09:58:18', NULL),
(95, 10, 'فودافون كاش', 'vodafone_cash', 1, 0, NULL, NULL, NULL, '2026-02-07 09:58:18', '2026-02-07 09:58:18', NULL),
(96, 10, 'اتصالات كاش', 'etisalat_cash', 1, 0, NULL, NULL, NULL, '2026-02-07 09:58:18', '2026-02-07 09:58:18', NULL),
(97, 10, 'أورنج كاش', 'orange_cash', 1, 0, NULL, NULL, NULL, '2026-02-07 09:58:18', '2026-02-07 09:58:18', NULL),
(98, 10, 'فوري', 'fawry', 1, 0, NULL, NULL, NULL, '2026-02-07 09:58:18', '2026-02-07 09:58:18', NULL),
(99, 10, 'آجل', 'credit', 1, 0, NULL, NULL, NULL, '2026-02-07 09:58:18', '2026-02-07 09:58:18', NULL),
(100, 10, 'بطاقة خصم مباشر', 'debit_card', 1, 0, NULL, NULL, NULL, '2026-02-07 09:58:18', '2026-02-07 09:58:18', NULL),
(101, 10, 'شيك', 'check', 1, 0, NULL, NULL, NULL, '2026-02-07 09:58:18', '2026-02-07 09:58:18', NULL),
(102, 10, 'إنستاباي', 'instapay', 1, 0, NULL, NULL, NULL, '2026-02-07 09:58:18', '2026-02-07 09:58:18', NULL),
(103, 10, 'فيزا أونلاين', 'visa_online', 1, 0, NULL, NULL, NULL, '2026-02-07 09:58:18', '2026-02-07 09:58:18', NULL),
(104, 10, 'ماستركارد أونلاين', 'mastercard_online', 1, 0, NULL, NULL, NULL, '2026-02-07 09:58:18', '2026-02-07 09:58:18', NULL),
(105, 10, 'تقسيط', 'installment', 1, 0, NULL, NULL, NULL, '2026-02-07 09:58:18', '2026-02-07 09:58:18', NULL),
(106, 10, 'فاليو', 'valu', 1, 0, NULL, NULL, NULL, '2026-02-07 09:58:18', '2026-02-07 09:58:18', NULL),
(107, 10, 'سمبل', 'sympl', 1, 0, NULL, NULL, NULL, '2026-02-07 09:58:18', '2026-02-07 09:58:18', NULL),
(108, 10, 'سوهولة', 'souhoola', 1, 0, NULL, NULL, NULL, '2026-02-07 09:58:18', '2026-02-07 09:58:18', NULL),
(109, 12, 'نقدي', 'cash', 1, 0, NULL, NULL, NULL, '2026-02-07 09:58:18', '2026-02-07 09:58:18', NULL),
(110, 12, 'بطاقة ائتمان', 'credit_card', 1, 0, NULL, NULL, NULL, '2026-02-07 09:58:18', '2026-02-07 09:58:18', NULL),
(111, 12, 'تحويل بنكي', 'bank_transfer', 1, 0, NULL, NULL, NULL, '2026-02-07 09:58:18', '2026-02-07 09:58:18', NULL),
(112, 12, 'باي بال', 'paypal', 1, 0, NULL, NULL, NULL, '2026-02-07 09:58:18', '2026-02-07 09:58:18', NULL),
(113, 12, 'فودافون كاش', 'vodafone_cash', 1, 0, NULL, NULL, NULL, '2026-02-07 09:58:18', '2026-02-07 09:58:18', NULL),
(114, 12, 'اتصالات كاش', 'etisalat_cash', 1, 0, NULL, NULL, NULL, '2026-02-07 09:58:18', '2026-02-07 09:58:18', NULL),
(115, 12, 'أورنج كاش', 'orange_cash', 1, 0, NULL, NULL, NULL, '2026-02-07 09:58:18', '2026-02-07 09:58:18', NULL),
(116, 12, 'فوري', 'fawry', 1, 0, NULL, NULL, NULL, '2026-02-07 09:58:18', '2026-02-07 09:58:18', NULL),
(117, 12, 'آجل', 'credit', 1, 0, NULL, NULL, NULL, '2026-02-07 09:58:18', '2026-02-07 09:58:18', NULL),
(118, 12, 'بطاقة خصم مباشر', 'debit_card', 1, 0, NULL, NULL, NULL, '2026-02-07 09:58:18', '2026-02-07 09:58:18', NULL),
(119, 12, 'شيك', 'check', 1, 0, NULL, NULL, NULL, '2026-02-07 09:58:18', '2026-02-07 09:58:18', NULL),
(120, 12, 'إنستاباي', 'instapay', 1, 0, NULL, NULL, NULL, '2026-02-07 09:58:18', '2026-02-07 09:58:18', NULL),
(121, 12, 'فيزا أونلاين', 'visa_online', 1, 0, NULL, NULL, NULL, '2026-02-07 09:58:18', '2026-02-07 09:58:18', NULL),
(122, 12, 'ماستركارد أونلاين', 'mastercard_online', 1, 0, NULL, NULL, NULL, '2026-02-07 09:58:18', '2026-02-07 09:58:18', NULL),
(123, 12, 'تقسيط', 'installment', 1, 0, NULL, NULL, NULL, '2026-02-07 09:58:18', '2026-02-07 09:58:18', NULL),
(124, 12, 'فاليو', 'valu', 1, 0, NULL, NULL, NULL, '2026-02-07 09:58:18', '2026-02-07 09:58:18', NULL),
(125, 12, 'سمبل', 'sympl', 1, 0, NULL, NULL, NULL, '2026-02-07 09:58:18', '2026-02-07 09:58:18', NULL),
(126, 12, 'سوهولة', 'souhoola', 1, 0, NULL, NULL, NULL, '2026-02-07 09:58:18', '2026-02-07 09:58:18', NULL),
(127, 13, 'نقدي', 'cash', 1, 0, NULL, NULL, NULL, '2026-02-07 09:58:18', '2026-02-07 09:58:18', NULL),
(128, 13, 'بطاقة ائتمان', 'credit_card', 1, 0, NULL, NULL, NULL, '2026-02-07 09:58:18', '2026-02-07 09:58:18', NULL),
(129, 13, 'تحويل بنكي', 'bank_transfer', 1, 0, NULL, NULL, NULL, '2026-02-07 09:58:18', '2026-02-07 09:58:18', NULL),
(130, 13, 'باي بال', 'paypal', 1, 0, NULL, NULL, NULL, '2026-02-07 09:58:18', '2026-02-07 09:58:18', NULL),
(131, 13, 'فودافون كاش', 'vodafone_cash', 1, 0, NULL, NULL, NULL, '2026-02-07 09:58:18', '2026-02-07 09:58:18', NULL),
(132, 13, 'اتصالات كاش', 'etisalat_cash', 1, 0, NULL, NULL, NULL, '2026-02-07 09:58:18', '2026-02-07 09:58:18', NULL),
(133, 13, 'أورنج كاش', 'orange_cash', 1, 0, NULL, NULL, NULL, '2026-02-07 09:58:18', '2026-02-07 09:58:18', NULL),
(134, 13, 'فوري', 'fawry', 1, 0, NULL, NULL, NULL, '2026-02-07 09:58:18', '2026-02-07 09:58:18', NULL),
(135, 13, 'آجل', 'credit', 1, 0, NULL, NULL, NULL, '2026-02-07 09:58:18', '2026-02-07 09:58:18', NULL),
(136, 13, 'بطاقة خصم مباشر', 'debit_card', 1, 0, NULL, NULL, NULL, '2026-02-07 09:58:18', '2026-02-07 09:58:18', NULL),
(137, 13, 'شيك', 'check', 1, 0, NULL, NULL, NULL, '2026-02-07 09:58:18', '2026-02-07 09:58:18', NULL),
(138, 13, 'إنستاباي', 'instapay', 1, 0, NULL, NULL, NULL, '2026-02-07 09:58:18', '2026-02-07 09:58:18', NULL),
(139, 13, 'فيزا أونلاين', 'visa_online', 1, 0, NULL, NULL, NULL, '2026-02-07 09:58:18', '2026-02-07 09:58:18', NULL),
(140, 13, 'ماستركارد أونلاين', 'mastercard_online', 1, 0, NULL, NULL, NULL, '2026-02-07 09:58:18', '2026-02-07 09:58:18', NULL),
(141, 13, 'تقسيط', 'installment', 1, 0, NULL, NULL, NULL, '2026-02-07 09:58:18', '2026-02-07 09:58:18', NULL),
(142, 13, 'فاليو', 'valu', 1, 0, NULL, NULL, NULL, '2026-02-07 09:58:18', '2026-02-07 09:58:18', NULL),
(143, 13, 'سمبل', 'sympl', 1, 0, NULL, NULL, NULL, '2026-02-07 09:58:18', '2026-02-07 09:58:18', NULL),
(144, 13, 'سوهولة', 'souhoola', 1, 0, NULL, NULL, NULL, '2026-02-07 09:58:18', '2026-02-07 09:58:18', NULL);

-- --------------------------------------------------------

--
-- بنية الجدول `permissions`
--

CREATE TABLE `permissions` (
  `id` bigint(20) UNSIGNED NOT NULL,
  `name` varchar(255) NOT NULL,
  `guard_name` varchar(255) NOT NULL,
  `created_at` timestamp NULL DEFAULT NULL,
  `updated_at` timestamp NULL DEFAULT NULL
) ENGINE=InnoDB DEFAULT CHARSET=utf8mb4 COLLATE=utf8mb4_unicode_ci;

--
-- إرجاع أو استيراد بيانات الجدول `permissions`
--

INSERT INTO `permissions` (`id`, `name`, `guard_name`, `created_at`, `updated_at`) VALUES
(1, 'admin.page', 'web', '2025-07-09 06:15:49', '2025-07-09 06:15:49'),
(2, 'admin.super', 'web', '2025-07-09 06:15:49', '2025-07-09 06:15:49'),
(3, 'admin.company', 'web', '2025-07-09 06:15:49', '2025-07-09 06:15:49'),
(4, 'companies.change_active_company', 'web', '2025-07-09 06:15:49', '2025-07-09 06:15:49'),
(5, 'companies.page', 'web', '2025-07-09 06:15:49', '2025-07-09 06:15:49'),
(6, 'companies.view_all', 'web', '2025-07-09 06:15:49', '2025-07-09 06:15:49'),
(7, 'companies.view_children', 'web', '2025-07-09 06:15:49', '2025-07-09 06:15:49'),
(8, 'companies.view_self', 'web', '2025-07-09 06:15:49', '2025-07-09 06:15:49'),
(9, 'companies.create', 'web', '2025-07-09 06:15:49', '2025-07-09 06:15:49'),
(10, 'companies.update_all', 'web', '2025-07-09 06:15:49', '2025-07-09 06:15:49'),
(11, 'companies.update_children', 'web', '2025-07-09 06:15:49', '2025-07-09 06:15:49'),
(12, 'companies.update_self', 'web', '2025-07-09 06:15:49', '2025-07-09 06:15:49'),
(13, 'companies.delete_all', 'web', '2025-07-09 06:15:49', '2025-07-09 06:15:49'),
(14, 'companies.delete_children', 'web', '2025-07-09 06:15:49', '2025-07-09 06:15:49'),
(15, 'companies.delete_self', 'web', '2025-07-09 06:15:49', '2025-07-09 06:15:49'),
(16, 'users.page', 'web', '2025-07-09 06:15:49', '2025-07-09 06:15:49'),
(17, 'users.view_all', 'web', '2025-07-09 06:15:49', '2025-07-09 06:15:49'),
(18, 'users.view_children', 'web', '2025-07-09 06:15:49', '2025-07-09 06:15:49'),
(19, 'users.view_self', 'web', '2025-07-09 06:15:49', '2025-07-09 06:15:49'),
(20, 'users.create', 'web', '2025-07-09 06:15:49', '2025-07-09 06:15:49'),
(21, 'users.update_all', 'web', '2025-07-09 06:15:49', '2025-07-09 06:15:49'),
(22, 'users.update_children', 'web', '2025-07-09 06:15:49', '2025-07-09 06:15:49'),
(23, 'users.update_self', 'web', '2025-07-09 06:15:49', '2025-07-09 06:15:49'),
(24, 'users.delete_all', 'web', '2025-07-09 06:15:49', '2025-07-09 06:15:49'),
(25, 'users.delete_children', 'web', '2025-07-09 06:15:49', '2025-07-09 06:15:49'),
(26, 'users.delete_self', 'web', '2025-07-09 06:15:49', '2025-07-09 06:15:49'),
(27, 'personal_access_tokens.page', 'web', '2025-07-09 06:15:49', '2025-07-09 06:15:49'),
(28, 'personal_access_tokens.view_all', 'web', '2025-07-09 06:15:49', '2025-07-09 06:15:49'),
(29, 'personal_access_tokens.view_children', 'web', '2025-07-09 06:15:49', '2025-07-09 06:15:49'),
(30, 'personal_access_tokens.view_self', 'web', '2025-07-09 06:15:49', '2025-07-09 06:15:49'),
(31, 'personal_access_tokens.create', 'web', '2025-07-09 06:15:49', '2025-07-09 06:15:49'),
(32, 'personal_access_tokens.update_all', 'web', '2025-07-09 06:15:49', '2025-07-09 06:15:49'),
(33, 'personal_access_tokens.update_children', 'web', '2025-07-09 06:15:49', '2025-07-09 06:15:49'),
(34, 'personal_access_tokens.update_self', 'web', '2025-07-09 06:15:49', '2025-07-09 06:15:49'),
(35, 'personal_access_tokens.delete_all', 'web', '2025-07-09 06:15:49', '2025-07-09 06:15:49'),
(36, 'personal_access_tokens.delete_children', 'web', '2025-07-09 06:15:49', '2025-07-09 06:15:49'),
(37, 'personal_access_tokens.delete_self', 'web', '2025-07-09 06:15:49', '2025-07-09 06:15:49'),
(38, 'translations.page', 'web', '2025-07-09 06:15:49', '2025-07-09 06:15:49'),
(39, 'translations.view_all', 'web', '2025-07-09 06:15:49', '2025-07-09 06:15:49'),
(40, 'translations.view_children', 'web', '2025-07-09 06:15:49', '2025-07-09 06:15:49'),
(41, 'translations.view_self', 'web', '2025-07-09 06:15:49', '2025-07-09 06:15:49'),
(42, 'translations.create', 'web', '2025-07-09 06:15:49', '2025-07-09 06:15:49'),
(43, 'translations.update_all', 'web', '2025-07-09 06:15:49', '2025-07-09 06:15:49'),
(44, 'translations.update_children', 'web', '2025-07-09 06:15:49', '2025-07-09 06:15:49'),
(45, 'translations.update_self', 'web', '2025-07-09 06:15:49', '2025-07-09 06:15:49'),
(46, 'translations.delete_all', 'web', '2025-07-09 06:15:49', '2025-07-09 06:15:49'),
(47, 'translations.delete_children', 'web', '2025-07-09 06:15:49', '2025-07-09 06:15:49'),
(48, 'translations.delete_self', 'web', '2025-07-09 06:15:49', '2025-07-09 06:15:49'),
(49, 'transactions.page', 'web', '2025-07-09 06:15:49', '2025-07-09 06:15:49'),
(50, 'transactions.view_all', 'web', '2025-07-09 06:15:49', '2025-07-09 06:15:49'),
(51, 'transactions.view_children', 'web', '2025-07-09 06:15:49', '2025-07-09 06:15:49'),
(52, 'transactions.view_self', 'web', '2025-07-09 06:15:49', '2025-07-09 06:15:49'),
(53, 'transactions.create', 'web', '2025-07-09 06:15:49', '2025-07-09 06:15:49'),
(54, 'transactions.update_all', 'web', '2025-07-09 06:15:49', '2025-07-09 06:15:49'),
(55, 'transactions.update_children', 'web', '2025-07-09 06:15:49', '2025-07-09 06:15:49'),
(56, 'transactions.update_self', 'web', '2025-07-09 06:15:49', '2025-07-09 06:15:49'),
(57, 'transactions.delete_all', 'web', '2025-07-09 06:15:49', '2025-07-09 06:15:49'),
(58, 'transactions.delete_children', 'web', '2025-07-09 06:15:49', '2025-07-09 06:15:49'),
(59, 'transactions.delete_self', 'web', '2025-07-09 06:15:49', '2025-07-09 06:15:49'),
(60, 'activity_logs.page', 'web', '2025-07-09 06:15:49', '2025-07-09 06:15:49'),
(61, 'activity_logs.view_all', 'web', '2025-07-09 06:15:49', '2025-07-09 06:15:49'),
(62, 'activity_logs.view_children', 'web', '2025-07-09 06:15:49', '2025-07-09 06:15:49'),
(63, 'activity_logs.view_self', 'web', '2025-07-09 06:15:49', '2025-07-09 06:15:49'),
(64, 'activity_logs.delete_all', 'web', '2025-07-09 06:15:49', '2025-07-09 06:15:49'),
(65, 'activity_logs.delete_children', 'web', '2025-07-09 06:15:49', '2025-07-09 06:15:49'),
(66, 'activity_logs.delete_self', 'web', '2025-07-09 06:15:49', '2025-07-09 06:15:49'),
(67, 'cash_box_types.page', 'web', '2025-07-09 06:15:49', '2025-07-09 06:15:49'),
(68, 'cash_box_types.view_all', 'web', '2025-07-09 06:15:49', '2025-07-09 06:15:49'),
(69, 'cash_box_types.view_children', 'web', '2025-07-09 06:15:49', '2025-07-09 06:15:49'),
(70, 'cash_box_types.view_self', 'web', '2025-07-09 06:15:49', '2025-07-09 06:15:49'),
(71, 'cash_box_types.create', 'web', '2025-07-09 06:15:49', '2025-07-09 06:15:49'),
(72, 'cash_box_types.update_all', 'web', '2025-07-09 06:15:49', '2025-07-09 06:15:49'),
(73, 'cash_box_types.update_children', 'web', '2025-07-09 06:15:49', '2025-07-09 06:15:49'),
(74, 'cash_box_types.update_self', 'web', '2025-07-09 06:15:49', '2025-07-09 06:15:49'),
(75, 'cash_box_types.delete_all', 'web', '2025-07-09 06:15:49', '2025-07-09 06:15:49'),
(76, 'cash_box_types.delete_children', 'web', '2025-07-09 06:15:49', '2025-07-09 06:15:49'),
(77, 'cash_box_types.delete_self', 'web', '2025-07-09 06:15:49', '2025-07-09 06:15:49'),
(78, 'cash_boxes.page', 'web', '2025-07-09 06:15:49', '2025-07-09 06:15:49'),
(79, 'cash_boxes.view_all', 'web', '2025-07-09 06:15:49', '2025-07-09 06:15:49'),
(80, 'cash_boxes.view_children', 'web', '2025-07-09 06:15:49', '2025-07-09 06:15:49'),
(81, 'cash_boxes.view_self', 'web', '2025-07-09 06:15:49', '2025-07-09 06:15:49'),
(82, 'cash_boxes.create', 'web', '2025-07-09 06:15:49', '2025-07-09 06:15:49'),
(83, 'cash_boxes.update_all', 'web', '2025-07-09 06:15:49', '2025-07-09 06:15:49'),
(84, 'cash_boxes.update_children', 'web', '2025-07-09 06:15:49', '2025-07-09 06:15:49'),
(85, 'cash_boxes.update_self', 'web', '2025-07-09 06:15:49', '2025-07-09 06:15:49'),
(86, 'cash_boxes.delete_all', 'web', '2025-07-09 06:15:49', '2025-07-09 06:15:49'),
(87, 'cash_boxes.delete_children', 'web', '2025-07-09 06:15:49', '2025-07-09 06:15:49'),
(88, 'cash_boxes.delete_self', 'web', '2025-07-09 06:15:49', '2025-07-09 06:15:49'),
(89, 'images.page', 'web', '2025-07-09 06:15:49', '2025-07-09 06:15:49'),
(90, 'images.view_all', 'web', '2025-07-09 06:15:49', '2025-07-09 06:15:49'),
(91, 'images.view_children', 'web', '2025-07-09 06:15:49', '2025-07-09 06:15:49'),
(92, 'images.view_self', 'web', '2025-07-09 06:15:49', '2025-07-09 06:15:49'),
(93, 'images.create', 'web', '2025-07-09 06:15:49', '2025-07-09 06:15:49'),
(94, 'images.update_all', 'web', '2025-07-09 06:15:49', '2025-07-09 06:15:49'),
(95, 'images.update_children', 'web', '2025-07-09 06:15:49', '2025-07-09 06:15:49'),
(96, 'images.update_self', 'web', '2025-07-09 06:15:49', '2025-07-09 06:15:49'),
(97, 'images.delete_all', 'web', '2025-07-09 06:15:49', '2025-07-09 06:15:49'),
(98, 'images.delete_children', 'web', '2025-07-09 06:15:49', '2025-07-09 06:15:49'),
(99, 'images.delete_self', 'web', '2025-07-09 06:15:49', '2025-07-09 06:15:49'),
(100, 'warehouses.page', 'web', '2025-07-09 06:15:49', '2025-07-09 06:15:49'),
(101, 'warehouses.view_all', 'web', '2025-07-09 06:15:49', '2025-07-09 06:15:49'),
(102, 'warehouses.view_children', 'web', '2025-07-09 06:15:49', '2025-07-09 06:15:49'),
(103, 'warehouses.view_self', 'web', '2025-07-09 06:15:49', '2025-07-09 06:15:49'),
(104, 'warehouses.create', 'web', '2025-07-09 06:15:49', '2025-07-09 06:15:49'),
(105, 'warehouses.update_all', 'web', '2025-07-09 06:15:49', '2025-07-09 06:15:49'),
(106, 'warehouses.update_children', 'web', '2025-07-09 06:15:49', '2025-07-09 06:15:49'),
(107, 'warehouses.update_self', 'web', '2025-07-09 06:15:49', '2025-07-09 06:15:49'),
(108, 'warehouses.delete_all', 'web', '2025-07-09 06:15:49', '2025-07-09 06:15:49'),
(109, 'warehouses.delete_children', 'web', '2025-07-09 06:15:49', '2025-07-09 06:15:49'),
(110, 'warehouses.delete_self', 'web', '2025-07-09 06:15:49', '2025-07-09 06:15:49'),
(111, 'categories.page', 'web', '2025-07-09 06:15:49', '2025-07-09 06:15:49'),
(112, 'categories.view_all', 'web', '2025-07-09 06:15:49', '2025-07-09 06:15:49'),
(113, 'categories.view_children', 'web', '2025-07-09 06:15:49', '2025-07-09 06:15:49'),
(114, 'categories.view_self', 'web', '2025-07-09 06:15:49', '2025-07-09 06:15:49'),
(115, 'categories.create', 'web', '2025-07-09 06:15:49', '2025-07-09 06:15:49'),
(116, 'categories.update_all', 'web', '2025-07-09 06:15:49', '2025-07-09 06:15:49'),
(117, 'categories.update_children', 'web', '2025-07-09 06:15:49', '2025-07-09 06:15:49'),
(118, 'categories.update_self', 'web', '2025-07-09 06:15:49', '2025-07-09 06:15:49'),
(119, 'categories.delete_all', 'web', '2025-07-09 06:15:49', '2025-07-09 06:15:49'),
(120, 'categories.delete_children', 'web', '2025-07-09 06:15:49', '2025-07-09 06:15:49'),
(121, 'categories.delete_self', 'web', '2025-07-09 06:15:49', '2025-07-09 06:15:49'),
(122, 'brands.page', 'web', '2025-07-09 06:15:49', '2025-07-09 06:15:49'),
(123, 'brands.view_all', 'web', '2025-07-09 06:15:49', '2025-07-09 06:15:49'),
(124, 'brands.view_children', 'web', '2025-07-09 06:15:49', '2025-07-09 06:15:49'),
(125, 'brands.view_self', 'web', '2025-07-09 06:15:49', '2025-07-09 06:15:49'),
(126, 'brands.create', 'web', '2025-07-09 06:15:49', '2025-07-09 06:15:49'),
(127, 'brands.update_all', 'web', '2025-07-09 06:15:49', '2025-07-09 06:15:49'),
(128, 'brands.update_children', 'web', '2025-07-09 06:15:49', '2025-07-09 06:15:49'),
(129, 'brands.update_self', 'web', '2025-07-09 06:15:49', '2025-07-09 06:15:49'),
(130, 'brands.delete_all', 'web', '2025-07-09 06:15:49', '2025-07-09 06:15:49'),
(131, 'brands.delete_children', 'web', '2025-07-09 06:15:49', '2025-07-09 06:15:49'),
(132, 'brands.delete_self', 'web', '2025-07-09 06:15:49', '2025-07-09 06:15:49'),
(133, 'attributes.page', 'web', '2025-07-09 06:15:49', '2025-07-09 06:15:49'),
(134, 'attributes.view_all', 'web', '2025-07-09 06:15:49', '2025-07-09 06:15:49'),
(135, 'attributes.view_children', 'web', '2025-07-09 06:15:49', '2025-07-09 06:15:49'),
(136, 'attributes.view_self', 'web', '2025-07-09 06:15:49', '2025-07-09 06:15:49'),
(137, 'attributes.create', 'web', '2025-07-09 06:15:49', '2025-07-09 06:15:49'),
(138, 'attributes.update_all', 'web', '2025-07-09 06:15:49', '2025-07-09 06:15:49'),
(139, 'attributes.update_children', 'web', '2025-07-09 06:15:49', '2025-07-09 06:15:49'),
(140, 'attributes.update_self', 'web', '2025-07-09 06:15:49', '2025-07-09 06:15:49'),
(141, 'attributes.delete_all', 'web', '2025-07-09 06:15:49', '2025-07-09 06:15:49'),
(142, 'attributes.delete_children', 'web', '2025-07-09 06:15:49', '2025-07-09 06:15:49'),
(143, 'attributes.delete_self', 'web', '2025-07-09 06:15:49', '2025-07-09 06:15:49'),
(144, 'attribute_values.page', 'web', '2025-07-09 06:15:49', '2025-07-09 06:15:49'),
(145, 'attribute_values.view_all', 'web', '2025-07-09 06:15:49', '2025-07-09 06:15:49'),
(146, 'attribute_values.view_children', 'web', '2025-07-09 06:15:49', '2025-07-09 06:15:49'),
(147, 'attribute_values.view_self', 'web', '2025-07-09 06:15:49', '2025-07-09 06:15:49'),
(148, 'attribute_values.create', 'web', '2025-07-09 06:15:49', '2025-07-09 06:15:49'),
(149, 'attribute_values.update_all', 'web', '2025-07-09 06:15:49', '2025-07-09 06:15:49'),
(150, 'attribute_values.update_children', 'web', '2025-07-09 06:15:49', '2025-07-09 06:15:49'),
(151, 'attribute_values.update_self', 'web', '2025-07-09 06:15:49', '2025-07-09 06:15:49'),
(152, 'attribute_values.delete_all', 'web', '2025-07-09 06:15:49', '2025-07-09 06:15:49'),
(153, 'attribute_values.delete_children', 'web', '2025-07-09 06:15:49', '2025-07-09 06:15:49'),
(154, 'attribute_values.delete_self', 'web', '2025-07-09 06:15:49', '2025-07-09 06:15:49'),
(155, 'products.page', 'web', '2025-07-09 06:15:49', '2025-07-09 06:15:49'),
(156, 'products.view_all', 'web', '2025-07-09 06:15:49', '2025-07-09 06:15:49'),
(157, 'products.view_children', 'web', '2025-07-09 06:15:49', '2025-07-09 06:15:49'),
(158, 'products.view_self', 'web', '2025-07-09 06:15:49', '2025-07-09 06:15:49'),
(159, 'products.create', 'web', '2025-07-09 06:15:49', '2025-07-09 06:15:49'),
(160, 'products.update_all', 'web', '2025-07-09 06:15:49', '2025-07-09 06:15:49'),
(161, 'products.update_children', 'web', '2025-07-09 06:15:49', '2025-07-09 06:15:49'),
(162, 'products.update_self', 'web', '2025-07-09 06:15:49', '2025-07-09 06:15:49'),
(163, 'products.delete_all', 'web', '2025-07-09 06:15:49', '2025-07-09 06:15:49'),
(164, 'products.delete_children', 'web', '2025-07-09 06:15:49', '2025-07-09 06:15:49'),
(165, 'products.delete_self', 'web', '2025-07-09 06:15:49', '2025-07-09 06:15:49'),
(166, 'product_variants.page', 'web', '2025-07-09 06:15:49', '2025-07-09 06:15:49'),
(167, 'product_variants.view_all', 'web', '2025-07-09 06:15:49', '2025-07-09 06:15:49'),
(168, 'product_variants.view_children', 'web', '2025-07-09 06:15:49', '2025-07-09 06:15:49'),
(169, 'product_variants.view_self', 'web', '2025-07-09 06:15:49', '2025-07-09 06:15:49'),
(170, 'product_variants.create', 'web', '2025-07-09 06:15:49', '2025-07-09 06:15:49'),
(171, 'product_variants.update_all', 'web', '2025-07-09 06:15:49', '2025-07-09 06:15:49'),
(172, 'product_variants.update_children', 'web', '2025-07-09 06:15:49', '2025-07-09 06:15:49'),
(173, 'product_variants.update_self', 'web', '2025-07-09 06:15:49', '2025-07-09 06:15:49'),
(174, 'product_variants.delete_all', 'web', '2025-07-09 06:15:49', '2025-07-09 06:15:49'),
(175, 'product_variants.delete_children', 'web', '2025-07-09 06:15:49', '2025-07-09 06:15:49'),
(176, 'product_variants.delete_self', 'web', '2025-07-09 06:15:49', '2025-07-09 06:15:49'),
(177, 'product_variant_attributes.page', 'web', '2025-07-09 06:15:49', '2025-07-09 06:15:49'),
(178, 'product_variant_attributes.view_all', 'web', '2025-07-09 06:15:49', '2025-07-09 06:15:49'),
(179, 'product_variant_attributes.view_children', 'web', '2025-07-09 06:15:49', '2025-07-09 06:15:49'),
(180, 'product_variant_attributes.view_self', 'web', '2025-07-09 06:15:49', '2025-07-09 06:15:49'),
(181, 'product_variant_attributes.create', 'web', '2025-07-09 06:15:49', '2025-07-09 06:15:49'),
(182, 'product_variant_attributes.update_all', 'web', '2025-07-09 06:15:49', '2025-07-09 06:15:49'),
(183, 'product_variant_attributes.update_children', 'web', '2025-07-09 06:15:49', '2025-07-09 06:15:49'),
(184, 'product_variant_attributes.update_self', 'web', '2025-07-09 06:15:49', '2025-07-09 06:15:49'),
(185, 'product_variant_attributes.delete_all', 'web', '2025-07-09 06:15:49', '2025-07-09 06:15:49'),
(186, 'product_variant_attributes.delete_children', 'web', '2025-07-09 06:15:49', '2025-07-09 06:15:49'),
(187, 'product_variant_attributes.delete_self', 'web', '2025-07-09 06:15:49', '2025-07-09 06:15:49'),
(188, 'stocks.page', 'web', '2025-07-09 06:15:49', '2025-07-09 06:15:49'),
(189, 'stocks.view_all', 'web', '2025-07-09 06:15:49', '2025-07-09 06:15:49'),
(190, 'stocks.view_children', 'web', '2025-07-09 06:15:49', '2025-07-09 06:15:49'),
(191, 'stocks.view_self', 'web', '2025-07-09 06:15:49', '2025-07-09 06:15:49'),
(192, 'stocks.create', 'web', '2025-07-09 06:15:49', '2025-07-09 06:15:49'),
(193, 'stocks.update_all', 'web', '2025-07-09 06:15:49', '2025-07-09 06:15:49'),
(194, 'stocks.update_children', 'web', '2025-07-09 06:15:49', '2025-07-09 06:15:49'),
(195, 'stocks.update_self', 'web', '2025-07-09 06:15:49', '2025-07-09 06:15:49'),
(196, 'stocks.delete_all', 'web', '2025-07-09 06:15:49', '2025-07-09 06:15:49'),
(197, 'stocks.delete_children', 'web', '2025-07-09 06:15:49', '2025-07-09 06:15:49'),
(198, 'stocks.delete_self', 'web', '2025-07-09 06:15:49', '2025-07-09 06:15:49'),
(199, 'invoices.page', 'web', '2025-07-09 06:15:49', '2025-07-09 06:15:49'),
(200, 'invoices.view_all', 'web', '2025-07-09 06:15:49', '2025-07-09 06:15:49'),
(201, 'invoices.view_children', 'web', '2025-07-09 06:15:49', '2025-07-09 06:15:49'),
(202, 'invoices.view_self', 'web', '2025-07-09 06:15:49', '2025-07-09 06:15:49'),
(203, 'invoices.create', 'web', '2025-07-09 06:15:49', '2025-07-09 06:15:49'),
(204, 'invoices.update_all', 'web', '2025-07-09 06:15:49', '2025-07-09 06:15:49'),
(205, 'invoices.update_children', 'web', '2025-07-09 06:15:49', '2025-07-09 06:15:49'),
(206, 'invoices.update_self', 'web', '2025-07-09 06:15:49', '2025-07-09 06:15:49'),
(207, 'invoices.delete_all', 'web', '2025-07-09 06:15:49', '2025-07-09 06:15:49'),
(208, 'invoices.delete_children', 'web', '2025-07-09 06:15:49', '2025-07-09 06:15:49'),
(209, 'invoices.delete_self', 'web', '2025-07-09 06:15:49', '2025-07-09 06:15:49'),
(210, 'installment_plans.page', 'web', '2025-07-09 06:15:49', '2025-07-09 06:15:49'),
(211, 'installment_plans.view_all', 'web', '2025-07-09 06:15:49', '2025-07-09 06:15:49'),
(212, 'installment_plans.view_children', 'web', '2025-07-09 06:15:49', '2025-07-09 06:15:49'),
(213, 'installment_plans.view_self', 'web', '2025-07-09 06:15:49', '2025-07-09 06:15:49'),
(214, 'installment_plans.create', 'web', '2025-07-09 06:15:49', '2025-07-09 06:15:49'),
(215, 'installment_plans.update_all', 'web', '2025-07-09 06:15:49', '2025-07-09 06:15:49'),
(216, 'installment_plans.update_children', 'web', '2025-07-09 06:15:49', '2025-07-09 06:15:49'),
(217, 'installment_plans.update_self', 'web', '2025-07-09 06:15:49', '2025-07-09 06:15:49'),
(218, 'installment_plans.delete_all', 'web', '2025-07-09 06:15:49', '2025-07-09 06:15:49'),
(219, 'installment_plans.delete_children', 'web', '2025-07-09 06:15:49', '2025-07-09 06:15:49'),
(220, 'installment_plans.delete_self', 'web', '2025-07-09 06:15:49', '2025-07-09 06:15:49'),
(221, 'installments.page', 'web', '2025-07-09 06:15:49', '2025-07-09 06:15:49'),
(222, 'installments.view_all', 'web', '2025-07-09 06:15:49', '2025-07-09 06:15:49'),
(223, 'installments.view_children', 'web', '2025-07-09 06:15:49', '2025-07-09 06:15:49'),
(224, 'installments.view_self', 'web', '2025-07-09 06:15:49', '2025-07-09 06:15:49'),
(225, 'installments.create', 'web', '2025-07-09 06:15:49', '2025-07-09 06:15:49'),
(226, 'installments.update_all', 'web', '2025-07-09 06:15:49', '2025-07-09 06:15:49'),
(227, 'installments.update_children', 'web', '2025-07-09 06:15:49', '2025-07-09 06:15:49'),
(228, 'installments.update_self', 'web', '2025-07-09 06:15:49', '2025-07-09 06:15:49'),
(229, 'installments.delete_all', 'web', '2025-07-09 06:15:49', '2025-07-09 06:15:49'),
(230, 'installments.delete_children', 'web', '2025-07-09 06:15:49', '2025-07-09 06:15:49'),
(231, 'installments.delete_self', 'web', '2025-07-09 06:15:49', '2025-07-09 06:15:49'),
(232, 'installment_payments.page', 'web', '2025-07-09 06:15:49', '2025-07-09 06:15:49'),
(233, 'installment_payments.view_all', 'web', '2025-07-09 06:15:49', '2025-07-09 06:15:49'),
(234, 'installment_payments.view_children', 'web', '2025-07-09 06:15:49', '2025-07-09 06:15:49'),
(235, 'installment_payments.view_self', 'web', '2025-07-09 06:15:49', '2025-07-09 06:15:49'),
(236, 'installment_payments.create', 'web', '2025-07-09 06:15:49', '2025-07-09 06:15:49'),
(237, 'installment_payments.update_all', 'web', '2025-07-09 06:15:49', '2025-07-09 06:15:49'),
(238, 'installment_payments.update_children', 'web', '2025-07-09 06:15:49', '2025-07-09 06:15:49'),
(239, 'installment_payments.update_self', 'web', '2025-07-09 06:15:49', '2025-07-09 06:15:49'),
(240, 'installment_payments.delete_all', 'web', '2025-07-09 06:15:49', '2025-07-09 06:15:49'),
(241, 'installment_payments.delete_children', 'web', '2025-07-09 06:15:49', '2025-07-09 06:15:49'),
(242, 'installment_payments.delete_self', 'web', '2025-07-09 06:15:49', '2025-07-09 06:15:49'),
(243, 'invoice_items.page', 'web', '2025-07-09 06:15:49', '2025-07-09 06:15:49'),
(244, 'invoice_items.view_all', 'web', '2025-07-09 06:15:49', '2025-07-09 06:15:49'),
(245, 'invoice_items.view_children', 'web', '2025-07-09 06:15:49', '2025-07-09 06:15:49'),
(246, 'invoice_items.view_self', 'web', '2025-07-09 06:15:49', '2025-07-09 06:15:49'),
(247, 'invoice_items.create', 'web', '2025-07-09 06:15:49', '2025-07-09 06:15:49'),
(248, 'invoice_items.update_all', 'web', '2025-07-09 06:15:49', '2025-07-09 06:15:49'),
(249, 'invoice_items.update_children', 'web', '2025-07-09 06:15:49', '2025-07-09 06:15:49'),
(250, 'invoice_items.update_self', 'web', '2025-07-09 06:15:49', '2025-07-09 06:15:49'),
(251, 'invoice_items.delete_all', 'web', '2025-07-09 06:15:49', '2025-07-09 06:15:49'),
(252, 'invoice_items.delete_children', 'web', '2025-07-09 06:15:49', '2025-07-09 06:15:49'),
(253, 'invoice_items.delete_self', 'web', '2025-07-09 06:15:49', '2025-07-09 06:15:49'),
(254, 'payments.page', 'web', '2025-07-09 06:15:49', '2025-07-09 06:15:49'),
(255, 'payments.view_all', 'web', '2025-07-09 06:15:49', '2025-07-09 06:15:49'),
(256, 'payments.view_children', 'web', '2025-07-09 06:15:49', '2025-07-09 06:15:49'),
(257, 'payments.view_self', 'web', '2025-07-09 06:15:49', '2025-07-09 06:15:49'),
(258, 'payments.create', 'web', '2025-07-09 06:15:49', '2025-07-09 06:15:49'),
(259, 'payments.update_all', 'web', '2025-07-09 06:15:49', '2025-07-09 06:15:49'),
(260, 'payments.update_children', 'web', '2025-07-09 06:15:49', '2025-07-09 06:15:49'),
(261, 'payments.update_self', 'web', '2025-07-09 06:15:49', '2025-07-09 06:15:49'),
(262, 'payments.delete_all', 'web', '2025-07-09 06:15:49', '2025-07-09 06:15:49'),
(263, 'payments.delete_children', 'web', '2025-07-09 06:15:49', '2025-07-09 06:15:49'),
(264, 'payments.delete_self', 'web', '2025-07-09 06:15:49', '2025-07-09 06:15:49'),
(265, 'payment_methods.page', 'web', '2025-07-09 06:15:49', '2025-07-09 06:15:49'),
(266, 'payment_methods.view_all', 'web', '2025-07-09 06:15:49', '2025-07-09 06:15:49'),
(267, 'payment_methods.view_children', 'web', '2025-07-09 06:15:49', '2025-07-09 06:15:49'),
(268, 'payment_methods.view_self', 'web', '2025-07-09 06:15:49', '2025-07-09 06:15:49'),
(269, 'payment_methods.create', 'web', '2025-07-09 06:15:49', '2025-07-09 06:15:49'),
(270, 'payment_methods.update_all', 'web', '2025-07-09 06:15:49', '2025-07-09 06:15:49'),
(271, 'payment_methods.update_children', 'web', '2025-07-09 06:15:49', '2025-07-09 06:15:49'),
(272, 'payment_methods.update_self', 'web', '2025-07-09 06:15:49', '2025-07-09 06:15:49'),
(273, 'payment_methods.delete_all', 'web', '2025-07-09 06:15:49', '2025-07-09 06:15:49'),
(274, 'payment_methods.delete_children', 'web', '2025-07-09 06:15:49', '2025-07-09 06:15:49'),
(275, 'payment_methods.delete_self', 'web', '2025-07-09 06:15:49', '2025-07-09 06:15:49'),
(276, 'revenues.page', 'web', '2025-07-09 06:15:49', '2025-07-09 06:15:49'),
(277, 'revenues.view_all', 'web', '2025-07-09 06:15:49', '2025-07-09 06:15:49'),
(278, 'revenues.view_children', 'web', '2025-07-09 06:15:49', '2025-07-09 06:15:49'),
(279, 'revenues.view_self', 'web', '2025-07-09 06:15:49', '2025-07-09 06:15:49'),
(280, 'revenues.create', 'web', '2025-07-09 06:15:49', '2025-07-09 06:15:49'),
(281, 'revenues.update_all', 'web', '2025-07-09 06:15:49', '2025-07-09 06:15:49'),
(282, 'revenues.update_children', 'web', '2025-07-09 06:15:49', '2025-07-09 06:15:49'),
(283, 'revenues.update_self', 'web', '2025-07-09 06:15:49', '2025-07-09 06:15:49'),
(284, 'revenues.delete_all', 'web', '2025-07-09 06:15:49', '2025-07-09 06:15:49'),
(285, 'revenues.delete_children', 'web', '2025-07-09 06:15:49', '2025-07-09 06:15:49'),
(286, 'revenues.delete_self', 'web', '2025-07-09 06:15:49', '2025-07-09 06:15:49'),
(287, 'profits.page', 'web', '2025-07-09 06:15:49', '2025-07-09 06:15:49'),
(288, 'profits.view_all', 'web', '2025-07-09 06:15:49', '2025-07-09 06:15:49'),
(289, 'profits.view_children', 'web', '2025-07-09 06:15:49', '2025-07-09 06:15:49'),
(290, 'profits.view_self', 'web', '2025-07-09 06:15:49', '2025-07-09 06:15:49'),
(291, 'profits.create', 'web', '2025-07-09 06:15:49', '2025-07-09 06:15:49'),
(292, 'profits.update_all', 'web', '2025-07-09 06:15:49', '2025-07-09 06:15:49'),
(293, 'profits.update_children', 'web', '2025-07-09 06:15:49', '2025-07-09 06:15:49'),
(294, 'profits.update_self', 'web', '2025-07-09 06:15:49', '2025-07-09 06:15:49'),
(295, 'profits.delete_all', 'web', '2025-07-09 06:15:49', '2025-07-09 06:15:49'),
(296, 'profits.delete_children', 'web', '2025-07-09 06:15:49', '2025-07-09 06:15:49'),
(297, 'profits.delete_self', 'web', '2025-07-09 06:15:49', '2025-07-09 06:15:49'),
(298, 'services.page', 'web', '2025-07-09 06:15:49', '2025-07-09 06:15:49'),
(299, 'services.view_all', 'web', '2025-07-09 06:15:49', '2025-07-09 06:15:49'),
(300, 'services.view_children', 'web', '2025-07-09 06:15:49', '2025-07-09 06:15:49'),
(301, 'services.view_self', 'web', '2025-07-09 06:15:49', '2025-07-09 06:15:49'),
(302, 'services.create', 'web', '2025-07-09 06:15:49', '2025-07-09 06:15:49'),
(303, 'services.update_all', 'web', '2025-07-09 06:15:49', '2025-07-09 06:15:49'),
(304, 'services.update_children', 'web', '2025-07-09 06:15:49', '2025-07-09 06:15:49'),
(305, 'services.update_self', 'web', '2025-07-09 06:15:49', '2025-07-09 06:15:49'),
(306, 'services.delete_all', 'web', '2025-07-09 06:15:49', '2025-07-09 06:15:49'),
(307, 'services.delete_children', 'web', '2025-07-09 06:15:49', '2025-07-09 06:15:49'),
(308, 'services.delete_self', 'web', '2025-07-09 06:15:49', '2025-07-09 06:15:49'),
(309, 'subscriptions.page', 'web', '2025-07-09 06:15:49', '2025-07-09 06:15:49'),
(310, 'subscriptions.view_all', 'web', '2025-07-09 06:15:49', '2025-07-09 06:15:49'),
(311, 'subscriptions.view_children', 'web', '2025-07-09 06:15:49', '2025-07-09 06:15:49'),
(312, 'subscriptions.view_self', 'web', '2025-07-09 06:15:49', '2025-07-09 06:15:49'),
(313, 'subscriptions.create', 'web', '2025-07-09 06:15:49', '2025-07-09 06:15:49'),
(314, 'subscriptions.update_all', 'web', '2025-07-09 06:15:49', '2025-07-09 06:15:49'),
(315, 'subscriptions.update_children', 'web', '2025-07-09 06:15:49', '2025-07-09 06:15:49'),
(316, 'subscriptions.update_self', 'web', '2025-07-09 06:15:49', '2025-07-09 06:15:49'),
(317, 'subscriptions.delete_all', 'web', '2025-07-09 06:15:49', '2025-07-09 06:15:49'),
(318, 'subscriptions.delete_children', 'web', '2025-07-09 06:15:49', '2025-07-09 06:15:49'),
(319, 'subscriptions.delete_self', 'web', '2025-07-09 06:15:49', '2025-07-09 06:15:49'),
(320, 'roles.page', 'web', '2025-07-09 06:15:49', '2025-07-09 06:15:49'),
(321, 'roles.view_all', 'web', '2025-07-09 06:15:49', '2025-07-09 06:15:49'),
(322, 'roles.view_children', 'web', '2025-07-09 06:15:49', '2025-07-09 06:15:49'),
(323, 'roles.view_self', 'web', '2025-07-09 06:15:49', '2025-07-09 06:15:49'),
(324, 'roles.create', 'web', '2025-07-09 06:15:49', '2025-07-09 06:15:49'),
(325, 'roles.update_all', 'web', '2025-07-09 06:15:49', '2025-07-09 06:15:49'),
(326, 'roles.update_children', 'web', '2025-07-09 06:15:49', '2025-07-09 06:15:49'),
(327, 'roles.update_self', 'web', '2025-07-09 06:15:49', '2025-07-09 06:15:49'),
(328, 'roles.delete_all', 'web', '2025-07-09 06:15:49', '2025-07-09 06:15:49'),
(329, 'roles.delete_children', 'web', '2025-07-09 06:15:49', '2025-07-09 06:15:49'),
(330, 'roles.delete_self', 'web', '2025-07-09 06:15:49', '2025-07-09 06:15:49');

-- --------------------------------------------------------

--
-- بنية الجدول `personal_access_tokens`
--

CREATE TABLE `personal_access_tokens` (
  `id` bigint(20) UNSIGNED NOT NULL,
  `tokenable_type` varchar(255) NOT NULL,
  `tokenable_id` bigint(20) UNSIGNED NOT NULL,
  `name` varchar(255) NOT NULL,
  `token` varchar(64) NOT NULL,
  `abilities` text DEFAULT NULL,
  `last_used_at` timestamp NULL DEFAULT NULL,
  `expires_at` timestamp NULL DEFAULT NULL,
  `created_at` timestamp NULL DEFAULT NULL,
  `updated_at` timestamp NULL DEFAULT NULL
) ENGINE=InnoDB DEFAULT CHARSET=utf8mb4 COLLATE=utf8mb4_unicode_ci;

--
-- إرجاع أو استيراد بيانات الجدول `personal_access_tokens`
--

INSERT INTO `personal_access_tokens` (`id`, `tokenable_type`, `tokenable_id`, `name`, `token`, `abilities`, `last_used_at`, `expires_at`, `created_at`, `updated_at`) VALUES
(68, 'App\\Models\\User', 1, 'Mozilla/5.0 (X11; Linux x86_64) AppleWebKit/537.36 (KHTML, like Gecko) Chrome/144.0.0.0 Safari/537.36', 'c33c691c99392bfd92c8dd54f5a6556beb44029bd1be4dc5050438610e40b418', '[\"*\"]', '2026-02-05 07:22:06', '2026-02-06 07:21:56', '2026-02-05 07:21:56', '2026-02-05 07:22:06'),
(69, 'App\\Models\\User', 5, 'Mozilla/5.0 (Windows NT 10.0; Win64; x64) AppleWebKit/537.36 (KHTML, like Gecko) Chrome/144.0.0.0 Safari/537.36', '6c58ca2c31982619650331b418acbf3de8e938540b098c0cf5aa9d1da4488f0a', '[\"*\"]', '2026-02-05 07:33:38', '2026-02-06 07:32:07', '2026-02-05 07:32:07', '2026-02-05 07:33:38'),
(70, 'App\\Models\\User', 1, 'Mozilla/5.0 (Windows NT 10.0; Win64; x64) AppleWebKit/537.36 (KHTML, like Gecko) Chrome/144.0.0.0 Safari/537.36', '01ff6b539f5a62ed37ba89529e590d8994605330f96fe7b75ec77896d52942cf', '[\"*\"]', '2026-02-06 08:21:36', '2026-02-06 08:48:36', '2026-02-05 08:48:36', '2026-02-06 08:21:36'),
(71, 'App\\Models\\User', 5, 'Mozilla/5.0 (Linux; Android 10; K) AppleWebKit/537.36 (KHTML, like Gecko) Chrome/144.0.0.0 Mobile Safari/537.36', '44653f0cee22001fdad7aeff51ba8d5c248410e0940d2b8101ad1b3363e1009f', '[\"*\"]', '2026-02-05 08:57:04', '2026-02-06 08:53:20', '2026-02-05 08:53:20', '2026-02-05 08:57:04'),
(72, 'App\\Models\\User', 5, 'Mozilla/5.0 (Linux; Android 10; K) AppleWebKit/537.36 (KHTML, like Gecko) Chrome/144.0.0.0 Mobile Safari/537.36', '400a0a75906df766de9d30f3b152bb5f8f234425705c9b75dda180698aa296d3', '[\"*\"]', '2026-02-05 11:03:14', '2026-02-06 11:02:29', '2026-02-05 11:02:29', '2026-02-05 11:03:14'),
(73, 'App\\Models\\User', 1, 'Mozilla/5.0 (X11; Linux x86_64) AppleWebKit/537.36 (KHTML, like Gecko) Chrome/144.0.0.0 Safari/537.36', 'f65402efd9bafcb4c29c763a2738dd530c5e65247b2cb98f91c50ce64f96e979', '[\"*\"]', '2026-02-05 11:30:09', '2026-02-06 11:03:59', '2026-02-05 11:03:59', '2026-02-05 11:30:09'),
(74, 'App\\Models\\User', 5, 'Mozilla/5.0 (Windows NT 10.0; Win64; x64) AppleWebKit/537.36 (KHTML, like Gecko) Chrome/144.0.0.0 Safari/537.36', 'db85b58c98b663c14e21b60d46c92237e34419acffe1cb2739009f6230e3c411', '[\"*\"]', '2026-02-05 11:51:21', '2026-02-06 11:31:51', '2026-02-05 11:31:51', '2026-02-05 11:51:21'),
(75, 'App\\Models\\User', 5, 'Mozilla/5.0 (Windows NT 10.0; Win64; x64) AppleWebKit/537.36 (KHTML, like Gecko) Chrome/144.0.0.0 Safari/537.36', '0bc97e43262eb2d6daa0323312f1f82d1b716cc6f5e6b0cf8e3c489a09580bd9', '[\"*\"]', '2026-02-05 13:45:02', '2026-02-06 12:33:53', '2026-02-05 12:33:53', '2026-02-05 13:45:02'),
(76, 'App\\Models\\User', 5, 'Mozilla/5.0 (Linux; Android 10; K) AppleWebKit/537.36 (KHTML, like Gecko) Chrome/144.0.0.0 Mobile Safari/537.36', '3a34098ce11b33629e0855c0e2e93e7a0bde4c82990007da4dd4def79a46c8a0', '[\"*\"]', '2026-02-05 15:16:47', '2026-02-06 13:06:42', '2026-02-05 13:06:42', '2026-02-05 15:16:47'),
(77, 'App\\Models\\User', 5, 'Mozilla/5.0 (Linux; Android 10; K) AppleWebKit/537.36 (KHTML, like Gecko) Chrome/144.0.0.0 Mobile Safari/537.36', '1bc8135bb26cb1f406d34dd5d9811bee4cd4faa5a25e81e88474f790f4ff4f36', '[\"*\"]', '2026-02-05 15:17:44', '2026-02-06 15:17:29', '2026-02-05 15:17:29', '2026-02-05 15:17:44'),
(78, 'App\\Models\\User', 5, 'Mozilla/5.0 (Linux; Android 10; K) AppleWebKit/537.36 (KHTML, like Gecko) Chrome/144.0.0.0 Mobile Safari/537.36', 'ccd612c1701d917eca840d2eccda5c3f8ec16a1667c582264e0845f544864921', '[\"*\"]', '2026-02-06 17:34:56', NULL, '2026-02-05 16:18:05', '2026-02-06 17:34:56'),
(79, 'App\\Models\\User', 1, 'Mozilla/5.0 (X11; Linux x86_64) AppleWebKit/537.36 (KHTML, like Gecko) Chrome/144.0.0.0 Safari/537.36', '6be2b1c781461715003769f8df078db0c1681ed21d4bc30dfd44b08dbc19256b', '[\"*\"]', '2026-02-06 08:21:06', '2026-02-07 08:00:29', '2026-02-06 08:00:29', '2026-02-06 08:21:06'),
(80, 'App\\Models\\User', 1, 'Mozilla/5.0 (Windows NT 10.0; Win64; x64) AppleWebKit/537.36 (KHTML, like Gecko) Chrome/144.0.0.0 Safari/537.36', '2236c6702f5747b9d0c0680e5824d00ce04a86b594d60e1d5d19221af62ea0b2', '[\"*\"]', '2026-02-07 09:40:27', '2026-02-07 11:46:20', '2026-02-06 11:46:20', '2026-02-07 09:40:27'),
(81, 'App\\Models\\User', 1, 'Mozilla/5.0 (X11; Linux x86_64) AppleWebKit/537.36 (KHTML, like Gecko) Chrome/144.0.0.0 Safari/537.36', '670f4fc64a6e20a438352fa2794700d8dbf5602f246d3b01d8271bb5c8d02c71', '[\"*\"]', '2026-02-12 16:56:47', NULL, '2026-02-06 14:48:06', '2026-02-12 16:56:47'),
(82, 'App\\Models\\User', 5, 'Mozilla/5.0 (Linux; Android 10; K) AppleWebKit/537.36 (KHTML, like Gecko) Chrome/144.0.0.0 Mobile Safari/537.36', '0d09a9f510d7690d3f23c3559b930303bf10974424de3245fb26a26410514b20', '[\"*\"]', '2026-02-06 17:00:58', '2026-02-07 16:59:56', '2026-02-06 16:59:56', '2026-02-06 17:00:58'),
(83, 'App\\Models\\User', 5, 'Mozilla/5.0 (Linux; Android 10; K) AppleWebKit/537.36 (KHTML, like Gecko) Chrome/144.0.0.0 Mobile Safari/537.36', '50d4bb62c79e2312e103cc3a293c470b722a5c3398c9db53f4687672e69c520f', '[\"*\"]', '2026-02-06 17:01:56', '2026-02-07 17:01:55', '2026-02-06 17:01:55', '2026-02-06 17:01:56'),
(84, 'App\\Models\\User', 5, 'Mozilla/5.0 (Linux; Android 10; K) AppleWebKit/537.36 (KHTML, like Gecko) Chrome/144.0.0.0 Mobile Safari/537.36', 'f115b578876b0e2d26628da09352f2fad9e973a42eaceac66983655bba89990c', '[\"*\"]', '2026-02-09 15:04:43', NULL, '2026-02-06 17:35:32', '2026-02-09 15:04:43'),
(85, 'App\\Models\\User', 5, 'Mozilla/5.0 (Windows NT 10.0; Win64; x64) AppleWebKit/537.36 (KHTML, like Gecko) Chrome/144.0.0.0 Safari/537.36', '12e657fc72e779de7e24a689423c84d7f7a9b9dd3fa980dace341ab14c9f54c0', '[\"*\"]', '2026-02-07 08:04:36', NULL, '2026-02-06 20:04:12', '2026-02-07 08:04:36'),
(86, 'App\\Models\\User', 5, 'Mozilla/5.0 (Windows NT 10.0; Win64; x64) AppleWebKit/537.36 (KHTML, like Gecko) Chrome/144.0.0.0 Safari/537.36', '72c7c729751382fda6838b171121f6a05701110f30a8a59ac1fdb799797e67b9', '[\"*\"]', '2026-02-09 11:35:43', NULL, '2026-02-07 08:06:49', '2026-02-09 11:35:43'),
(87, 'App\\Models\\User', 1, 'Mozilla/5.0 (Windows NT 10.0; Win64; x64) AppleWebKit/537.36 (KHTML, like Gecko) Chrome/145.0.0.0 Safari/537.36', '949720afbaae49508cba10223c71e354390f0d3cd66e0346b514ebbfb0c0bd5c', '[\"*\"]', '2026-02-12 19:52:47', NULL, '2026-02-09 11:14:27', '2026-02-12 19:52:47'),
(88, 'App\\Models\\User', 5, 'Mozilla/5.0 (Windows NT 10.0; Win64; x64) AppleWebKit/537.36 (KHTML, like Gecko) Chrome/144.0.0.0 Safari/537.36', '0bd6c8271adf9be4db53d19c152ed7205716cf8071036a7e90bd2826cda78b9c', '[\"*\"]', '2026-02-09 11:39:39', '2026-02-10 11:38:48', '2026-02-09 11:38:48', '2026-02-09 11:39:39'),
(89, 'App\\Models\\User', 5, 'Mozilla/5.0 (Windows NT 10.0; Win64; x64) AppleWebKit/537.36 (KHTML, like Gecko) Chrome/144.0.0.0 Safari/537.36', '651e2b74dea836ceb5d78ccf2ad7a11f91b795ff01c4c669c543a776705ae3da', '[\"*\"]', '2026-02-09 18:33:14', '2026-02-10 12:35:13', '2026-02-09 12:35:13', '2026-02-09 18:33:14'),
(92, 'App\\Models\\User', 10, 'Mozilla/5.0 (Linux; Android 10; K) AppleWebKit/537.36 (KHTML, like Gecko) Chrome/144.0.0.0 Mobile Safari/537.36', '961b8d204b0c7b5d51c4b5f2874e430ee3b9e0f40e3ccafd29aa97a2e4291f65', '[\"*\"]', '2026-02-10 10:21:36', NULL, '2026-02-10 10:19:50', '2026-02-10 10:21:36'),
(93, 'App\\Models\\User', 5, 'Mozilla/5.0 (Linux; Android 10; K) AppleWebKit/537.36 (KHTML, like Gecko) Chrome/144.0.0.0 Mobile Safari/537.36', 'dc9aa4507ec920f06e7d8c554c2bdd9beabd570c96f22782c487f8c179514175', '[\"*\"]', '2026-02-10 10:25:07', '2026-02-11 10:24:19', '2026-02-10 10:24:19', '2026-02-10 10:25:07'),
(95, 'App\\Models\\User', 10, 'Mozilla/5.0 (Linux; Android 10; K) AppleWebKit/537.36 (KHTML, like Gecko) Chrome/144.0.0.0 Mobile Safari/537.36', 'b3a79f57f47199904558ef63c6dcc794ef2c4f6c67ef87fe3ff29be815dc5b01', '[\"*\"]', '2026-02-10 11:22:56', NULL, '2026-02-10 11:22:01', '2026-02-10 11:22:56'),
(97, 'App\\Models\\User', 5, 'Mozilla/5.0 (Windows NT 10.0; Win64; x64) AppleWebKit/537.36 (KHTML, like Gecko) Chrome/144.0.0.0 Safari/537.36', '2c40516f08a743d074bef8ef2b172ac9011e479edec43562e124ed74fc42ad1b', '[\"*\"]', '2026-02-10 12:32:28', '2026-02-11 12:32:07', '2026-02-10 12:32:07', '2026-02-10 12:32:28'),
(98, 'App\\Models\\User', 5, 'Mozilla/5.0 (Windows NT 10.0; Win64; x64) AppleWebKit/537.36 (KHTML, like Gecko) Chrome/144.0.0.0 Safari/537.36', 'f1c26ecea6a8127e910106a8ab955b0036d54f36ccdf54bd0d74f32c6918172c', '[\"*\"]', '2026-02-10 12:35:12', '2026-02-11 12:33:10', '2026-02-10 12:33:10', '2026-02-10 12:35:12'),
(99, 'App\\Models\\User', 6, 'Mozilla/5.0 (Linux; Android 10; K) AppleWebKit/537.36 (KHTML, like Gecko) Chrome/144.0.0.0 Mobile Safari/537.36', 'f17641d143699a9a90f37b64fad418afd37714685f2d6d21dcd567b8aaaad436', '[\"*\"]', '2026-02-10 13:56:41', '2026-02-11 13:56:39', '2026-02-10 13:56:39', '2026-02-10 13:56:41'),
(100, 'App\\Models\\User', 6, 'Mozilla/5.0 (Linux; Android 10; K) AppleWebKit/537.36 (KHTML, like Gecko) Chrome/144.0.0.0 Mobile Safari/537.36', '5ee7f42dcc194fb264f5c3252dd1d10ea02f07839c5f3d62164f366fd64bded5', '[\"*\"]', '2026-02-10 17:31:00', '2026-02-11 17:30:09', '2026-02-10 17:30:09', '2026-02-10 17:31:00'),
(101, 'App\\Models\\User', 10, 'Mozilla/5.0 (Linux; Android 10; K) AppleWebKit/537.36 (KHTML, like Gecko) Chrome/144.0.0.0 Mobile Safari/537.36', 'd5e29a78085dd75a52a41b3308793d772880ff5bdcdfd232a917b255c15303f4', '[\"*\"]', '2026-02-10 17:35:10', '2026-02-11 17:34:30', '2026-02-10 17:34:30', '2026-02-10 17:35:10'),
(102, 'App\\Models\\User', 5, 'Mozilla/5.0 (Windows NT 10.0; Win64; x64) AppleWebKit/537.36 (KHTML, like Gecko) Chrome/144.0.0.0 Safari/537.36', '877f20c11a738077136e26a0d23c973285231504ce970f0df100926a84cfa1f3', '[\"*\"]', '2026-02-11 20:03:13', '2026-02-11 20:12:11', '2026-02-10 20:12:11', '2026-02-11 20:03:13'),
(103, 'App\\Models\\User', 10, 'Mozilla/5.0 (Windows NT 10.0; Win64; x64) AppleWebKit/537.36 (KHTML, like Gecko) Chrome/144.0.0.0 Safari/537.36 Edg/144.0.0.0', 'd514f22e4d9fcb4a196533d6eebb077593e7377d1d24f92701f56f9152de7cbe', '[\"*\"]', '2026-02-11 22:28:00', NULL, '2026-02-10 20:21:13', '2026-02-11 22:28:00'),
(105, 'App\\Models\\User', 5, 'Mozilla/5.0 (Windows NT 10.0; Win64; x64) AppleWebKit/537.36 (KHTML, like Gecko) Chrome/144.0.0.0 Safari/537.36', 'ca91f58461ea7f1ea04612d0dcf306d9e2568e18e44489868fd5c6736301b078', '[\"*\"]', '2026-02-12 11:23:22', '2026-02-13 08:25:46', '2026-02-12 08:25:46', '2026-02-12 11:23:22'),
(106, 'App\\Models\\User', 5, 'Mozilla/5.0 (Linux; Android 10; K) AppleWebKit/537.36 (KHTML, like Gecko) Chrome/144.0.0.0 Mobile Safari/537.36', '71ac812dadff97509bc479d917e1bb18e34a749e6eb1bd1a98b3baf863664fcc', '[\"*\"]', '2026-02-12 11:16:52', '2026-02-13 11:16:04', '2026-02-12 11:16:04', '2026-02-12 11:16:52'),
(107, 'App\\Models\\User', 93, 'Mozilla/5.0 (Linux; Android 10; K) AppleWebKit/537.36 (KHTML, like Gecko) Chrome/144.0.0.0 Mobile Safari/537.36', 'd89526a791b44fd82c1ae98943fbfa4fb3d911ecd0526b04a7f114b2b566d303', '[\"*\"]', '2026-02-12 16:55:06', NULL, '2026-02-12 16:50:22', '2026-02-12 16:55:06'),
(108, 'App\\Models\\User', 5, 'Mozilla/5.0 (Windows NT 10.0; Win64; x64) AppleWebKit/537.36 (KHTML, like Gecko) Chrome/144.0.0.0 Safari/537.36', '488f4fc340fe52b0f7cb446842ee0da959d5a5af1f12809330f186a0c1e0f5c1', '[\"*\"]', '2026-02-12 19:26:05', NULL, '2026-02-12 19:22:48', '2026-02-12 19:26:05');

-- --------------------------------------------------------

--
-- بنية الجدول `plans`
--

CREATE TABLE `plans` (
  `id` bigint(20) UNSIGNED NOT NULL,
  `name` varchar(255) NOT NULL,
  `code` varchar(255) DEFAULT NULL,
  `description` text DEFAULT NULL,
  `company_id` bigint(20) UNSIGNED DEFAULT NULL,
  `price` decimal(15,2) NOT NULL DEFAULT 0.00,
  `currency` varchar(10) DEFAULT NULL,
  `duration` int(11) DEFAULT NULL,
  `duration_unit` varchar(20) DEFAULT NULL,
  `trial_days` int(11) DEFAULT NULL,
  `is_active` tinyint(1) NOT NULL DEFAULT 1,
  `features` longtext CHARACTER SET utf8mb4 COLLATE utf8mb4_bin DEFAULT NULL CHECK (json_valid(`features`)),
  `max_users` int(11) DEFAULT NULL,
  `max_projects` int(11) DEFAULT NULL,
  `max_storage_mb` int(11) DEFAULT NULL,
  `type` varchar(255) DEFAULT NULL,
  `icon` varchar(255) DEFAULT NULL,
  `created_by` bigint(20) UNSIGNED DEFAULT NULL,
  `updated_by` bigint(20) UNSIGNED DEFAULT NULL,
  `created_at` timestamp NULL DEFAULT NULL,
  `updated_at` timestamp NULL DEFAULT NULL
) ENGINE=InnoDB DEFAULT CHARSET=utf8mb4 COLLATE=utf8mb4_unicode_ci;

-- --------------------------------------------------------

--
-- بنية الجدول `products`
--

CREATE TABLE `products` (
  `id` bigint(20) UNSIGNED NOT NULL,
  `name` varchar(255) NOT NULL,
  `product_type` enum('physical','digital','service','subscription') NOT NULL DEFAULT 'physical',
  `require_stock` tinyint(1) NOT NULL DEFAULT 1,
  `is_downloadable` tinyint(1) NOT NULL DEFAULT 0,
  `download_url` text DEFAULT NULL,
  `download_limit` int(11) DEFAULT NULL,
  `license_keys` longtext CHARACTER SET utf8mb4 COLLATE utf8mb4_bin DEFAULT NULL CHECK (json_valid(`license_keys`)),
  `available_keys_count` int(11) NOT NULL DEFAULT 0,
  `validity_days` int(11) DEFAULT NULL,
  `expires_at` datetime DEFAULT NULL,
  `delivery_instructions` text DEFAULT NULL,
  `slug` varchar(255) NOT NULL,
  `active` tinyint(1) NOT NULL DEFAULT 1,
  `featured` tinyint(1) NOT NULL DEFAULT 0,
  `sales_count` int(10) UNSIGNED NOT NULL DEFAULT 0,
  `returnable` tinyint(1) NOT NULL DEFAULT 1,
  `desc` text DEFAULT NULL,
  `desc_long` text DEFAULT NULL,
  `published_at` timestamp NULL DEFAULT NULL,
  `category_id` bigint(20) UNSIGNED NOT NULL,
  `brand_id` bigint(20) UNSIGNED DEFAULT NULL,
  `company_id` bigint(20) UNSIGNED NOT NULL,
  `created_by` bigint(20) UNSIGNED NOT NULL,
  `created_at` timestamp NULL DEFAULT NULL,
  `updated_at` timestamp NULL DEFAULT NULL
) ENGINE=InnoDB DEFAULT CHARSET=utf8mb4 COLLATE=utf8mb4_unicode_ci;

--
-- إرجاع أو استيراد بيانات الجدول `products`
--

INSERT INTO `products` (`id`, `name`, `product_type`, `require_stock`, `is_downloadable`, `download_url`, `download_limit`, `license_keys`, `available_keys_count`, `validity_days`, `expires_at`, `delivery_instructions`, `slug`, `active`, `featured`, `sales_count`, `returnable`, `desc`, `desc_long`, `published_at`, `category_id`, `brand_id`, `company_id`, `created_by`, `created_at`, `updated_at`) VALUES
(1, 'منتج 1', 'physical', 1, 0, NULL, NULL, NULL, 0, NULL, NULL, NULL, 'product-1', 1, 0, 0, 1, 'وصف المنتج 1', 'تفاصيل المنتج 1', '2025-07-09 06:15:50', 1, 1, 1, 1, '2025-07-09 06:15:50', '2025-07-09 06:15:50'),
(2, 'منتج 2', 'physical', 1, 0, NULL, NULL, NULL, 0, NULL, NULL, NULL, 'product-2', 1, 0, 0, 1, 'وصف المنتج 2', 'تفاصيل المنتج 2', '2025-07-09 06:15:50', 1, 1, 1, 1, '2025-07-09 06:15:50', '2025-07-09 06:15:50'),
(4, 'هاتف محمول', 'physical', 1, 0, NULL, NULL, NULL, 0, NULL, NULL, NULL, 'هاتف-محمول-1', 1, 1, 0, 1, NULL, NULL, NULL, 3, 13, 2, 5, '2025-07-11 08:52:26', '2025-07-11 09:41:09'),
(5, 'رفايع', 'physical', 1, 0, NULL, NULL, NULL, 0, NULL, NULL, NULL, 'رفايع', 1, 0, 0, 1, NULL, NULL, NULL, 4, 15, 2, 5, '2025-07-11 11:44:22', '2025-07-11 11:44:22'),
(6, 'مبرد مياه', 'physical', 1, 0, NULL, NULL, NULL, 0, NULL, NULL, NULL, 'مبرد-مياه', 1, 0, 0, 1, NULL, NULL, NULL, 2, 5, 2, 5, '2025-07-11 14:03:48', '2025-07-11 14:03:48'),
(7, 'فريزر', 'physical', 1, 0, NULL, NULL, NULL, 0, NULL, NULL, NULL, 'فريزر-1', 1, 0, 0, 1, NULL, NULL, NULL, 2, 9, 2, 5, '2025-07-11 14:06:14', '2025-07-18 20:25:17'),
(8, 'صواني وملامين', 'physical', 1, 0, NULL, NULL, NULL, 0, NULL, NULL, NULL, 'صواني-وملامين-1', 1, 0, 0, 1, NULL, NULL, NULL, 4, 15, 2, 5, '2025-07-11 18:58:44', '2025-07-11 19:06:31'),
(9, 'منعم', 'physical', 1, 0, NULL, NULL, NULL, 0, NULL, NULL, NULL, 'منعم', 1, 0, 0, 1, NULL, NULL, NULL, 9, 16, 10, 5, '2025-07-12 08:51:07', '2025-07-12 08:51:07'),
(10, 'كريم', 'physical', 1, 0, NULL, NULL, NULL, 0, NULL, NULL, NULL, 'كريم', 1, 0, 0, 1, NULL, 'كريم 170', NULL, 10, 17, 10, 5, '2025-07-12 08:54:19', '2025-07-12 08:54:19'),
(11, 'معطر460مم', 'physical', 1, 0, NULL, NULL, NULL, 0, NULL, NULL, NULL, 'معطر460مم', 1, 0, 0, 1, NULL, NULL, NULL, 9, 16, 10, 5, '2025-07-12 08:58:41', '2025-07-12 08:58:41'),
(12, 'صابون80ج', 'physical', 1, 0, NULL, NULL, NULL, 0, NULL, NULL, NULL, 'صابون80ج', 1, 0, 0, 1, NULL, NULL, NULL, 12, 18, 10, 5, '2025-07-12 09:09:21', '2025-07-12 09:09:21'),
(13, 'مخمريه', 'physical', 1, 0, NULL, NULL, NULL, 0, NULL, NULL, NULL, 'مخمريه', 1, 0, 0, 1, NULL, NULL, NULL, 9, 19, 10, 5, '2025-07-12 09:12:18', '2025-07-12 09:12:18'),
(14, 'صابون 120ج', 'physical', 1, 0, NULL, NULL, NULL, 0, NULL, NULL, NULL, 'صابون-120ج', 1, 0, 0, 1, NULL, NULL, NULL, 12, 21, 10, 5, '2025-07-12 09:20:29', '2025-07-12 09:20:29'),
(15, 'منتج تيست', 'physical', 1, 0, NULL, NULL, NULL, 0, NULL, NULL, NULL, 'منتج-تيست-1', 1, 0, 0, 1, NULL, NULL, NULL, 16, 32, 3, 6, '2025-07-16 19:30:15', '2025-07-21 14:13:53'),
(16, 'تيشيرت', 'physical', 1, 0, NULL, NULL, NULL, 0, NULL, NULL, NULL, 'تيشيرت', 1, 0, 0, 1, NULL, NULL, NULL, 17, 32, 3, 6, '2025-07-19 17:24:39', '2025-07-19 17:24:39'),
(17, 'غساله', 'physical', 1, 0, NULL, NULL, NULL, 0, NULL, NULL, NULL, 'غساله', 1, 0, 0, 1, 'اوتم', NULL, NULL, 2, 6, 2, 5, '2025-07-22 09:18:43', '2025-07-22 09:18:43'),
(18, 'فريزر', 'physical', 1, 0, NULL, NULL, NULL, 0, NULL, NULL, NULL, 'فريزر-2', 1, 0, 0, 1, NULL, NULL, NULL, 2, 5, 2, 5, '2025-07-23 19:50:12', '2025-07-23 19:50:53'),
(19, 'مروحة سقف فريش', 'physical', 1, 0, NULL, NULL, NULL, 0, NULL, NULL, NULL, 'مروحة-سقف-فريش', 1, 0, 0, 1, NULL, NULL, NULL, 2, 5, 2, 5, '2025-07-24 19:26:44', '2025-07-24 19:26:44'),
(20, 'فرن غاز العالمية', 'physical', 1, 0, NULL, NULL, NULL, 0, NULL, NULL, NULL, 'فرن-غاز-العالمية', 1, 0, 0, 1, NULL, NULL, NULL, 18, 33, 2, 5, '2025-07-24 19:37:59', '2025-07-24 19:37:59'),
(21, 'طقم داخلي حبيب', 'physical', 1, 0, NULL, NULL, NULL, 0, NULL, NULL, NULL, 'طقم-داخلي-حبيب', 1, 0, 0, 1, NULL, NULL, NULL, 6, 34, 9, 15, '2025-07-24 20:04:03', '2025-07-24 20:10:00'),
(22, 'درس اسود', 'physical', 1, 0, NULL, NULL, NULL, 0, NULL, NULL, NULL, 'درس-اسود', 1, 1, 0, 1, NULL, NULL, NULL, 7, 37, 9, 15, '2025-07-24 20:15:26', '2025-07-24 20:15:26'),
(23, 'سماعه هواوي ايرو بودز', 'physical', 1, 0, NULL, NULL, NULL, 0, NULL, NULL, NULL, 'سماعه-هواوي-ايرو-بودز', 1, 0, 0, 1, NULL, NULL, NULL, 3, 14, 2, 5, '2025-07-28 12:15:43', '2025-07-28 12:15:43'),
(24, 'درس', 'physical', 1, 0, NULL, NULL, NULL, 0, NULL, NULL, NULL, 'درس', 1, 0, 0, 1, NULL, NULL, NULL, 8, 37, 9, 15, '2025-08-09 08:24:14', '2025-08-09 08:24:14'),
(25, 'شاشه 42بوصه', 'physical', 1, 0, NULL, NULL, NULL, 0, NULL, NULL, NULL, 'شاشه-42بوصه', 1, 0, 0, 1, NULL, NULL, NULL, 2, 41, 2, 5, '2025-08-16 21:16:25', '2025-08-16 21:16:25'),
(26, 'مروحه برفكس بالريموت عامود', 'physical', 1, 0, NULL, NULL, NULL, 0, NULL, NULL, NULL, 'مروحه-برفكس-بالريموت-عامود', 1, 0, 0, 1, NULL, NULL, NULL, 2, 10, 2, 5, '2025-08-16 21:18:26', '2025-08-16 21:18:26'),
(27, 'فرن غاز 80سم', 'physical', 1, 0, NULL, NULL, NULL, 0, NULL, NULL, NULL, 'فرن-غاز-80سم', 1, 0, 0, 1, NULL, NULL, NULL, 18, 33, 2, 5, '2025-08-16 21:19:57', '2025-08-16 21:19:57'),
(28, 'فرن غاز 120سم الامام مجلفن', 'physical', 1, 0, NULL, NULL, NULL, 0, NULL, NULL, NULL, 'فرن-غاز-120سم-الامام-مجلفن', 1, 0, 0, 1, NULL, NULL, NULL, 18, 15, 2, 5, '2025-09-16 06:13:24', '2025-09-16 06:25:25'),
(29, 'مبرد مياه اي هوم', 'physical', 1, 0, NULL, NULL, NULL, 0, NULL, NULL, NULL, 'مبرد-مياه-اي-هوم', 1, 0, 0, 1, NULL, NULL, NULL, 2, 42, 2, 5, '2025-09-16 06:23:48', '2025-09-16 06:23:48'),
(30, 'كشاف كلوب بريمو', 'physical', 1, 0, NULL, NULL, NULL, 0, NULL, NULL, NULL, 'كشاف-كلوب-بريمو-1', 1, 0, 0, 1, NULL, NULL, NULL, 18, 43, 2, 5, '2025-09-16 06:27:12', '2025-09-22 06:03:54'),
(31, 'طقم حلل شلتوت شاورمه توب 2 كرتونه', 'physical', 1, 0, NULL, NULL, NULL, 0, NULL, NULL, NULL, 'طقم-حلل-شلتوت-شاورمه-توب-2-كرتونه', 1, 0, 0, 1, NULL, NULL, NULL, 22, 44, 12, 5, '2025-09-18 09:15:48', '2025-09-18 09:15:48'),
(32, 'طقم حلل شلتوت حنان 10 قطع', 'physical', 1, 0, NULL, NULL, NULL, 0, NULL, NULL, NULL, 'طقم-حلل-شلتوت-حنان-10-قطع', 1, 0, 0, 1, NULL, NULL, NULL, 22, 44, 12, 5, '2025-09-18 09:46:43', '2025-09-18 09:46:43'),
(33, 'تلاجه ١٢ قدم فريش', 'physical', 1, 0, NULL, NULL, NULL, 0, NULL, NULL, NULL, 'تلاجه-١٢-قدم-فريش', 1, 0, 0, 1, NULL, NULL, NULL, 2, 5, 2, 5, '2025-09-18 18:19:02', '2025-09-18 18:19:02'),
(34, 'طقم حلل استيل فيوتشر 32 ق', 'physical', 1, 0, NULL, NULL, NULL, 0, NULL, NULL, NULL, 'طقم-حلل-استيل-فيوتشر-32-ق', 1, 0, 0, 1, NULL, NULL, NULL, 25, 45, 12, 5, '2025-09-22 07:42:46', '2025-09-22 08:58:17'),
(35, 'تيفال سافلون 9 ق بجريل تركي', 'physical', 1, 0, NULL, NULL, NULL, 0, NULL, NULL, NULL, 'تيفال-سافلون-9-ق-بجريل-تركي', 1, 0, 0, 1, NULL, NULL, NULL, 26, 46, 12, 5, '2025-09-22 07:53:28', '2025-09-22 07:53:28'),
(36, 'طقم ملامين الشريف مربع 38 ق', 'physical', 1, 0, NULL, NULL, NULL, 0, NULL, NULL, NULL, 'طقم-ملامين-الشريف-مربع-38-ق', 1, 0, 0, 1, NULL, NULL, NULL, 19, 47, 12, 5, '2025-09-22 07:58:16', '2025-09-22 07:58:16'),
(37, 'طقم صيني 62 ق دريم 8005', 'physical', 1, 0, NULL, NULL, NULL, 0, NULL, NULL, NULL, 'طقم-صيني-62-ق-دريم-8005', 1, 0, 0, 1, NULL, NULL, NULL, 20, 48, 12, 5, '2025-09-22 08:01:01', '2025-09-22 08:01:01'),
(38, 'مج شاي خليجي الوان', 'physical', 1, 0, NULL, NULL, NULL, 0, NULL, NULL, NULL, 'مج-شاي-خليجي-الوان', 1, 0, 0, 1, NULL, NULL, NULL, 27, 49, 12, 5, '2025-09-22 08:05:20', '2025-09-22 08:05:20'),
(39, 'مفرش نيش دنتلا', 'physical', 1, 0, NULL, NULL, NULL, 0, NULL, NULL, NULL, 'مفرش-نيش-دنتلا', 1, 0, 0, 1, NULL, NULL, NULL, 28, 56, 12, 5, '2025-09-22 08:09:40', '2025-09-22 08:09:40'),
(40, 'مفرش نيش كستور', 'physical', 1, 0, NULL, NULL, NULL, 0, NULL, NULL, NULL, 'مفرش-نيش-كستور', 1, 0, 0, 1, NULL, NULL, NULL, 29, 57, 12, 5, '2025-09-22 08:13:15', '2025-09-22 08:13:15'),
(41, 'شيش طاووك جامبو', 'physical', 1, 0, NULL, NULL, NULL, 0, NULL, NULL, NULL, 'شيش-طاووك-جامبو', 1, 0, 0, 1, NULL, NULL, NULL, 29, 57, 12, 5, '2025-09-22 08:14:38', '2025-09-22 08:14:38'),
(42, 'لانش بوكس فريكو مقسم ريو', 'physical', 1, 0, NULL, NULL, NULL, 0, NULL, NULL, NULL, 'لانش-بوكس-فريكو-مقسم-ريو', 1, 0, 0, 1, NULL, NULL, NULL, 29, 57, 12, 5, '2025-09-22 08:16:27', '2025-09-22 08:16:27'),
(43, 'سراميك تركي 4 مم مارتف', 'physical', 1, 0, NULL, NULL, NULL, 0, NULL, NULL, NULL, 'سراميك-تركي-4-مم-مارتف', 1, 0, 0, 1, NULL, NULL, NULL, 26, 46, 12, 5, '2025-09-22 08:22:07', '2025-09-22 08:22:07'),
(44, 'هشام', 'physical', 1, 0, NULL, NULL, NULL, 0, NULL, NULL, NULL, 'هشام-1', 1, 0, 0, 1, NULL, NULL, NULL, 29, 58, 12, 5, '2025-09-22 19:49:27', '2025-09-22 19:53:28'),
(45, 'سماعة بلوتوث 6i', 'physical', 1, 0, NULL, NULL, NULL, 0, NULL, NULL, NULL, 'سماعة-بلوتوث-6i', 1, 0, 0, 1, NULL, NULL, NULL, 3, 14, 2, 5, '2025-10-03 08:19:20', '2025-10-03 08:19:20'),
(46, 'طقم صيني رقم 5مصري', 'physical', 1, 0, NULL, NULL, NULL, 0, NULL, NULL, NULL, 'طقم-صيني-رقم-5مصري', 1, 0, 0, 1, NULL, NULL, NULL, 18, 59, 2, 5, '2025-10-08 15:57:58', '2025-10-08 18:01:38'),
(47, 'تربيزه مكوه ص لوكس', 'physical', 1, 0, NULL, NULL, NULL, 0, NULL, NULL, NULL, 'تربيزه-مكوه-ص-لوكس', 1, 0, 0, 1, NULL, NULL, NULL, 18, 61, 2, 5, '2025-10-08 18:03:48', '2025-10-08 18:04:20'),
(48, 'تربيزه مكوه روما جولد', 'physical', 1, 0, NULL, NULL, NULL, 0, NULL, NULL, NULL, 'تربيزه-مكوه-روما-جولد', 1, 0, 0, 1, NULL, NULL, NULL, 18, 62, 2, 5, '2025-10-08 18:05:57', '2025-10-08 18:05:57'),
(49, 'يد خشب سويدي', 'physical', 1, 0, NULL, NULL, NULL, 0, NULL, NULL, NULL, 'يد-خشب-سويدي', 1, 0, 0, 1, NULL, NULL, NULL, 4, 15, 2, 5, '2025-10-08 18:07:23', '2025-10-08 18:07:23'),
(50, 'ركنيه استيل لوكس', 'physical', 1, 0, NULL, NULL, NULL, 0, NULL, NULL, NULL, 'ركنيه-استيل-لوكس', 1, 0, 0, 1, NULL, NULL, NULL, 18, 61, 2, 5, '2025-10-08 18:09:44', '2025-10-08 18:09:44'),
(51, 'شماعه بلاستيك المصريه', 'physical', 1, 0, NULL, NULL, NULL, 0, NULL, NULL, NULL, 'شماعه-بلاستيك-المصريه', 1, 0, 0, 1, NULL, NULL, NULL, 18, 69, 2, 5, '2025-10-08 18:14:20', '2025-10-08 18:14:20'),
(52, 'فرن مجلفن متر', 'physical', 1, 0, NULL, NULL, NULL, 0, NULL, NULL, NULL, 'فرن-مجلفن-متر', 1, 0, 0, 1, NULL, NULL, NULL, 18, 15, 2, 5, '2025-10-12 18:25:44', '2025-10-12 18:25:44'),
(53, 'كبه فريش فرداني', 'physical', 1, 0, NULL, NULL, NULL, 0, NULL, NULL, NULL, 'كبه-فريش-فرداني', 1, 0, 0, 1, NULL, NULL, NULL, 2, 5, 2, 5, '2025-10-12 18:29:03', '2025-10-12 18:29:03'),
(57, 'مكواه فريش بخار', 'physical', 1, 0, NULL, NULL, NULL, 0, NULL, NULL, NULL, 'مكواه-فريش-بخار', 1, 0, 0, 1, NULL, NULL, NULL, 2, 5, 2, 5, '2025-11-30 22:00:49', '2025-11-30 22:00:49'),
(58, 'امبوبه غاز', 'physical', 1, 0, NULL, NULL, NULL, 0, NULL, NULL, NULL, 'امبوبه-غاز', 1, 0, 0, 1, NULL, NULL, NULL, 4, 59, 2, 5, '2025-11-30 22:03:17', '2025-11-30 22:03:17'),
(59, 'سخان اولمبك 50 لتر هيرو', 'physical', 1, 0, NULL, NULL, NULL, 0, NULL, NULL, NULL, 'سخان-اولمبك-50-لتر-هيرو', 1, 0, 0, 1, NULL, NULL, NULL, 2, 4, 2, 5, '2025-12-03 20:05:25', '2025-12-03 20:05:25'),
(60, 'مكوه فريش بخار', 'physical', 1, 0, NULL, NULL, NULL, 0, NULL, NULL, NULL, 'مكوه-فريش-بخار', 1, 0, 0, 1, NULL, NULL, NULL, 2, 5, 2, 5, '2025-12-03 20:08:28', '2025-12-03 20:08:28'),
(62, 'طقم تيفال سافلون 9ق بجريل تركي', 'physical', 1, 0, NULL, NULL, NULL, 0, NULL, NULL, NULL, 'طقم-تيفال-سافلون-9ق-بجريل-تركي', 1, 0, 0, 1, NULL, NULL, NULL, 18, 70, 2, 5, '2025-12-03 20:34:01', '2025-12-03 20:34:01'),
(63, 'طقم حلل استيل سمارت 32 زنوكسي', 'physical', 1, 0, NULL, NULL, NULL, 0, NULL, NULL, NULL, 'طقم-حلل-استيل-سمارت-32-زنوكسي', 1, 0, 0, 1, NULL, NULL, NULL, 18, 15, 2, 5, '2025-12-03 20:37:13', '2025-12-03 20:37:13'),
(65, 'اغراض عروسه ام نوره', 'physical', 1, 0, NULL, NULL, NULL, 0, NULL, NULL, NULL, 'اغراض-عروسه-ام-نوره', 1, 0, 0, 1, NULL, NULL, NULL, 18, 15, 2, 5, '2025-12-03 20:49:24', '2025-12-03 20:49:24'),
(66, 'سخان اولمبك 50لتر عادي هيرو', 'physical', 1, 0, NULL, NULL, NULL, 0, NULL, NULL, NULL, 'سخان-اولمبك-50لتر-عادي-هيرو', 1, 0, 0, 1, NULL, NULL, NULL, 2, 15, 2, 5, '2025-12-03 20:53:08', '2025-12-03 20:53:08'),
(67, 'غساله فريش حوضين', 'physical', 1, 0, NULL, NULL, NULL, 0, NULL, NULL, NULL, 'غساله-فريش-حوضين', 1, 0, 0, 1, NULL, NULL, NULL, 2, 5, 2, 5, '2025-12-03 20:56:49', '2025-12-03 20:56:49'),
(68, 'بوتجاز فريش', 'physical', 1, 0, NULL, NULL, NULL, 0, NULL, NULL, NULL, 'بوتجاز-فريش', 1, 0, 0, 1, NULL, NULL, NULL, 18, 5, 2, 5, '2025-12-14 10:59:43', '2025-12-14 10:59:43'),
(69, 'كبه سوناي ٣ ريشه', 'physical', 1, 0, NULL, NULL, NULL, 0, NULL, NULL, NULL, 'كبه-سوناي-٣-ريشه', 1, 0, 0, 1, NULL, NULL, NULL, 2, 59, 2, 5, '2026-01-04 17:02:34', '2026-01-04 17:02:34'),
(70, 'حله الامونيوم', 'physical', 1, 0, NULL, NULL, NULL, 0, NULL, NULL, NULL, 'حله-الامونيوم', 1, 0, 0, 1, NULL, NULL, NULL, 18, 59, 2, 5, '2026-01-04 17:05:07', '2026-01-04 17:05:07'),
(71, 'طقم ملامين الشريف مربع ٣٨ق', 'physical', 1, 0, NULL, NULL, NULL, 0, NULL, NULL, NULL, 'طقم-ملامين-الشريف-مربع-٣٨ق', 1, 0, 0, 1, NULL, NULL, NULL, 18, 59, 2, 5, '2026-01-05 21:13:28', '2026-01-05 21:13:28'),
(72, 'بوتجاز فريش ٥ شعله بمروحه', 'physical', 1, 0, NULL, NULL, NULL, 0, NULL, NULL, NULL, 'بوتجاز-فريش-٥-شعله-بمروحه', 1, 0, 0, 1, NULL, NULL, NULL, 18, 5, 2, 5, '2026-01-11 09:45:59', '2026-01-11 09:45:59'),
(73, 'تلفون اوبو A5', 'physical', 1, 0, NULL, NULL, NULL, 0, NULL, NULL, NULL, 'تلفون-اوبو-a5', 1, 0, 0, 1, NULL, NULL, NULL, 3, 71, 2, 5, '2026-01-11 12:23:57', '2026-01-11 12:23:57'),
(74, 'دفايه ٥٠٠', 'physical', 1, 0, NULL, NULL, NULL, 0, NULL, NULL, NULL, 'دفايه-٥٠٠', 1, 0, 0, 1, NULL, NULL, NULL, 18, 59, 2, 5, '2026-01-11 12:55:31', '2026-01-11 12:55:31'),
(75, 'طقم حلل سراميك', 'physical', 1, 0, NULL, NULL, NULL, 0, NULL, NULL, NULL, 'طقم-حلل-سراميك', 1, 0, 0, 1, NULL, NULL, NULL, 18, 59, 2, 5, '2026-01-29 17:26:04', '2026-01-29 17:26:04'),
(76, 'غساله توشيبا ١٢كيلو', 'physical', 1, 0, NULL, NULL, NULL, 0, NULL, NULL, NULL, 'غساله-توشيبا-١٢كيلو', 1, 0, 0, 1, NULL, NULL, NULL, 2, 6, 2, 5, '2026-01-30 19:48:14', '2026-01-30 19:48:14'),
(77, 'طقم حلل شلتوت شاورما', 'physical', 1, 0, NULL, NULL, NULL, 0, NULL, NULL, NULL, 'طقم-حلل-شلتوت-شاورما', 1, 0, 0, 1, NULL, NULL, NULL, 2, 60, 2, 5, '2026-02-01 13:24:35', '2026-02-01 13:24:35'),
(78, 'غساله LGفوق اوتوماتيك', 'physical', 1, 0, NULL, NULL, '[]', 0, NULL, NULL, NULL, 'غساله-lgفوق-اوتوماتيك', 1, 0, 0, 1, NULL, NULL, NULL, 3, 12, 2, 5, '2026-02-12 09:12:40', '2026-02-12 09:12:40'),
(79, 'راديو', 'physical', 1, 0, NULL, NULL, '[]', 0, NULL, NULL, NULL, 'راديو', 1, 0, 0, 1, NULL, NULL, NULL, 31, 72, 10, 5, '2026-02-12 10:05:59', '2026-02-12 10:05:59');

-- --------------------------------------------------------

--
-- بنية الجدول `product_variants`
--

CREATE TABLE `product_variants` (
  `id` bigint(20) UNSIGNED NOT NULL,
  `barcode` varchar(255) DEFAULT NULL,
  `sku` varchar(255) DEFAULT NULL,
  `retail_price` decimal(10,2) DEFAULT NULL,
  `wholesale_price` decimal(10,2) DEFAULT NULL,
  `purchase_price` decimal(15,2) DEFAULT NULL,
  `profit_margin` decimal(5,2) DEFAULT NULL,
  `min_quantity` int(11) DEFAULT NULL,
  `image` varchar(255) DEFAULT NULL,
  `weight` decimal(8,2) DEFAULT NULL,
  `dimensions` varchar(255) DEFAULT NULL,
  `tax` decimal(5,2) DEFAULT NULL,
  `discount` decimal(8,2) DEFAULT NULL,
  `status` enum('active','inactive','discontinued') NOT NULL DEFAULT 'active',
  `sales_count` int(10) UNSIGNED NOT NULL DEFAULT 0,
  `product_id` bigint(20) UNSIGNED NOT NULL,
  `created_by` bigint(20) UNSIGNED NOT NULL,
  `company_id` bigint(20) UNSIGNED NOT NULL,
  `created_at` timestamp NULL DEFAULT NULL,
  `updated_at` timestamp NULL DEFAULT NULL
) ENGINE=InnoDB DEFAULT CHARSET=utf8mb4 COLLATE=utf8mb4_unicode_ci;

--
-- إرجاع أو استيراد بيانات الجدول `product_variants`
--

INSERT INTO `product_variants` (`id`, `barcode`, `sku`, `retail_price`, `wholesale_price`, `purchase_price`, `profit_margin`, `min_quantity`, `image`, `weight`, `dimensions`, `tax`, `discount`, `status`, `sales_count`, `product_id`, `created_by`, `company_id`, `created_at`, `updated_at`) VALUES
(1, '1000000000', 'SKU-FKL2LLVO', 75.00, 60.00, NULL, 0.25, NULL, NULL, 1.50, '\"20x30x10\"', 5.00, 0.00, 'active', 0, 1, 1, 1, '2025-07-09 06:15:50', '2025-07-09 06:15:50'),
(2, '1000000001', 'SKU-4GD0QTGV', 75.00, 60.00, NULL, 0.25, NULL, NULL, 1.50, '\"20x30x10\"', 5.00, 0.00, 'active', 0, 2, 1, 1, '2025-07-09 06:15:50', '2025-07-09 06:15:50'),
(4, '1000000003', 'SKU-GSVO2V0R', 13000.00, 12800.00, NULL, NULL, 1, NULL, 0.00, NULL, 0.00, 0.00, 'active', 0, 4, 5, 2, '2025-07-11 08:52:26', '2025-07-11 09:41:09'),
(5, '1000000004', 'SKU-NC3I5KE9', 5600.00, 5550.00, NULL, NULL, NULL, NULL, 0.00, NULL, 0.00, 0.00, 'active', 0, 5, 5, 2, '2025-07-11 11:44:22', '2025-07-11 11:44:22'),
(6, '1000000005', 'SKU-B9TTGFQP', 4600.00, 4550.00, NULL, NULL, NULL, NULL, 0.00, NULL, 0.00, 0.00, 'active', 0, 6, 5, 2, '2025-07-11 14:03:48', '2025-07-11 14:03:48'),
(7, '1000000006', 'SKU-NEUQACYJ', 9000.00, 8850.00, NULL, NULL, NULL, NULL, 0.00, NULL, 0.00, 0.00, 'active', 0, 7, 5, 2, '2025-07-11 14:06:14', '2025-07-11 14:06:14'),
(8, '1000000007', 'SKU-LSVDC6RA', 4900.00, 4800.00, NULL, NULL, NULL, NULL, 0.00, NULL, 0.00, 0.00, 'active', 0, 8, 5, 2, '2025-07-11 18:58:44', '2025-07-11 19:06:31'),
(9, '1000000008', 'SKU-NIEJC8MB', 125.00, 123.00, NULL, NULL, 2, NULL, 0.00, NULL, 0.00, 0.00, 'active', 0, 9, 5, 10, '2025-07-12 08:51:07', '2025-07-12 08:51:07'),
(10, '1000000009', 'SKU-BXEJGRXG', 35.00, 33.00, NULL, NULL, 3, NULL, 0.00, NULL, 0.00, 0.00, 'active', 0, 10, 5, 10, '2025-07-12 08:54:19', '2025-07-12 08:54:19'),
(11, '1000000010', 'SKU-KCMXQF0O', 60.00, 55.00, NULL, NULL, 1, NULL, 0.00, NULL, 0.00, 0.00, 'active', 0, 11, 5, 10, '2025-07-12 08:58:41', '2025-07-12 08:58:41'),
(12, '1000000011', 'SKU-QLGSCFOG', 10.00, 8.00, NULL, NULL, 2, NULL, 0.00, NULL, 0.00, 0.00, 'active', 0, 12, 5, 10, '2025-07-12 09:09:21', '2025-07-12 09:09:21'),
(13, '1000000012', 'SKU-FWLZ5CXN', 30.00, 28.00, NULL, NULL, 6, NULL, 0.00, NULL, 0.00, 0.00, 'active', 0, 13, 5, 10, '2025-07-12 09:12:18', '2025-07-12 09:12:18'),
(14, '1000000013', 'SKU-I5LMBW79', 15.00, 15.00, NULL, NULL, 5, NULL, 0.00, NULL, 0.00, 0.00, 'active', 0, 14, 5, 10, '2025-07-12 09:20:29', '2025-07-12 09:20:29'),
(15, '1000000014', 'SKU-Q50V92GF', 4000.00, 3950.00, NULL, NULL, 5, NULL, 0.00, NULL, 0.00, 0.00, 'active', 0, 15, 6, 3, '2025-07-16 19:30:15', '2025-07-21 14:13:53'),
(16, '1000000015', 'SKU-QDYHMA2R', 150.00, 130.00, NULL, NULL, NULL, NULL, 0.00, NULL, 0.00, 0.00, 'active', 0, 16, 6, 3, '2025-07-19 17:24:39', '2025-07-19 17:24:39'),
(17, '1000000016', 'SKU-B4JORXKX', 11700.00, 11500.00, NULL, NULL, NULL, NULL, 0.00, NULL, 0.00, 0.00, 'active', 0, 17, 5, 2, '2025-07-22 09:18:43', '2025-07-22 09:18:43'),
(18, '1000000017', 'SKU-F90SMYPL', 11500.00, 11400.00, NULL, NULL, 1, NULL, 0.00, NULL, 0.00, 0.00, 'active', 0, 18, 5, 2, '2025-07-23 19:50:12', '2025-07-23 19:50:12'),
(19, '1000000018', 'SKU-HUODSWKZ', 1270.00, 1250.00, NULL, NULL, 1, NULL, 0.00, NULL, 0.00, 0.00, 'active', 0, 19, 5, 2, '2025-07-24 19:26:44', '2025-07-24 19:26:44'),
(20, '1000000019', 'SKU-ONPQDUTV', 2300.00, 2200.00, NULL, NULL, 1, NULL, 0.00, NULL, 0.00, 0.00, 'active', 0, 20, 5, 2, '2025-07-24 19:37:59', '2025-07-24 19:37:59'),
(21, '1000000020', 'SKU-JHOGROAY', 170.00, 0.00, NULL, NULL, NULL, NULL, 0.00, NULL, 0.00, 0.00, 'active', 0, 21, 15, 9, '2025-07-24 20:04:03', '2025-07-24 20:04:03'),
(22, '1000000021', 'SKU-F8SBW5RG', 170.00, 0.00, NULL, NULL, 0, NULL, 0.00, NULL, 0.00, 0.00, 'active', 0, 21, 15, 9, '2025-07-24 20:10:00', '2025-07-24 20:10:00'),
(23, '1000000022', 'SKU-ZLYXLOEY', 250.00, 0.00, NULL, NULL, NULL, NULL, 0.00, NULL, 0.00, 0.00, 'active', 0, 22, 15, 9, '2025-07-24 20:15:26', '2025-07-24 20:15:26'),
(24, '1000000023', 'SKU-KZKYZJWO', 250.00, 0.00, NULL, NULL, 0, NULL, 0.00, NULL, 0.00, 0.00, 'active', 0, 22, 15, 9, '2025-07-24 20:15:26', '2025-07-24 20:15:26'),
(25, '1000000024', 'SKU-UC17BPRU', 4000.00, 3950.00, NULL, NULL, NULL, NULL, 0.00, NULL, 0.00, 0.00, 'active', 0, 23, 5, 2, '2025-07-28 12:15:43', '2025-07-28 12:15:43'),
(26, '1000000025', 'SKU-AZRUVWVO', 0.00, 0.00, NULL, NULL, NULL, NULL, 0.00, NULL, 0.00, 0.00, 'active', 0, 24, 15, 9, '2025-08-09 08:24:14', '2025-08-09 08:24:14'),
(27, '1000000026', 'SKU-XM8ZQAPH', 8000.00, 7900.00, NULL, NULL, NULL, NULL, 0.00, NULL, 0.00, 0.00, 'active', 0, 25, 5, 2, '2025-08-16 21:16:25', '2025-08-16 21:16:25'),
(28, '1000000027', 'SKU-XZ96ITBW', 1800.00, 1750.00, NULL, NULL, NULL, NULL, 0.00, NULL, 0.00, 0.00, 'active', 0, 26, 5, 2, '2025-08-16 21:18:26', '2025-08-16 21:18:26'),
(29, '1000000028', 'SKU-JDCR87BC', 1600.00, 1600.00, NULL, NULL, NULL, NULL, 0.00, NULL, 0.00, 0.00, 'active', 0, 27, 5, 2, '2025-08-16 21:19:57', '2025-08-16 21:19:57'),
(30, '1000000029', 'SKU-JPXJHM5G', 2200.00, 2100.00, NULL, NULL, NULL, NULL, 0.00, NULL, 0.00, 0.00, 'active', 0, 28, 5, 2, '2025-09-16 06:13:24', '2025-09-16 06:13:24'),
(31, '1000000030', 'SKU-OPOYC8DJ', 2200.00, 2100.00, NULL, NULL, NULL, NULL, 0.00, NULL, 0.00, 0.00, 'active', 0, 28, 5, 2, '2025-09-16 06:13:24', '2025-09-16 06:25:25'),
(32, '1000000031', 'SKU-DET23D29', 3900.00, 3800.00, NULL, NULL, NULL, NULL, 0.00, NULL, 0.00, 0.00, 'active', 0, 29, 5, 2, '2025-09-16 06:23:48', '2025-09-16 06:23:48'),
(33, '1000000032', 'SKU-YAP19ITX', 3900.00, 3800.00, NULL, NULL, 0, NULL, 0.00, NULL, 0.00, 0.00, 'active', 0, 29, 5, 2, '2025-09-16 06:23:48', '2025-09-16 06:23:48'),
(36, '1000000035', 'SKU-XAJUZUXE', 3600.00, 3400.00, NULL, NULL, NULL, NULL, 0.00, NULL, 0.00, 0.00, 'active', 0, 31, 5, 12, '2025-09-18 09:15:48', '2025-09-18 09:15:48'),
(37, '1000000036', 'SKU-V8LKCMTX', 3600.00, 3400.00, NULL, NULL, 0, NULL, 0.00, NULL, 0.00, 0.00, 'active', 0, 31, 5, 12, '2025-09-18 09:15:48', '2025-09-18 09:15:48'),
(38, '1000000037', 'SKU-CGZMV3DZ', 3300.00, 3100.00, NULL, NULL, NULL, NULL, 0.00, NULL, 0.00, 0.00, 'active', 0, 32, 5, 12, '2025-09-18 09:46:43', '2025-09-18 09:46:43'),
(39, '1000000038', 'SKU-CKEQJ7QR', 13000.00, 12900.00, NULL, NULL, NULL, NULL, 0.00, NULL, 0.00, 0.00, 'active', 0, 33, 5, 2, '2025-09-18 18:19:02', '2025-09-18 18:19:02'),
(40, '1000000039', 'SKU-JHMXEOAI', 3650.00, 3500.00, NULL, NULL, NULL, NULL, 0.00, NULL, 0.00, 0.00, 'active', 0, 34, 5, 12, '2025-09-22 07:42:46', '2025-09-22 07:42:46'),
(41, '1000000040', 'SKU-E3ESFYKC', 3300.00, 3100.00, NULL, NULL, NULL, NULL, 0.00, NULL, 0.00, 0.00, 'active', 0, 35, 5, 12, '2025-09-22 07:53:28', '2025-09-22 07:53:28'),
(42, '1000000041', 'SKU-87P7MTGO', 3600.00, 3400.00, NULL, NULL, NULL, NULL, 0.00, NULL, 0.00, 0.00, 'active', 0, 36, 5, 12, '2025-09-22 07:58:16', '2025-09-22 07:58:16'),
(43, '1000000042', 'SKU-7E89XUIL', 6300.00, 6100.00, NULL, NULL, NULL, NULL, 0.00, NULL, 0.00, 0.00, 'active', 0, 37, 5, 12, '2025-09-22 08:01:01', '2025-09-22 08:01:01'),
(44, '1000000043', 'SKU-B1U6RXWN', 55.00, 50.00, NULL, NULL, NULL, NULL, 0.00, NULL, 0.00, 0.00, 'active', 0, 38, 5, 12, '2025-09-22 08:05:20', '2025-09-22 08:05:20'),
(45, '1000000044', 'SKU-ANONLWPO', 310.00, 300.00, NULL, NULL, NULL, NULL, 0.00, NULL, 0.00, 0.00, 'active', 0, 39, 5, 12, '2025-09-22 08:09:40', '2025-09-22 08:09:40'),
(46, '1000000045', 'SKU-GVO2JCSC', 320.00, 300.00, NULL, NULL, NULL, NULL, 0.00, NULL, 0.00, 0.00, 'active', 0, 40, 5, 12, '2025-09-22 08:13:15', '2025-09-22 08:13:15'),
(47, '1000000046', 'SKU-ZAJHJT4N', 15.00, 15.00, NULL, NULL, NULL, NULL, 0.00, NULL, 0.00, 0.00, 'active', 0, 41, 5, 12, '2025-09-22 08:14:38', '2025-09-22 08:14:38'),
(48, '1000000047', 'SKU-57VICY7U', 55.00, 50.00, NULL, NULL, NULL, NULL, 0.00, NULL, 0.00, 0.00, 'active', 0, 42, 5, 12, '2025-09-22 08:16:27', '2025-09-22 08:16:27'),
(49, '1000000048', 'SKU-65RMVMJA', 3200.00, 3000.00, NULL, NULL, NULL, NULL, 0.00, NULL, 0.00, 0.00, 'active', 0, 43, 5, 12, '2025-09-22 08:22:07', '2025-09-22 08:22:07'),
(50, '1000000049', 'SKU-U9CJHPTD', 100.00, 90.00, NULL, NULL, 1, NULL, 0.00, NULL, 0.00, 0.00, 'active', 0, 44, 5, 12, '2025-09-22 19:49:27', '2025-09-22 19:49:27'),
(51, '1000000050', 'SKU-ZKMBDBFQ', 2800.00, NULL, NULL, NULL, NULL, NULL, 0.00, NULL, 0.00, 0.00, 'active', 0, 45, 5, 2, '2025-10-03 08:19:20', '2025-10-03 08:19:20'),
(52, '1000000051', 'SKU-FYDF57YW', 4500.00, 4300.00, NULL, NULL, NULL, NULL, 0.00, NULL, 0.00, 0.00, 'active', 0, 46, 5, 2, '2025-10-08 15:57:58', '2025-10-08 15:57:58'),
(53, '1000000052', 'SKU-HJFA2MFS', 360.00, 350.00, NULL, NULL, NULL, NULL, 0.00, NULL, 0.00, 0.00, 'active', 0, 47, 5, 2, '2025-10-08 18:03:48', '2025-10-08 18:03:48'),
(54, '1000000053', 'SKU-ALOXTUF6', 650.00, 620.00, NULL, NULL, NULL, NULL, 0.00, NULL, 0.00, 0.00, 'active', 0, 48, 5, 2, '2025-10-08 18:05:57', '2025-10-08 18:05:57'),
(55, '1000000054', 'SKU-3CPVJNJU', 25.00, 25.00, NULL, NULL, NULL, NULL, 0.00, NULL, 0.00, 0.00, 'active', 0, 49, 5, 2, '2025-10-08 18:07:23', '2025-10-08 18:07:23'),
(56, '1000000055', 'SKU-G8G0CWAV', 110.00, 110.00, NULL, NULL, NULL, NULL, 0.00, NULL, 0.00, 0.00, 'active', 0, 50, 5, 2, '2025-10-08 18:09:44', '2025-10-08 18:09:44'),
(57, '1000000056', 'SKU-O5GOJE81', 25.00, 25.00, NULL, NULL, NULL, NULL, 0.00, NULL, 0.00, 0.00, 'active', 0, 51, 5, 2, '2025-10-08 18:14:20', '2025-10-08 18:14:20'),
(58, '1000000057', 'SKU-HR9FJCX4', 1900.00, 1900.00, NULL, NULL, NULL, NULL, 0.00, NULL, 0.00, 0.00, 'active', 0, 52, 5, 2, '2025-10-12 18:25:44', '2025-10-12 18:25:44'),
(59, '1000000058', 'SKU-ZWRFDUPH', 1050.00, 1000.00, NULL, NULL, NULL, NULL, 0.00, NULL, 0.00, 0.00, 'active', 0, 53, 5, 2, '2025-10-12 18:29:03', '2025-10-12 18:29:03'),
(63, '1000000060', 'SKU-UV6L2Z2D', 0.00, 0.00, NULL, NULL, 0, NULL, 0.00, NULL, 0.00, 0.00, 'active', 0, 57, 5, 2, '2025-11-30 22:00:49', '2025-11-30 22:00:49'),
(64, '1000000061', 'SKU-4OY8DZSB', 1850.00, 1850.00, NULL, NULL, NULL, NULL, 0.00, NULL, 0.00, 0.00, 'active', 0, 58, 5, 2, '2025-11-30 22:03:17', '2025-11-30 22:03:17'),
(65, '1000000062', 'SKU-LJRGSZNI', 3500.00, 3450.00, NULL, NULL, NULL, NULL, 0.00, NULL, 0.00, 0.00, 'active', 0, 59, 5, 2, '2025-12-03 20:05:25', '2025-12-03 20:05:25'),
(66, '1000000063', 'SKU-5JZNKPHF', 1300.00, 1250.00, NULL, NULL, NULL, NULL, 0.00, NULL, 0.00, 0.00, 'active', 0, 60, 5, 2, '2025-12-03 20:08:28', '2025-12-03 20:08:28'),
(68, '1000000065', 'SKU-YXBBCBHU', 3000.00, 2900.00, NULL, NULL, NULL, NULL, 0.00, NULL, 0.00, 0.00, 'active', 0, 62, 5, 2, '2025-12-03 20:34:01', '2025-12-03 20:34:01'),
(69, '1000000066', 'SKU-TGRS8YDL', 4500.00, 4400.00, NULL, NULL, NULL, NULL, 0.00, NULL, 0.00, 0.00, 'active', 0, 63, 5, 2, '2025-12-03 20:37:13', '2025-12-03 20:37:13'),
(71, '1000000067', 'SKU-51MTA9JK', 32865.00, 32800.00, NULL, NULL, NULL, NULL, 0.00, NULL, 0.00, 0.00, 'active', 0, 65, 5, 2, '2025-12-03 20:49:24', '2025-12-08 16:46:39'),
(72, '1000000068', 'SKU-QZ6ED1NM', 3500.00, 3400.00, NULL, NULL, NULL, NULL, 0.00, NULL, 0.00, 0.00, 'active', 0, 66, 5, 2, '2025-12-03 20:53:08', '2025-12-03 20:53:08'),
(74, '1000000069', 'SKU-W8AHHMYM', 5000.00, 4850.00, NULL, NULL, 0, NULL, 0.00, NULL, 0.00, 0.00, 'active', 0, 67, 5, 2, '2025-12-13 16:49:54', '2025-12-13 16:49:54'),
(75, '1000000070', 'SKU-5PKOLGZL', 9500.00, 9400.00, NULL, NULL, NULL, NULL, 0.00, NULL, 0.00, 0.00, 'active', 0, 68, 5, 2, '2025-12-14 10:59:43', '2025-12-14 10:59:43'),
(76, '1000000071', 'SKU-TYUTOCNT', 1200.00, 1100.00, NULL, NULL, NULL, NULL, 0.00, NULL, 0.00, 0.00, 'active', 0, 69, 5, 2, '2026-01-04 17:02:34', '2026-01-04 17:02:34'),
(77, '1000000072', 'SKU-NDSIGPPZ', 400.00, 380.00, NULL, NULL, NULL, NULL, 0.00, NULL, 0.00, 0.00, 'active', 0, 70, 5, 2, '2026-01-04 17:05:07', '2026-01-04 17:05:07'),
(78, '1000000073', 'SKU-YWAJR3F2', 3200.00, 3000.00, NULL, NULL, NULL, NULL, 0.00, NULL, 0.00, 0.00, 'active', 0, 71, 5, 2, '2026-01-05 21:13:28', '2026-01-05 21:13:28'),
(79, '1000000074', 'SKU-PKOALLZ5', 10500.00, 10500.00, NULL, NULL, NULL, NULL, 0.00, NULL, 0.00, 0.00, 'active', 0, 72, 5, 2, '2026-01-11 09:45:59', '2026-01-11 09:45:59'),
(80, '1000000075', 'SKU-I0MFKYGW', 8500.00, 8400.00, NULL, NULL, NULL, NULL, 0.00, NULL, 0.00, 0.00, 'active', 0, 73, 5, 2, '2026-01-11 12:23:57', '2026-01-11 12:23:57'),
(81, '1000000076', 'SKU-1TXIDE1T', 600.00, 600.00, NULL, NULL, NULL, NULL, 0.00, NULL, 0.00, 0.00, 'active', 0, 74, 5, 2, '2026-01-11 12:55:31', '2026-01-11 13:10:17'),
(82, '1000000077', 'SKU-1NVTORDM', 600.00, NULL, NULL, NULL, 0, NULL, 0.00, NULL, 0.00, 0.00, 'active', 0, 30, 5, 2, '2026-01-11 12:58:55', '2026-01-11 13:12:46'),
(83, '1000000078', 'SKU-OJNF3TGH', 3200.00, 3100.00, NULL, NULL, NULL, NULL, 0.00, NULL, 0.00, 0.00, 'active', 0, 75, 5, 2, '2026-01-29 17:26:04', '2026-01-29 17:26:04'),
(84, '1000000079', 'SKU-KL3QJA0K', 0.00, 0.00, NULL, NULL, 0, NULL, 0.00, NULL, 0.00, 0.00, 'active', 0, 75, 5, 2, '2026-01-29 17:26:04', '2026-01-29 17:26:04'),
(85, '1000000080', 'SKU-LEBBNSIJ', 14500.00, 14200.00, NULL, NULL, NULL, NULL, 0.00, NULL, 0.00, 0.00, 'active', 0, 76, 5, 2, '2026-01-30 19:48:14', '2026-01-30 19:48:14'),
(86, '1000000081', 'SKU-XRQEK5MG', 3200.00, 3100.00, NULL, NULL, NULL, NULL, 0.00, NULL, 0.00, 0.00, 'active', 0, 77, 5, 2, '2026-02-01 13:24:35', '2026-02-01 13:24:35'),
(87, '1000000082', 'SKU-KFAGD63V', 14300.00, 14100.00, 14000.00, 2.14, 0, NULL, 0.00, NULL, 0.00, 0.00, 'active', 0, 78, 5, 2, '2026-02-12 09:12:40', '2026-02-12 09:12:40'),
(88, '1000000083', 'SKU-WLJVDSUO', 14300.00, 14100.00, 1400.00, 921.43, 0, NULL, 0.00, NULL, 0.00, 0.00, 'active', 0, 78, 5, 2, '2026-02-12 09:12:40', '2026-02-12 09:12:40'),
(89, '1000000084', 'SKU-SHMYZJOB', 260.00, 250.00, 225.00, 15.56, 0, NULL, 0.00, NULL, 0.00, 0.00, 'active', 0, 79, 5, 10, '2026-02-12 10:05:59', '2026-02-12 10:05:59');

-- --------------------------------------------------------

--
-- بنية الجدول `product_variant_attributes`
--

CREATE TABLE `product_variant_attributes` (
  `id` bigint(20) UNSIGNED NOT NULL,
  `product_variant_id` bigint(20) UNSIGNED NOT NULL,
  `attribute_id` bigint(20) UNSIGNED NOT NULL,
  `attribute_value_id` bigint(20) UNSIGNED NOT NULL,
  `company_id` bigint(20) UNSIGNED NOT NULL,
  `created_by` bigint(20) UNSIGNED NOT NULL,
  `created_at` timestamp NULL DEFAULT NULL,
  `updated_at` timestamp NULL DEFAULT NULL
) ENGINE=InnoDB DEFAULT CHARSET=utf8mb4 COLLATE=utf8mb4_unicode_ci;

--
-- إرجاع أو استيراد بيانات الجدول `product_variant_attributes`
--

INSERT INTO `product_variant_attributes` (`id`, `product_variant_id`, `attribute_id`, `attribute_value_id`, `company_id`, `created_by`, `created_at`, `updated_at`) VALUES
(1, 7, 12, 12, 2, 5, '2025-07-18 20:25:17', '2025-07-18 20:25:17'),
(2, 7, 3, 14, 2, 5, '2025-07-18 20:25:17', '2025-07-18 20:25:17'),
(3, 17, 3, 14, 2, 5, '2025-07-22 09:18:43', '2025-07-22 09:18:43'),
(4, 18, 3, 14, 2, 5, '2025-07-23 19:50:53', '2025-07-23 19:50:53'),
(5, 18, 12, 12, 2, 5, '2025-07-23 19:50:53', '2025-07-23 19:50:53'),
(8, 21, 17, 28, 9, 15, '2025-07-24 20:10:00', '2025-07-24 20:10:00'),
(9, 21, 16, 25, 9, 15, '2025-07-24 20:10:00', '2025-07-24 20:10:00'),
(10, 22, 17, 28, 9, 15, '2025-07-24 20:10:00', '2025-07-24 20:10:00'),
(11, 22, 16, 24, 9, 15, '2025-07-24 20:10:00', '2025-07-24 20:10:00'),
(12, 23, 17, 26, 9, 15, '2025-07-24 20:15:26', '2025-07-24 20:15:26'),
(13, 23, 16, 24, 9, 15, '2025-07-24 20:15:26', '2025-07-24 20:15:26'),
(14, 24, 17, 27, 9, 15, '2025-07-24 20:15:26', '2025-07-24 20:15:26'),
(15, 24, 16, 25, 9, 15, '2025-07-24 20:15:26', '2025-07-24 20:15:26'),
(16, 26, 16, 42, 9, 15, '2025-08-09 08:24:14', '2025-08-09 08:24:14');

-- --------------------------------------------------------

--
-- بنية الجدول `profits`
--

CREATE TABLE `profits` (
  `id` bigint(20) UNSIGNED NOT NULL,
  `source_type` varchar(255) NOT NULL,
  `source_id` bigint(20) UNSIGNED NOT NULL,
  `created_by` bigint(20) UNSIGNED NOT NULL,
  `user_id` bigint(20) UNSIGNED DEFAULT NULL,
  `company_id` bigint(20) UNSIGNED NOT NULL,
  `revenue_amount` decimal(15,2) NOT NULL,
  `cost_amount` decimal(15,2) NOT NULL,
  `profit_amount` decimal(15,2) NOT NULL,
  `note` varchar(255) DEFAULT NULL,
  `profit_date` date NOT NULL,
  `created_at` timestamp NULL DEFAULT NULL,
  `updated_at` timestamp NULL DEFAULT NULL
) ENGINE=InnoDB DEFAULT CHARSET=utf8mb4 COLLATE=utf8mb4_unicode_ci;

-- --------------------------------------------------------

--
-- بنية الجدول `revenues`
--

CREATE TABLE `revenues` (
  `id` bigint(20) UNSIGNED NOT NULL,
  `source_type` varchar(255) NOT NULL,
  `source_id` bigint(20) UNSIGNED NOT NULL,
  `user_id` bigint(20) UNSIGNED DEFAULT NULL,
  `created_by` bigint(20) UNSIGNED NOT NULL,
  `wallet_id` bigint(20) UNSIGNED DEFAULT NULL,
  `company_id` bigint(20) UNSIGNED NOT NULL,
  `amount` decimal(15,2) NOT NULL,
  `paid_amount` decimal(15,2) NOT NULL DEFAULT 0.00,
  `remaining_amount` decimal(15,2) NOT NULL DEFAULT 0.00,
  `payment_method` varchar(255) DEFAULT NULL,
  `note` varchar(255) DEFAULT NULL,
  `revenue_date` date NOT NULL,
  `created_at` timestamp NULL DEFAULT NULL,
  `updated_at` timestamp NULL DEFAULT NULL
) ENGINE=InnoDB DEFAULT CHARSET=utf8mb4 COLLATE=utf8mb4_unicode_ci;

-- --------------------------------------------------------

--
-- بنية الجدول `roles`
--

CREATE TABLE `roles` (
  `id` bigint(20) UNSIGNED NOT NULL,
  `created_by` bigint(20) UNSIGNED DEFAULT NULL,
  `company_id` bigint(20) UNSIGNED DEFAULT NULL,
  `name` varchar(255) NOT NULL,
  `label` varchar(255) DEFAULT NULL,
  `description` text DEFAULT NULL,
  `guard_name` varchar(255) NOT NULL,
  `created_at` timestamp NULL DEFAULT NULL,
  `updated_at` timestamp NULL DEFAULT NULL
) ENGINE=InnoDB DEFAULT CHARSET=utf8mb4 COLLATE=utf8mb4_unicode_ci;

--
-- إرجاع أو استيراد بيانات الجدول `roles`
--

INSERT INTO `roles` (`id`, `created_by`, `company_id`, `name`, `label`, `description`, `guard_name`, `created_at`, `updated_at`) VALUES
(1, 1, 1, 'مدير شركة', NULL, NULL, 'web', '2025-07-09 06:15:49', '2025-07-09 06:15:49'),
(2, 1, 1, 'ادارة جميع السجلات', NULL, NULL, 'web', '2025-07-09 06:15:49', '2025-07-09 06:15:49'),
(3, 1, 1, 'ادارة سجلاته فقط', NULL, NULL, 'web', '2025-07-09 06:15:49', '2025-07-09 06:15:49'),
(4, 1, 1, 'ادارة سجلاته وسجلات التابعين له', NULL, NULL, 'web', '2025-07-09 06:15:49', '2025-07-09 06:15:49'),
(5, 1, 1, 'اضافة سجلات', NULL, NULL, 'web', '2025-07-09 06:15:50', '2025-07-09 06:15:50');

-- --------------------------------------------------------

--
-- بنية الجدول `role_company`
--

CREATE TABLE `role_company` (
  `id` bigint(20) UNSIGNED NOT NULL,
  `role_id` bigint(20) UNSIGNED NOT NULL,
  `company_id` bigint(20) UNSIGNED NOT NULL,
  `created_by` bigint(20) UNSIGNED NOT NULL,
  `created_at` timestamp NULL DEFAULT NULL,
  `updated_at` timestamp NULL DEFAULT NULL
) ENGINE=InnoDB DEFAULT CHARSET=utf8mb4 COLLATE=utf8mb4_unicode_ci;

--
-- إرجاع أو استيراد بيانات الجدول `role_company`
--

INSERT INTO `role_company` (`id`, `role_id`, `company_id`, `created_by`, `created_at`, `updated_at`) VALUES
(1, 1, 1, 1, '2025-07-09 06:15:50', '2025-07-09 06:15:50'),
(2, 2, 1, 1, '2025-07-09 06:15:50', '2025-07-09 06:15:50'),
(3, 3, 1, 1, '2025-07-09 06:15:50', '2025-07-09 06:15:50'),
(4, 4, 1, 1, '2025-07-09 06:15:50', '2025-07-09 06:15:50'),
(5, 5, 1, 1, '2025-07-09 06:15:50', '2025-07-09 06:15:50');

-- --------------------------------------------------------

--
-- بنية الجدول `role_has_permissions`
--

CREATE TABLE `role_has_permissions` (
  `permission_id` bigint(20) UNSIGNED NOT NULL,
  `role_id` bigint(20) UNSIGNED NOT NULL
) ENGINE=InnoDB DEFAULT CHARSET=utf8mb4 COLLATE=utf8mb4_unicode_ci;

--
-- إرجاع أو استيراد بيانات الجدول `role_has_permissions`
--

INSERT INTO `role_has_permissions` (`permission_id`, `role_id`) VALUES
(1, 1),
(3, 1),
(4, 1),
(5, 1),
(6, 1),
(7, 1),
(8, 1),
(9, 1),
(10, 1),
(11, 1),
(12, 1),
(13, 1),
(14, 1),
(15, 1),
(16, 1),
(17, 1),
(18, 1),
(19, 1),
(20, 1),
(21, 1),
(22, 1),
(23, 1),
(24, 1),
(25, 1),
(26, 1),
(27, 1),
(28, 1),
(29, 1),
(30, 1),
(31, 1),
(32, 1),
(33, 1),
(34, 1),
(35, 1),
(36, 1),
(37, 1),
(38, 1),
(39, 1),
(40, 1),
(41, 1),
(42, 1),
(43, 1),
(44, 1),
(45, 1),
(46, 1),
(47, 1),
(48, 1),
(49, 1),
(50, 1),
(51, 1),
(52, 1),
(53, 1),
(54, 1),
(55, 1),
(56, 1),
(57, 1),
(58, 1),
(59, 1),
(60, 1),
(61, 1),
(62, 1),
(63, 1),
(64, 1),
(65, 1),
(66, 1),
(67, 1),
(68, 1),
(69, 1),
(70, 1),
(71, 1),
(72, 1),
(73, 1),
(74, 1),
(75, 1),
(76, 1),
(77, 1),
(78, 1),
(79, 1),
(80, 1),
(81, 1),
(82, 1),
(83, 1),
(84, 1),
(85, 1),
(86, 1),
(87, 1),
(88, 1),
(89, 1),
(90, 1),
(91, 1),
(92, 1),
(93, 1),
(94, 1),
(95, 1),
(96, 1),
(97, 1),
(98, 1),
(99, 1),
(100, 1),
(101, 1),
(102, 1),
(103, 1),
(104, 1),
(105, 1),
(106, 1),
(107, 1),
(108, 1),
(109, 1),
(110, 1),
(111, 1),
(112, 1),
(113, 1),
(114, 1),
(115, 1),
(116, 1),
(117, 1),
(118, 1),
(119, 1),
(120, 1),
(121, 1),
(122, 1),
(123, 1),
(124, 1),
(125, 1),
(126, 1),
(127, 1),
(128, 1),
(129, 1),
(130, 1),
(131, 1),
(132, 1),
(133, 1),
(134, 1),
(135, 1),
(136, 1),
(137, 1),
(138, 1),
(139, 1),
(140, 1),
(141, 1),
(142, 1),
(143, 1),
(144, 1),
(145, 1),
(146, 1),
(147, 1),
(148, 1),
(149, 1),
(150, 1),
(151, 1),
(152, 1),
(153, 1),
(154, 1),
(155, 1),
(156, 1),
(157, 1),
(158, 1),
(159, 1),
(160, 1),
(161, 1),
(162, 1),
(163, 1),
(164, 1),
(165, 1),
(166, 1),
(167, 1),
(168, 1),
(169, 1),
(170, 1),
(171, 1),
(172, 1),
(173, 1),
(174, 1),
(175, 1),
(176, 1),
(177, 1),
(178, 1),
(179, 1),
(180, 1),
(181, 1),
(182, 1),
(183, 1),
(184, 1),
(185, 1),
(186, 1),
(187, 1),
(188, 1),
(189, 1),
(190, 1),
(191, 1),
(192, 1),
(193, 1),
(194, 1),
(195, 1),
(196, 1),
(197, 1),
(198, 1),
(199, 1),
(200, 1),
(201, 1),
(202, 1),
(203, 1),
(204, 1),
(205, 1),
(206, 1),
(207, 1),
(208, 1),
(209, 1),
(210, 1),
(211, 1),
(212, 1),
(213, 1),
(214, 1),
(215, 1),
(216, 1),
(217, 1),
(218, 1),
(219, 1),
(220, 1),
(221, 1),
(222, 1),
(223, 1),
(224, 1),
(225, 1),
(226, 1),
(227, 1),
(228, 1),
(229, 1),
(230, 1),
(231, 1),
(232, 1),
(233, 1),
(234, 1),
(235, 1),
(236, 1),
(237, 1),
(238, 1),
(239, 1),
(240, 1),
(241, 1),
(242, 1),
(243, 1),
(244, 1),
(245, 1),
(246, 1),
(247, 1),
(248, 1),
(249, 1),
(250, 1),
(251, 1),
(252, 1),
(253, 1),
(254, 1),
(255, 1),
(256, 1),
(257, 1),
(258, 1),
(259, 1),
(260, 1),
(261, 1),
(262, 1),
(263, 1),
(264, 1),
(265, 1),
(266, 1),
(267, 1),
(268, 1),
(269, 1),
(270, 1),
(271, 1),
(272, 1),
(273, 1),
(274, 1),
(275, 1),
(276, 1),
(277, 1),
(278, 1),
(279, 1),
(280, 1),
(281, 1),
(282, 1),
(283, 1),
(284, 1),
(285, 1),
(286, 1),
(287, 1),
(288, 1),
(289, 1),
(290, 1),
(291, 1),
(292, 1),
(293, 1),
(294, 1),
(295, 1),
(296, 1),
(297, 1),
(298, 1),
(299, 1),
(300, 1),
(301, 1),
(302, 1),
(303, 1),
(304, 1),
(305, 1),
(306, 1),
(307, 1),
(308, 1),
(309, 1),
(310, 1),
(311, 1),
(312, 1),
(313, 1),
(314, 1),
(315, 1),
(316, 1),
(317, 1),
(318, 1),
(319, 1),
(320, 1),
(321, 1),
(322, 1),
(323, 1),
(324, 1),
(325, 1),
(326, 1),
(327, 1),
(328, 1),
(329, 1),
(330, 1),
(1, 2),
(5, 2),
(6, 2),
(10, 2),
(13, 2),
(16, 2),
(17, 2),
(21, 2),
(24, 2),
(27, 2),
(28, 2),
(32, 2),
(35, 2),
(38, 2),
(39, 2),
(43, 2),
(46, 2),
(49, 2),
(50, 2),
(54, 2),
(57, 2),
(60, 2),
(61, 2),
(64, 2),
(67, 2),
(68, 2),
(72, 2),
(75, 2),
(78, 2),
(79, 2),
(83, 2),
(86, 2),
(89, 2),
(90, 2),
(94, 2),
(97, 2),
(100, 2),
(101, 2),
(105, 2),
(108, 2),
(111, 2),
(112, 2),
(116, 2),
(119, 2),
(122, 2),
(123, 2),
(127, 2),
(130, 2),
(133, 2),
(134, 2),
(138, 2),
(141, 2),
(144, 2),
(145, 2),
(149, 2),
(152, 2),
(155, 2),
(156, 2),
(160, 2),
(163, 2),
(166, 2),
(167, 2),
(171, 2),
(174, 2),
(177, 2),
(178, 2),
(182, 2),
(185, 2),
(188, 2),
(189, 2),
(193, 2),
(196, 2),
(199, 2),
(200, 2),
(204, 2),
(207, 2),
(210, 2),
(211, 2),
(215, 2),
(218, 2),
(221, 2),
(222, 2),
(226, 2),
(229, 2),
(232, 2),
(233, 2),
(237, 2),
(240, 2),
(243, 2),
(244, 2),
(248, 2),
(251, 2),
(254, 2),
(255, 2),
(259, 2),
(262, 2),
(265, 2),
(266, 2),
(270, 2),
(273, 2),
(276, 2),
(277, 2),
(281, 2),
(284, 2),
(287, 2),
(288, 2),
(292, 2),
(295, 2),
(298, 2),
(299, 2),
(303, 2),
(306, 2),
(309, 2),
(310, 2),
(314, 2),
(317, 2),
(320, 2),
(321, 2),
(325, 2),
(328, 2),
(1, 3),
(16, 3),
(19, 3),
(23, 3),
(26, 3),
(60, 3),
(63, 3),
(66, 3),
(67, 3),
(70, 3),
(74, 3),
(77, 3),
(78, 3),
(81, 3),
(85, 3),
(88, 3),
(89, 3),
(92, 3),
(96, 3),
(99, 3),
(100, 3),
(103, 3),
(107, 3),
(110, 3),
(111, 3),
(114, 3),
(118, 3),
(121, 3),
(122, 3),
(125, 3),
(129, 3),
(132, 3),
(133, 3),
(136, 3),
(140, 3),
(143, 3),
(144, 3),
(147, 3),
(151, 3),
(154, 3),
(155, 3),
(158, 3),
(162, 3),
(165, 3),
(166, 3),
(169, 3),
(173, 3),
(176, 3),
(177, 3),
(180, 3),
(184, 3),
(187, 3),
(188, 3),
(191, 3),
(195, 3),
(198, 3),
(199, 3),
(202, 3),
(206, 3),
(209, 3),
(243, 3),
(246, 3),
(250, 3),
(253, 3),
(1, 4),
(5, 4),
(7, 4),
(11, 4),
(14, 4),
(16, 4),
(18, 4),
(22, 4),
(25, 4),
(27, 4),
(29, 4),
(33, 4),
(36, 4),
(38, 4),
(40, 4),
(44, 4),
(47, 4),
(49, 4),
(51, 4),
(55, 4),
(58, 4),
(60, 4),
(62, 4),
(65, 4),
(67, 4),
(69, 4),
(73, 4),
(76, 4),
(78, 4),
(80, 4),
(84, 4),
(87, 4),
(89, 4),
(91, 4),
(95, 4),
(98, 4),
(100, 4),
(102, 4),
(106, 4),
(109, 4),
(111, 4),
(113, 4),
(117, 4),
(120, 4),
(122, 4),
(124, 4),
(128, 4),
(131, 4),
(133, 4),
(135, 4),
(139, 4),
(142, 4),
(144, 4),
(146, 4),
(150, 4),
(153, 4),
(155, 4),
(157, 4),
(161, 4),
(164, 4),
(166, 4),
(168, 4),
(172, 4),
(175, 4),
(177, 4),
(179, 4),
(183, 4),
(186, 4),
(188, 4),
(190, 4),
(194, 4),
(197, 4),
(199, 4),
(201, 4),
(205, 4),
(208, 4),
(210, 4),
(212, 4),
(216, 4),
(219, 4),
(221, 4),
(223, 4),
(227, 4),
(230, 4),
(232, 4),
(234, 4),
(238, 4),
(241, 4),
(243, 4),
(245, 4),
(249, 4),
(252, 4),
(254, 4),
(256, 4),
(260, 4),
(263, 4),
(265, 4),
(267, 4),
(271, 4),
(274, 4),
(276, 4),
(278, 4),
(282, 4),
(285, 4),
(287, 4),
(289, 4),
(293, 4),
(296, 4),
(298, 4),
(300, 4),
(304, 4),
(307, 4),
(309, 4),
(311, 4),
(315, 4),
(318, 4),
(320, 4),
(322, 4),
(326, 4),
(329, 4),
(1, 5),
(5, 5),
(9, 5),
(16, 5),
(20, 5),
(27, 5),
(31, 5),
(38, 5),
(42, 5),
(49, 5),
(53, 5),
(60, 5),
(67, 5),
(71, 5),
(78, 5),
(82, 5),
(89, 5),
(93, 5),
(100, 5),
(104, 5),
(111, 5),
(115, 5),
(122, 5),
(126, 5),
(133, 5),
(137, 5),
(144, 5),
(148, 5),
(155, 5),
(159, 5),
(166, 5),
(170, 5),
(177, 5),
(181, 5),
(188, 5),
(192, 5),
(199, 5),
(203, 5),
(210, 5),
(214, 5),
(221, 5),
(225, 5),
(232, 5),
(236, 5),
(243, 5),
(247, 5),
(254, 5),
(258, 5),
(265, 5),
(269, 5),
(276, 5),
(280, 5),
(287, 5),
(291, 5),
(298, 5),
(302, 5),
(309, 5),
(313, 5),
(320, 5),
(324, 5);

-- --------------------------------------------------------

--
-- بنية الجدول `services`
--

CREATE TABLE `services` (
  `id` bigint(20) UNSIGNED NOT NULL,
  `name` varchar(255) NOT NULL,
  `description` text DEFAULT NULL,
  `default_price` decimal(15,2) NOT NULL DEFAULT 0.00,
  `period_unit` varchar(255) NOT NULL DEFAULT 'month',
  `period_value` int(11) NOT NULL DEFAULT 1,
  `company_id` bigint(20) UNSIGNED NOT NULL,
  `created_by` bigint(20) UNSIGNED NOT NULL,
  `created_at` timestamp NULL DEFAULT NULL,
  `updated_at` timestamp NULL DEFAULT NULL
) ENGINE=InnoDB DEFAULT CHARSET=utf8mb4 COLLATE=utf8mb4_unicode_ci;

-- --------------------------------------------------------

--
-- بنية الجدول `sessions`
--

CREATE TABLE `sessions` (
  `id` varchar(255) NOT NULL,
  `user_id` bigint(20) UNSIGNED DEFAULT NULL,
  `ip_address` varchar(45) DEFAULT NULL,
  `user_agent` text DEFAULT NULL,
  `payload` longtext NOT NULL,
  `last_activity` int(11) NOT NULL
) ENGINE=InnoDB DEFAULT CHARSET=utf8mb4 COLLATE=utf8mb4_unicode_ci;

--
-- إرجاع أو استيراد بيانات الجدول `sessions`
--

INSERT INTO `sessions` (`id`, `user_id`, `ip_address`, `user_agent`, `payload`, `last_activity`) VALUES
('1zEGVV6vKqCPbKCX86Olj5UwsRkuDyac4j7csyZG', NULL, '2a02:4780:8:e::45', 'Go-http-client/2.0', 'YToyOntzOjY6Il90b2tlbiI7czo0MDoidlhEM0kyVmpaelRNNDh2VEYwT0U3N0I4bXZSWWs5SW9PZlNBbm5kZyI7czo2OiJfZmxhc2giO2E6Mjp7czozOiJvbGQiO2E6MDp7fXM6MzoibmV3IjthOjA6e319fQ==', 1770776113),
('7fObUznZyVIAc7OuiCR0lAd1Woc9TBJQg6mxwv0X', NULL, '2a02:4780:8:e::45', 'Go-http-client/2.0', 'YToyOntzOjY6Il90b2tlbiI7czo0MDoibGxIb0xqTFpnT3UzVXJsVW5OazY0NWMwNFFUWjc5ZmhUNEtWVnk5MSI7czo2OiJfZmxhc2giO2E6Mjp7czozOiJvbGQiO2E6MDp7fXM6MzoibmV3IjthOjA6e319fQ==', 1770605840),
('9u8BoKwvMFZ6RM3QgbUruCO8XLn9LOG6oxa34jdW', NULL, '2a02:4780:8:e::45', 'Go-http-client/2.0', 'YToyOntzOjY6Il90b2tlbiI7czo0MDoicDk2bFhGaDlNREo2N2pkdDQ0V3JQWnJrM3d6cmF0UkdLSnVERllMSCI7czo2OiJfZmxhc2giO2E6Mjp7czozOiJvbGQiO2E6MDp7fXM6MzoibmV3IjthOjA6e319fQ==', 1770437581),
('C9XvoVRBJrHgMpAfhKhV0FjKp6I8bOPsxl5nmdno', NULL, '2a02:4780:8:e::45', 'Go-http-client/2.0', 'YToyOntzOjY6Il90b2tlbiI7czo0MDoiMld4V0xHQTZGUDVlSDk5RlN5SnhITHA1T2E0dVZ0UFpuR1hhSkVtayI7czo2OiJfZmxhc2giO2E6Mjp7czozOiJvbGQiO2E6MDp7fXM6MzoibmV3IjthOjA6e319fQ==', 1770348879),
('EAfE6GTfco8pkHh9WshrQDDT7W3uzo6DxugOchLT', NULL, '159.89.85.250', 'Mozilla/5.0 (X11; Linux x86_64; rv:142.0) Gecko/20100101 Firefox/142.0', 'YTozOntzOjY6Il90b2tlbiI7czo0MDoiOFVET1d5TDQ3ZTNLRnNmNHd5UXpUNU5MNHExbHdHdE81dVBWV0N6QSI7czo5OiJfcHJldmlvdXMiO2E6MTp7czozOiJ1cmwiO3M6MjY6Imh0dHBzOi8vYmlsbC1hcGkuaHduaXguY29tIjt9czo2OiJfZmxhc2giO2E6Mjp7czozOiJvbGQiO2E6MDp7fXM6MzoibmV3IjthOjA6e319fQ==', 1770906106),
('HB7tn2JkouIoJFojaSyFp6kIfAvT9d5y2gZtShVz', NULL, '35.222.4.120', 'Mozilla/5.0 (compatible; CMS-Checker/1.0; +https://example.com)', 'YTozOntzOjY6Il90b2tlbiI7czo0MDoick10S2UzdTN4Q2cxN0JQREVxZlMwM1BmbXlub0Fqb0lwa2tmZXZRNSI7czo5OiJfcHJldmlvdXMiO2E6MTp7czozOiJ1cmwiO3M6MjY6Imh0dHBzOi8vYmlsbC1hcGkuaHduaXguY29tIjt9czo2OiJfZmxhc2giO2E6Mjp7czozOiJvbGQiO2E6MDp7fXM6MzoibmV3IjthOjA6e319fQ==', 1770821562),
('IMB1jv11JLeK7AMfnwQpnvlcW63CgdOnClabvohI', NULL, '2a02:4780:8:e::45', 'Go-http-client/2.0', 'YToyOntzOjY6Il90b2tlbiI7czo0MDoiUFN5SGVSQTBFTm12VXhtSkNtbEJOd0NkVjVIZWxpVFczZUF2NkNEOSI7czo2OiJfZmxhc2giO2E6Mjp7czozOiJvbGQiO2E6MDp7fXM6MzoibmV3IjthOjA6e319fQ==', 1770265904),
('IVm3jfEYidOTLDRInQunmvaiFwuyaCKdy2xTc86t', NULL, '54.74.42.1', 'Mozilla/5.0 (compatible; NetcraftSurveyAgent/1.0; +info@netcraft.com)', 'YTozOntzOjY6Il90b2tlbiI7czo0MDoiY3NPeVVsZlowdW8xYm1yblZCM2ZKYndyc0lycmJ1WHVpbDJxaXA5dCI7czo5OiJfcHJldmlvdXMiO2E6MTp7czozOiJ1cmwiO3M6MjY6Imh0dHBzOi8vYmlsbC1hcGkuaHduaXguY29tIjt9czo2OiJfZmxhc2giO2E6Mjp7czozOiJvbGQiO2E6MDp7fXM6MzoibmV3IjthOjA6e319fQ==', 1770657933),
('JaoDZJiH43zxWwo0zs4myxR0l4i9z0I4dREUXkF7', NULL, '34.27.136.8', 'Mozilla/5.0 (compatible; CMS-Checker/1.0; +https://example.com)', 'YTozOntzOjY6Il90b2tlbiI7czo0MDoib3Jnb1VqdkxqYUV5Qmk2a005amZJRmJiRm5LWmxqVVJDeEdpWm9WeSI7czo5OiJfcHJldmlvdXMiO2E6MTp7czozOiJ1cmwiO3M6MjY6Imh0dHBzOi8vYmlsbC1hcGkuaHduaXguY29tIjt9czo2OiJfZmxhc2giO2E6Mjp7czozOiJvbGQiO2E6MDp7fXM6MzoibmV3IjthOjA6e319fQ==', 1770733871),
('rwBqwMePhBI5f9fZws7ZfTx51ybFxPEMa65ZswR7', NULL, '2a02:4780:8:e::45', 'Go-http-client/2.0', 'YToyOntzOjY6Il90b2tlbiI7czo0MDoic2tnbVFXc2NHZjZFOTVMbmpCYkFLMnU5YW5xTVVJYVpxejJ4MjQxMiI7czo2OiJfZmxhc2giO2E6Mjp7czozOiJvbGQiO2E6MDp7fXM6MzoibmV3IjthOjA6e319fQ==', 1770513795),
('TegCLLx0yoDIMqOkJMzJcuOEtAaQxYBUrjl5FOFt', NULL, '2a02:4780:8:e::45', 'Go-http-client/2.0', 'YToyOntzOjY6Il90b2tlbiI7czo0MDoiQlFHNUhMdWVWV2tPMWNSb0JRSFJzTnJMWWJ2dnlzVGR2cDVQMWJZNiI7czo2OiJfZmxhc2giO2E6Mjp7czozOiJvbGQiO2E6MDp7fXM6MzoibmV3IjthOjA6e319fQ==', 1770863721),
('vMf98co8GesMylHxg0tcDXF3PzhpyOGGSGn05aRU', NULL, '35.87.229.255', 'Mozilla/5.0 (compatible; wpbot/1.4; +https://forms.gle/ajBaxygz9jSR8p8G9)', 'YTozOntzOjY6Il90b2tlbiI7czo0MDoiTlNSODhuMGR5ZndaWDIyM2lBcTBpUG1FenRVYkxCWTQ4NnZ0eU1JdyI7czo5OiJfcHJldmlvdXMiO2E6MTp7czozOiJ1cmwiO3M6MjY6Imh0dHBzOi8vYmlsbC1hcGkuaHduaXguY29tIjt9czo2OiJfZmxhc2giO2E6Mjp7czozOiJvbGQiO2E6MDp7fXM6MzoibmV3IjthOjA6e319fQ==', 1770698621),
('YI6NzKImlX5oXA28VyUonTzkMZPmxrcBE5L0s7Tk', NULL, '2a02:4780:8:e::45', 'Go-http-client/2.0', 'YToyOntzOjY6Il90b2tlbiI7czo0MDoiSWx6OTZJamhnTlBJV0U2aEJnNmJLTWNkNzhCSDdXSkJSRzgzSFg0SiI7czo2OiJfZmxhc2giO2E6Mjp7czozOiJvbGQiO2E6MDp7fXM6MzoibmV3IjthOjA6e319fQ==', 1770686655);

-- --------------------------------------------------------

--
-- بنية الجدول `stats_products_summary`
--

CREATE TABLE `stats_products_summary` (
  `id` bigint(20) UNSIGNED NOT NULL,
  `product_id` bigint(20) UNSIGNED NOT NULL,
  `company_id` bigint(20) UNSIGNED NOT NULL,
  `total_sold_quantity` decimal(15,2) NOT NULL DEFAULT 0.00,
  `total_revenue` decimal(15,2) NOT NULL DEFAULT 0.00,
  `total_profit` decimal(15,2) NOT NULL DEFAULT 0.00,
  `total_orders_count` bigint(20) UNSIGNED NOT NULL DEFAULT 0,
  `last_sold_at` timestamp NULL DEFAULT NULL,
  `created_at` timestamp NULL DEFAULT NULL,
  `updated_at` timestamp NULL DEFAULT NULL
) ENGINE=InnoDB DEFAULT CHARSET=utf8mb4 COLLATE=utf8mb4_unicode_ci;

-- --------------------------------------------------------

--
-- بنية الجدول `stats_users_summary`
--

CREATE TABLE `stats_users_summary` (
  `id` bigint(20) UNSIGNED NOT NULL,
  `user_id` bigint(20) UNSIGNED NOT NULL,
  `company_id` bigint(20) UNSIGNED NOT NULL,
  `total_spent` decimal(15,2) NOT NULL DEFAULT 0.00,
  `orders_count` bigint(20) UNSIGNED NOT NULL DEFAULT 0,
  `favorite_category_id` bigint(20) UNSIGNED DEFAULT NULL,
  `rfm_score` decimal(8,2) NOT NULL DEFAULT 0.00 COMMENT 'Recency, Frequency, Monetary Score',
  `last_order_at` timestamp NULL DEFAULT NULL,
  `created_at` timestamp NULL DEFAULT NULL,
  `updated_at` timestamp NULL DEFAULT NULL
) ENGINE=InnoDB DEFAULT CHARSET=utf8mb4 COLLATE=utf8mb4_unicode_ci;

-- --------------------------------------------------------

--
-- بنية الجدول `stats_user_product_matrix`
--

CREATE TABLE `stats_user_product_matrix` (
  `id` bigint(20) UNSIGNED NOT NULL,
  `user_id` bigint(20) UNSIGNED NOT NULL,
  `product_id` bigint(20) UNSIGNED NOT NULL,
  `company_id` bigint(20) UNSIGNED NOT NULL,
  `total_quantity` decimal(15,2) NOT NULL DEFAULT 0.00,
  `total_spent` decimal(15,2) NOT NULL DEFAULT 0.00,
  `purchase_count` bigint(20) UNSIGNED NOT NULL DEFAULT 0,
  `last_purchased_at` timestamp NULL DEFAULT NULL,
  `created_at` timestamp NULL DEFAULT NULL,
  `updated_at` timestamp NULL DEFAULT NULL
) ENGINE=InnoDB DEFAULT CHARSET=utf8mb4 COLLATE=utf8mb4_unicode_ci;

-- --------------------------------------------------------

--
-- بنية الجدول `stocks`
--

CREATE TABLE `stocks` (
  `id` bigint(20) UNSIGNED NOT NULL,
  `quantity` int(11) NOT NULL DEFAULT 0,
  `reserved` int(11) NOT NULL DEFAULT 0,
  `min_quantity` int(11) NOT NULL DEFAULT 0,
  `cost` decimal(10,2) DEFAULT NULL,
  `batch` varchar(255) DEFAULT NULL,
  `expiry` date DEFAULT NULL,
  `loc` varchar(255) DEFAULT NULL,
  `status` enum('available','unavailable','expired') NOT NULL DEFAULT 'available',
  `variant_id` bigint(20) UNSIGNED NOT NULL,
  `warehouse_id` bigint(20) UNSIGNED NOT NULL,
  `company_id` bigint(20) UNSIGNED NOT NULL,
  `created_by` bigint(20) UNSIGNED NOT NULL,
  `updated_by` bigint(20) UNSIGNED DEFAULT NULL,
  `created_at` timestamp NULL DEFAULT NULL,
  `updated_at` timestamp NULL DEFAULT NULL
) ENGINE=InnoDB DEFAULT CHARSET=utf8mb4 COLLATE=utf8mb4_unicode_ci;

--
-- إرجاع أو استيراد بيانات الجدول `stocks`
--

INSERT INTO `stocks` (`id`, `quantity`, `reserved`, `min_quantity`, `cost`, `batch`, `expiry`, `loc`, `status`, `variant_id`, `warehouse_id`, `company_id`, `created_by`, `updated_by`, `created_at`, `updated_at`) VALUES
(1, 100, 5, 10, 50.00, 'BATCH-686E0916271BD', '2026-01-09', 'رف-أ', 'available', 1, 1, 1, 1, NULL, '2025-07-09 06:15:50', '2025-09-15 12:03:00'),
(2, 100, 5, 10, 50.00, 'BATCH-686E09162855E', '2026-01-09', 'رف-أ', 'available', 2, 1, 1, 1, NULL, '2025-07-09 06:15:50', '2025-09-15 12:03:00'),
(4, 0, 0, 0, 12000.00, 'B-20250711-6983', NULL, NULL, 'available', 4, 2, 2, 5, 5, '2025-07-11 08:52:26', '2025-07-11 10:49:13'),
(5, 0, 0, 0, 5000.00, 'B-20250711-7132', NULL, NULL, 'available', 5, 2, 2, 5, NULL, '2025-07-11 11:44:22', '2025-07-11 11:50:15'),
(6, 0, 0, 0, 4500.00, 'B-20250711-7260', NULL, NULL, 'available', 6, 2, 2, 5, NULL, '2025-07-11 14:03:48', '2025-08-26 09:46:40'),
(7, 0, 0, 0, 8500.00, 'B-20250711-9885', NULL, NULL, 'available', 7, 2, 2, 5, 5, '2025-07-11 14:06:14', '2025-08-26 09:46:40'),
(8, 1, 0, 0, 4600.00, 'B-20250711-8578', NULL, NULL, 'available', 8, 2, 2, 5, 5, '2025-07-11 18:58:44', '2025-08-26 09:09:38'),
(9, 4, 0, 0, 118.00, 'B-20250712-8090', NULL, NULL, 'available', 9, 5, 10, 5, NULL, '2025-07-12 08:51:07', '2025-07-12 08:51:07'),
(10, 5, 0, 0, 31.00, 'B-20250712-7071', NULL, NULL, 'available', 10, 5, 10, 5, NULL, '2025-07-12 08:54:19', '2025-07-12 11:15:22'),
(11, 3, 0, 0, 48.50, 'B-20250712-3501', NULL, NULL, 'available', 11, 5, 10, 5, NULL, '2025-07-12 08:58:41', '2025-07-12 08:58:41'),
(12, 6, 0, 0, 6.00, 'B-20250712-4482', NULL, NULL, 'available', 12, 5, 10, 5, NULL, '2025-07-12 09:09:21', '2025-07-12 09:09:21'),
(13, 24, 0, 0, 23.50, 'B-20250712-3906', NULL, NULL, 'available', 13, 5, 10, 5, NULL, '2025-07-12 09:12:18', '2025-07-12 09:12:18'),
(14, 20, 0, 0, 12.75, 'B-20250712-6188', NULL, NULL, 'available', 14, 5, 10, 5, NULL, '2025-07-12 09:20:29', '2025-07-12 09:20:29'),
(15, 95, 0, 0, 4900.00, 'B-20250716-4243', NULL, 'في الشارع', 'available', 15, 3, 3, 6, 6, '2025-07-16 19:30:15', '2025-07-29 15:57:34'),
(16, 8, 0, 0, 30.00, 'B-20250719-9728', NULL, NULL, 'available', 16, 3, 3, 6, NULL, '2025-07-19 17:24:39', '2025-07-19 17:28:34'),
(17, 0, 0, 0, 11200.00, 'B-20250722-9197', NULL, NULL, 'available', 17, 2, 2, 5, NULL, '2025-07-22 09:18:43', '2025-07-22 09:18:43'),
(18, 0, 0, 0, 11400.00, 'B-20250723-3554', NULL, NULL, 'available', 18, 2, 2, 5, 5, '2025-07-23 19:50:12', '2025-07-30 06:48:39'),
(19, 2, 0, 0, 1200.00, 'B-20250724-9703', NULL, NULL, 'available', 19, 2, 2, 5, NULL, '2025-07-24 19:26:44', '2025-07-24 19:26:44'),
(20, 0, 0, 0, 2100.00, 'B-20250724-6229', NULL, NULL, 'available', 20, 2, 2, 5, NULL, '2025-07-24 19:37:59', '2025-07-30 06:30:48'),
(21, 0, 0, 0, 0.00, 'B-20250724-7023', NULL, NULL, 'available', 21, 4, 9, 15, 15, '2025-07-24 20:04:03', '2025-07-24 20:07:09'),
(22, 0, 0, 0, 0.00, 'B-20250724-3221', NULL, NULL, 'available', 22, 4, 9, 15, 15, '2025-07-24 20:10:00', '2025-07-24 20:10:00'),
(23, 0, 0, 0, 0.00, 'B-20250724-2851', NULL, NULL, 'available', 23, 4, 9, 15, NULL, '2025-07-24 20:15:26', '2025-07-24 20:15:26'),
(24, 0, 0, 0, 0.00, 'B-20250724-5686', NULL, NULL, 'available', 24, 4, 9, 15, NULL, '2025-07-24 20:15:26', '2025-07-24 20:15:26'),
(25, 0, 0, 0, 3899.00, 'B-20250728-6488', NULL, NULL, 'available', 25, 2, 2, 5, NULL, '2025-07-28 12:15:43', '2025-07-30 06:39:39'),
(26, 0, 0, 0, 0.00, 'B-20250809-2367', NULL, NULL, 'available', 26, 4, 9, 15, NULL, '2025-08-09 08:24:14', '2025-08-09 08:24:14'),
(27, 0, 0, 0, 7700.00, 'B-20250816-6023', NULL, NULL, 'available', 27, 2, 2, 5, NULL, '2025-08-16 21:16:25', '2025-10-20 17:37:21'),
(28, 0, 0, 0, 1650.00, 'B-20250816-1375', NULL, NULL, 'available', 28, 2, 2, 5, NULL, '2025-08-16 21:18:26', '2025-10-20 17:37:21'),
(29, 0, 0, 0, 1500.00, 'B-20250816-2673', NULL, NULL, 'available', 29, 2, 2, 5, NULL, '2025-08-16 21:19:57', '2025-10-20 17:37:21'),
(30, 0, 0, 0, 1900.00, 'B-20250916-5596', NULL, NULL, 'available', 30, 2, 2, 5, 5, '2025-09-16 06:13:24', '2025-12-04 19:22:28'),
(31, 1, 0, 0, 1900.00, 'B-20250916-6537', NULL, NULL, 'available', 31, 2, 2, 5, 5, '2025-09-16 06:13:24', '2025-09-16 06:25:25'),
(32, 0, 0, 0, 3600.00, 'B-20250916-3292', NULL, NULL, 'available', 32, 2, 2, 5, NULL, '2025-09-16 06:23:48', '2025-10-20 17:37:21'),
(33, 1, 0, 0, 3600.00, 'B-20250916-2504', NULL, NULL, 'available', 33, 2, 2, 5, NULL, '2025-09-16 06:23:48', '2025-09-16 06:23:48'),
(36, 2, 0, 0, 2840.00, 'B-20250918-8720', NULL, NULL, 'available', 36, 6, 12, 5, NULL, '2025-09-18 09:15:48', '2025-09-22 09:04:23'),
(37, 1, 0, 0, 2840.00, 'B-20250918-2726', NULL, NULL, 'available', 37, 6, 12, 5, NULL, '2025-09-18 09:15:48', '2025-09-18 09:15:48'),
(38, 2, 0, 0, 2540.00, 'B-20250918-4364', NULL, NULL, 'available', 38, 6, 12, 5, NULL, '2025-09-18 09:46:43', '2025-09-22 09:04:23'),
(39, 1, 0, 0, 12500.00, 'B-20250918-1157', NULL, NULL, 'available', 39, 2, 2, 5, NULL, '2025-09-18 18:19:02', '2025-09-18 18:19:02'),
(40, 2, 0, 0, 2850.00, 'B-20250922-5288', NULL, NULL, 'available', 40, 6, 12, 5, 5, '2025-09-22 07:42:46', '2025-09-22 09:04:23'),
(41, 2, 0, 0, 2600.00, 'B-20250922-1207', NULL, NULL, 'available', 41, 6, 12, 5, NULL, '2025-09-22 07:53:28', '2025-09-22 09:04:23'),
(42, 2, 0, 0, 2630.00, 'B-20250922-9167', NULL, NULL, 'available', 42, 6, 12, 5, NULL, '2025-09-22 07:58:16', '2025-09-22 09:04:23'),
(43, 3, 0, 0, 4820.00, 'B-20250922-3823', NULL, NULL, 'available', 43, 6, 12, 5, NULL, '2025-09-22 08:01:01', '2025-09-22 09:04:23'),
(44, 13, 0, 0, 38.00, 'B-20250922-6181', NULL, NULL, 'available', 44, 6, 12, 5, NULL, '2025-09-22 08:05:20', '2025-09-22 09:04:23'),
(45, 4, 0, 0, 245.00, 'B-20250922-7095', NULL, NULL, 'available', 45, 6, 12, 5, NULL, '2025-09-22 08:09:40', '2025-09-22 09:04:23'),
(46, 2, 0, 0, 265.00, 'B-20250922-1526', NULL, NULL, 'available', 46, 6, 12, 5, NULL, '2025-09-22 08:13:15', '2025-09-22 09:04:23'),
(47, 8, 0, 0, 11.50, 'B-20250922-1079', NULL, NULL, 'available', 47, 6, 12, 5, NULL, '2025-09-22 08:14:38', '2025-09-22 09:04:23'),
(48, 7, 0, 0, 43.00, 'B-20250922-3720', NULL, NULL, 'available', 48, 6, 12, 5, NULL, '2025-09-22 08:16:27', '2025-09-22 19:44:10'),
(49, 6, 0, 0, 2590.00, 'B-20250922-5650', NULL, NULL, 'available', 49, 6, 12, 5, NULL, '2025-09-22 08:22:07', '2025-09-22 19:44:10'),
(50, 10, 0, 0, 0.00, 'B-20250922-8074', NULL, NULL, 'available', 50, 6, 12, 5, 5, '2025-09-22 19:49:27', '2025-09-22 19:53:28'),
(51, 0, 0, 0, 2710.00, 'B-20251003-2816', NULL, NULL, 'available', 51, 2, 2, 5, NULL, '2025-10-03 08:19:20', '2025-10-03 08:23:06'),
(52, 1, 0, 0, 3500.00, 'B-20251008-6986', NULL, NULL, 'available', 52, 2, 2, 5, 5, '2025-10-08 15:57:58', '2025-10-08 18:01:38'),
(53, 1, 0, 0, 290.00, 'B-20251008-8374', NULL, NULL, 'available', 53, 2, 2, 5, 5, '2025-10-08 18:03:48', '2025-10-08 18:04:20'),
(54, 1, 0, 0, 520.00, 'B-20251008-8590', NULL, NULL, 'available', 54, 2, 2, 5, NULL, '2025-10-08 18:05:57', '2025-10-08 18:05:57'),
(55, 5, 0, 0, 20.00, 'B-20251008-9360', NULL, NULL, 'available', 55, 2, 2, 5, NULL, '2025-10-08 18:07:23', '2025-10-08 18:07:23'),
(56, 2, 0, 0, 88.00, 'B-20251008-4017', NULL, NULL, 'available', 56, 2, 2, 5, NULL, '2025-10-08 18:09:44', '2025-10-08 18:09:44'),
(57, 20, 0, 0, 20.00, 'B-20251008-6840', NULL, NULL, 'available', 57, 2, 2, 5, NULL, '2025-10-08 18:14:20', '2025-10-08 18:14:20'),
(58, 1, 0, 0, 1750.00, 'B-20251012-5181', NULL, NULL, 'available', 58, 2, 2, 5, NULL, '2025-10-12 18:25:44', '2025-10-12 18:25:44'),
(59, 1, 0, 0, 850.00, 'B-20251012-9555', NULL, NULL, 'available', 59, 2, 2, 5, NULL, '2025-10-12 18:29:03', '2025-10-12 18:29:03'),
(63, 0, 0, 0, 0.00, 'B-20251130-6277', NULL, NULL, 'available', 63, 2, 2, 5, NULL, '2025-11-30 22:00:49', '2025-11-30 22:00:49'),
(64, 0, 0, 0, 1750.00, 'B-20251130-3661', NULL, NULL, 'available', 64, 2, 2, 5, NULL, '2025-11-30 22:03:17', '2025-12-07 21:40:16'),
(65, 1, 0, 0, 3200.00, 'B-20251203-9383', NULL, NULL, 'available', 65, 2, 2, 5, NULL, '2025-12-03 20:05:25', '2025-12-03 20:05:25'),
(66, 0, 0, 0, 1100.00, 'B-20251203-1949', NULL, NULL, 'available', 66, 2, 2, 5, NULL, '2025-12-03 20:08:28', '2026-01-06 19:36:47'),
(68, 0, 0, 0, 2600.00, 'B-20251203-9106', NULL, NULL, 'available', 68, 2, 2, 5, NULL, '2025-12-03 20:34:01', '2025-12-07 21:41:29'),
(69, 0, 0, 0, 3250.00, 'B-20251203-8668', NULL, NULL, 'available', 69, 2, 2, 5, NULL, '2025-12-03 20:37:13', '2025-12-07 21:41:29'),
(71, 0, 0, 0, 32000.00, 'B-20251203-9672', NULL, NULL, 'available', 71, 2, 2, 5, 5, '2025-12-03 20:49:24', '2025-12-08 17:05:33'),
(72, 1, 0, 0, 3200.00, 'B-20251203-1481', NULL, NULL, 'available', 72, 2, 2, 5, NULL, '2025-12-03 20:53:08', '2025-12-07 21:51:57'),
(74, 1, 0, 0, 4400.00, 'B-20251213-8796', NULL, NULL, 'available', 74, 2, 2, 5, 5, '2025-12-13 16:49:54', '2025-12-13 16:49:54'),
(75, 1, 0, 0, 9000.00, 'B-20251214-4180', NULL, NULL, 'available', 75, 2, 2, 5, NULL, '2025-12-14 10:59:43', '2025-12-14 10:59:43'),
(76, 0, 0, 0, 930.00, 'B-20260104-5159', NULL, NULL, 'available', 76, 2, 2, 5, NULL, '2026-01-04 17:02:34', '2026-01-04 17:06:51'),
(77, 0, 0, 0, 330.00, 'B-20260104-6091', NULL, NULL, 'available', 77, 2, 2, 5, NULL, '2026-01-04 17:05:07', '2026-01-04 17:06:51'),
(78, 0, 0, 0, 2630.00, 'B-20260105-7405', NULL, NULL, 'available', 78, 2, 2, 5, NULL, '2026-01-05 21:13:28', '2026-01-05 21:15:12'),
(79, 1, 0, 0, 10000.00, 'B-20260111-6009', NULL, NULL, 'available', 79, 2, 2, 5, 5, '2026-01-11 09:45:59', '2026-01-13 20:00:24'),
(80, 0, 0, 0, 8100.00, 'B-20260111-8122', NULL, NULL, 'available', 80, 2, 2, 5, 5, '2026-01-11 12:23:57', '2026-01-13 20:00:24'),
(81, 1, 0, 0, 450.00, 'B-20260111-3877', NULL, NULL, 'available', 81, 2, 2, 5, 5, '2026-01-11 12:55:31', '2026-01-11 13:04:26'),
(82, 1, 0, 0, 450.00, 'B-20260111-1781', NULL, NULL, 'available', 82, 2, 2, 5, 5, '2026-01-11 12:58:55', '2026-01-11 13:12:46'),
(83, 0, 0, 0, 2800.00, 'B-20260129-4381', NULL, NULL, 'available', 83, 2, 2, 5, NULL, '2026-01-29 17:26:04', '2026-01-29 17:50:24'),
(84, 0, 0, 0, 0.00, 'B-20260129-4625', NULL, NULL, 'available', 84, 2, 2, 5, NULL, '2026-01-29 17:26:04', '2026-01-29 17:26:04'),
(85, 1, 0, 0, 14000.00, 'B-20260130-7565', NULL, NULL, 'available', 85, 2, 2, 5, NULL, '2026-01-30 19:48:14', '2026-01-30 19:48:14'),
(86, 1, 0, 0, 2800.00, 'B-20260201-8874', NULL, NULL, 'available', 86, 2, 2, 5, NULL, '2026-02-01 13:24:35', '2026-02-01 13:24:35'),
(87, 1, 0, 0, NULL, 'B-20260212-2912', NULL, NULL, 'available', 87, 2, 2, 5, NULL, '2026-02-12 09:12:40', '2026-02-12 09:12:40'),
(88, 0, 0, 0, NULL, 'B-20260212-2297', NULL, NULL, 'available', 88, 2, 2, 5, NULL, '2026-02-12 09:12:40', '2026-02-12 09:12:40'),
(89, 1, 0, 0, NULL, 'B-20260212-1400', NULL, NULL, 'available', 89, 5, 10, 5, NULL, '2026-02-12 10:05:59', '2026-02-12 10:05:59');

-- --------------------------------------------------------

--
-- بنية الجدول `subscriptions`
--

CREATE TABLE `subscriptions` (
  `id` bigint(20) UNSIGNED NOT NULL,
  `user_id` bigint(20) UNSIGNED NOT NULL,
  `service_id` bigint(20) UNSIGNED DEFAULT NULL,
  `plan_id` bigint(20) UNSIGNED DEFAULT NULL,
  `unique_identifier` varchar(255) DEFAULT NULL,
  `company_id` bigint(20) UNSIGNED NOT NULL,
  `created_by` bigint(20) UNSIGNED NOT NULL,
  `start_date` date NOT NULL,
  `starts_at` datetime DEFAULT NULL,
  `next_billing_date` date NOT NULL,
  `ends_at` datetime DEFAULT NULL,
  `billing_cycle` varchar(255) NOT NULL,
  `price` decimal(15,2) NOT NULL,
  `partial_payment` decimal(15,2) NOT NULL DEFAULT 0.00,
  `status` varchar(255) NOT NULL,
  `auto_renew` tinyint(1) NOT NULL DEFAULT 1,
  `renewal_type` varchar(255) NOT NULL DEFAULT 'manual',
  `notes` text DEFAULT NULL,
  `created_at` timestamp NULL DEFAULT NULL,
  `updated_at` timestamp NULL DEFAULT NULL
) ENGINE=InnoDB DEFAULT CHARSET=utf8mb4 COLLATE=utf8mb4_unicode_ci;

-- --------------------------------------------------------

--
-- بنية الجدول `subscription_payments`
--

CREATE TABLE `subscription_payments` (
  `id` bigint(20) UNSIGNED NOT NULL,
  `subscription_id` bigint(20) UNSIGNED NOT NULL,
  `company_id` bigint(20) UNSIGNED NOT NULL,
  `user_id` bigint(20) UNSIGNED NOT NULL,
  `created_by` bigint(20) UNSIGNED NOT NULL,
  `amount` decimal(15,2) NOT NULL,
  `partial_payment_before` decimal(15,2) NOT NULL,
  `partial_payment_after` decimal(15,2) NOT NULL,
  `payment_date` datetime NOT NULL,
  `payment_method_id` bigint(20) UNSIGNED DEFAULT NULL,
  `cash_box_id` bigint(20) UNSIGNED DEFAULT NULL,
  `notes` text DEFAULT NULL,
  `created_at` timestamp NULL DEFAULT NULL,
  `updated_at` timestamp NULL DEFAULT NULL
) ENGINE=InnoDB DEFAULT CHARSET=utf8mb4 COLLATE=utf8mb4_unicode_ci;

-- --------------------------------------------------------

--
-- بنية الجدول `tasks`
--

CREATE TABLE `tasks` (
  `id` bigint(20) UNSIGNED NOT NULL,
  `company_id` bigint(20) UNSIGNED NOT NULL,
  `title` varchar(255) NOT NULL,
  `description` text DEFAULT NULL,
  `priority` enum('urgent','high','medium','low') NOT NULL DEFAULT 'medium',
  `status` enum('pending','doing','review','completed','cancelled') NOT NULL DEFAULT 'pending',
  `deadline` datetime DEFAULT NULL,
  `progress` int(11) NOT NULL DEFAULT 0,
  `created_by` bigint(20) UNSIGNED NOT NULL,
  `created_at` timestamp NULL DEFAULT NULL,
  `updated_at` timestamp NULL DEFAULT NULL,
  `deleted_at` timestamp NULL DEFAULT NULL
) ENGINE=InnoDB DEFAULT CHARSET=utf8mb4 COLLATE=utf8mb4_unicode_ci;

-- --------------------------------------------------------

--
-- بنية الجدول `task_activities`
--

CREATE TABLE `task_activities` (
  `id` bigint(20) UNSIGNED NOT NULL,
  `task_id` bigint(20) UNSIGNED NOT NULL,
  `user_id` bigint(20) UNSIGNED NOT NULL,
  `type` varchar(255) NOT NULL,
  `content` text DEFAULT NULL,
  `metadata` longtext CHARACTER SET utf8mb4 COLLATE utf8mb4_bin DEFAULT NULL CHECK (json_valid(`metadata`)),
  `created_at` timestamp NULL DEFAULT NULL,
  `updated_at` timestamp NULL DEFAULT NULL
) ENGINE=InnoDB DEFAULT CHARSET=utf8mb4 COLLATE=utf8mb4_unicode_ci;

-- --------------------------------------------------------

--
-- بنية الجدول `task_assignments`
--

CREATE TABLE `task_assignments` (
  `id` bigint(20) UNSIGNED NOT NULL,
  `task_id` bigint(20) UNSIGNED NOT NULL,
  `assignable_type` varchar(255) NOT NULL,
  `assignable_id` bigint(20) UNSIGNED NOT NULL,
  `created_at` timestamp NULL DEFAULT NULL,
  `updated_at` timestamp NULL DEFAULT NULL
) ENGINE=InnoDB DEFAULT CHARSET=utf8mb4 COLLATE=utf8mb4_unicode_ci;

-- --------------------------------------------------------

--
-- بنية الجدول `task_attachments`
--

CREATE TABLE `task_attachments` (
  `id` bigint(20) UNSIGNED NOT NULL,
  `task_id` bigint(20) UNSIGNED NOT NULL,
  `user_id` bigint(20) UNSIGNED NOT NULL,
  `file_path` varchar(255) NOT NULL,
  `file_name` varchar(255) NOT NULL,
  `file_type` varchar(255) DEFAULT NULL,
  `file_size` int(11) DEFAULT NULL,
  `created_at` timestamp NULL DEFAULT NULL,
  `updated_at` timestamp NULL DEFAULT NULL
) ENGINE=InnoDB DEFAULT CHARSET=utf8mb4 COLLATE=utf8mb4_unicode_ci;

-- --------------------------------------------------------

--
-- بنية الجدول `task_groups`
--

CREATE TABLE `task_groups` (
  `id` bigint(20) UNSIGNED NOT NULL,
  `company_id` bigint(20) UNSIGNED NOT NULL,
  `name` varchar(255) NOT NULL,
  `description` varchar(255) DEFAULT NULL,
  `color` varchar(255) NOT NULL DEFAULT 'primary',
  `created_by` bigint(20) UNSIGNED NOT NULL,
  `created_at` timestamp NULL DEFAULT NULL,
  `updated_at` timestamp NULL DEFAULT NULL,
  `deleted_at` timestamp NULL DEFAULT NULL
) ENGINE=InnoDB DEFAULT CHARSET=utf8mb4 COLLATE=utf8mb4_unicode_ci;

-- --------------------------------------------------------

--
-- بنية الجدول `task_group_user`
--

CREATE TABLE `task_group_user` (
  `id` bigint(20) UNSIGNED NOT NULL,
  `task_group_id` bigint(20) UNSIGNED NOT NULL,
  `user_id` bigint(20) UNSIGNED NOT NULL,
  `created_at` timestamp NULL DEFAULT NULL,
  `updated_at` timestamp NULL DEFAULT NULL
) ENGINE=InnoDB DEFAULT CHARSET=utf8mb4 COLLATE=utf8mb4_unicode_ci;

-- --------------------------------------------------------

--
-- بنية الجدول `transactions`
--

CREATE TABLE `transactions` (
  `id` bigint(20) UNSIGNED NOT NULL,
  `user_id` bigint(20) UNSIGNED NOT NULL,
  `original_transaction_id` bigint(20) UNSIGNED DEFAULT NULL,
  `type` varchar(255) NOT NULL,
  `amount` decimal(15,2) NOT NULL,
  `balance_before` decimal(10,2) NOT NULL DEFAULT 0.00,
  `balance_after` decimal(10,2) NOT NULL DEFAULT 0.00,
  `description` text DEFAULT NULL,
  `target_user_id` bigint(20) UNSIGNED DEFAULT NULL,
  `cashbox_id` bigint(20) UNSIGNED DEFAULT NULL,
  `target_cashbox_id` bigint(20) UNSIGNED DEFAULT NULL,
  `created_by` bigint(20) UNSIGNED DEFAULT NULL,
  `company_id` bigint(20) UNSIGNED DEFAULT NULL,
  `created_at` timestamp NULL DEFAULT NULL,
  `updated_at` timestamp NULL DEFAULT NULL
) ENGINE=InnoDB DEFAULT CHARSET=utf8mb4 COLLATE=utf8mb4_unicode_ci;

--
-- إرجاع أو استيراد بيانات الجدول `transactions`
--

INSERT INTO `transactions` (`id`, `user_id`, `original_transaction_id`, `type`, `amount`, `balance_before`, `balance_after`, `description`, `target_user_id`, `cashbox_id`, `target_cashbox_id`, `created_by`, `company_id`, `created_at`, `updated_at`) VALUES
(1, 5, NULL, 'deposit', 310.00, 0.00, 310.00, 'تحصيل أقساط - دفعة #222', NULL, 1257, NULL, 5, 2, '2026-02-07 10:58:54', '2026-02-07 10:58:54'),
(2, 35, NULL, 'deposit', 310.00, 0.00, 310.00, 'سداد أقساط - دفعة #222', NULL, 1273, NULL, 5, 2, '2026-02-07 10:58:54', '2026-02-07 10:58:54'),
(3, 5, NULL, 'deposit', 830.00, 310.00, 1140.00, 'تحصيل أقساط - دفعة #223', NULL, 1257, NULL, 5, 2, '2026-02-07 10:59:40', '2026-02-07 10:59:40'),
(4, 13, NULL, 'deposit', 830.00, 0.00, 830.00, 'سداد أقساط - دفعة #223', NULL, 1262, NULL, 5, 2, '2026-02-07 10:59:40', '2026-02-07 10:59:40'),
(5, 5, NULL, 'deposit', 520.00, 1140.00, 1660.00, 'تحصيل أقساط - دفعة #224', NULL, 1257, NULL, 5, 2, '2026-02-07 11:00:00', '2026-02-07 11:00:00'),
(6, 10, NULL, 'deposit', 520.00, 0.00, 520.00, 'سداد أقساط - دفعة #224', NULL, 1259, NULL, 5, 2, '2026-02-07 11:00:00', '2026-02-07 11:00:00'),
(7, 5, NULL, 'deposit', 150.00, 0.00, 150.00, 'تحصيل أقساط - دفعة #225', NULL, 1257, NULL, 5, 2, '2026-02-12 08:31:14', '2026-02-12 08:31:14'),
(8, 86, NULL, 'deposit', 150.00, -7722.83, -7572.83, 'سداد أقساط - دفعة #225', NULL, 1274, NULL, 5, 2, '2026-02-12 08:31:14', '2026-02-12 08:31:14'),
(9, 5, NULL, 'deposit', 370.00, 150.00, 520.00, 'تحصيل أقساط - دفعة #226', NULL, 1257, NULL, 5, 2, '2026-02-12 08:36:10', '2026-02-12 08:36:10'),
(10, 13, NULL, 'deposit', 370.00, -11826.00, -11456.00, 'سداد أقساط - دفعة #226', NULL, 1262, NULL, 5, 2, '2026-02-12 08:36:10', '2026-02-12 08:36:10'),
(11, 5, NULL, 'deposit', 310.00, 520.00, 830.00, 'تحصيل أقساط - دفعة #227', NULL, 1257, NULL, 5, 2, '2026-02-12 08:38:39', '2026-02-12 08:38:39'),
(12, 86, NULL, 'deposit', 310.00, -7572.83, -7262.83, 'سداد أقساط - دفعة #227', NULL, 1274, NULL, 5, 2, '2026-02-12 08:38:40', '2026-02-12 08:38:40');

-- --------------------------------------------------------

--
-- بنية الجدول `translations`
--

CREATE TABLE `translations` (
  `id` bigint(20) UNSIGNED NOT NULL,
  `locale` varchar(255) NOT NULL,
  `field` varchar(255) NOT NULL,
  `value` text NOT NULL,
  `model_type` varchar(255) NOT NULL,
  `model_id` bigint(20) UNSIGNED NOT NULL,
  `created_at` timestamp NULL DEFAULT NULL,
  `updated_at` timestamp NULL DEFAULT NULL
) ENGINE=InnoDB DEFAULT CHARSET=utf8mb4 COLLATE=utf8mb4_unicode_ci;

-- --------------------------------------------------------

--
-- بنية الجدول `users`
--

CREATE TABLE `users` (
  `id` bigint(20) UNSIGNED NOT NULL,
  `phone` varchar(255) NOT NULL,
  `password` varchar(255) NOT NULL,
  `email` varchar(255) DEFAULT NULL,
  `username` varchar(255) DEFAULT NULL,
  `nickname` varchar(255) DEFAULT NULL,
  `full_name` varchar(255) DEFAULT NULL,
  `position` varchar(255) DEFAULT NULL,
  `settings` varchar(255) DEFAULT NULL,
  `last_login_at` timestamp NULL DEFAULT NULL,
  `email_verified_at` timestamp NULL DEFAULT NULL,
  `status` varchar(255) DEFAULT '1',
  `created_by` bigint(20) UNSIGNED DEFAULT NULL,
  `company_id` bigint(20) UNSIGNED DEFAULT NULL,
  `remember_token` varchar(100) DEFAULT NULL,
  `created_at` timestamp NULL DEFAULT NULL,
  `updated_at` timestamp NULL DEFAULT NULL
) ENGINE=InnoDB DEFAULT CHARSET=utf8mb4 COLLATE=utf8mb4_unicode_ci;

--
-- إرجاع أو استيراد بيانات الجدول `users`
--

INSERT INTO `users` (`id`, `phone`, `password`, `email`, `username`, `nickname`, `full_name`, `position`, `settings`, `last_login_at`, `email_verified_at`, `status`, `created_by`, `company_id`, `remember_token`, `created_at`, `updated_at`) VALUES
(1, '1234567890', '$2y$12$1xLibliCq1gj0cEsHLSNWOjeamNIjbo2YEk0hOZimQaOiYYYTx0oK', 'admin@admin.com', 'system_owner', 'System Owner', 'Admin', NULL, NULL, NULL, NULL, '1', NULL, 2, NULL, '2025-07-09 06:15:49', '2026-02-12 00:06:59'),
(5, '01070475028', '$2y$12$Eb7Gi/94E9cobc3u9R/PFeqRyP2a0uyb7.09Jr79JLrf0KP8MjtTO', NULL, NULL, 'ابو ندي', 'وائل محمد احمد', NULL, NULL, NULL, NULL, '1', 1, 2, NULL, '2025-07-09 06:43:59', '2026-02-12 10:50:56'),
(6, '01007888009', '$2y$12$2un/ZHUun9IEyMpSmCCab.eQ7VvwSW9oJPomC42Di.jVDSGNE7Aj2', 'atsh.phone@gmail.com', NULL, 'ابو حبيبة', 'هشام محمد احمد', NULL, NULL, NULL, NULL, '1', 1, 13, NULL, '2025-07-09 20:47:12', '2026-02-10 14:04:45'),
(7, '01030598815', '$2y$12$M3iLwqeMzG/9HO0D6Z1qqOCxHV1FJBY1z/sY3kZpCsIGgSnf9NeJK', NULL, NULL, 'ام براء', 'ام براء', NULL, NULL, NULL, NULL, '1', 5, 2, NULL, '2025-07-09 21:04:44', '2026-02-04 10:24:49'),
(10, '01033340622', '$2y$12$/RZTbyAB5HWey454OJ6oZ.krgNMY4buu.6b/0LrlUk6EzzDJ5jXfS', NULL, NULL, 'رضا صقر', 'رضا نجاح صقر', NULL, NULL, NULL, NULL, '1', 5, 2, NULL, '2025-07-11 08:35:15', '2026-02-04 10:24:49'),
(11, '01032446744', '$2y$12$73afvwgHHKGkYTNlAyc5H.WFWK60.5HRhv2bEZdWy0H5M4wz/cJg.', NULL, NULL, 'ام محمد', 'ام محمد بيت عمي السيد', NULL, NULL, NULL, NULL, '1', 5, 2, NULL, '2025-07-11 11:27:30', '2026-02-04 10:24:49'),
(12, '0542756163', '$2y$12$LsYfKrbbQOsBDaVISMuf2ORpYpdqxB1NgjQjskYv/6q/fDQLYmvM6', NULL, NULL, 'فؤاد', 'محمد فؤاد ابواليزيد', NULL, NULL, NULL, NULL, '1', 5, 2, NULL, '2025-07-11 14:08:59', '2026-02-04 10:24:49'),
(13, '01062965714', '$2y$12$rCb98lO7sBrcG4X6cLULbeMQQol/iUU1vvGtuCMPcYPoEa3Ek4v1e', NULL, NULL, 'اخت وجدي', 'هويده العربي', NULL, NULL, NULL, NULL, '1', 5, 2, NULL, '2025-07-11 14:43:05', '2026-02-04 10:24:49'),
(15, '01554721832', '$2y$12$45RfuhwEEaUA7G3hBGfHieJKGu6jDCC15zBax1sy7LWfYgT5K8kmS', NULL, NULL, 'شيما محمود', 'شيماء محمود محمد احمد', NULL, NULL, NULL, NULL, '1', 1, 9, NULL, '2025-07-11 15:31:12', '2026-02-04 10:24:49'),
(16, '01018293632', '$2y$12$jpDnDlQEzqBUMpULmGb07.3C.6Ds0XZtpE3k4asBpvzxuNHO35XB6', NULL, NULL, 'ايه طلعت', 'ايه طلعت', NULL, NULL, NULL, NULL, '1', 15, 9, NULL, '2025-07-11 17:14:31', '2026-02-04 10:24:49'),
(17, '01099188529', '$2y$12$B1MLuy2NMIKb88yUC.LruOtw9XDWDIL5WpjTKZtwiDYdSdG4prfAe', NULL, NULL, 'ام دعاء نوره', 'ام دعاء نوره', NULL, NULL, NULL, NULL, '1', 15, 9, NULL, '2025-07-11 17:20:09', '2026-02-04 10:24:49'),
(18, '01060673967', '$2y$12$j6qg7hG0DDdvBMt5wqICf.CPcprhxgRfYGhKDuw6gO8LZW9O9Nv6.', NULL, NULL, 'لمى عطيه', 'لمى عطيه', NULL, NULL, NULL, NULL, '1', 15, 9, NULL, '2025-07-11 17:32:09', '2026-02-04 10:24:49'),
(19, '01070422237', '$2y$12$epshtXFZtTSWqreI3.Hvo.YHlRLqpHvFshYHR6tSUhBAfSVSzL5aa', NULL, NULL, 'ام مالك الحلاق', 'ام مالك الحلاق', NULL, NULL, NULL, NULL, '1', 15, 9, NULL, '2025-07-11 17:34:43', '2026-02-04 10:24:49'),
(20, '01016335634', '$2y$12$Ig.KmwVLMXNa9ETqTg/iPenghfRIBY5CNKlruVYa8Dz7Pol5qHByG', NULL, NULL, 'سميحه مرات محمد واعر', 'سميحه مرات محمد واعر', NULL, NULL, NULL, NULL, '1', 15, 9, NULL, '2025-07-11 17:37:34', '2026-02-04 10:24:49'),
(21, '01033910537', '$2y$12$QQ/2urHRx9bMS4uIVF.rnuoIysvvYcVf3AXUOHH8LpXrTZK1YA/ta', NULL, NULL, 'ام روناء', 'ام روناء مرات علي موسي', NULL, NULL, NULL, NULL, '1', 15, 9, NULL, '2025-07-11 17:39:19', '2026-02-04 10:24:49'),
(22, '01095777101', '$2y$12$2BIlVANgc8KDor1WpcRIN.OUDVnGXSjr0vpZggyptobFuA0KT0IJm', NULL, NULL, 'ام زينب عصام', 'ام زينب عصام العريشيه', NULL, NULL, NULL, NULL, '1', 15, 9, NULL, '2025-07-11 17:41:02', '2026-02-04 10:24:49'),
(23, '01061468277', '$2y$12$ADqmu.7N7smGYrOjFlhEs.iHHe3k8lkNfioQMrpzQvsnKOIeOOnZ6', NULL, NULL, 'ام حنين احمد', 'ام حنين احمد الخرده', NULL, NULL, NULL, NULL, '1', 15, 9, NULL, '2025-07-11 17:41:49', '2026-02-04 10:24:49'),
(24, '01503295801', '$2y$12$luFTbTVWIWny7EN2sEbG/ebmfls/grhJYtjzYyHcIZ3g9GKcwv75y', NULL, NULL, 'ام نانسي', 'ام نانسي', NULL, NULL, NULL, NULL, '1', 15, 9, NULL, '2025-07-11 17:45:24', '2026-02-04 10:24:49'),
(25, '01012205187', '$2y$12$KEnkv59ndGPdo0vh8WB3JeQABWl0Q6Gr7zlp2IED6QSL2SiR4kOZC', NULL, NULL, 'ام شيماء سلفتي', 'ام شيماء سلفتي', NULL, NULL, NULL, NULL, '1', 15, 9, NULL, '2025-07-11 17:46:45', '2026-02-04 10:24:49'),
(26, '01011200547', '$2y$12$gYtHKS0ysVSMmK6cMXrmb.xFewUPBn1H0cmnKQhihAnsvsoI275Te', NULL, NULL, 'ام اسماء وفداء', 'ام اسماء وفداء يوزر', NULL, NULL, NULL, NULL, '1', 15, 9, NULL, '2025-07-11 17:56:14', '2026-02-04 10:24:49'),
(27, '01025439932', '$2y$12$tKrfp2RZfvqiya/Bt71GrO2oCifDeEYUOvDADFoA3nonA0sqeXPMO', NULL, NULL, 'نوره تبع ملك اشرف', 'نوره تبع ملك اشرف', NULL, NULL, NULL, NULL, '1', 15, 9, NULL, '2025-07-11 17:58:43', '2026-02-04 10:24:49'),
(28, '01005510846', '$2y$12$HANzorJM812ktMEhNRq7.Oi7XSZzSSJK8p2K8nQQEIjE0OgMg2UxC', NULL, NULL, 'ام مالك', 'ام مالك محمد عبد العزيز', NULL, NULL, NULL, NULL, '1', 15, 9, NULL, '2025-07-11 18:00:06', '2026-02-04 10:24:49'),
(29, '01015400768', '$2y$12$.eD6ECEHaXCF2bfkklYITOPdAhH.XHcwJQ5fUKD/GyTfHw9s3TAQu', NULL, NULL, 'ام احمد محمد فوزي', 'ام احمد محمد فوزي', NULL, NULL, NULL, NULL, '1', 15, 9, NULL, '2025-07-11 18:01:24', '2026-02-04 10:24:49'),
(30, '01016225063', '$2y$12$2HZKJ51/BQyxL5fPI7FR0u.b5/ei1KG0UoluaBaryZV.1PEC2pOCi', NULL, NULL, 'ام فارس تبع ام عزت', 'ام فارس تبع عزت', NULL, NULL, NULL, NULL, '1', 15, 9, NULL, '2025-07-11 18:03:45', '2026-02-04 10:24:49'),
(31, '01044213658', '$2y$12$bNVmeEf6vlfhTX6szb0i.uy7cNMIqa3ZnDZr2Sd/Uw3ORfgFt4Com', NULL, NULL, 'ام ملك اشرف', 'ام ملك اشرف', NULL, NULL, NULL, NULL, '1', 15, 9, NULL, '2025-07-11 18:24:52', '2026-02-04 10:24:49'),
(32, '01006954484', '$2y$12$AfGh5Y0a9NNqtg/ekMFPb.ilSJg1n5jN0G8LYAgCu8lgsL6bjuvLu', NULL, NULL, 'ايه العرايشيه السكر', 'ايه العرايشيه السكر', NULL, NULL, NULL, NULL, '1', 15, 9, NULL, '2025-07-11 18:27:53', '2026-02-04 10:24:49'),
(33, '01062385165', '$2y$12$JaVYdSm/DEKezmd0gwZGJO/DzTmMw1FLSAx/GaYNYLtJVN/nC0hPm', NULL, NULL, 'عبدو حسن السيد', 'عبدو حسن السيد', NULL, NULL, NULL, NULL, '1', 15, 9, NULL, '2025-07-11 18:29:38', '2026-02-04 10:24:49'),
(34, '01062321213', '$2y$12$njuYvzUeYZiaTPrHY0fjreeXvVsULTLC7XdgUfikwYwutcz02sWei', NULL, NULL, 'ام عزت وجنه', 'ام عزت وجنه', NULL, NULL, NULL, NULL, '1', 15, 9, NULL, '2025-07-11 18:30:59', '2026-02-04 10:24:49'),
(35, '01099906427', '$2y$12$OYoelJb7XMBYNv.DhovgrOw0P9i1bNhQsK2F7lKZi3Pvd6qksfq7e', NULL, NULL, 'راندا العربي', 'راندا العربي', NULL, NULL, NULL, NULL, '1', 15, 2, NULL, '2025-07-11 18:35:30', '2026-02-04 10:24:49'),
(36, '01067219577', '$2y$12$NILxG1xz.IcDeE2jUlDaH.jb55iI7KuK6K2Atbo4bT01uzkx79IMu', NULL, NULL, 'ام دنيا جويفل', 'ام دنيا جويفل', NULL, NULL, NULL, NULL, '1', 15, 9, NULL, '2025-07-11 18:36:51', '2026-02-04 10:24:49'),
(37, '01022347020', '$2y$12$7QYMCIUngFynlsiNQSFJCudnOe9rvhdlmXIyPbIBxrwnKlyRJ37la', NULL, NULL, 'ام ندا جويفل', 'ام ندا جويفل', NULL, NULL, NULL, NULL, '1', 15, 9, NULL, '2025-07-11 18:37:54', '2026-02-04 10:24:49'),
(38, '01097961098', '$2y$12$mH5H.YF/ttVm.q5dsYER2O67JKOxbCmeFQeHne82m9UhVLTeBYqPi', NULL, NULL, 'ام محمد حمديه', 'ام محمد حمديه', NULL, NULL, NULL, NULL, '1', 15, 9, NULL, '2025-07-11 18:39:41', '2026-02-04 10:24:49'),
(39, '01068346040', '$2y$12$uAZqYYxksLUNnaeFlj39iu/Tx/VL7enNcDfzLIjfXrO/wP/Dm93he', NULL, NULL, 'ام علياء', 'ام علياء', NULL, NULL, NULL, NULL, '1', 15, 9, NULL, '2025-07-11 18:41:55', '2026-02-04 10:24:49'),
(40, '01011400479', '$2y$12$4gNF8tyXdgOdFf9L4LefYeUFNwRgVE.YBI0zWUoTBeWFAdi9ql.86', NULL, NULL, 'فاطمه صلاح شفيق', 'فاطمه صلاح شفيق', NULL, NULL, NULL, NULL, '1', 15, 9, NULL, '2025-07-11 18:44:00', '2026-02-04 10:24:49'),
(41, '01017521323', '$2y$12$TTb4Zgbp9IKVNCVFZY4UmeA/sv9Muny7BBbC2zlXZq3XCojl4uRbS', NULL, NULL, 'ام شهد صلاح', 'ام شهد صلاح', NULL, NULL, NULL, NULL, '1', 15, 9, NULL, '2025-07-11 18:50:44', '2026-02-04 10:24:49'),
(42, '01008723204', '$2y$12$PRFjIPvgVSCIyQUQuhc2GOsDe.6v5b85U.ZXGyQRUZAQ96yWrxkC.', NULL, NULL, 'اسماء مرات عبدو عطيه', 'اسماء مرات عبدو عطيه', NULL, NULL, NULL, NULL, '1', 15, 9, NULL, '2025-07-11 18:54:49', '2026-02-04 10:24:49'),
(43, '01288162193', '$2y$12$3co2TWD7V7FhcxXWdcgbP.wCDDiqUaY3jGdUICMv6qqDa0dzlXsMe', NULL, NULL, 'بسمله ذيدان', 'بسمله ذيدان', NULL, NULL, NULL, NULL, '1', 15, 9, NULL, '2025-07-11 18:56:01', '2026-02-04 10:24:49'),
(44, '01274214887', '$2y$12$h5z3sqal9X3HGTdLhLhRkOlslAX5EiRV1bJo.sgneDqz.253/K0dW', NULL, NULL, 'اسماء ام زياد خالد', 'اسماء ام زياد خالد', NULL, NULL, NULL, NULL, '1', 15, 9, NULL, '2025-07-11 18:58:14', '2026-02-04 10:24:49'),
(45, '01007545501', '$2y$12$B6vwL1fHZ/gfPdBQaJ1nf..qJuLD.88sjEFnGpSqnPMMq6s2zbhs.', NULL, NULL, 'ام محمد السيسي', 'ام محمد السيسي', NULL, NULL, NULL, NULL, '1', 15, NULL, NULL, '2025-07-11 19:00:25', '2026-02-04 10:24:49'),
(46, '01030179071', '$2y$12$GJKJuuGrnN1Ueb14d/ic5.H/0b9OHDZRT/eqa4FczQosEjyetpFw.', NULL, NULL, 'ام مريم عليوه', 'ام مريم عليوه', NULL, NULL, NULL, NULL, '1', 15, 9, NULL, '2025-07-11 19:05:32', '2026-02-04 10:24:49'),
(47, '01007466244', '$2y$12$wKEiCkNlGe70cexDfxUbme1NvznDGGuWxDmPRlzNk6iejQIK1U1pG', NULL, NULL, 'ام ساره', 'ام ساره', NULL, NULL, NULL, NULL, '1', 15, 9, NULL, '2025-07-11 19:07:18', '2026-02-04 10:24:49'),
(48, '01003029063', '$2y$12$XUoboz.ZO2jMmdQ.NciBX.Ant3c2HUR7jG6hTNdPTdEKWgvoiVMOu', NULL, NULL, 'ام سحاب', 'ام سحاب', NULL, NULL, NULL, NULL, '1', 15, 9, NULL, '2025-07-11 19:08:33', '2026-02-04 10:24:49'),
(49, '01002884066', '$2y$12$MKVCwzECPCZAjBwkHVg3MeiSMJ0Y4I6Rk9BRGZIWiAED51fu5Xj1i', NULL, NULL, 'ام ريماس عطيه', 'ام ريماس عطيه', NULL, NULL, NULL, NULL, '1', 15, 9, NULL, '2025-07-11 19:10:38', '2026-02-04 10:24:49'),
(50, '01111724038', '$2y$12$3xZsZAIl/grtMZfnadCe4uNZFv9Fzjakid6TVWA1wMmmlXl3CJkD.', NULL, NULL, 'ام ندين السيسي', 'ام ندين السيسي', NULL, NULL, NULL, NULL, '1', 15, 9, NULL, '2025-07-11 19:14:53', '2026-02-04 10:24:49'),
(51, '01030136565', '$2y$12$1NbMtgrc15ENEVNkp.Ix8OBfmbC6M5m/LxZigWYQflPh7EaUsnrmO', NULL, NULL, 'ام سما', 'ام سما', NULL, NULL, NULL, NULL, '1', 15, 9, NULL, '2025-07-11 19:17:00', '2026-02-04 10:24:49'),
(52, '01011783306', '$2y$12$M3zYI2xgDUd0tg8IAvlDDeBZ.JDtoYwMH8a0B1e/YOKgzP0dSWBUG', NULL, NULL, 'ام احمد خالد ذيدان', 'ام احمد خالد ذيدان', NULL, NULL, NULL, NULL, '1', 15, 9, NULL, '2025-07-11 19:20:35', '2026-02-04 10:24:49'),
(53, '01004782967', '$2y$12$AvCh5DT67hO0jTasbrg8CeE/I2.IsKbLbhDYz4klIityzxc58BOv.', NULL, NULL, 'ام اماني العريشيه', 'ام اماني العريشيه', NULL, NULL, NULL, NULL, '1', 15, 9, NULL, '2025-07-11 19:23:33', '2026-02-04 10:24:49'),
(54, '01067671661', '$2y$12$/LGuWRpbHsmUMVZ3qQMH..6QFZSQ93uGJZhIZeX0fJEOyBm9.Q69O', NULL, NULL, 'ام احمد تناتيش', 'ام احمد تناتيش', NULL, NULL, NULL, NULL, '1', 15, 9, NULL, '2025-07-11 19:25:20', '2026-02-04 10:24:49'),
(55, '01553249708', '$2y$12$Uns1WY26FLDETwhxQ9r1NeyapKLdbN/raYJ9b1ETJbHIcge8L1fLy', NULL, NULL, 'ايمان رمضان', 'ايمان رمضان', NULL, NULL, NULL, NULL, '1', 15, 9, NULL, '2025-07-11 19:27:19', '2026-02-04 10:24:49'),
(56, '01023953146', '$2y$12$87zuUhEI4SDs0lfMZLViiusZb2evgvEkiPYMlTIeq8ZbjDhEwo0ua', NULL, NULL, 'ام فارس جارت ام مالك', 'ام فارس جارت ام مالك', NULL, NULL, NULL, NULL, '1', 15, 9, NULL, '2025-07-11 19:30:06', '2026-02-04 10:24:49'),
(57, '01070422234', '$2y$12$J3tnsqw/DU1MaPVCJ7iilexRUxvuntcibwSLNach26J91NXcmTopu', NULL, NULL, 'ام كريم سامي', 'ام كريم سامي', NULL, NULL, NULL, NULL, '1', 15, 9, NULL, '2025-07-11 19:30:54', '2026-02-04 10:24:49'),
(58, '01145768560', '$2y$12$sNDZCukG/Rj2TDfMsgTEROGBtWmLK8f/GZpII3XjJ581gvcmVYyU.', NULL, NULL, 'ام ياسين الديسوقي', 'ام ياسين الديسوقي', NULL, NULL, NULL, NULL, '1', 15, NULL, NULL, '2025-07-11 19:33:45', '2026-02-04 10:24:49'),
(59, '01093734674', '$2y$12$nVm1ZqbEMhc7rcrj1pPHsOAafzS7K0jXkU1kefcTWr3Ni5T4dUbiG', NULL, NULL, 'ام احمد الصعيديه', 'ام احمد الصعيديه', NULL, NULL, NULL, NULL, '1', 15, 9, NULL, '2025-07-11 19:36:23', '2026-02-04 10:24:49'),
(60, '01001848569', '$2y$12$YZftbFWfclwZSd/c6dEIeOZNPI5ceQqDnKdOAspLqiwkh45Zp0ADm', NULL, NULL, 'مرات الحج موسي البكرشي', 'مرات الحج موسي البكرشي', NULL, NULL, NULL, NULL, '1', 15, 9, NULL, '2025-07-11 19:38:20', '2026-02-04 10:24:49'),
(61, '01017710894', '$2y$12$f34peLOhRronxl.E9TB8ueGqMuQ1u2I5CWDMpMdIpqG258EYSjYwm', NULL, NULL, 'ام اسماعيل', 'ام اسماعيل', NULL, NULL, NULL, NULL, '1', 15, 9, NULL, '2025-07-11 19:41:00', '2026-02-04 10:24:49'),
(62, '01026013349', '$2y$12$WLapP0Cd6n5l6xpkq0Wq9.sqmwioagcbxxaC2gNZp/sQ1FT3D/vr.', NULL, NULL, 'ام دنيا جارت ام اسماعيل', 'ام دنيا جارت ام اسماعيل', NULL, NULL, NULL, NULL, '1', 15, 9, NULL, '2025-07-11 19:43:33', '2026-02-04 10:24:49'),
(63, '01092787711', '$2y$12$JdGt12GxSauAuwekVYycsexcc7RJfr4n3.zDrhDzEKxPlmnbEn3VS', NULL, NULL, 'البرومي', 'احمد البرومي', NULL, NULL, NULL, NULL, '1', 5, 10, NULL, '2025-07-11 20:43:39', '2026-02-04 10:24:49'),
(64, '01061327606', '$2y$12$6XO/GHyLyHWyAxtqWYRNTu7i5/mnpUI6iBOSTGXc7c/8Z8Lm87.P2', NULL, NULL, 'ابوكيان', 'مصطفي السيد احمد', NULL, NULL, NULL, NULL, '1', 5, 10, NULL, '2025-07-12 11:13:52', '2026-02-04 10:24:49'),
(65, '64976867666', '$2y$12$MTn3EPzJAxqIfTSTYILmL.n/qwlfxpWtC/9RMYYDA89MKtZgMxh/e', NULL, NULL, 'عميل', 'عميل', NULL, NULL, NULL, NULL, '1', 6, 3, NULL, '2025-07-16 19:31:11', '2026-02-04 10:24:49'),
(66, '04646464444', '$2y$12$tk6IPlfHIFt.Yw71LP/uKO.gmUaMoMMgRc..WwzOhZGdbz87RLFB2', NULL, NULL, 'مورد', 'مورد', NULL, NULL, NULL, NULL, '1', 6, 3, NULL, '2025-07-16 19:32:31', '2026-02-04 10:24:49'),
(67, '01022105994', '$2y$12$Z9zolCKjmSMKVkQLecY5quUd3UsfW5DOYtSQrf3jUQY2VHEa1XCXG', NULL, NULL, 'الاصنج', 'ام محمود', NULL, NULL, NULL, NULL, '1', 5, 2, NULL, '2025-07-21 18:08:39', '2026-02-04 10:24:49'),
(68, '01097701182', '$2y$12$xJSVjzDDf49tZ5ICWo8JleNUKugZuQuibvB4omVdotpjR8so138Eq', NULL, NULL, 'اخو ام براء', 'حسين الحفني', NULL, NULL, NULL, NULL, '1', 5, 2, NULL, '2025-07-21 18:10:40', '2026-02-04 10:24:49'),
(69, '01090390709', '$2y$12$q05ZcLAFsSAHU1vlHjJX4u5En1tan8sN41mwxzQDI9lZmHda17qhK', NULL, NULL, 'احمد صابر', 'احمد صابر', NULL, NULL, NULL, NULL, '1', 5, 2, NULL, '2025-07-28 12:20:02', '2026-02-04 10:24:49'),
(70, '01066702263', '$2y$12$49j8bk2/7kmC69ayEzhNke8o9NNVlelrJW6XvJOQjfHDCn2pSSVnq', NULL, NULL, 'ابواميمه', 'محمود محمد عبدالمعبود', NULL, NULL, NULL, NULL, '1', 5, 2, NULL, '2025-08-16 21:49:16', '2026-02-04 10:24:49'),
(71, '01096196228', '$2y$12$DodszRJxZSD/V8sT0M6JbOpzniXhyqkk.ZSfHYcdSHE/.uwFZeOg.', NULL, NULL, 'شمس', 'عبدالكريم شمس', NULL, NULL, NULL, NULL, '1', 5, 12, NULL, '2025-09-16 09:47:10', '2026-02-04 10:24:49'),
(72, '01097217916', '$2y$12$tPhnaLYS4F5VzgqSVnbfiOC/qSAS2ZB2bf9brwSmvMec1JytenOyq', NULL, NULL, 'ابورباح', 'محمد حسين رباح', NULL, NULL, NULL, NULL, '1', 5, 2, NULL, '2025-09-18 18:39:25', '2026-02-04 10:24:49'),
(73, '010321400187', '$2y$12$cAVzoyaOncRCJA8kiz4lJeK1DHJ2pUOuVfb/Tanq0ixR0FORGp3Jy', NULL, NULL, 'الرفاعي', 'محمد صلاح الرفاعي', NULL, NULL, NULL, NULL, '1', 5, 2, NULL, '2025-10-08 15:53:01', '2026-02-04 10:24:49'),
(74, '01063021908', '$2y$12$zZsNhDXUWPbWt8pjGDZbI.e377vN/3bWBADYlAeO.n2RnTnGTJYpa', NULL, NULL, 'عمي احمدي', 'احمد احمد عبد المعبود', NULL, NULL, NULL, NULL, '1', 5, 2, NULL, '2025-10-12 18:43:08', '2026-02-04 10:24:49'),
(85, '010123456789', '$2y$12$fytL7s6FMx8crFohRFpypeRulLe6E0QelWi1/YMrbPRkMSVWVk..2', 'atsh33.phone@gmail.com', NULL, 'تيست', 'مستخدم تيست', NULL, NULL, NULL, NULL, '1', 6, 13, NULL, '2025-11-02 20:13:07', '2026-02-04 10:24:49'),
(86, '01015931336', '$2y$12$zwHm/Z3l3V1jjXUq28ohbOphnMOUVpScjAb6dadPYbgLWE2T.shOW', NULL, NULL, 'ام فتحي', 'ام فتحي الكوثر', NULL, NULL, NULL, NULL, '1', 5, 2, NULL, '2025-12-03 21:08:01', '2026-02-04 10:24:49'),
(87, '01070512452', '$2y$12$Sy4/u6sy2a0Qng751KTSxelWyanx0hzogodfs6xQbXDdIwKVCsFZm', NULL, NULL, 'الترزي', 'ام السيد الترزي', NULL, NULL, NULL, NULL, '1', 5, 2, NULL, '2025-12-04 19:01:51', '2026-02-04 10:24:49'),
(88, '010704175028', '$2y$12$Ot62s4TroeQp9VWXa0CCk.9jNu.S22QN0sjTo9EirEcarbRI99T4O', NULL, NULL, 'السيسبي', 'ام ياسمين السيسي', NULL, NULL, NULL, NULL, '1', 5, 2, NULL, '2025-12-14 20:31:03', '2026-02-04 10:24:49'),
(89, '01210907714', '$2y$12$.6VPbNMTkRgiDzAoDof55uZNhYwB/YG1/OS3mkn7o4EG3.kDC/iiG', NULL, NULL, 'ام السيد نجاتي', 'ام السيدنجات', NULL, NULL, NULL, NULL, '1', 5, 2, NULL, '2026-01-11 13:01:01', '2026-02-04 10:24:49'),
(90, '01096827319', '$2y$12$zUZ/sGHz6LM0N0I7iUtXoezGIoXVYyckjpnD0z9vmlHYd1FDrZXxm', NULL, NULL, 'ام حبيبه الترزي', 'السيد الترزي', NULL, NULL, NULL, NULL, '1', 5, 2, NULL, '2026-01-30 19:49:48', '2026-02-04 10:24:49'),
(91, '01004804097', '$2y$12$3PUFpF6FlSma6diQbvlRgO0A2bx3kNUDQP1Y1ivNr/0PtoP8YfRnG', NULL, NULL, 'مكتبه العمله', 'اسماعيل مكتبه العمله', NULL, NULL, NULL, NULL, '1', 5, 10, NULL, '2026-02-01 07:24:19', '2026-02-04 10:24:49'),
(92, '01024752564', '$2y$12$mMG2ara8DN3n6K4lvqRN0elU0LzAOzp1kfPHHTGjsaGlYxfGVQYya', NULL, NULL, 'خلود مصطفي', 'خلود مصطفي', NULL, NULL, NULL, NULL, '1', 5, 2, NULL, '2026-02-01 13:22:28', '2026-02-04 10:24:49'),
(93, '01007888008', '$2y$12$hhzN8fHCch0cNpR85yXYkOclqQFMFWHspDSPQiQo.Ke1xFSOME1fW', NULL, '01007888008', 'ابو حبيبة تيست', 'هشام محمد احمد تيست', NULL, NULL, NULL, NULL, '1', 1, 10, NULL, '2026-02-10 09:18:59', '2026-02-12 16:50:06');

-- --------------------------------------------------------

--
-- بنية الجدول `user_company_cash`
--

CREATE TABLE `user_company_cash` (
  `id` bigint(20) UNSIGNED NOT NULL,
  `user_id` bigint(20) UNSIGNED NOT NULL,
  `company_id` bigint(20) UNSIGNED NOT NULL,
  `cash_box_id` bigint(20) UNSIGNED NOT NULL,
  `created_by` bigint(20) UNSIGNED NOT NULL,
  `created_at` timestamp NULL DEFAULT NULL,
  `updated_at` timestamp NULL DEFAULT NULL
) ENGINE=InnoDB DEFAULT CHARSET=utf8mb4 COLLATE=utf8mb4_unicode_ci;

-- --------------------------------------------------------

--
-- بنية الجدول `warehouses`
--

CREATE TABLE `warehouses` (
  `id` bigint(20) UNSIGNED NOT NULL,
  `name` varchar(255) NOT NULL,
  `location` varchar(255) DEFAULT NULL,
  `description` text DEFAULT NULL,
  `manager` varchar(255) DEFAULT NULL,
  `capacity` int(11) DEFAULT NULL,
  `status` enum('active','inactive') NOT NULL DEFAULT 'active',
  `is_default` tinyint(1) NOT NULL DEFAULT 0,
  `company_id` bigint(20) UNSIGNED NOT NULL,
  `created_by` bigint(20) UNSIGNED NOT NULL,
  `created_at` timestamp NULL DEFAULT NULL,
  `updated_at` timestamp NULL DEFAULT NULL
) ENGINE=InnoDB DEFAULT CHARSET=utf8mb4 COLLATE=utf8mb4_unicode_ci;

--
-- إرجاع أو استيراد بيانات الجدول `warehouses`
--

INSERT INTO `warehouses` (`id`, `name`, `location`, `description`, `manager`, `capacity`, `status`, `is_default`, `company_id`, `created_by`, `created_at`, `updated_at`) VALUES
(1, 'المخزن الرئيسي', 'الموقع الرئيسي', NULL, 'مدير المخزن', 1000, 'active', 0, 1, 1, '2025-07-09 06:15:50', '2025-07-09 06:15:50'),
(2, 'المخزن الرئيسي', NULL, NULL, NULL, NULL, 'active', 0, 2, 1, '2025-07-09 20:31:05', '2025-07-09 20:31:05'),
(3, 'المخزن الرئيسي', NULL, NULL, NULL, NULL, 'active', 0, 3, 1, '2025-07-09 20:50:13', '2025-07-09 20:50:13'),
(4, 'المخزن الرئيسي', NULL, NULL, NULL, NULL, 'active', 0, 9, 1, '2025-07-11 15:20:13', '2025-07-11 15:20:13'),
(5, 'المخزن الرئيسي', NULL, NULL, NULL, NULL, 'active', 0, 10, 5, '2025-07-11 20:37:21', '2025-07-11 20:37:21'),
(6, 'المخزن الرئيسي', NULL, NULL, NULL, NULL, 'active', 0, 12, 5, '2025-09-16 09:22:48', '2025-09-16 09:22:48'),
(7, 'المخزن الرئيسي', NULL, NULL, NULL, NULL, 'active', 0, 13, 6, '2025-11-02 20:10:09', '2025-11-02 20:10:09');

--
-- Indexes for dumped tables
--

--
-- فهارس للجدول `activity_logs`
--
ALTER TABLE `activity_logs`
  ADD PRIMARY KEY (`id`),
  ADD KEY `activity_logs_user_id_foreign` (`user_id`),
  ADD KEY `activity_logs_created_by_foreign` (`created_by`),
  ADD KEY `activity_logs_company_id_foreign` (`company_id`);

--
-- فهارس للجدول `attributes`
--
ALTER TABLE `attributes`
  ADD PRIMARY KEY (`id`),
  ADD KEY `attributes_company_id_foreign` (`company_id`),
  ADD KEY `attributes_created_by_foreign` (`created_by`);

--
-- فهارس للجدول `attribute_values`
--
ALTER TABLE `attribute_values`
  ADD PRIMARY KEY (`id`),
  ADD KEY `attribute_values_attribute_id_foreign` (`attribute_id`),
  ADD KEY `attribute_values_created_by_foreign` (`created_by`),
  ADD KEY `attribute_values_company_id_foreign` (`company_id`),
  ADD KEY `attribute_values_updated_by_foreign` (`updated_by`),
  ADD KEY `attribute_values_deleted_by_foreign` (`deleted_by`);

--
-- فهارس للجدول `backup_history`
--
ALTER TABLE `backup_history`
  ADD PRIMARY KEY (`id`);

--
-- فهارس للجدول `backup_settings`
--
ALTER TABLE `backup_settings`
  ADD PRIMARY KEY (`id`),
  ADD UNIQUE KEY `backup_settings_key_unique` (`key`);

--
-- فهارس للجدول `brands`
--
ALTER TABLE `brands`
  ADD PRIMARY KEY (`id`),
  ADD KEY `brands_company_id_foreign` (`company_id`),
  ADD KEY `brands_created_by_foreign` (`created_by`);

--
-- فهارس للجدول `cache`
--
ALTER TABLE `cache`
  ADD PRIMARY KEY (`key`);

--
-- فهارس للجدول `cache_locks`
--
ALTER TABLE `cache_locks`
  ADD PRIMARY KEY (`key`);

--
-- فهارس للجدول `cash_boxes`
--
ALTER TABLE `cash_boxes`
  ADD PRIMARY KEY (`id`),
  ADD UNIQUE KEY `unique_default_cashbox_for_user_company` (`user_id`,`company_id`,`cash_box_type_id`,`is_default`),
  ADD KEY `cash_boxes_cash_box_type_id_foreign` (`cash_box_type_id`),
  ADD KEY `cash_boxes_created_by_foreign` (`created_by`),
  ADD KEY `cash_boxes_company_id_foreign` (`company_id`),
  ADD KEY `idx_cash_boxes_performance` (`company_id`,`user_id`,`is_default`);

--
-- فهارس للجدول `cash_box_types`
--
ALTER TABLE `cash_box_types`
  ADD PRIMARY KEY (`id`),
  ADD UNIQUE KEY `cash_box_types_name_company_id_unique` (`name`,`company_id`),
  ADD KEY `cash_box_types_company_id_foreign` (`company_id`),
  ADD KEY `cash_box_types_created_by_foreign` (`created_by`);

--
-- فهارس للجدول `categories`
--
ALTER TABLE `categories`
  ADD PRIMARY KEY (`id`),
  ADD KEY `categories_company_id_foreign` (`company_id`),
  ADD KEY `categories_created_by_foreign` (`created_by`),
  ADD KEY `categories_parent_id_foreign` (`parent_id`);

--
-- فهارس للجدول `companies`
--
ALTER TABLE `companies`
  ADD PRIMARY KEY (`id`),
  ADD UNIQUE KEY `companies_email_unique` (`email`),
  ADD KEY `companies_created_by_index` (`created_by`);

--
-- فهارس للجدول `company_invoice_type`
--
ALTER TABLE `company_invoice_type`
  ADD PRIMARY KEY (`id`),
  ADD UNIQUE KEY `company_invoice_type_unique` (`company_id`,`invoice_type_id`),
  ADD KEY `company_invoice_type_invoice_type_id_foreign` (`invoice_type_id`);

--
-- فهارس للجدول `company_user`
--
ALTER TABLE `company_user`
  ADD PRIMARY KEY (`id`),
  ADD UNIQUE KEY `company_user_company_id_user_id_unique` (`company_id`,`user_id`),
  ADD KEY `company_user_company_id_foreign` (`company_id`),
  ADD KEY `company_user_user_id_foreign` (`user_id`),
  ADD KEY `company_user_created_by_foreign` (`created_by`);

--
-- فهارس للجدول `daily_sales_summary`
--
ALTER TABLE `daily_sales_summary`
  ADD PRIMARY KEY (`id`),
  ADD UNIQUE KEY `daily_sales_summary_date_company_id_unique` (`date`,`company_id`),
  ADD KEY `daily_sales_summary_date_index` (`date`),
  ADD KEY `daily_sales_summary_company_id_index` (`company_id`);

--
-- فهارس للجدول `digital_product_deliveries`
--
ALTER TABLE `digital_product_deliveries`
  ADD PRIMARY KEY (`id`),
  ADD KEY `digital_product_deliveries_invoice_item_id_foreign` (`invoice_item_id`),
  ADD KEY `digital_product_deliveries_company_id_foreign` (`company_id`),
  ADD KEY `digital_product_deliveries_created_by_foreign` (`created_by`),
  ADD KEY `digital_product_deliveries_updated_by_foreign` (`updated_by`),
  ADD KEY `digital_product_deliveries_user_id_status_index` (`user_id`,`status`),
  ADD KEY `digital_product_deliveries_product_id_status_index` (`product_id`,`status`),
  ADD KEY `digital_product_deliveries_status_index` (`status`);

--
-- فهارس للجدول `error_reports`
--
ALTER TABLE `error_reports`
  ADD PRIMARY KEY (`id`),
  ADD KEY `error_reports_user_id_foreign` (`user_id`),
  ADD KEY `error_reports_company_id_foreign` (`company_id`);

--
-- فهارس للجدول `expenses`
--
ALTER TABLE `expenses`
  ADD PRIMARY KEY (`id`),
  ADD KEY `expenses_expense_category_id_index` (`expense_category_id`),
  ADD KEY `expenses_cash_box_id_index` (`cash_box_id`),
  ADD KEY `expenses_company_id_index` (`company_id`);

--
-- فهارس للجدول `expense_categories`
--
ALTER TABLE `expense_categories`
  ADD PRIMARY KEY (`id`),
  ADD KEY `expense_categories_company_id_index` (`company_id`);

--
-- فهارس للجدول `failed_jobs`
--
ALTER TABLE `failed_jobs`
  ADD PRIMARY KEY (`id`),
  ADD UNIQUE KEY `failed_jobs_uuid_unique` (`uuid`);

--
-- فهارس للجدول `financial_ledger`
--
ALTER TABLE `financial_ledger`
  ADD PRIMARY KEY (`id`),
  ADD KEY `financial_ledger_entry_date_index` (`entry_date`),
  ADD KEY `financial_ledger_source_type_index` (`source_type`),
  ADD KEY `financial_ledger_source_id_index` (`source_id`),
  ADD KEY `financial_ledger_account_type_index` (`account_type`),
  ADD KEY `financial_ledger_company_id_index` (`company_id`);

--
-- فهارس للجدول `images`
--
ALTER TABLE `images`
  ADD PRIMARY KEY (`id`),
  ADD KEY `images_company_id_foreign` (`company_id`),
  ADD KEY `images_created_by_foreign` (`created_by`);

--
-- فهارس للجدول `installments`
--
ALTER TABLE `installments`
  ADD PRIMARY KEY (`id`),
  ADD KEY `installments_installment_plan_id_foreign` (`installment_plan_id`),
  ADD KEY `installments_user_id_foreign` (`user_id`),
  ADD KEY `installments_created_by_foreign` (`created_by`);

--
-- فهارس للجدول `installment_payments`
--
ALTER TABLE `installment_payments`
  ADD PRIMARY KEY (`id`),
  ADD KEY `installment_payments_installment_plan_id_foreign` (`installment_plan_id`),
  ADD KEY `installment_payments_company_id_foreign` (`company_id`),
  ADD KEY `installment_payments_created_by_foreign` (`created_by`),
  ADD KEY `installment_payments_cash_box_id_foreign` (`cash_box_id`);

--
-- فهارس للجدول `installment_payment_details`
--
ALTER TABLE `installment_payment_details`
  ADD PRIMARY KEY (`id`),
  ADD KEY `installment_payment_details_installment_payment_id_foreign` (`installment_payment_id`),
  ADD KEY `installment_payment_details_installment_id_foreign` (`installment_id`);

--
-- فهارس للجدول `installment_plans`
--
ALTER TABLE `installment_plans`
  ADD PRIMARY KEY (`id`),
  ADD KEY `installment_plans_invoice_id_foreign` (`invoice_id`),
  ADD KEY `installment_plans_user_id_foreign` (`user_id`),
  ADD KEY `installment_plans_company_id_foreign` (`company_id`),
  ADD KEY `installment_plans_created_by_foreign` (`created_by`);

--
-- فهارس للجدول `invoices`
--
ALTER TABLE `invoices`
  ADD PRIMARY KEY (`id`),
  ADD UNIQUE KEY `invoices_invoice_number_unique` (`invoice_number`),
  ADD KEY `invoices_company_id_foreign` (`company_id`),
  ADD KEY `invoices_created_by_foreign` (`created_by`),
  ADD KEY `invoices_user_id_foreign` (`user_id`),
  ADD KEY `invoices_invoice_type_id_foreign` (`invoice_type_id`),
  ADD KEY `invoices_cash_box_id_foreign` (`cash_box_id`),
  ADD KEY `invoices_updated_by_foreign` (`updated_by`),
  ADD KEY `invoices_warehouse_id_foreign` (`warehouse_id`),
  ADD KEY `idx_invoices_performance` (`company_id`,`invoice_type_id`,`status`,`created_at`),
  ADD KEY `idx_invoices_user_status` (`user_id`,`status`),
  ADD KEY `invoices_is_aggregated_index` (`is_aggregated`);

--
-- فهارس للجدول `invoice_items`
--
ALTER TABLE `invoice_items`
  ADD PRIMARY KEY (`id`),
  ADD KEY `invoice_items_invoice_id_foreign` (`invoice_id`),
  ADD KEY `invoice_items_product_id_foreign` (`product_id`),
  ADD KEY `invoice_items_company_id_foreign` (`company_id`),
  ADD KEY `invoice_items_created_by_foreign` (`created_by`),
  ADD KEY `invoice_items_variant_id_foreign` (`variant_id`),
  ADD KEY `invoice_items_service_id_foreign` (`service_id`),
  ADD KEY `invoice_items_subscription_id_foreign` (`subscription_id`),
  ADD KEY `idx_items_performance` (`company_id`,`invoice_id`,`product_id`);

--
-- فهارس للجدول `invoice_payments`
--
ALTER TABLE `invoice_payments`
  ADD PRIMARY KEY (`id`),
  ADD KEY `invoice_payments_invoice_id_foreign` (`invoice_id`),
  ADD KEY `invoice_payments_payment_method_id_foreign` (`payment_method_id`),
  ADD KEY `invoice_payments_cash_box_id_foreign` (`cash_box_id`),
  ADD KEY `invoice_payments_company_id_foreign` (`company_id`),
  ADD KEY `invoice_payments_created_by_foreign` (`created_by`),
  ADD KEY `invoice_payments_updated_by_foreign` (`updated_by`);

--
-- فهارس للجدول `invoice_types`
--
ALTER TABLE `invoice_types`
  ADD PRIMARY KEY (`id`),
  ADD UNIQUE KEY `invoice_types_code_unique` (`code`),
  ADD KEY `invoice_types_company_id_foreign` (`company_id`),
  ADD KEY `invoice_types_created_by_foreign` (`created_by`);

--
-- فهارس للجدول `jobs`
--
ALTER TABLE `jobs`
  ADD PRIMARY KEY (`id`),
  ADD KEY `jobs_queue_index` (`queue`);

--
-- فهارس للجدول `job_batches`
--
ALTER TABLE `job_batches`
  ADD PRIMARY KEY (`id`);

--
-- فهارس للجدول `migrations`
--
ALTER TABLE `migrations`
  ADD PRIMARY KEY (`id`);

--
-- فهارس للجدول `model_has_permissions`
--
ALTER TABLE `model_has_permissions`
  ADD PRIMARY KEY (`company_id`,`permission_id`,`model_id`,`model_type`),
  ADD KEY `model_has_permissions_model_id_model_type_index` (`model_id`,`model_type`),
  ADD KEY `model_has_permissions_permission_id_foreign` (`permission_id`);

--
-- فهارس للجدول `model_has_roles`
--
ALTER TABLE `model_has_roles`
  ADD PRIMARY KEY (`company_id`,`role_id`,`model_id`,`model_type`),
  ADD KEY `model_has_roles_model_id_model_type_index` (`model_id`,`model_type`),
  ADD KEY `model_has_roles_role_id_foreign` (`role_id`);

--
-- فهارس للجدول `monthly_sales_summary`
--
ALTER TABLE `monthly_sales_summary`
  ADD PRIMARY KEY (`id`),
  ADD UNIQUE KEY `monthly_sales_summary_year_month_company_id_unique` (`year_month`,`company_id`),
  ADD KEY `monthly_sales_summary_year_month_index` (`year_month`),
  ADD KEY `monthly_sales_summary_company_id_index` (`company_id`);

--
-- فهارس للجدول `password_reset_tokens`
--
ALTER TABLE `password_reset_tokens`
  ADD PRIMARY KEY (`email`);

--
-- فهارس للجدول `payments`
--
ALTER TABLE `payments`
  ADD PRIMARY KEY (`id`),
  ADD KEY `payments_user_id_foreign` (`user_id`),
  ADD KEY `payments_company_id_foreign` (`company_id`),
  ADD KEY `payments_created_by_foreign` (`created_by`),
  ADD KEY `payments_payment_method_id_foreign` (`payment_method_id`),
  ADD KEY `payments_cash_box_id_foreign` (`cash_box_id`),
  ADD KEY `idx_payments_performance` (`company_id`,`payment_date`,`method`);

--
-- فهارس للجدول `payment_installment`
--
ALTER TABLE `payment_installment`
  ADD PRIMARY KEY (`id`),
  ADD KEY `payment_installment_payment_id_foreign` (`payment_id`),
  ADD KEY `payment_installment_installment_id_foreign` (`installment_id`);

--
-- فهارس للجدول `payment_methods`
--
ALTER TABLE `payment_methods`
  ADD PRIMARY KEY (`id`),
  ADD UNIQUE KEY `payment_methods_company_id_code_unique` (`company_id`,`code`),
  ADD KEY `payment_methods_created_by_foreign` (`created_by`),
  ADD KEY `payment_methods_updated_by_foreign` (`updated_by`),
  ADD KEY `payment_methods_deleted_by_foreign` (`deleted_by`);

--
-- فهارس للجدول `permissions`
--
ALTER TABLE `permissions`
  ADD PRIMARY KEY (`id`),
  ADD UNIQUE KEY `permissions_name_guard_name_unique` (`name`,`guard_name`);

--
-- فهارس للجدول `personal_access_tokens`
--
ALTER TABLE `personal_access_tokens`
  ADD PRIMARY KEY (`id`),
  ADD UNIQUE KEY `personal_access_tokens_token_unique` (`token`),
  ADD KEY `personal_access_tokens_tokenable_type_tokenable_id_index` (`tokenable_type`,`tokenable_id`);

--
-- فهارس للجدول `plans`
--
ALTER TABLE `plans`
  ADD PRIMARY KEY (`id`),
  ADD KEY `plans_company_id_foreign` (`company_id`),
  ADD KEY `plans_created_by_foreign` (`created_by`),
  ADD KEY `plans_updated_by_foreign` (`updated_by`);

--
-- فهارس للجدول `products`
--
ALTER TABLE `products`
  ADD PRIMARY KEY (`id`),
  ADD UNIQUE KEY `products_slug_unique` (`slug`),
  ADD KEY `products_category_id_foreign` (`category_id`),
  ADD KEY `products_brand_id_foreign` (`brand_id`),
  ADD KEY `products_company_id_foreign` (`company_id`),
  ADD KEY `products_created_by_foreign` (`created_by`),
  ADD KEY `idx_products_performance` (`company_id`,`active`,`category_id`);

--
-- فهارس للجدول `product_variants`
--
ALTER TABLE `product_variants`
  ADD PRIMARY KEY (`id`),
  ADD UNIQUE KEY `product_variants_barcode_unique` (`barcode`),
  ADD UNIQUE KEY `product_variants_sku_unique` (`sku`),
  ADD KEY `product_variants_product_id_foreign` (`product_id`),
  ADD KEY `product_variants_created_by_foreign` (`created_by`),
  ADD KEY `product_variants_company_id_foreign` (`company_id`);

--
-- فهارس للجدول `product_variant_attributes`
--
ALTER TABLE `product_variant_attributes`
  ADD PRIMARY KEY (`id`),
  ADD KEY `product_variant_attributes_product_variant_id_foreign` (`product_variant_id`),
  ADD KEY `product_variant_attributes_attribute_id_foreign` (`attribute_id`),
  ADD KEY `product_variant_attributes_attribute_value_id_foreign` (`attribute_value_id`),
  ADD KEY `product_variant_attributes_company_id_foreign` (`company_id`),
  ADD KEY `product_variant_attributes_created_by_foreign` (`created_by`);

--
-- فهارس للجدول `profits`
--
ALTER TABLE `profits`
  ADD PRIMARY KEY (`id`),
  ADD KEY `profits_created_by_foreign` (`created_by`),
  ADD KEY `profits_user_id_foreign` (`user_id`),
  ADD KEY `profits_company_id_foreign` (`company_id`);

--
-- فهارس للجدول `revenues`
--
ALTER TABLE `revenues`
  ADD PRIMARY KEY (`id`),
  ADD KEY `revenues_user_id_foreign` (`user_id`),
  ADD KEY `revenues_created_by_foreign` (`created_by`),
  ADD KEY `revenues_wallet_id_foreign` (`wallet_id`),
  ADD KEY `revenues_company_id_foreign` (`company_id`);

--
-- فهارس للجدول `roles`
--
ALTER TABLE `roles`
  ADD PRIMARY KEY (`id`),
  ADD UNIQUE KEY `roles_name_guard_name_company_id_unique` (`name`,`guard_name`,`company_id`),
  ADD KEY `roles_created_by_foreign` (`created_by`),
  ADD KEY `roles_company_id_foreign` (`company_id`);

--
-- فهارس للجدول `role_company`
--
ALTER TABLE `role_company`
  ADD PRIMARY KEY (`id`),
  ADD KEY `role_company_company_id_foreign` (`company_id`),
  ADD KEY `role_company_created_by_foreign` (`created_by`),
  ADD KEY `role_company_role_id_foreign` (`role_id`);

--
-- فهارس للجدول `role_has_permissions`
--
ALTER TABLE `role_has_permissions`
  ADD PRIMARY KEY (`permission_id`,`role_id`),
  ADD KEY `role_has_permissions_role_id_foreign` (`role_id`);

--
-- فهارس للجدول `services`
--
ALTER TABLE `services`
  ADD PRIMARY KEY (`id`),
  ADD KEY `services_company_id_foreign` (`company_id`),
  ADD KEY `services_created_by_foreign` (`created_by`);

--
-- فهارس للجدول `sessions`
--
ALTER TABLE `sessions`
  ADD PRIMARY KEY (`id`),
  ADD KEY `sessions_user_id_index` (`user_id`),
  ADD KEY `sessions_last_activity_index` (`last_activity`);

--
-- فهارس للجدول `stats_products_summary`
--
ALTER TABLE `stats_products_summary`
  ADD PRIMARY KEY (`id`),
  ADD UNIQUE KEY `stats_products_summary_product_id_unique` (`product_id`),
  ADD KEY `stats_products_summary_company_id_index` (`company_id`);

--
-- فهارس للجدول `stats_users_summary`
--
ALTER TABLE `stats_users_summary`
  ADD PRIMARY KEY (`id`),
  ADD UNIQUE KEY `stats_users_summary_user_id_unique` (`user_id`),
  ADD KEY `stats_users_summary_company_id_index` (`company_id`),
  ADD KEY `stats_users_summary_favorite_category_id_index` (`favorite_category_id`);

--
-- فهارس للجدول `stats_user_product_matrix`
--
ALTER TABLE `stats_user_product_matrix`
  ADD PRIMARY KEY (`id`),
  ADD UNIQUE KEY `user_product_company_unique` (`user_id`,`product_id`,`company_id`),
  ADD KEY `stats_user_product_matrix_user_id_index` (`user_id`),
  ADD KEY `stats_user_product_matrix_product_id_index` (`product_id`),
  ADD KEY `stats_user_product_matrix_company_id_index` (`company_id`);

--
-- فهارس للجدول `stocks`
--
ALTER TABLE `stocks`
  ADD PRIMARY KEY (`id`),
  ADD KEY `stocks_variant_id_foreign` (`variant_id`),
  ADD KEY `stocks_warehouse_id_foreign` (`warehouse_id`),
  ADD KEY `stocks_company_id_foreign` (`company_id`),
  ADD KEY `stocks_created_by_foreign` (`created_by`),
  ADD KEY `stocks_updated_by_foreign` (`updated_by`);

--
-- فهارس للجدول `subscriptions`
--
ALTER TABLE `subscriptions`
  ADD PRIMARY KEY (`id`),
  ADD KEY `subscriptions_user_id_foreign` (`user_id`),
  ADD KEY `subscriptions_service_id_foreign` (`service_id`),
  ADD KEY `subscriptions_company_id_foreign` (`company_id`),
  ADD KEY `subscriptions_created_by_foreign` (`created_by`),
  ADD KEY `subscriptions_plan_id_foreign` (`plan_id`);

--
-- فهارس للجدول `subscription_payments`
--
ALTER TABLE `subscription_payments`
  ADD PRIMARY KEY (`id`),
  ADD KEY `subscription_payments_subscription_id_foreign` (`subscription_id`),
  ADD KEY `subscription_payments_company_id_foreign` (`company_id`),
  ADD KEY `subscription_payments_user_id_foreign` (`user_id`),
  ADD KEY `subscription_payments_created_by_foreign` (`created_by`),
  ADD KEY `subscription_payments_payment_method_id_foreign` (`payment_method_id`),
  ADD KEY `subscription_payments_cash_box_id_foreign` (`cash_box_id`);

--
-- فهارس للجدول `tasks`
--
ALTER TABLE `tasks`
  ADD PRIMARY KEY (`id`),
  ADD KEY `tasks_company_id_foreign` (`company_id`),
  ADD KEY `tasks_created_by_foreign` (`created_by`);

--
-- فهارس للجدول `task_activities`
--
ALTER TABLE `task_activities`
  ADD PRIMARY KEY (`id`),
  ADD KEY `task_activities_task_id_foreign` (`task_id`),
  ADD KEY `task_activities_user_id_foreign` (`user_id`);

--
-- فهارس للجدول `task_assignments`
--
ALTER TABLE `task_assignments`
  ADD PRIMARY KEY (`id`),
  ADD KEY `task_assignments_task_id_foreign` (`task_id`),
  ADD KEY `task_assignments_assignable_type_assignable_id_index` (`assignable_type`,`assignable_id`);

--
-- فهارس للجدول `task_attachments`
--
ALTER TABLE `task_attachments`
  ADD PRIMARY KEY (`id`),
  ADD KEY `task_attachments_task_id_foreign` (`task_id`),
  ADD KEY `task_attachments_user_id_foreign` (`user_id`);

--
-- فهارس للجدول `task_groups`
--
ALTER TABLE `task_groups`
  ADD PRIMARY KEY (`id`),
  ADD KEY `task_groups_company_id_foreign` (`company_id`),
  ADD KEY `task_groups_created_by_foreign` (`created_by`);

--
-- فهارس للجدول `task_group_user`
--
ALTER TABLE `task_group_user`
  ADD PRIMARY KEY (`id`),
  ADD KEY `task_group_user_task_group_id_foreign` (`task_group_id`),
  ADD KEY `task_group_user_user_id_foreign` (`user_id`);

--
-- فهارس للجدول `transactions`
--
ALTER TABLE `transactions`
  ADD PRIMARY KEY (`id`),
  ADD KEY `transactions_user_id_foreign` (`user_id`),
  ADD KEY `transactions_target_user_id_foreign` (`target_user_id`),
  ADD KEY `transactions_cashbox_id_foreign` (`cashbox_id`),
  ADD KEY `transactions_target_cashbox_id_foreign` (`target_cashbox_id`),
  ADD KEY `transactions_created_by_foreign` (`created_by`),
  ADD KEY `transactions_company_id_foreign` (`company_id`);

--
-- فهارس للجدول `translations`
--
ALTER TABLE `translations`
  ADD PRIMARY KEY (`id`),
  ADD KEY `translations_model_type_model_id_index` (`model_type`,`model_id`);

--
-- فهارس للجدول `users`
--
ALTER TABLE `users`
  ADD PRIMARY KEY (`id`),
  ADD UNIQUE KEY `users_phone_unique` (`phone`),
  ADD UNIQUE KEY `users_email_unique` (`email`),
  ADD UNIQUE KEY `users_username_unique` (`username`),
  ADD KEY `users_created_by_foreign` (`created_by`),
  ADD KEY `users_company_id_foreign` (`company_id`);

--
-- فهارس للجدول `user_company_cash`
--
ALTER TABLE `user_company_cash`
  ADD PRIMARY KEY (`id`),
  ADD KEY `user_company_cash_user_id_foreign` (`user_id`),
  ADD KEY `user_company_cash_company_id_foreign` (`company_id`),
  ADD KEY `user_company_cash_cash_box_id_foreign` (`cash_box_id`),
  ADD KEY `user_company_cash_created_by_foreign` (`created_by`);

--
-- فهارس للجدول `warehouses`
--
ALTER TABLE `warehouses`
  ADD PRIMARY KEY (`id`),
  ADD KEY `warehouses_company_id_foreign` (`company_id`),
  ADD KEY `warehouses_created_by_foreign` (`created_by`);

--
-- AUTO_INCREMENT for dumped tables
--

--
-- AUTO_INCREMENT for table `activity_logs`
--
ALTER TABLE `activity_logs`
  MODIFY `id` bigint(20) UNSIGNED NOT NULL AUTO_INCREMENT, AUTO_INCREMENT=393;

--
-- AUTO_INCREMENT for table `attributes`
--
ALTER TABLE `attributes`
  MODIFY `id` bigint(20) UNSIGNED NOT NULL AUTO_INCREMENT, AUTO_INCREMENT=19;

--
-- AUTO_INCREMENT for table `attribute_values`
--
ALTER TABLE `attribute_values`
  MODIFY `id` bigint(20) UNSIGNED NOT NULL AUTO_INCREMENT, AUTO_INCREMENT=48;

--
-- AUTO_INCREMENT for table `backup_history`
--
ALTER TABLE `backup_history`
  MODIFY `id` bigint(20) UNSIGNED NOT NULL AUTO_INCREMENT;

--
-- AUTO_INCREMENT for table `backup_settings`
--
ALTER TABLE `backup_settings`
  MODIFY `id` bigint(20) UNSIGNED NOT NULL AUTO_INCREMENT, AUTO_INCREMENT=6;

--
-- AUTO_INCREMENT for table `brands`
--
ALTER TABLE `brands`
  MODIFY `id` bigint(20) UNSIGNED NOT NULL AUTO_INCREMENT, AUTO_INCREMENT=73;

--
-- AUTO_INCREMENT for table `cash_boxes`
--
ALTER TABLE `cash_boxes`
  MODIFY `id` bigint(20) UNSIGNED NOT NULL AUTO_INCREMENT, AUTO_INCREMENT=2927;

--
-- AUTO_INCREMENT for table `cash_box_types`
--
ALTER TABLE `cash_box_types`
  MODIFY `id` bigint(20) UNSIGNED NOT NULL AUTO_INCREMENT, AUTO_INCREMENT=89;

--
-- AUTO_INCREMENT for table `categories`
--
ALTER TABLE `categories`
  MODIFY `id` bigint(20) UNSIGNED NOT NULL AUTO_INCREMENT, AUTO_INCREMENT=32;

--
-- AUTO_INCREMENT for table `companies`
--
ALTER TABLE `companies`
  MODIFY `id` bigint(20) UNSIGNED NOT NULL AUTO_INCREMENT, AUTO_INCREMENT=14;

--
-- AUTO_INCREMENT for table `company_invoice_type`
--
ALTER TABLE `company_invoice_type`
  MODIFY `id` bigint(20) UNSIGNED NOT NULL AUTO_INCREMENT, AUTO_INCREMENT=113;

--
-- AUTO_INCREMENT for table `company_user`
--
ALTER TABLE `company_user`
  MODIFY `id` bigint(20) UNSIGNED NOT NULL AUTO_INCREMENT, AUTO_INCREMENT=115;

--
-- AUTO_INCREMENT for table `daily_sales_summary`
--
ALTER TABLE `daily_sales_summary`
  MODIFY `id` bigint(20) UNSIGNED NOT NULL AUTO_INCREMENT, AUTO_INCREMENT=34;

--
-- AUTO_INCREMENT for table `digital_product_deliveries`
--
ALTER TABLE `digital_product_deliveries`
  MODIFY `id` bigint(20) UNSIGNED NOT NULL AUTO_INCREMENT;

--
-- AUTO_INCREMENT for table `error_reports`
--
ALTER TABLE `error_reports`
  MODIFY `id` bigint(20) UNSIGNED NOT NULL AUTO_INCREMENT, AUTO_INCREMENT=8;

--
-- AUTO_INCREMENT for table `expenses`
--
ALTER TABLE `expenses`
  MODIFY `id` bigint(20) UNSIGNED NOT NULL AUTO_INCREMENT;

--
-- AUTO_INCREMENT for table `expense_categories`
--
ALTER TABLE `expense_categories`
  MODIFY `id` bigint(20) UNSIGNED NOT NULL AUTO_INCREMENT, AUTO_INCREMENT=57;

--
-- AUTO_INCREMENT for table `failed_jobs`
--
ALTER TABLE `failed_jobs`
  MODIFY `id` bigint(20) UNSIGNED NOT NULL AUTO_INCREMENT;

--
-- AUTO_INCREMENT for table `financial_ledger`
--
ALTER TABLE `financial_ledger`
  MODIFY `id` bigint(20) UNSIGNED NOT NULL AUTO_INCREMENT, AUTO_INCREMENT=19;

--
-- AUTO_INCREMENT for table `images`
--
ALTER TABLE `images`
  MODIFY `id` bigint(20) UNSIGNED NOT NULL AUTO_INCREMENT, AUTO_INCREMENT=107;

--
-- AUTO_INCREMENT for table `installments`
--
ALTER TABLE `installments`
  MODIFY `id` bigint(20) UNSIGNED NOT NULL AUTO_INCREMENT, AUTO_INCREMENT=709;

--
-- AUTO_INCREMENT for table `installment_payments`
--
ALTER TABLE `installment_payments`
  MODIFY `id` bigint(20) UNSIGNED NOT NULL AUTO_INCREMENT, AUTO_INCREMENT=228;

--
-- AUTO_INCREMENT for table `installment_payment_details`
--
ALTER TABLE `installment_payment_details`
  MODIFY `id` bigint(20) UNSIGNED NOT NULL AUTO_INCREMENT, AUTO_INCREMENT=212;

--
-- AUTO_INCREMENT for table `installment_plans`
--
ALTER TABLE `installment_plans`
  MODIFY `id` bigint(20) UNSIGNED NOT NULL AUTO_INCREMENT, AUTO_INCREMENT=63;

--
-- AUTO_INCREMENT for table `invoices`
--
ALTER TABLE `invoices`
  MODIFY `id` bigint(20) UNSIGNED NOT NULL AUTO_INCREMENT, AUTO_INCREMENT=100;

--
-- AUTO_INCREMENT for table `invoice_items`
--
ALTER TABLE `invoice_items`
  MODIFY `id` bigint(20) UNSIGNED NOT NULL AUTO_INCREMENT, AUTO_INCREMENT=150;

--
-- AUTO_INCREMENT for table `invoice_payments`
--
ALTER TABLE `invoice_payments`
  MODIFY `id` bigint(20) UNSIGNED NOT NULL AUTO_INCREMENT;

--
-- AUTO_INCREMENT for table `invoice_types`
--
ALTER TABLE `invoice_types`
  MODIFY `id` bigint(20) UNSIGNED NOT NULL AUTO_INCREMENT, AUTO_INCREMENT=17;

--
-- AUTO_INCREMENT for table `jobs`
--
ALTER TABLE `jobs`
  MODIFY `id` bigint(20) UNSIGNED NOT NULL AUTO_INCREMENT, AUTO_INCREMENT=123;

--
-- AUTO_INCREMENT for table `migrations`
--
ALTER TABLE `migrations`
  MODIFY `id` int(10) UNSIGNED NOT NULL AUTO_INCREMENT, AUTO_INCREMENT=124;

--
-- AUTO_INCREMENT for table `monthly_sales_summary`
--
ALTER TABLE `monthly_sales_summary`
  MODIFY `id` bigint(20) UNSIGNED NOT NULL AUTO_INCREMENT, AUTO_INCREMENT=11;

--
-- AUTO_INCREMENT for table `payments`
--
ALTER TABLE `payments`
  MODIFY `id` bigint(20) UNSIGNED NOT NULL AUTO_INCREMENT, AUTO_INCREMENT=4;

--
-- AUTO_INCREMENT for table `payment_installment`
--
ALTER TABLE `payment_installment`
  MODIFY `id` bigint(20) UNSIGNED NOT NULL AUTO_INCREMENT;

--
-- AUTO_INCREMENT for table `payment_methods`
--
ALTER TABLE `payment_methods`
  MODIFY `id` bigint(20) UNSIGNED NOT NULL AUTO_INCREMENT, AUTO_INCREMENT=145;

--
-- AUTO_INCREMENT for table `permissions`
--
ALTER TABLE `permissions`
  MODIFY `id` bigint(20) UNSIGNED NOT NULL AUTO_INCREMENT, AUTO_INCREMENT=331;

--
-- AUTO_INCREMENT for table `personal_access_tokens`
--
ALTER TABLE `personal_access_tokens`
  MODIFY `id` bigint(20) UNSIGNED NOT NULL AUTO_INCREMENT, AUTO_INCREMENT=109;

--
-- AUTO_INCREMENT for table `plans`
--
ALTER TABLE `plans`
  MODIFY `id` bigint(20) UNSIGNED NOT NULL AUTO_INCREMENT;

--
-- AUTO_INCREMENT for table `products`
--
ALTER TABLE `products`
  MODIFY `id` bigint(20) UNSIGNED NOT NULL AUTO_INCREMENT, AUTO_INCREMENT=80;

--
-- AUTO_INCREMENT for table `product_variants`
--
ALTER TABLE `product_variants`
  MODIFY `id` bigint(20) UNSIGNED NOT NULL AUTO_INCREMENT, AUTO_INCREMENT=90;

--
-- AUTO_INCREMENT for table `product_variant_attributes`
--
ALTER TABLE `product_variant_attributes`
  MODIFY `id` bigint(20) UNSIGNED NOT NULL AUTO_INCREMENT, AUTO_INCREMENT=17;

--
-- AUTO_INCREMENT for table `profits`
--
ALTER TABLE `profits`
  MODIFY `id` bigint(20) UNSIGNED NOT NULL AUTO_INCREMENT;

--
-- AUTO_INCREMENT for table `revenues`
--
ALTER TABLE `revenues`
  MODIFY `id` bigint(20) UNSIGNED NOT NULL AUTO_INCREMENT;

--
-- AUTO_INCREMENT for table `roles`
--
ALTER TABLE `roles`
  MODIFY `id` bigint(20) UNSIGNED NOT NULL AUTO_INCREMENT, AUTO_INCREMENT=6;

--
-- AUTO_INCREMENT for table `role_company`
--
ALTER TABLE `role_company`
  MODIFY `id` bigint(20) UNSIGNED NOT NULL AUTO_INCREMENT, AUTO_INCREMENT=6;

--
-- AUTO_INCREMENT for table `services`
--
ALTER TABLE `services`
  MODIFY `id` bigint(20) UNSIGNED NOT NULL AUTO_INCREMENT;

--
-- AUTO_INCREMENT for table `stats_products_summary`
--
ALTER TABLE `stats_products_summary`
  MODIFY `id` bigint(20) UNSIGNED NOT NULL AUTO_INCREMENT;

--
-- AUTO_INCREMENT for table `stats_users_summary`
--
ALTER TABLE `stats_users_summary`
  MODIFY `id` bigint(20) UNSIGNED NOT NULL AUTO_INCREMENT;

--
-- AUTO_INCREMENT for table `stats_user_product_matrix`
--
ALTER TABLE `stats_user_product_matrix`
  MODIFY `id` bigint(20) UNSIGNED NOT NULL AUTO_INCREMENT;

--
-- AUTO_INCREMENT for table `stocks`
--
ALTER TABLE `stocks`
  MODIFY `id` bigint(20) UNSIGNED NOT NULL AUTO_INCREMENT, AUTO_INCREMENT=90;

--
-- AUTO_INCREMENT for table `subscriptions`
--
ALTER TABLE `subscriptions`
  MODIFY `id` bigint(20) UNSIGNED NOT NULL AUTO_INCREMENT;

--
-- AUTO_INCREMENT for table `subscription_payments`
--
ALTER TABLE `subscription_payments`
  MODIFY `id` bigint(20) UNSIGNED NOT NULL AUTO_INCREMENT;

--
-- AUTO_INCREMENT for table `tasks`
--
ALTER TABLE `tasks`
  MODIFY `id` bigint(20) UNSIGNED NOT NULL AUTO_INCREMENT;

--
-- AUTO_INCREMENT for table `task_activities`
--
ALTER TABLE `task_activities`
  MODIFY `id` bigint(20) UNSIGNED NOT NULL AUTO_INCREMENT;

--
-- AUTO_INCREMENT for table `task_assignments`
--
ALTER TABLE `task_assignments`
  MODIFY `id` bigint(20) UNSIGNED NOT NULL AUTO_INCREMENT;

--
-- AUTO_INCREMENT for table `task_attachments`
--
ALTER TABLE `task_attachments`
  MODIFY `id` bigint(20) UNSIGNED NOT NULL AUTO_INCREMENT;

--
-- AUTO_INCREMENT for table `task_groups`
--
ALTER TABLE `task_groups`
  MODIFY `id` bigint(20) UNSIGNED NOT NULL AUTO_INCREMENT;

--
-- AUTO_INCREMENT for table `task_group_user`
--
ALTER TABLE `task_group_user`
  MODIFY `id` bigint(20) UNSIGNED NOT NULL AUTO_INCREMENT;

--
-- AUTO_INCREMENT for table `transactions`
--
ALTER TABLE `transactions`
  MODIFY `id` bigint(20) UNSIGNED NOT NULL AUTO_INCREMENT, AUTO_INCREMENT=15;

--
-- AUTO_INCREMENT for table `translations`
--
ALTER TABLE `translations`
  MODIFY `id` bigint(20) UNSIGNED NOT NULL AUTO_INCREMENT;

--
-- AUTO_INCREMENT for table `users`
--
ALTER TABLE `users`
  MODIFY `id` bigint(20) UNSIGNED NOT NULL AUTO_INCREMENT, AUTO_INCREMENT=94;

--
-- AUTO_INCREMENT for table `user_company_cash`
--
ALTER TABLE `user_company_cash`
  MODIFY `id` bigint(20) UNSIGNED NOT NULL AUTO_INCREMENT;

--
-- AUTO_INCREMENT for table `warehouses`
--
ALTER TABLE `warehouses`
  MODIFY `id` bigint(20) UNSIGNED NOT NULL AUTO_INCREMENT, AUTO_INCREMENT=8;

--
-- القيود المفروضة على الجداول الملقاة
--

--
-- قيود الجداول `activity_logs`
--
ALTER TABLE `activity_logs`
  ADD CONSTRAINT `activity_logs_company_id_foreign` FOREIGN KEY (`company_id`) REFERENCES `companies` (`id`) ON DELETE SET NULL,
  ADD CONSTRAINT `activity_logs_created_by_foreign` FOREIGN KEY (`created_by`) REFERENCES `users` (`id`) ON DELETE SET NULL,
  ADD CONSTRAINT `activity_logs_user_id_foreign` FOREIGN KEY (`user_id`) REFERENCES `users` (`id`) ON DELETE SET NULL;

--
-- قيود الجداول `attributes`
--
ALTER TABLE `attributes`
  ADD CONSTRAINT `attributes_company_id_foreign` FOREIGN KEY (`company_id`) REFERENCES `companies` (`id`) ON DELETE CASCADE,
  ADD CONSTRAINT `attributes_created_by_foreign` FOREIGN KEY (`created_by`) REFERENCES `users` (`id`) ON DELETE CASCADE;

--
-- قيود الجداول `attribute_values`
--
ALTER TABLE `attribute_values`
  ADD CONSTRAINT `attribute_values_attribute_id_foreign` FOREIGN KEY (`attribute_id`) REFERENCES `attributes` (`id`) ON DELETE CASCADE,
  ADD CONSTRAINT `attribute_values_company_id_foreign` FOREIGN KEY (`company_id`) REFERENCES `companies` (`id`) ON DELETE CASCADE,
  ADD CONSTRAINT `attribute_values_created_by_foreign` FOREIGN KEY (`created_by`) REFERENCES `users` (`id`) ON DELETE CASCADE,
  ADD CONSTRAINT `attribute_values_deleted_by_foreign` FOREIGN KEY (`deleted_by`) REFERENCES `users` (`id`) ON DELETE CASCADE,
  ADD CONSTRAINT `attribute_values_updated_by_foreign` FOREIGN KEY (`updated_by`) REFERENCES `users` (`id`) ON DELETE CASCADE;

--
-- قيود الجداول `brands`
--
ALTER TABLE `brands`
  ADD CONSTRAINT `brands_company_id_foreign` FOREIGN KEY (`company_id`) REFERENCES `companies` (`id`) ON DELETE CASCADE,
  ADD CONSTRAINT `brands_created_by_foreign` FOREIGN KEY (`created_by`) REFERENCES `users` (`id`) ON DELETE CASCADE;

--
-- قيود الجداول `cash_boxes`
--
ALTER TABLE `cash_boxes`
  ADD CONSTRAINT `cash_boxes_cash_box_type_id_foreign` FOREIGN KEY (`cash_box_type_id`) REFERENCES `cash_box_types` (`id`) ON DELETE CASCADE,
  ADD CONSTRAINT `cash_boxes_company_id_foreign` FOREIGN KEY (`company_id`) REFERENCES `companies` (`id`) ON DELETE CASCADE,
  ADD CONSTRAINT `cash_boxes_created_by_foreign` FOREIGN KEY (`created_by`) REFERENCES `users` (`id`) ON DELETE CASCADE,
  ADD CONSTRAINT `cash_boxes_user_id_foreign` FOREIGN KEY (`user_id`) REFERENCES `users` (`id`) ON DELETE CASCADE;

--
-- قيود الجداول `cash_box_types`
--
ALTER TABLE `cash_box_types`
  ADD CONSTRAINT `cash_box_types_company_id_foreign` FOREIGN KEY (`company_id`) REFERENCES `companies` (`id`) ON DELETE SET NULL,
  ADD CONSTRAINT `cash_box_types_created_by_foreign` FOREIGN KEY (`created_by`) REFERENCES `users` (`id`) ON DELETE SET NULL;

--
-- قيود الجداول `categories`
--
ALTER TABLE `categories`
  ADD CONSTRAINT `categories_company_id_foreign` FOREIGN KEY (`company_id`) REFERENCES `companies` (`id`) ON DELETE CASCADE,
  ADD CONSTRAINT `categories_created_by_foreign` FOREIGN KEY (`created_by`) REFERENCES `users` (`id`) ON DELETE CASCADE,
  ADD CONSTRAINT `categories_parent_id_foreign` FOREIGN KEY (`parent_id`) REFERENCES `categories` (`id`) ON DELETE CASCADE;

--
-- قيود الجداول `company_invoice_type`
--
ALTER TABLE `company_invoice_type`
  ADD CONSTRAINT `company_invoice_type_company_id_foreign` FOREIGN KEY (`company_id`) REFERENCES `companies` (`id`) ON DELETE CASCADE,
  ADD CONSTRAINT `company_invoice_type_invoice_type_id_foreign` FOREIGN KEY (`invoice_type_id`) REFERENCES `invoice_types` (`id`) ON DELETE CASCADE;

--
-- قيود الجداول `company_user`
--
ALTER TABLE `company_user`
  ADD CONSTRAINT `company_user_company_id_foreign` FOREIGN KEY (`company_id`) REFERENCES `companies` (`id`) ON DELETE CASCADE,
  ADD CONSTRAINT `company_user_created_by_foreign` FOREIGN KEY (`created_by`) REFERENCES `users` (`id`) ON DELETE CASCADE,
  ADD CONSTRAINT `company_user_user_id_foreign` FOREIGN KEY (`user_id`) REFERENCES `users` (`id`) ON DELETE CASCADE;

--
-- قيود الجداول `daily_sales_summary`
--
ALTER TABLE `daily_sales_summary`
  ADD CONSTRAINT `daily_sales_summary_company_id_foreign` FOREIGN KEY (`company_id`) REFERENCES `companies` (`id`) ON DELETE CASCADE;

--
-- قيود الجداول `digital_product_deliveries`
--
ALTER TABLE `digital_product_deliveries`
  ADD CONSTRAINT `digital_product_deliveries_company_id_foreign` FOREIGN KEY (`company_id`) REFERENCES `companies` (`id`) ON DELETE CASCADE,
  ADD CONSTRAINT `digital_product_deliveries_created_by_foreign` FOREIGN KEY (`created_by`) REFERENCES `users` (`id`) ON DELETE SET NULL,
  ADD CONSTRAINT `digital_product_deliveries_invoice_item_id_foreign` FOREIGN KEY (`invoice_item_id`) REFERENCES `invoice_items` (`id`) ON DELETE CASCADE,
  ADD CONSTRAINT `digital_product_deliveries_product_id_foreign` FOREIGN KEY (`product_id`) REFERENCES `products` (`id`) ON DELETE CASCADE,
  ADD CONSTRAINT `digital_product_deliveries_updated_by_foreign` FOREIGN KEY (`updated_by`) REFERENCES `users` (`id`) ON DELETE SET NULL,
  ADD CONSTRAINT `digital_product_deliveries_user_id_foreign` FOREIGN KEY (`user_id`) REFERENCES `users` (`id`) ON DELETE CASCADE;

--
-- قيود الجداول `error_reports`
--
ALTER TABLE `error_reports`
  ADD CONSTRAINT `error_reports_company_id_foreign` FOREIGN KEY (`company_id`) REFERENCES `companies` (`id`) ON DELETE SET NULL,
  ADD CONSTRAINT `error_reports_user_id_foreign` FOREIGN KEY (`user_id`) REFERENCES `users` (`id`) ON DELETE SET NULL;

--
-- قيود الجداول `expenses`
--
ALTER TABLE `expenses`
  ADD CONSTRAINT `expenses_cash_box_id_foreign` FOREIGN KEY (`cash_box_id`) REFERENCES `cash_boxes` (`id`) ON DELETE SET NULL,
  ADD CONSTRAINT `expenses_company_id_foreign` FOREIGN KEY (`company_id`) REFERENCES `companies` (`id`) ON DELETE CASCADE,
  ADD CONSTRAINT `expenses_expense_category_id_foreign` FOREIGN KEY (`expense_category_id`) REFERENCES `expense_categories` (`id`) ON DELETE CASCADE;

--
-- قيود الجداول `expense_categories`
--
ALTER TABLE `expense_categories`
  ADD CONSTRAINT `expense_categories_company_id_foreign` FOREIGN KEY (`company_id`) REFERENCES `companies` (`id`) ON DELETE CASCADE;

--
-- قيود الجداول `financial_ledger`
--
ALTER TABLE `financial_ledger`
  ADD CONSTRAINT `financial_ledger_company_id_foreign` FOREIGN KEY (`company_id`) REFERENCES `companies` (`id`) ON DELETE CASCADE;

--
-- قيود الجداول `images`
--
ALTER TABLE `images`
  ADD CONSTRAINT `images_company_id_foreign` FOREIGN KEY (`company_id`) REFERENCES `companies` (`id`) ON DELETE CASCADE,
  ADD CONSTRAINT `images_created_by_foreign` FOREIGN KEY (`created_by`) REFERENCES `users` (`id`) ON DELETE CASCADE;

--
-- قيود الجداول `installments`
--
ALTER TABLE `installments`
  ADD CONSTRAINT `installments_created_by_foreign` FOREIGN KEY (`created_by`) REFERENCES `users` (`id`) ON DELETE CASCADE,
  ADD CONSTRAINT `installments_installment_plan_id_foreign` FOREIGN KEY (`installment_plan_id`) REFERENCES `installment_plans` (`id`) ON DELETE CASCADE,
  ADD CONSTRAINT `installments_user_id_foreign` FOREIGN KEY (`user_id`) REFERENCES `users` (`id`) ON DELETE CASCADE;

--
-- قيود الجداول `installment_payments`
--
ALTER TABLE `installment_payments`
  ADD CONSTRAINT `installment_payments_cash_box_id_foreign` FOREIGN KEY (`cash_box_id`) REFERENCES `cash_boxes` (`id`) ON DELETE SET NULL,
  ADD CONSTRAINT `installment_payments_company_id_foreign` FOREIGN KEY (`company_id`) REFERENCES `companies` (`id`) ON DELETE CASCADE,
  ADD CONSTRAINT `installment_payments_created_by_foreign` FOREIGN KEY (`created_by`) REFERENCES `users` (`id`) ON DELETE CASCADE,
  ADD CONSTRAINT `installment_payments_installment_plan_id_foreign` FOREIGN KEY (`installment_plan_id`) REFERENCES `installment_plans` (`id`) ON DELETE CASCADE;

--
-- قيود الجداول `installment_payment_details`
--
ALTER TABLE `installment_payment_details`
  ADD CONSTRAINT `installment_payment_details_installment_id_foreign` FOREIGN KEY (`installment_id`) REFERENCES `installments` (`id`) ON DELETE CASCADE,
  ADD CONSTRAINT `installment_payment_details_installment_payment_id_foreign` FOREIGN KEY (`installment_payment_id`) REFERENCES `installment_payments` (`id`) ON DELETE CASCADE;

--
-- قيود الجداول `installment_plans`
--
ALTER TABLE `installment_plans`
  ADD CONSTRAINT `installment_plans_company_id_foreign` FOREIGN KEY (`company_id`) REFERENCES `companies` (`id`) ON DELETE CASCADE,
  ADD CONSTRAINT `installment_plans_created_by_foreign` FOREIGN KEY (`created_by`) REFERENCES `users` (`id`) ON DELETE CASCADE,
  ADD CONSTRAINT `installment_plans_invoice_id_foreign` FOREIGN KEY (`invoice_id`) REFERENCES `invoices` (`id`) ON DELETE CASCADE,
  ADD CONSTRAINT `installment_plans_user_id_foreign` FOREIGN KEY (`user_id`) REFERENCES `users` (`id`) ON DELETE CASCADE;

--
-- قيود الجداول `invoices`
--
ALTER TABLE `invoices`
  ADD CONSTRAINT `invoices_cash_box_id_foreign` FOREIGN KEY (`cash_box_id`) REFERENCES `cash_boxes` (`id`) ON DELETE SET NULL,
  ADD CONSTRAINT `invoices_company_id_foreign` FOREIGN KEY (`company_id`) REFERENCES `companies` (`id`) ON DELETE CASCADE,
  ADD CONSTRAINT `invoices_created_by_foreign` FOREIGN KEY (`created_by`) REFERENCES `users` (`id`) ON DELETE CASCADE,
  ADD CONSTRAINT `invoices_invoice_type_id_foreign` FOREIGN KEY (`invoice_type_id`) REFERENCES `invoice_types` (`id`) ON DELETE CASCADE,
  ADD CONSTRAINT `invoices_updated_by_foreign` FOREIGN KEY (`updated_by`) REFERENCES `users` (`id`) ON DELETE SET NULL,
  ADD CONSTRAINT `invoices_user_id_foreign` FOREIGN KEY (`user_id`) REFERENCES `users` (`id`) ON DELETE CASCADE,
  ADD CONSTRAINT `invoices_warehouse_id_foreign` FOREIGN KEY (`warehouse_id`) REFERENCES `warehouses` (`id`) ON DELETE SET NULL;

--
-- قيود الجداول `invoice_items`
--
ALTER TABLE `invoice_items`
  ADD CONSTRAINT `invoice_items_company_id_foreign` FOREIGN KEY (`company_id`) REFERENCES `companies` (`id`) ON DELETE CASCADE,
  ADD CONSTRAINT `invoice_items_created_by_foreign` FOREIGN KEY (`created_by`) REFERENCES `users` (`id`) ON DELETE CASCADE,
  ADD CONSTRAINT `invoice_items_invoice_id_foreign` FOREIGN KEY (`invoice_id`) REFERENCES `invoices` (`id`) ON DELETE CASCADE,
  ADD CONSTRAINT `invoice_items_product_id_foreign` FOREIGN KEY (`product_id`) REFERENCES `products` (`id`) ON DELETE SET NULL,
  ADD CONSTRAINT `invoice_items_service_id_foreign` FOREIGN KEY (`service_id`) REFERENCES `services` (`id`) ON DELETE SET NULL,
  ADD CONSTRAINT `invoice_items_subscription_id_foreign` FOREIGN KEY (`subscription_id`) REFERENCES `subscriptions` (`id`) ON DELETE SET NULL,
  ADD CONSTRAINT `invoice_items_variant_id_foreign` FOREIGN KEY (`variant_id`) REFERENCES `product_variants` (`id`) ON DELETE SET NULL;

--
-- قيود الجداول `invoice_payments`
--
ALTER TABLE `invoice_payments`
  ADD CONSTRAINT `invoice_payments_cash_box_id_foreign` FOREIGN KEY (`cash_box_id`) REFERENCES `cash_boxes` (`id`) ON DELETE SET NULL,
  ADD CONSTRAINT `invoice_payments_company_id_foreign` FOREIGN KEY (`company_id`) REFERENCES `companies` (`id`) ON DELETE CASCADE,
  ADD CONSTRAINT `invoice_payments_created_by_foreign` FOREIGN KEY (`created_by`) REFERENCES `users` (`id`) ON DELETE SET NULL,
  ADD CONSTRAINT `invoice_payments_invoice_id_foreign` FOREIGN KEY (`invoice_id`) REFERENCES `invoices` (`id`) ON DELETE CASCADE,
  ADD CONSTRAINT `invoice_payments_payment_method_id_foreign` FOREIGN KEY (`payment_method_id`) REFERENCES `payment_methods` (`id`) ON DELETE SET NULL,
  ADD CONSTRAINT `invoice_payments_updated_by_foreign` FOREIGN KEY (`updated_by`) REFERENCES `users` (`id`) ON DELETE SET NULL;

--
-- قيود الجداول `invoice_types`
--
ALTER TABLE `invoice_types`
  ADD CONSTRAINT `invoice_types_company_id_foreign` FOREIGN KEY (`company_id`) REFERENCES `companies` (`id`) ON DELETE CASCADE,
  ADD CONSTRAINT `invoice_types_created_by_foreign` FOREIGN KEY (`created_by`) REFERENCES `users` (`id`) ON DELETE CASCADE;

--
-- قيود الجداول `model_has_permissions`
--
ALTER TABLE `model_has_permissions`
  ADD CONSTRAINT `model_has_permissions_permission_id_foreign` FOREIGN KEY (`permission_id`) REFERENCES `permissions` (`id`) ON DELETE CASCADE;

--
-- قيود الجداول `model_has_roles`
--
ALTER TABLE `model_has_roles`
  ADD CONSTRAINT `model_has_roles_role_id_foreign` FOREIGN KEY (`role_id`) REFERENCES `roles` (`id`) ON DELETE CASCADE;

--
-- قيود الجداول `monthly_sales_summary`
--
ALTER TABLE `monthly_sales_summary`
  ADD CONSTRAINT `monthly_sales_summary_company_id_foreign` FOREIGN KEY (`company_id`) REFERENCES `companies` (`id`) ON DELETE CASCADE;

--
-- قيود الجداول `payments`
--
ALTER TABLE `payments`
  ADD CONSTRAINT `payments_cash_box_id_foreign` FOREIGN KEY (`cash_box_id`) REFERENCES `cash_boxes` (`id`) ON DELETE SET NULL,
  ADD CONSTRAINT `payments_company_id_foreign` FOREIGN KEY (`company_id`) REFERENCES `companies` (`id`) ON DELETE CASCADE,
  ADD CONSTRAINT `payments_created_by_foreign` FOREIGN KEY (`created_by`) REFERENCES `users` (`id`) ON DELETE CASCADE,
  ADD CONSTRAINT `payments_payment_method_id_foreign` FOREIGN KEY (`payment_method_id`) REFERENCES `payment_methods` (`id`) ON DELETE SET NULL,
  ADD CONSTRAINT `payments_user_id_foreign` FOREIGN KEY (`user_id`) REFERENCES `users` (`id`) ON DELETE CASCADE;

--
-- قيود الجداول `payment_installment`
--
ALTER TABLE `payment_installment`
  ADD CONSTRAINT `payment_installment_installment_id_foreign` FOREIGN KEY (`installment_id`) REFERENCES `installments` (`id`) ON DELETE CASCADE,
  ADD CONSTRAINT `payment_installment_payment_id_foreign` FOREIGN KEY (`payment_id`) REFERENCES `payments` (`id`) ON DELETE CASCADE;

--
-- قيود الجداول `payment_methods`
--
ALTER TABLE `payment_methods`
  ADD CONSTRAINT `payment_methods_company_id_foreign` FOREIGN KEY (`company_id`) REFERENCES `companies` (`id`) ON DELETE CASCADE,
  ADD CONSTRAINT `payment_methods_created_by_foreign` FOREIGN KEY (`created_by`) REFERENCES `users` (`id`) ON DELETE SET NULL,
  ADD CONSTRAINT `payment_methods_deleted_by_foreign` FOREIGN KEY (`deleted_by`) REFERENCES `users` (`id`) ON DELETE SET NULL,
  ADD CONSTRAINT `payment_methods_updated_by_foreign` FOREIGN KEY (`updated_by`) REFERENCES `users` (`id`) ON DELETE SET NULL;

--
-- قيود الجداول `plans`
--
ALTER TABLE `plans`
  ADD CONSTRAINT `plans_company_id_foreign` FOREIGN KEY (`company_id`) REFERENCES `companies` (`id`) ON DELETE SET NULL,
  ADD CONSTRAINT `plans_created_by_foreign` FOREIGN KEY (`created_by`) REFERENCES `users` (`id`) ON DELETE SET NULL,
  ADD CONSTRAINT `plans_updated_by_foreign` FOREIGN KEY (`updated_by`) REFERENCES `users` (`id`) ON DELETE SET NULL;

--
-- قيود الجداول `products`
--
ALTER TABLE `products`
  ADD CONSTRAINT `products_brand_id_foreign` FOREIGN KEY (`brand_id`) REFERENCES `brands` (`id`) ON DELETE SET NULL,
  ADD CONSTRAINT `products_category_id_foreign` FOREIGN KEY (`category_id`) REFERENCES `categories` (`id`) ON DELETE CASCADE,
  ADD CONSTRAINT `products_company_id_foreign` FOREIGN KEY (`company_id`) REFERENCES `companies` (`id`) ON DELETE CASCADE,
  ADD CONSTRAINT `products_created_by_foreign` FOREIGN KEY (`created_by`) REFERENCES `users` (`id`) ON DELETE CASCADE;

--
-- قيود الجداول `product_variants`
--
ALTER TABLE `product_variants`
  ADD CONSTRAINT `product_variants_company_id_foreign` FOREIGN KEY (`company_id`) REFERENCES `companies` (`id`) ON DELETE CASCADE,
  ADD CONSTRAINT `product_variants_created_by_foreign` FOREIGN KEY (`created_by`) REFERENCES `users` (`id`) ON DELETE CASCADE,
  ADD CONSTRAINT `product_variants_product_id_foreign` FOREIGN KEY (`product_id`) REFERENCES `products` (`id`) ON DELETE CASCADE;

--
-- قيود الجداول `product_variant_attributes`
--
ALTER TABLE `product_variant_attributes`
  ADD CONSTRAINT `product_variant_attributes_attribute_id_foreign` FOREIGN KEY (`attribute_id`) REFERENCES `attributes` (`id`) ON DELETE CASCADE,
  ADD CONSTRAINT `product_variant_attributes_attribute_value_id_foreign` FOREIGN KEY (`attribute_value_id`) REFERENCES `attribute_values` (`id`) ON DELETE CASCADE,
  ADD CONSTRAINT `product_variant_attributes_company_id_foreign` FOREIGN KEY (`company_id`) REFERENCES `companies` (`id`) ON DELETE CASCADE,
  ADD CONSTRAINT `product_variant_attributes_created_by_foreign` FOREIGN KEY (`created_by`) REFERENCES `users` (`id`) ON DELETE CASCADE,
  ADD CONSTRAINT `product_variant_attributes_product_variant_id_foreign` FOREIGN KEY (`product_variant_id`) REFERENCES `product_variants` (`id`) ON DELETE CASCADE;

--
-- قيود الجداول `profits`
--
ALTER TABLE `profits`
  ADD CONSTRAINT `profits_company_id_foreign` FOREIGN KEY (`company_id`) REFERENCES `companies` (`id`) ON DELETE CASCADE,
  ADD CONSTRAINT `profits_created_by_foreign` FOREIGN KEY (`created_by`) REFERENCES `users` (`id`) ON DELETE CASCADE,
  ADD CONSTRAINT `profits_user_id_foreign` FOREIGN KEY (`user_id`) REFERENCES `users` (`id`) ON DELETE SET NULL;

--
-- قيود الجداول `revenues`
--
ALTER TABLE `revenues`
  ADD CONSTRAINT `revenues_company_id_foreign` FOREIGN KEY (`company_id`) REFERENCES `companies` (`id`) ON DELETE CASCADE,
  ADD CONSTRAINT `revenues_created_by_foreign` FOREIGN KEY (`created_by`) REFERENCES `users` (`id`) ON DELETE CASCADE,
  ADD CONSTRAINT `revenues_user_id_foreign` FOREIGN KEY (`user_id`) REFERENCES `users` (`id`) ON DELETE SET NULL,
  ADD CONSTRAINT `revenues_wallet_id_foreign` FOREIGN KEY (`wallet_id`) REFERENCES `cash_boxes` (`id`) ON DELETE SET NULL;

--
-- قيود الجداول `roles`
--
ALTER TABLE `roles`
  ADD CONSTRAINT `roles_company_id_foreign` FOREIGN KEY (`company_id`) REFERENCES `companies` (`id`) ON DELETE SET NULL,
  ADD CONSTRAINT `roles_created_by_foreign` FOREIGN KEY (`created_by`) REFERENCES `users` (`id`) ON DELETE SET NULL;

--
-- قيود الجداول `role_company`
--
ALTER TABLE `role_company`
  ADD CONSTRAINT `role_company_company_id_foreign` FOREIGN KEY (`company_id`) REFERENCES `companies` (`id`) ON DELETE CASCADE,
  ADD CONSTRAINT `role_company_created_by_foreign` FOREIGN KEY (`created_by`) REFERENCES `users` (`id`) ON DELETE CASCADE,
  ADD CONSTRAINT `role_company_role_id_foreign` FOREIGN KEY (`role_id`) REFERENCES `roles` (`id`) ON DELETE CASCADE;

--
-- قيود الجداول `role_has_permissions`
--
ALTER TABLE `role_has_permissions`
  ADD CONSTRAINT `role_has_permissions_permission_id_foreign` FOREIGN KEY (`permission_id`) REFERENCES `permissions` (`id`) ON DELETE CASCADE,
  ADD CONSTRAINT `role_has_permissions_role_id_foreign` FOREIGN KEY (`role_id`) REFERENCES `roles` (`id`) ON DELETE CASCADE;

--
-- قيود الجداول `services`
--
ALTER TABLE `services`
  ADD CONSTRAINT `services_company_id_foreign` FOREIGN KEY (`company_id`) REFERENCES `companies` (`id`) ON DELETE CASCADE,
  ADD CONSTRAINT `services_created_by_foreign` FOREIGN KEY (`created_by`) REFERENCES `users` (`id`) ON DELETE CASCADE;

--
-- قيود الجداول `stats_products_summary`
--
ALTER TABLE `stats_products_summary`
  ADD CONSTRAINT `stats_products_summary_company_id_foreign` FOREIGN KEY (`company_id`) REFERENCES `companies` (`id`) ON DELETE CASCADE,
  ADD CONSTRAINT `stats_products_summary_product_id_foreign` FOREIGN KEY (`product_id`) REFERENCES `products` (`id`) ON DELETE CASCADE;

--
-- قيود الجداول `stats_users_summary`
--
ALTER TABLE `stats_users_summary`
  ADD CONSTRAINT `stats_users_summary_company_id_foreign` FOREIGN KEY (`company_id`) REFERENCES `companies` (`id`) ON DELETE CASCADE,
  ADD CONSTRAINT `stats_users_summary_favorite_category_id_foreign` FOREIGN KEY (`favorite_category_id`) REFERENCES `categories` (`id`) ON DELETE SET NULL,
  ADD CONSTRAINT `stats_users_summary_user_id_foreign` FOREIGN KEY (`user_id`) REFERENCES `users` (`id`) ON DELETE CASCADE;

--
-- قيود الجداول `stats_user_product_matrix`
--
ALTER TABLE `stats_user_product_matrix`
  ADD CONSTRAINT `stats_user_product_matrix_company_id_foreign` FOREIGN KEY (`company_id`) REFERENCES `companies` (`id`) ON DELETE CASCADE,
  ADD CONSTRAINT `stats_user_product_matrix_product_id_foreign` FOREIGN KEY (`product_id`) REFERENCES `products` (`id`) ON DELETE CASCADE,
  ADD CONSTRAINT `stats_user_product_matrix_user_id_foreign` FOREIGN KEY (`user_id`) REFERENCES `users` (`id`) ON DELETE CASCADE;

--
-- قيود الجداول `stocks`
--
ALTER TABLE `stocks`
  ADD CONSTRAINT `stocks_company_id_foreign` FOREIGN KEY (`company_id`) REFERENCES `companies` (`id`) ON DELETE CASCADE,
  ADD CONSTRAINT `stocks_created_by_foreign` FOREIGN KEY (`created_by`) REFERENCES `users` (`id`) ON DELETE CASCADE,
  ADD CONSTRAINT `stocks_updated_by_foreign` FOREIGN KEY (`updated_by`) REFERENCES `users` (`id`) ON DELETE CASCADE,
  ADD CONSTRAINT `stocks_variant_id_foreign` FOREIGN KEY (`variant_id`) REFERENCES `product_variants` (`id`) ON DELETE CASCADE,
  ADD CONSTRAINT `stocks_warehouse_id_foreign` FOREIGN KEY (`warehouse_id`) REFERENCES `warehouses` (`id`) ON DELETE CASCADE;

--
-- قيود الجداول `subscriptions`
--
ALTER TABLE `subscriptions`
  ADD CONSTRAINT `subscriptions_company_id_foreign` FOREIGN KEY (`company_id`) REFERENCES `companies` (`id`) ON DELETE CASCADE,
  ADD CONSTRAINT `subscriptions_created_by_foreign` FOREIGN KEY (`created_by`) REFERENCES `users` (`id`) ON DELETE CASCADE,
  ADD CONSTRAINT `subscriptions_plan_id_foreign` FOREIGN KEY (`plan_id`) REFERENCES `plans` (`id`) ON DELETE SET NULL,
  ADD CONSTRAINT `subscriptions_service_id_foreign` FOREIGN KEY (`service_id`) REFERENCES `services` (`id`) ON DELETE CASCADE,
  ADD CONSTRAINT `subscriptions_user_id_foreign` FOREIGN KEY (`user_id`) REFERENCES `users` (`id`) ON DELETE CASCADE;

--
-- قيود الجداول `subscription_payments`
--
ALTER TABLE `subscription_payments`
  ADD CONSTRAINT `subscription_payments_cash_box_id_foreign` FOREIGN KEY (`cash_box_id`) REFERENCES `cash_boxes` (`id`) ON DELETE SET NULL,
  ADD CONSTRAINT `subscription_payments_company_id_foreign` FOREIGN KEY (`company_id`) REFERENCES `companies` (`id`) ON DELETE CASCADE,
  ADD CONSTRAINT `subscription_payments_created_by_foreign` FOREIGN KEY (`created_by`) REFERENCES `users` (`id`) ON DELETE CASCADE,
  ADD CONSTRAINT `subscription_payments_payment_method_id_foreign` FOREIGN KEY (`payment_method_id`) REFERENCES `payment_methods` (`id`) ON DELETE SET NULL,
  ADD CONSTRAINT `subscription_payments_subscription_id_foreign` FOREIGN KEY (`subscription_id`) REFERENCES `subscriptions` (`id`) ON DELETE CASCADE,
  ADD CONSTRAINT `subscription_payments_user_id_foreign` FOREIGN KEY (`user_id`) REFERENCES `users` (`id`) ON DELETE CASCADE;

--
-- قيود الجداول `tasks`
--
ALTER TABLE `tasks`
  ADD CONSTRAINT `tasks_company_id_foreign` FOREIGN KEY (`company_id`) REFERENCES `companies` (`id`) ON DELETE CASCADE,
  ADD CONSTRAINT `tasks_created_by_foreign` FOREIGN KEY (`created_by`) REFERENCES `users` (`id`) ON DELETE CASCADE;

--
-- قيود الجداول `task_activities`
--
ALTER TABLE `task_activities`
  ADD CONSTRAINT `task_activities_task_id_foreign` FOREIGN KEY (`task_id`) REFERENCES `tasks` (`id`) ON DELETE CASCADE,
  ADD CONSTRAINT `task_activities_user_id_foreign` FOREIGN KEY (`user_id`) REFERENCES `users` (`id`) ON DELETE CASCADE;

--
-- قيود الجداول `task_assignments`
--
ALTER TABLE `task_assignments`
  ADD CONSTRAINT `task_assignments_task_id_foreign` FOREIGN KEY (`task_id`) REFERENCES `tasks` (`id`) ON DELETE CASCADE;

--
-- قيود الجداول `task_attachments`
--
ALTER TABLE `task_attachments`
  ADD CONSTRAINT `task_attachments_task_id_foreign` FOREIGN KEY (`task_id`) REFERENCES `tasks` (`id`) ON DELETE CASCADE,
  ADD CONSTRAINT `task_attachments_user_id_foreign` FOREIGN KEY (`user_id`) REFERENCES `users` (`id`) ON DELETE CASCADE;

--
-- قيود الجداول `task_groups`
--
ALTER TABLE `task_groups`
  ADD CONSTRAINT `task_groups_company_id_foreign` FOREIGN KEY (`company_id`) REFERENCES `companies` (`id`) ON DELETE CASCADE,
  ADD CONSTRAINT `task_groups_created_by_foreign` FOREIGN KEY (`created_by`) REFERENCES `users` (`id`) ON DELETE CASCADE;

--
-- قيود الجداول `task_group_user`
--
ALTER TABLE `task_group_user`
  ADD CONSTRAINT `task_group_user_task_group_id_foreign` FOREIGN KEY (`task_group_id`) REFERENCES `task_groups` (`id`) ON DELETE CASCADE,
  ADD CONSTRAINT `task_group_user_user_id_foreign` FOREIGN KEY (`user_id`) REFERENCES `users` (`id`) ON DELETE CASCADE;

--
-- قيود الجداول `transactions`
--
ALTER TABLE `transactions`
  ADD CONSTRAINT `transactions_cashbox_id_foreign` FOREIGN KEY (`cashbox_id`) REFERENCES `cash_boxes` (`id`) ON DELETE SET NULL,
  ADD CONSTRAINT `transactions_company_id_foreign` FOREIGN KEY (`company_id`) REFERENCES `companies` (`id`) ON DELETE SET NULL,
  ADD CONSTRAINT `transactions_created_by_foreign` FOREIGN KEY (`created_by`) REFERENCES `users` (`id`) ON DELETE SET NULL,
  ADD CONSTRAINT `transactions_target_cashbox_id_foreign` FOREIGN KEY (`target_cashbox_id`) REFERENCES `cash_boxes` (`id`) ON DELETE SET NULL,
  ADD CONSTRAINT `transactions_target_user_id_foreign` FOREIGN KEY (`target_user_id`) REFERENCES `users` (`id`) ON DELETE SET NULL,
  ADD CONSTRAINT `transactions_user_id_foreign` FOREIGN KEY (`user_id`) REFERENCES `users` (`id`) ON DELETE CASCADE;

--
-- قيود الجداول `users`
--
ALTER TABLE `users`
  ADD CONSTRAINT `users_company_id_foreign` FOREIGN KEY (`company_id`) REFERENCES `companies` (`id`) ON DELETE SET NULL,
  ADD CONSTRAINT `users_created_by_foreign` FOREIGN KEY (`created_by`) REFERENCES `users` (`id`) ON DELETE SET NULL;

--
-- قيود الجداول `user_company_cash`
--
ALTER TABLE `user_company_cash`
  ADD CONSTRAINT `user_company_cash_cash_box_id_foreign` FOREIGN KEY (`cash_box_id`) REFERENCES `cash_boxes` (`id`) ON DELETE CASCADE,
  ADD CONSTRAINT `user_company_cash_company_id_foreign` FOREIGN KEY (`company_id`) REFERENCES `companies` (`id`) ON DELETE CASCADE,
  ADD CONSTRAINT `user_company_cash_created_by_foreign` FOREIGN KEY (`created_by`) REFERENCES `users` (`id`) ON DELETE CASCADE,
  ADD CONSTRAINT `user_company_cash_user_id_foreign` FOREIGN KEY (`user_id`) REFERENCES `users` (`id`) ON DELETE CASCADE;

--
-- قيود الجداول `warehouses`
--
ALTER TABLE `warehouses`
  ADD CONSTRAINT `warehouses_company_id_foreign` FOREIGN KEY (`company_id`) REFERENCES `companies` (`id`) ON DELETE CASCADE,
  ADD CONSTRAINT `warehouses_created_by_foreign` FOREIGN KEY (`created_by`) REFERENCES `users` (`id`) ON DELETE CASCADE;
COMMIT;

/*!40101 SET CHARACTER_SET_CLIENT=@OLD_CHARACTER_SET_CLIENT */;
/*!40101 SET CHARACTER_SET_RESULTS=@OLD_CHARACTER_SET_RESULTS */;
/*!40101 SET COLLATION_CONNECTION=@OLD_COLLATION_CONNECTION */;
